rate_date,currency_code,units_per_eur
2022-01-03,AUD,1.5691
2022-01-03,BRL,6.3539
2022-01-03,CAD,1.442
2022-01-03,CHF,1.0372
2022-01-03,GBP,0.84135
2022-01-03,INR,84.3949
2022-01-03,JPY,130.56
2022-01-03,KRW,1354.4
2022-01-03,MXN,23.2259
2022-01-03,PHP,58.051
2022-01-03,PLN,4.5895
2022-01-03,SEK,10.2958
2022-01-03,SGD,1.5333
2022-01-03,USD,1.1355
2022-01-03,ZAR,17.9661
2022-01-04,AUD,1.5682
2022-01-04,BRL,6.4174
2022-01-04,CAD,1.4382
2022-01-04,CHF,1.0355
2022-01-04,GBP,0.83618
2022-01-04,INR,84.2055
2022-01-04,JPY,131.17
2022-01-04,KRW,1352.91
2022-01-04,MXN,23.1808
2022-01-04,PHP,57.988
2022-01-04,PLN,4.5667
2022-01-04,SEK,10.2808
2022-01-04,SGD,1.531
2022-01-04,USD,1.1279
2022-01-04,ZAR,18.108
2022-01-05,AUD,1.56
2022-01-05,BRL,6.4146
2022-01-05,CAD,1.4399
2022-01-05,CHF,1.0364
2022-01-05,GBP,0.83546
2022-01-05,INR,84.161
2022-01-05,JPY,131.03
2022-01-05,KRW,1354.61
2022-01-05,MXN,23.1422
2022-01-05,PHP,57.713
2022-01-05,PLN,4.5666
2022-01-05,SEK,10.2545
2022-01-05,SGD,1.534
2022-01-05,USD,1.1319
2022-01-05,ZAR,17.9369
2022-01-06,AUD,1.5778
2022-01-06,BRL,6.442
2022-01-06,CAD,1.4451
2022-01-06,CHF,1.0395
2022-01-06,GBP,0.83593
2022-01-06,INR,84.2475
2022-01-06,JPY,131.05
2022-01-06,KRW,1362.06
2022-01-06,MXN,23.2549
2022-01-06,PHP,57.943
2022-01-06,PLN,4.5614
2022-01-06,SEK,10.3265
2022-01-06,SGD,1.5388
2022-01-06,USD,1.1315
2022-01-06,ZAR,17.7932
2022-01-07,AUD,1.5804
2022-01-07,BRL,6.4343
2022-01-07,CAD,1.4374
2022-01-07,CHF,1.0422
2022-01-07,GBP,0.8343
2022-01-07,INR,83.978
2022-01-07,JPY,130.9
2022-01-07,KRW,1359.96
2022-01-07,MXN,23.1109
2022-01-07,PHP,58.046
2022-01-07,PLN,4.5496
2022-01-07,SEK,10.2839
2022-01-07,SGD,1.5356
2022-01-07,USD,1.1298
2022-01-07,ZAR,17.6701
2022-01-10,AUD,1.5774
2022-01-10,BRL,6.3969
2022-01-10,CAD,1.4327
2022-01-10,CHF,1.0446
2022-01-10,GBP,0.83398
2022-01-10,INR,83.8
2022-01-10,JPY,130.45
2022-01-10,KRW,1355.68
2022-01-10,MXN,23.0597
2022-01-10,PHP,58.141
2022-01-10,PLN,4.5334
2022-01-10,SEK,10.3038
2022-01-10,SGD,1.5344
2022-01-10,USD,1.1318
2022-01-10,ZAR,17.6999
2022-01-11,AUD,1.5804
2022-01-11,BRL,6.389
2022-01-11,CAD,1.4329
2022-01-11,CHF,1.0502
2022-01-11,GBP,0.83475
2022-01-11,INR,83.7481
2022-01-11,JPY,130.95
2022-01-11,KRW,1352.85
2022-01-11,MXN,23.0888
2022-01-11,PHP,57.979
2022-01-11,PLN,4.5438
2022-01-11,SEK,10.3075
2022-01-11,SGD,1.5342
2022-01-11,USD,1.1336
2022-01-11,ZAR,17.7094
2022-01-12,AUD,1.5762
2022-01-12,BRL,6.3458
2022-01-12,CAD,1.4261
2022-01-12,CHF,1.0486
2022-01-12,GBP,0.83338
2022-01-12,INR,84.0285
2022-01-12,JPY,131.19
2022-01-12,KRW,1353.27
2022-01-12,MXN,23.1852
2022-01-12,PHP,58.08
2022-01-12,PLN,4.5359
2022-01-12,SEK,10.264
2022-01-12,SGD,1.5358
2022-01-12,USD,1.137
2022-01-12,ZAR,17.5645
2022-01-13,AUD,1.5709
2022-01-13,BRL,6.3518
2022-01-13,CAD,1.4304
2022-01-13,CHF,1.0453
2022-01-13,GBP,0.83545
2022-01-13,INR,84.717
2022-01-13,JPY,130.98
2022-01-13,KRW,1359.24
2022-01-13,MXN,23.3894
2022-01-13,PHP,58.572
2022-01-13,PLN,4.5361
2022-01-13,SEK,10.238
2022-01-13,SGD,1.5427
2022-01-13,USD,1.1463
2022-01-13,ZAR,17.6381
2022-01-14,AUD,1.5803
2022-01-14,BRL,6.3361
2022-01-14,CAD,1.433
2022-01-14,CHF,1.0429
2022-01-14,GBP,0.83508
2022-01-14,INR,84.9445
2022-01-14,JPY,130.17
2022-01-14,KRW,1361.27
2022-01-14,MXN,23.2684
2022-01-14,PHP,58.727
2022-01-14,PLN,4.5414
2022-01-14,SEK,10.2684
2022-01-14,SGD,1.5418
2022-01-14,USD,1.1447
2022-01-14,ZAR,17.6043
2022-01-17,AUD,1.5811
2022-01-17,BRL,6.2808
2022-01-17,CAD,1.4287
2022-01-17,CHF,1.0429
2022-01-17,GBP,0.83573
2022-01-17,INR,84.7295
2022-01-17,JPY,130.64
2022-01-17,KRW,1359.89
2022-01-17,MXN,23.1901
2022-01-17,PHP,58.496
2022-01-17,PLN,4.5256
2022-01-17,SEK,10.305
2022-01-17,SGD,1.5374
2022-01-17,USD,1.1403
2022-01-17,ZAR,17.601
2022-01-18,AUD,1.5833
2022-01-18,BRL,6.2797
2022-01-18,CAD,1.4228
2022-01-18,CHF,1.0414
2022-01-18,GBP,0.83673
2022-01-18,INR,84.813
2022-01-18,JPY,130.39
2022-01-18,KRW,1355.33
2022-01-18,MXN,23.1443
2022-01-18,PHP,58.553
2022-01-18,PLN,4.526
2022-01-18,SEK,10.3185
2022-01-18,SGD,1.5349
2022-01-18,USD,1.1367
2022-01-18,ZAR,17.5398
2022-01-19,AUD,1.5709
2022-01-19,BRL,6.2657
2022-01-19,CAD,1.4144
2022-01-19,CHF,1.0383
2022-01-19,GBP,0.83168
2022-01-19,INR,84.4135
2022-01-19,JPY,129.86
2022-01-19,KRW,1347.1
2022-01-19,MXN,23.0922
2022-01-19,PHP,58.429
2022-01-19,PLN,4.5229
2022-01-19,SEK,10.3428
2022-01-19,SGD,1.5293
2022-01-19,USD,1.1345
2022-01-19,ZAR,17.3889
2022-01-20,AUD,1.5662
2022-01-20,BRL,6.1621
2022-01-20,CAD,1.4158
2022-01-20,CHF,1.0382
2022-01-20,GBP,0.83265
2022-01-20,INR,84.362
2022-01-20,JPY,129.53
2022-01-20,KRW,1349.16
2022-01-20,MXN,23.1684
2022-01-20,PHP,58.285
2022-01-20,PLN,4.5228
2022-01-20,SEK,10.3708
2022-01-20,SGD,1.5261
2022-01-20,USD,1.1338
2022-01-20,ZAR,17.2531
2022-01-21,AUD,1.5774
2022-01-21,BRL,6.2063
2022-01-21,CAD,1.4211
2022-01-21,CHF,1.0353
2022-01-21,GBP,0.83633
2022-01-21,INR,84.419
2022-01-21,JPY,129.14
2022-01-21,KRW,1351.89
2022-01-21,MXN,23.2229
2022-01-21,PHP,58.171
2022-01-21,PLN,4.5318
2022-01-21,SEK,10.414
2022-01-21,SGD,1.526
2022-01-21,USD,1.1348
2022-01-21,ZAR,17.1546
2022-01-24,AUD,1.5866
2022-01-24,BRL,6.1901
2022-01-24,CAD,1.4269
2022-01-24,CHF,1.0308
2022-01-24,GBP,0.83803
2022-01-24,INR,84.3495
2022-01-24,JPY,128.62
2022-01-24,KRW,1352.41
2022-01-24,MXN,23.2566
2022-01-24,PHP,58.045
2022-01-24,PLN,4.5572
2022-01-24,SEK,10.5038
2022-01-24,SGD,1.5216
2022-01-24,USD,1.1304
2022-01-24,ZAR,17.2509
2022-01-25,AUD,1.5814
2022-01-25,BRL,6.2049
2022-01-25,CAD,1.4247
2022-01-25,CHF,1.0364
2022-01-25,GBP,0.83713
2022-01-25,INR,84.277
2022-01-25,JPY,128.49
2022-01-25,KRW,1350.71
2022-01-25,MXN,23.2909
2022-01-25,PHP,57.753
2022-01-25,PLN,4.5751
2022-01-25,SEK,10.502
2022-01-25,SGD,1.5157
2022-01-25,USD,1.1268
2022-01-25,ZAR,17.2669
2022-01-26,AUD,1.5727
2022-01-26,BRL,6.1084
2022-01-26,CAD,1.4173
2022-01-26,CHF,1.0386
2022-01-26,GBP,0.83458
2022-01-26,INR,84.4288
2022-01-26,JPY,128.86
2022-01-26,KRW,1350.03
2022-01-26,MXN,23.1845
2022-01-26,PHP,57.728
2022-01-26,PLN,4.5864
2022-01-26,SEK,10.4493
2022-01-26,SGD,1.5162
2022-01-26,USD,1.1277
2022-01-26,ZAR,17.0858
2022-01-27,AUD,1.5771
2022-01-27,BRL,6.0159
2022-01-27,CAD,1.4161
2022-01-27,CHF,1.0391
2022-01-27,GBP,0.83368
2022-01-27,INR,83.7893
2022-01-27,JPY,128.74
2022-01-27,KRW,1344.5
2022-01-27,MXN,23.143
2022-01-27,PHP,57.295
2022-01-27,PLN,4.5592
2022-01-27,SEK,10.445
2022-01-27,SGD,1.5089
2022-01-27,USD,1.116
2022-01-27,ZAR,17.1112
2022-01-28,AUD,1.5971
2022-01-28,BRL,6.0147
2022-01-28,CAD,1.4239
2022-01-28,CHF,1.0378
2022-01-28,GBP,0.83178
2022-01-28,INR,83.6015
2022-01-28,JPY,128.68
2022-01-28,KRW,1349.47
2022-01-28,MXN,23.1854
2022-01-28,PHP,57.028
2022-01-28,PLN,4.5755
2022-01-28,SEK,10.552
2022-01-28,SGD,1.5109
2022-01-28,USD,1.1138
2022-01-28,ZAR,17.3844
2022-01-31,AUD,1.582
2022-01-31,BRL,6.003
2022-01-31,CAD,1.4233
2022-01-31,CHF,1.0404
2022-01-31,GBP,0.83153
2022-01-31,INR,83.3655
2022-01-31,JPY,128.79
2022-01-31,KRW,1349.08
2022-01-31,MXN,23.1856
2022-01-31,PHP,56.985
2022-01-31,PLN,4.5892
2022-01-31,SEK,10.489
2022-01-31,SGD,1.511
2022-01-31,USD,1.1156
2022-01-31,ZAR,17.3734
2022-02-01,AUD,1.5868
2022-02-01,BRL,5.9572
2022-02-01,CAD,1.4299
2022-02-01,CHF,1.0374
2022-02-01,GBP,0.83498
2022-02-01,INR,84.197
2022-02-01,JPY,129.12
2022-02-01,KRW,1353.61
2022-02-01,MXN,23.1296
2022-02-01,PHP,57.516
2022-02-01,PLN,4.5804
2022-02-01,SEK,10.4438
2022-02-01,SGD,1.5199
2022-02-01,USD,1.126
2022-02-01,ZAR,17.1633
2022-02-02,AUD,1.5828
2022-02-02,BRL,5.9677
2022-02-02,CAD,1.433
2022-02-02,CHF,1.0399
2022-02-02,GBP,0.83395
2022-02-02,INR,84.613
2022-02-02,JPY,129.37
2022-02-02,KRW,1359.23
2022-02-02,MXN,23.2134
2022-02-02,PHP,57.785
2022-02-02,PLN,4.5449
2022-02-02,SEK,10.385
2022-02-02,SGD,1.5254
2022-02-02,USD,1.1323
2022-02-02,ZAR,17.3459
2022-02-03,AUD,1.5849
2022-02-03,BRL,5.9843
2022-02-03,CAD,1.4334
2022-02-03,CHF,1.0407
2022-02-03,GBP,0.83208
2022-02-03,INR,84.518
2022-02-03,JPY,129.63
2022-02-03,KRW,1358.42
2022-02-03,MXN,23.2359
2022-02-03,PHP,57.608
2022-02-03,PLN,4.5315
2022-02-03,SEK,10.387
2022-02-03,SGD,1.5212
2022-02-03,USD,1.1286
2022-02-03,ZAR,17.2864
2022-02-04,AUD,1.6165
2022-02-04,BRL,6.083
2022-02-04,CAD,1.4583
2022-02-04,CHF,1.0567
2022-02-04,GBP,0.84593
2022-02-04,INR,85.6445
2022-02-04,JPY,131.72
2022-02-04,KRW,1374.04
2022-02-04,MXN,23.5856
2022-02-04,PHP,58.754
2022-02-04,PLN,4.5474
2022-02-04,SEK,10.4465
2022-02-04,SGD,1.5419
2022-02-04,USD,1.1464
2022-02-04,ZAR,17.5875
2022-02-07,AUD,1.6097
2022-02-07,BRL,6.0541
2022-02-07,CAD,1.4546
2022-02-07,CHF,1.0571
2022-02-07,GBP,0.84685
2022-02-07,INR,85.5345
2022-02-07,JPY,131.59
2022-02-07,KRW,1371.76
2022-02-07,MXN,23.575
2022-02-07,PHP,58.978
2022-02-07,PLN,4.5432
2022-02-07,SEK,10.4483
2022-02-07,SGD,1.5389
2022-02-07,USD,1.1447
2022-02-07,ZAR,17.7
2022-02-08,AUD,1.6025
2022-02-08,BRL,6.0209
2022-02-08,CAD,1.4505
2022-02-08,CHF,1.0545
2022-02-08,GBP,0.84363
2022-02-08,INR,85.2545
2022-02-08,JPY,131.68
2022-02-08,KRW,1367.88
2022-02-08,MXN,23.5601
2022-02-08,PHP,58.715
2022-02-08,PLN,4.5312
2022-02-08,SEK,10.4433
2022-02-08,SGD,1.5349
2022-02-08,USD,1.1408
2022-02-08,ZAR,17.638
2022-02-09,AUD,1.5933
2022-02-09,BRL,6.0198
2022-02-09,CAD,1.4514
2022-02-09,CHF,1.0555
2022-02-09,GBP,0.84255
2022-02-09,INR,85.5765
2022-02-09,JPY,132.04
2022-02-09,KRW,1365.72
2022-02-09,MXN,23.4719
2022-02-09,PHP,58.603
2022-02-09,PLN,4.5135
2022-02-09,SEK,10.4075
2022-02-09,SGD,1.5349
2022-02-09,USD,1.1435
2022-02-09,ZAR,17.5281
2022-02-10,AUD,1.5894
2022-02-10,BRL,5.9668
2022-02-10,CAD,1.4498
2022-02-10,CHF,1.0571
2022-02-10,GBP,0.84248
2022-02-10,INR,85.9373
2022-02-10,JPY,132.42
2022-02-10,KRW,1367.52
2022-02-10,MXN,23.3584
2022-02-10,PHP,58.583
2022-02-10,PLN,4.4921
2022-02-10,SEK,10.5275
2022-02-10,SGD,1.5345
2022-02-10,USD,1.1439
2022-02-10,ZAR,17.3078
2022-02-11,AUD,1.5927
2022-02-11,BRL,5.9263
2022-02-11,CAD,1.4498
2022-02-11,CHF,1.0557
2022-02-11,GBP,0.83958
2022-02-11,INR,85.8535
2022-02-11,JPY,132.24
2022-02-11,KRW,1363.68
2022-02-11,MXN,23.3183
2022-02-11,PHP,58.482
2022-02-11,PLN,4.5204
2022-02-11,SEK,10.553
2022-02-11,SGD,1.5339
2022-02-11,USD,1.1417
2022-02-11,ZAR,17.2736
2022-02-14,AUD,1.5902
2022-02-14,BRL,5.8965
2022-02-14,CAD,1.4431
2022-02-14,CHF,1.0472
2022-02-14,GBP,0.8372
2022-02-14,INR,85.4715
2022-02-14,JPY,130.6
2022-02-14,KRW,1354.5
2022-02-14,MXN,23.1331
2022-02-14,PHP,58.114
2022-02-14,PLN,4.54
2022-02-14,SEK,10.6158
2022-02-14,SGD,1.5247
2022-02-14,USD,1.1316
2022-02-14,ZAR,17.131
2022-02-15,AUD,1.5888
2022-02-15,BRL,5.8977
2022-02-15,CAD,1.4433
2022-02-15,CHF,1.0483
2022-02-15,GBP,0.83765
2022-02-15,INR,85.443
2022-02-15,JPY,131.18
2022-02-15,KRW,1357.5
2022-02-15,MXN,23.1113
2022-02-15,PHP,58.144
2022-02-15,PLN,4.5036
2022-02-15,SEK,10.5739
2022-02-15,SGD,1.5265
2022-02-15,USD,1.1345
2022-02-15,ZAR,17.1767
2022-02-16,AUD,1.5859
2022-02-16,BRL,5.8765
2022-02-16,CAD,1.4416
2022-02-16,CHF,1.0516
2022-02-16,GBP,0.8394
2022-02-16,INR,85.3885
2022-02-16,JPY,131.56
2022-02-16,KRW,1361.31
2022-02-16,MXN,23.1718
2022-02-16,PHP,58.346
2022-02-16,PLN,4.4961
2022-02-16,SEK,10.5363
2022-02-16,SGD,1.5291
2022-02-16,USD,1.1372
2022-02-16,ZAR,17.214
2022-02-17,AUD,1.5786
2022-02-17,BRL,5.8495
2022-02-17,CAD,1.4439
2022-02-17,CHF,1.0466
2022-02-17,GBP,0.83493
2022-02-17,INR,85.2935
2022-02-17,JPY,130.84
2022-02-17,KRW,1360.7
2022-02-17,MXN,23.0367
2022-02-17,PHP,58.314
2022-02-17,PLN,4.5065
2022-02-17,SEK,10.593
2022-02-17,SGD,1.5278
2022-02-17,USD,1.137
2022-02-17,ZAR,16.9893
2022-02-18,AUD,1.5754
2022-02-18,BRL,5.8435
2022-02-18,CAD,1.4424
2022-02-18,CHF,1.0452
2022-02-18,GBP,0.83425
2022-02-18,INR,84.6525
2022-02-18,JPY,130.59
2022-02-18,KRW,1356.45
2022-02-18,MXN,23.027
2022-02-18,PHP,58.403
2022-02-18,PLN,4.5201
2022-02-18,SEK,10.5796
2022-02-18,SGD,1.5255
2022-02-18,USD,1.1354
2022-02-18,ZAR,17.0858
2022-02-21,AUD,1.5751
2022-02-21,BRL,5.8045
2022-02-21,CAD,1.4454
2022-02-21,CHF,1.0387
2022-02-21,GBP,0.83298
2022-02-21,INR,84.677
2022-02-21,JPY,130.2
2022-02-21,KRW,1353.02
2022-02-21,MXN,22.9951
2022-02-21,PHP,58.3
2022-02-21,PLN,4.5351
2022-02-21,SEK,10.6535
2022-02-21,SGD,1.5265
2022-02-21,USD,1.1338
2022-02-21,ZAR,17.1895
2022-02-22,AUD,1.5739
2022-02-22,BRL,5.7677
2022-02-22,CAD,1.4441
2022-02-22,CHF,1.0422
2022-02-22,GBP,0.83685
2022-02-22,INR,84.758
2022-02-22,JPY,130.54
2022-02-22,KRW,1353.34
2022-02-22,MXN,23.033
2022-02-22,PHP,58.208
2022-02-22,PLN,4.5447
2022-02-22,SEK,10.5996
2022-02-22,SGD,1.5268
2022-02-22,USD,1.1342
2022-02-22,ZAR,17.1768
2022-02-23,AUD,1.5592
2022-02-23,BRL,5.6808
2022-02-23,CAD,1.4394
2022-02-23,CHF,1.0431
2022-02-23,GBP,0.83463
2022-02-23,INR,84.6135
2022-02-23,JPY,130.58
2022-02-23,KRW,1350.23
2022-02-23,MXN,22.9079
2022-02-23,PHP,57.98
2022-02-23,PLN,4.5481
2022-02-23,SEK,10.5658
2022-02-23,SGD,1.5253
2022-02-23,USD,1.1344
2022-02-23,ZAR,17.0508
2022-02-24,AUD,1.5593
2022-02-24,BRL,5.6874
2022-02-24,CAD,1.4316
2022-02-24,CHF,1.032
2022-02-24,GBP,0.83463
2022-02-24,INR,84.296
2022-02-24,JPY,128.28
2022-02-24,KRW,1347.7
2022-02-24,MXN,22.9355
2022-02-24,PHP,57.45
2022-02-24,PLN,4.6554
2022-02-24,SEK,10.7338
2022-02-24,SGD,1.5125
2022-02-24,USD,1.1163
2022-02-24,ZAR,17.1634
2022-02-25,AUD,1.5541
2022-02-25,BRL,5.738
2022-02-25,CAD,1.4325
2022-02-25,CHF,1.0398
2022-02-25,GBP,0.8374
2022-02-25,INR,84.347
2022-02-25,JPY,129.64
2022-02-25,KRW,1346.44
2022-02-25,MXN,22.9145
2022-02-25,PHP,57.549
2022-02-25,PLN,4.6369
2022-02-25,SEK,10.5848
2022-02-25,SGD,1.5176
2022-02-25,USD,1.1216
2022-02-25,ZAR,17.0315
2022-02-28,AUD,1.5508
2022-02-28,BRL,5.7828
2022-02-28,CAD,1.4264
2022-02-28,CHF,1.0336
2022-02-28,GBP,0.8355
2022-02-28,INR,84.554
2022-02-28,JPY,129.31
2022-02-28,KRW,1347.62
2022-02-28,MXN,22.9011
2022-02-28,PHP,57.432
2022-02-28,PLN,4.6835
2022-02-28,SEK,10.6055
2022-02-28,SGD,1.5201
2022-02-28,USD,1.1199
2022-02-28,ZAR,17.2863
2022-03-01,AUD,1.5365
2022-03-01,BRL,5.7598
2022-03-01,CAD,1.4158
2022-03-01,CHF,1.0247
2022-03-01,GBP,0.8329
2022-03-01,INR,84.5015
2022-03-01,JPY,128.15
2022-03-01,KRW,1342.6
2022-03-01,MXN,22.8558
2022-03-01,PHP,57.295
2022-03-01,PLN,4.7947
2022-03-01,SEK,10.6893
2022-03-01,SGD,1.515
2022-03-01,USD,1.1162
2022-03-01,ZAR,17.2145
2022-03-02,AUD,1.5272
2022-03-02,BRL,5.7313
2022-03-02,CAD,1.4088
2022-03-02,CHF,1.0216
2022-03-02,GBP,0.83316
2022-03-02,INR,84.1765
2022-03-02,JPY,128.08
2022-03-02,KRW,1338.99
2022-03-02,MXN,22.999
2022-03-02,PHP,57.206
2022-03-02,PLN,4.8021
2022-03-02,SEK,10.788
2022-03-02,SGD,1.5059
2022-03-02,USD,1.1106
2022-03-02,ZAR,17.1904
2022-03-03,AUD,1.5139
2022-03-03,BRL,5.6041
2022-03-03,CAD,1.3992
2022-03-03,CHF,1.0192
2022-03-03,GBP,0.82773
2022-03-03,INR,84.174
2022-03-03,JPY,128.18
2022-03-03,KRW,1334.2
2022-03-03,MXN,22.8945
2022-03-03,PHP,57.293
2022-03-03,PLN,4.7691
2022-03-03,SEK,10.7688
2022-03-03,SGD,1.5042
2022-03-03,USD,1.1076
2022-03-03,ZAR,16.8798
2022-03-04,AUD,1.4872
2022-03-04,BRL,5.5313
2022-03-04,CAD,1.3937
2022-03-04,CHF,1.0056
2022-03-04,GBP,0.82388
2022-03-04,INR,83.4354
2022-03-04,JPY,126.17
2022-03-04,KRW,1332.23
2022-03-04,MXN,22.7543
2022-03-04,PHP,56.814
2022-03-04,PLN,4.853
2022-03-04,SEK,10.7935
2022-03-04,SGD,1.4872
2022-03-04,USD,1.0929
2022-03-04,ZAR,16.8044
2022-03-07,AUD,1.4751
2022-03-07,BRL,5.5065
2022-03-07,CAD,1.3864
2022-03-07,CHF,1.0069
2022-03-07,GBP,0.82625
2022-03-07,INR,83.8125
2022-03-07,JPY,125.55
2022-03-07,KRW,1338.45
2022-03-07,MXN,23.0249
2022-03-07,PHP,56.832
2022-03-07,PLN,4.9525
2022-03-07,SEK,10.8573
2022-03-07,SGD,1.4831
2022-03-07,USD,1.0895
2022-03-07,ZAR,16.6951
2022-03-08,AUD,1.4971
2022-03-08,BRL,5.5346
2022-03-08,CAD,1.3978
2022-03-08,CHF,1.0111
2022-03-08,GBP,0.83185
2022-03-08,INR,83.924
2022-03-08,JPY,126.03
2022-03-08,KRW,1344.71
2022-03-08,MXN,23.2866
2022-03-08,PHP,56.9
2022-03-08,PLN,4.9103
2022-03-08,SEK,10.8803
2022-03-08,SGD,1.4856
2022-03-08,USD,1.0892
2022-03-08,ZAR,16.7051
2022-03-09,AUD,1.4991
2022-03-09,BRL,5.5201
2022-03-09,CAD,1.4108
2022-03-09,CHF,1.0198
2022-03-09,GBP,0.8357
2022-03-09,INR,84.2025
2022-03-09,JPY,127.31
2022-03-09,KRW,1357.08
2022-03-09,MXN,23.2145
2022-03-09,PHP,57.259
2022-03-09,PLN,4.8196
2022-03-09,SEK,10.734
2022-03-09,SGD,1.4966
2022-03-09,USD,1.0993
2022-03-09,ZAR,16.656
2022-03-10,AUD,1.5109
2022-03-10,BRL,5.5958
2022-03-10,CAD,1.4189
2022-03-10,CHF,1.027
2022-03-10,GBP,0.84175
2022-03-10,INR,84.607
2022-03-10,JPY,128.54
2022-03-10,KRW,1360.48
2022-03-10,MXN,23.3153
2022-03-10,PHP,57.825
2022-03-10,PLN,4.8239
2022-03-10,SEK,10.7073
2022-03-10,SGD,1.5058
2022-03-10,USD,1.1084
2022-03-10,ZAR,16.7264
2022-03-11,AUD,1.5017
2022-03-11,BRL,5.5077
2022-03-11,CAD,1.4024
2022-03-11,CHF,1.023
2022-03-11,GBP,0.8397
2022-03-11,INR,83.9875
2022-03-11,JPY,128.46
2022-03-11,KRW,1354.04
2022-03-11,MXN,22.9524
2022-03-11,PHP,57.461
2022-03-11,PLN,4.782
2022-03-11,SEK,10.646
2022-03-11,SGD,1.4949
2022-03-11,USD,1.099
2022-03-11,ZAR,16.4896
2022-03-14,AUD,1.5137
2022-03-14,BRL,5.5286
2022-03-14,CAD,1.3978
2022-03-14,CHF,1.0249
2022-03-14,GBP,0.83915
2022-03-14,INR,83.931
2022-03-14,JPY,129.3
2022-03-14,KRW,1357.77
2022-03-14,MXN,22.8311
2022-03-14,PHP,57.398
2022-03-14,PLN,4.7218
2022-03-14,SEK,10.5368
2022-03-14,SGD,1.4947
2022-03-14,USD,1.096
2022-03-14,ZAR,16.5029
2022-03-15,AUD,1.5234
2022-03-15,BRL,5.6385
2022-03-15,CAD,1.4099
2022-03-15,CHF,1.0322
2022-03-15,GBP,0.84053
2022-03-15,INR,83.9555
2022-03-15,JPY,129.67
2022-03-15,KRW,1366.05
2022-03-15,MXN,22.9352
2022-03-15,PHP,57.536
2022-03-15,PLN,4.7355
2022-03-15,SEK,10.526
2022-03-15,SGD,1.4993
2022-03-15,USD,1.0991
2022-03-15,ZAR,16.6249
2022-03-16,AUD,1.5165
2022-03-16,BRL,5.6523
2022-03-16,CAD,1.3967
2022-03-16,CHF,1.0336
2022-03-16,GBP,0.83988
2022-03-16,INR,83.7805
2022-03-16,JPY,130.05
2022-03-16,KRW,1353.77
2022-03-16,MXN,22.854
2022-03-16,PHP,57.433
2022-03-16,PLN,4.6765
2022-03-16,SEK,10.4205
2022-03-16,SGD,1.4966
2022-03-16,USD,1.0994
2022-03-16,ZAR,16.5574
2022-03-17,AUD,1.5055
2022-03-17,BRL,5.6339
2022-03-17,CAD,1.3998
2022-03-17,CHF,1.0385
2022-03-17,GBP,0.84315
2022-03-17,INR,83.8435
2022-03-17,JPY,131.27
2022-03-17,KRW,1340.02
2022-03-17,MXN,22.788
2022-03-17,PHP,57.69
2022-03-17,PLN,4.6889
2022-03-17,SEK,10.4503
2022-03-17,SGD,1.498
2022-03-17,USD,1.1051
2022-03-17,ZAR,16.5286
2022-03-18,AUD,1.4945
2022-03-18,BRL,5.5784
2022-03-18,CAD,1.3911
2022-03-18,CHF,1.0314
2022-03-18,GBP,0.83925
2022-03-18,INR,83.7825
2022-03-18,JPY,131.4
2022-03-18,KRW,1337.31
2022-03-18,MXN,22.5905
2022-03-18,PHP,57.622
2022-03-18,PLN,4.7135
2022-03-18,SEK,10.4303
2022-03-18,SGD,1.4952
2022-03-18,USD,1.1008
2022-03-18,ZAR,16.5347
2022-03-21,AUD,1.4897
2022-03-21,BRL,5.502
2022-03-21,CAD,1.3898
2022-03-21,CHF,1.0278
2022-03-21,GBP,0.83775
2022-03-21,INR,84.1835
2022-03-21,JPY,131.57
2022-03-21,KRW,1342.62
2022-03-21,MXN,22.48
2022-03-21,PHP,57.817
2022-03-21,PLN,4.696
2022-03-21,SEK,10.4088
2022-03-21,SGD,1.496
2022-03-21,USD,1.1038
2022-03-21,ZAR,16.4543
2022-03-22,AUD,1.4802
2022-03-22,BRL,5.4105
2022-03-22,CAD,1.3867
2022-03-22,CHF,1.0275
2022-03-22,GBP,0.83228
2022-03-22,INR,83.9145
2022-03-22,JPY,132.96
2022-03-22,KRW,1343.81
2022-03-22,MXN,22.3667
2022-03-22,PHP,57.749
2022-03-22,PLN,4.6851
2022-03-22,SEK,10.3822
2022-03-22,SGD,1.4957
2022-03-22,USD,1.1024
2022-03-22,ZAR,16.343
2022-03-23,AUD,1.4728
2022-03-23,BRL,5.3903
2022-03-23,CAD,1.384
2022-03-23,CHF,1.0269
2022-03-23,GBP,0.8328
2022-03-23,INR,83.9675
2022-03-23,JPY,132.65
2022-03-23,KRW,1337.76
2022-03-23,MXN,22.1978
2022-03-23,PHP,57.565
2022-03-23,PLN,4.7052
2022-03-23,SEK,10.4005
2022-03-23,SGD,1.4919
2022-03-23,USD,1.0985
2022-03-23,ZAR,16.2501
2022-03-24,AUD,1.4668
2022-03-24,BRL,5.3057
2022-03-24,CAD,1.3806
2022-03-24,CHF,1.0225
2022-03-24,GBP,0.83288
2022-03-24,INR,83.879
2022-03-24,JPY,133.71
2022-03-24,KRW,1342.53
2022-03-24,MXN,22.177
2022-03-24,PHP,57.426
2022-03-24,PLN,4.7421
2022-03-24,SEK,10.3555
2022-03-24,SGD,1.4912
2022-03-24,USD,1.0978
2022-03-24,ZAR,16.1478
2022-03-25,AUD,1.4624
2022-03-25,BRL,5.2634
2022-03-25,CAD,1.3781
2022-03-25,CHF,1.0207
2022-03-25,GBP,0.8338
2022-03-25,INR,83.8235
2022-03-25,JPY,134.07
2022-03-25,KRW,1343.32
2022-03-25,MXN,21.9908
2022-03-25,PHP,57.322
2022-03-25,PLN,4.7307
2022-03-25,SEK,10.3505
2022-03-25,SGD,1.4919
2022-03-25,USD,1.1002
2022-03-25,ZAR,16.0386
2022-03-28,AUD,1.459
2022-03-28,BRL,5.2133
2022-03-28,CAD,1.3702
2022-03-28,CHF,1.0257
2022-03-28,GBP,0.83643
2022-03-28,INR,83.4825
2022-03-28,JPY,135.93
2022-03-28,KRW,1342.49
2022-03-28,MXN,21.9841
2022-03-28,PHP,57.08
2022-03-28,PLN,4.718
2022-03-28,SEK,10.4225
2022-03-28,SGD,1.4921
2022-03-28,USD,1.0966
2022-03-28,ZAR,15.9925
2022-03-29,AUD,1.4795
2022-03-29,BRL,5.2434
2022-03-29,CAD,1.387
2022-03-29,CHF,1.0362
2022-03-29,GBP,0.8444
2022-03-29,INR,83.9685
2022-03-29,JPY,136.66
2022-03-29,KRW,1345.62
2022-03-29,MXN,22.1561
2022-03-29,PHP,57.602
2022-03-29,PLN,4.6594
2022-03-29,SEK,10.329
2022-03-29,SGD,1.5051
2022-03-29,USD,1.1085
2022-03-29,ZAR,16.1804
2022-03-30,AUD,1.4809
2022-03-30,BRL,5.2808
2022-03-30,CAD,1.3891
2022-03-30,CHF,1.0309
2022-03-30,GBP,0.84563
2022-03-30,INR,84.38
2022-03-30,JPY,135.47
2022-03-30,KRW,1346.97
2022-03-30,MXN,22.1557
2022-03-30,PHP,57.906
2022-03-30,PLN,4.6679
2022-03-30,SEK,10.3498
2022-03-30,SGD,1.5064
2022-03-30,USD,1.1126
2022-03-30,ZAR,16.1288
2022-03-31,AUD,1.4829
2022-03-31,BRL,5.3009
2022-03-31,CAD,1.3896
2022-03-31,CHF,1.0267
2022-03-31,GBP,0.84595
2022-03-31,INR,84.134
2022-03-31,JPY,135.17
2022-03-31,KRW,1347.37
2022-03-31,MXN,22.0903
2022-03-31,PHP,57.514
2022-03-31,PLN,4.6531
2022-03-31,SEK,10.337
2022-03-31,SGD,1.5028
2022-03-31,USD,1.1101
2022-03-31,ZAR,16.1727
2022-04-01,AUD,1.4696
2022-04-01,BRL,5.2188
2022-04-01,CAD,1.3805
2022-04-01,CHF,1.0217
2022-04-01,GBP,0.84145
2022-04-01,INR,83.9847
2022-04-01,JPY,135.35
2022-04-01,KRW,1345.61
2022-04-01,MXN,21.9087
2022-04-01,PHP,57.084
2022-04-01,PLN,4.6401
2022-04-01,SEK,10.332
2022-04-01,SGD,1.4985
2022-04-01,USD,1.1052
2022-04-01,ZAR,16.1685
2022-04-04,AUD,1.4651
2022-04-04,BRL,5.1162
2022-04-04,CAD,1.3749
2022-04-04,CHF,1.0203
2022-04-04,GBP,0.8389
2022-04-04,INR,83.118
2022-04-04,JPY,135.08
2022-04-04,KRW,1338.41
2022-04-04,MXN,21.82
2022-04-04,PHP,56.521
2022-04-04,PLN,4.6375
2022-04-04,SEK,10.3849
2022-04-04,SGD,1.4938
2022-04-04,USD,1.1005
2022-04-04,ZAR,16.0957
2022-04-05,AUD,1.4374
2022-04-05,BRL,5.0384
2022-04-05,CAD,1.3647
2022-04-05,CHF,1.0141
2022-04-05,GBP,0.8349
2022-04-05,INR,82.635
2022-04-05,JPY,134.76
2022-04-05,KRW,1330.81
2022-04-05,MXN,21.7474
2022-04-05,PHP,56.194
2022-04-05,PLN,4.6265
2022-04-05,SEK,10.2593
2022-04-05,SGD,1.4867
2022-04-05,USD,1.0969
2022-04-05,ZAR,15.9529
2022-04-06,AUD,1.4431
2022-04-06,BRL,5.0996
2022-04-06,CAD,1.3647
2022-04-06,CHF,1.0187
2022-04-06,GBP,0.83473
2022-04-06,INR,82.8343
2022-04-06,JPY,135.3
2022-04-06,KRW,1330.44
2022-04-06,MXN,21.8759
2022-04-06,PHP,56.167
2022-04-06,PLN,4.6328
2022-04-06,SEK,10.2855
2022-04-06,SGD,1.4844
2022-04-06,USD,1.0923
2022-04-06,ZAR,15.9934
2022-04-07,AUD,1.4578
2022-04-07,BRL,5.146
2022-04-07,CAD,1.3704
2022-04-07,CHF,1.0185
2022-04-07,GBP,0.8345
2022-04-07,INR,82.951
2022-04-07,JPY,135.32
2022-04-07,KRW,1330.92
2022-04-07,MXN,21.9806
2022-04-07,PHP,56.114
2022-04-07,PLN,4.637
2022-04-07,SEK,10.313
2022-04-07,SGD,1.4848
2022-04-07,USD,1.0916
2022-04-07,ZAR,16.052
2022-04-08,AUD,1.4552
2022-04-08,BRL,5.1583
2022-04-08,CAD,1.3675
2022-04-08,CHF,1.0155
2022-04-08,GBP,0.83355
2022-04-08,INR,82.389
2022-04-08,JPY,134.87
2022-04-08,KRW,1333.12
2022-04-08,MXN,21.8729
2022-04-08,PHP,55.99
2022-04-08,PLN,4.6437
2022-04-08,SEK,10.2768
2022-04-08,SGD,1.4801
2022-04-08,USD,1.0861
2022-04-08,ZAR,15.9968
2022-04-11,AUD,1.4654
2022-04-11,BRL,5.155
2022-04-11,CAD,1.3738
2022-04-11,CHF,1.018
2022-04-11,GBP,0.83693
2022-04-11,INR,82.7085
2022-04-11,JPY,137.01
2022-04-11,KRW,1345.23
2022-04-11,MXN,21.8653
2022-04-11,PHP,56.753
2022-04-11,PLN,4.6456
2022-04-11,SEK,10.3128
2022-04-11,SGD,1.4874
2022-04-11,USD,1.09
2022-04-11,ZAR,15.9127
2022-04-12,AUD,1.4599
2022-04-12,BRL,5.0944
2022-04-12,CAD,1.3724
2022-04-12,CHF,1.0131
2022-04-12,GBP,0.83455
2022-04-12,INR,82.7285
2022-04-12,JPY,136.29
2022-04-12,KRW,1335.49
2022-04-12,MXN,21.5616
2022-04-12,PHP,56.574
2022-04-12,PLN,4.6552
2022-04-12,SEK,10.332
2022-04-12,SGD,1.4803
2022-04-12,USD,1.0861
2022-04-12,ZAR,15.849
2022-04-13,AUD,1.4603
2022-04-13,BRL,5.0449
2022-04-13,CAD,1.37
2022-04-13,CHF,1.0116
2022-04-13,GBP,0.8328
2022-04-13,INR,82.478
2022-04-13,JPY,136.26
2022-04-13,KRW,1328.47
2022-04-13,MXN,21.417
2022-04-13,PHP,56.446
2022-04-13,PLN,4.6453
2022-04-13,SEK,10.3323
2022-04-13,SGD,1.4769
2022-04-13,USD,1.0826
2022-04-13,ZAR,15.682
2022-04-14,AUD,1.4612
2022-04-14,BRL,5.1226
2022-04-14,CAD,1.3663
2022-04-14,CHF,1.0189
2022-04-14,GBP,0.82908
2022-04-14,INR,82.814
2022-04-14,JPY,136.32
2022-04-14,KRW,1334.71
2022-04-14,MXN,21.5941
2022-04-14,PHP,56.759
2022-04-14,PLN,4.6478
2022-04-14,SEK,10.3008
2022-04-14,SGD,1.4732
2022-04-14,USD,1.0878
2022-04-14,ZAR,15.9331
2022-04-19,AUD,1.4663
2022-04-19,BRL,5.0261
2022-04-19,CAD,1.3631
2022-04-19,CHF,1.0208
2022-04-19,GBP,0.82955
2022-04-19,INR,82.6038
2022-04-19,JPY,138.4
2022-04-19,KRW,1339.46
2022-04-19,MXN,21.4725
2022-04-19,PHP,56.683
2022-04-19,PLN,4.6553
2022-04-19,SEK,10.3408
2022-04-19,SGD,1.4763
2022-04-19,USD,1.0803
2022-04-19,ZAR,16.0401
2022-04-20,AUD,1.4581
2022-04-20,BRL,5.0481
2022-04-20,CAD,1.3579
2022-04-20,CHF,1.0254
2022-04-20,GBP,0.82965
2022-04-20,INR,82.6348
2022-04-20,JPY,138.53
2022-04-20,KRW,1337.89
2022-04-20,MXN,21.6392
2022-04-20,PHP,56.747
2022-04-20,PLN,4.6338
2022-04-20,SEK,10.23
2022-04-20,SGD,1.4779
2022-04-20,USD,1.083
2022-04-20,ZAR,16.3019
2022-04-21,AUD,1.4653
2022-04-21,BRL,5.0324
2022-04-21,CAD,1.36
2022-04-21,CHF,1.0335
2022-04-21,GBP,0.83523
2022-04-21,INR,82.965
2022-04-21,JPY,139.61
2022-04-21,KRW,1348.33
2022-04-21,MXN,21.8836
2022-04-21,PHP,57.081
2022-04-21,PLN,4.63
2022-04-21,SEK,10.2553
2022-04-21,SGD,1.482
2022-04-21,USD,1.0887
2022-04-21,ZAR,16.5996
2022-04-22,AUD,1.4816
2022-04-22,BRL,5.0926
2022-04-22,CAD,1.3714
2022-04-22,CHF,1.0336
2022-04-22,GBP,0.83925
2022-04-22,INR,82.6943
2022-04-22,JPY,138.83
2022-04-22,KRW,1344.04
2022-04-22,MXN,22.0034
2022-04-22,PHP,56.721
2022-04-22,PLN,4.6336
2022-04-22,SEK,10.278
2022-04-22,SGD,1.4784
2022-04-22,USD,1.0817
2022-04-22,ZAR,16.8652
2022-04-25,AUD,1.4972
2022-04-25,BRL,5.1953
2022-04-25,CAD,1.3709
2022-04-25,CHF,1.0267
2022-04-25,GBP,0.8433
2022-04-25,INR,82.321
2022-04-25,JPY,137.73
2022-04-25,KRW,1344.49
2022-04-25,MXN,21.8989
2022-04-25,PHP,56.259
2022-04-25,PLN,4.6398
2022-04-25,SEK,10.3476
2022-04-25,SGD,1.4757
2022-04-25,USD,1.0746
2022-04-25,ZAR,16.8549
2022-04-26,AUD,1.4828
2022-04-26,BRL,5.249
2022-04-26,CAD,1.3613
2022-04-26,CHF,1.0229
2022-04-26,GBP,0.84135
2022-04-26,INR,81.7265
2022-04-26,JPY,136.15
2022-04-26,KRW,1340.02
2022-04-26,MXN,21.6538
2022-04-26,PHP,55.681
2022-04-26,PLN,4.6466
2022-04-26,SEK,10.3935
2022-04-26,SGD,1.4666
2022-04-26,USD,1.0674
2022-04-26,ZAR,16.7787
2022-04-27,AUD,1.4828
2022-04-27,BRL,5.3045
2022-04-27,CAD,1.3572
2022-04-27,CHF,1.0229
2022-04-27,GBP,0.84215
2022-04-27,INR,81.0705
2022-04-27,JPY,135.57
2022-04-27,KRW,1341.98
2022-04-27,MXN,21.6259
2022-04-27,PHP,55.195
2022-04-27,PLN,4.7043
2022-04-27,SEK,10.4035
2022-04-27,SGD,1.4602
2022-04-27,USD,1.0583
2022-04-27,ZAR,16.8406
2022-04-28,AUD,1.4814
2022-04-28,BRL,5.2465
2022-04-28,CAD,1.3498
2022-04-28,CHF,1.0216
2022-04-28,GBP,0.8435
2022-04-28,INR,80.367
2022-04-28,JPY,137.13
2022-04-28,KRW,1337.82
2022-04-28,MXN,21.4531
2022-04-28,PHP,54.845
2022-04-28,PLN,4.6891
2022-04-28,SEK,10.3594
2022-04-28,SGD,1.4556
2022-04-28,USD,1.0485
2022-04-28,ZAR,16.7472
2022-04-29,AUD,1.4699
2022-04-29,BRL,5.1608
2022-04-29,CAD,1.3426
2022-04-29,CHF,1.0229
2022-04-29,GBP,0.83908
2022-04-29,INR,80.638
2022-04-29,JPY,137.01
2022-04-29,KRW,1326.71
2022-04-29,MXN,21.4181
2022-04-29,PHP,55.2
2022-04-29,PLN,4.678
2022-04-29,SEK,10.2958
2022-04-29,SGD,1.4545
2022-04-29,USD,1.054
2022-04-29,ZAR,16.6473
2022-05-02,AUD,1.4913
2022-05-02,BRL,5.248
2022-05-02,CAD,1.356
2022-05-02,CHF,1.0253
2022-05-02,GBP,0.8381
2022-05-02,INR,80.497
2022-05-02,JPY,136.63
2022-05-02,KRW,1333.71
2022-05-02,MXN,21.4758
2022-05-02,PHP,55.229
2022-05-02,PLN,4.685
2022-05-02,SEK,10.4035
2022-05-02,SGD,1.4585
2022-05-02,USD,1.0524
2022-05-02,ZAR,16.7383
2022-05-03,AUD,1.4825
2022-05-03,BRL,5.3143
2022-05-03,CAD,1.357
2022-05-03,CHF,1.0272
2022-05-03,GBP,0.8413
2022-05-03,INR,80.842
2022-05-03,JPY,137.06
2022-05-03,KRW,1335.64
2022-05-03,MXN,21.5025
2022-05-03,PHP,55.455
2022-05-03,PLN,4.6925
2022-05-03,SEK,10.3978
2022-05-03,SGD,1.4605
2022-05-03,USD,1.0556
2022-05-03,ZAR,16.8303
2022-05-04,AUD,1.478
2022-05-04,BRL,5.24
2022-05-04,CAD,1.3498
2022-05-04,CHF,1.0324
2022-05-04,GBP,0.84194
2022-05-04,INR,80.4035
2022-05-04,JPY,136.84
2022-05-04,KRW,1331.45
2022-05-04,MXN,21.2947
2022-05-04,PHP,55.26
2022-05-04,PLN,4.6875
2022-05-04,SEK,10.3968
2022-05-04,SGD,1.4559
2022-05-04,USD,1.0531
2022-05-04,ZAR,16.6489
2022-05-05,AUD,1.4669
2022-05-05,BRL,5.2192
2022-05-05,CAD,1.3483
2022-05-05,CHF,1.0355
2022-05-05,GBP,0.8519
2022-05-05,INR,80.6185
2022-05-05,JPY,137.18
2022-05-05,KRW,1330.89
2022-05-05,MXN,21.2069
2022-05-05,PHP,55.364
2022-05-05,PLN,4.6673
2022-05-05,SEK,10.3748
2022-05-05,SGD,1.4561
2022-05-05,USD,1.0568
2022-05-05,ZAR,16.5862
2022-05-06,AUD,1.4888
2022-05-06,BRL,5.3183
2022-05-06,CAD,1.356
2022-05-06,CHF,1.0419
2022-05-06,GBP,0.85625
2022-05-06,INR,81.298
2022-05-06,JPY,137.9
2022-05-06,KRW,1343.9
2022-05-06,MXN,21.3555
2022-05-06,PHP,55.467
2022-05-06,PLN,4.7028
2022-05-06,SEK,10.4686
2022-05-06,SGD,1.4642
2022-05-06,USD,1.057
2022-05-06,ZAR,16.9614
2022-05-09,AUD,1.5048
2022-05-09,BRL,5.4321
2022-05-09,CAD,1.3656
2022-05-09,CHF,1.0462
2022-05-09,GBP,0.85235
2022-05-09,INR,81.7415
2022-05-09,JPY,138.1
2022-05-09,KRW,1345.48
2022-05-09,MXN,21.4341
2022-05-09,PHP,55.67
2022-05-09,PLN,4.6985
2022-05-09,SEK,10.5818
2022-05-09,SGD,1.4676
2022-05-09,USD,1.0559
2022-05-09,ZAR,17.1332
2022-05-10,AUD,1.5162
2022-05-10,BRL,5.4232
2022-05-10,CAD,1.3707
2022-05-10,CHF,1.0479
2022-05-10,GBP,0.85595
2022-05-10,INR,81.5425
2022-05-10,JPY,137.38
2022-05-10,KRW,1346.56
2022-05-10,MXN,21.4716
2022-05-10,PHP,55.289
2022-05-10,PLN,4.6763
2022-05-10,SEK,10.6075
2022-05-10,SGD,1.4667
2022-05-10,USD,1.0554
2022-05-10,ZAR,17.005
2022-05-11,AUD,1.5055
2022-05-11,BRL,5.3859
2022-05-11,CAD,1.3685
2022-05-11,CHF,1.0446
2022-05-11,GBP,0.85393
2022-05-11,INR,81.4935
2022-05-11,JPY,137.07
2022-05-11,KRW,1343.99
2022-05-11,MXN,21.387
2022-05-11,PHP,54.992
2022-05-11,PLN,4.6575
2022-05-11,SEK,10.526
2022-05-11,SGD,1.4622
2022-05-11,USD,1.0553
2022-05-11,ZAR,16.9275
2022-05-12,AUD,1.5163
2022-05-12,BRL,5.4161
2022-05-12,CAD,1.3569
2022-05-12,CHF,1.0377
2022-05-12,GBP,0.85293
2022-05-12,INR,80.667
2022-05-12,JPY,133.85
2022-05-12,KRW,1341.98
2022-05-12,MXN,21.2531
2022-05-12,PHP,54.589
2022-05-12,PLN,4.668
2022-05-12,SEK,10.5648
2022-05-12,SGD,1.4529
2022-05-12,USD,1.0408
2022-05-12,ZAR,16.8806
2022-05-13,AUD,1.5067
2022-05-13,BRL,5.3204
2022-05-13,CAD,1.3505
2022-05-13,CHF,1.0385
2022-05-13,GBP,0.85115
2022-05-13,INR,80.4315
2022-05-13,JPY,133.91
2022-05-13,KRW,1330.83
2022-05-13,MXN,20.988
2022-05-13,PHP,54.449
2022-05-13,PLN,4.6883
2022-05-13,SEK,10.4905
2022-05-13,SGD,1.45
2022-05-13,USD,1.0385
2022-05-13,ZAR,16.7789
2022-05-16,AUD,1.5057
2022-05-16,BRL,5.2819
2022-05-16,CAD,1.3473
2022-05-16,CHF,1.0479
2022-05-16,GBP,0.85045
2022-05-16,INR,81.081
2022-05-16,JPY,135.01
2022-05-16,KRW,1337.9
2022-05-16,MXN,20.9324
2022-05-16,PHP,54.705
2022-05-16,PLN,4.6675
2022-05-16,SEK,10.4978
2022-05-16,SGD,1.4531
2022-05-16,USD,1.0422
2022-05-16,ZAR,16.9195
2022-05-17,AUD,1.4993
2022-05-17,BRL,5.2621
2022-05-17,CAD,1.3517
2022-05-17,CHF,1.0457
2022-05-17,GBP,0.844
2022-05-17,INR,81.6515
2022-05-17,JPY,136.32
2022-05-17,KRW,1333.66
2022-05-17,MXN,21.0273
2022-05-17,PHP,55.137
2022-05-17,PLN,4.6488
2022-05-17,SEK,10.4393
2022-05-17,SGD,1.4589
2022-05-17,USD,1.0541
2022-05-17,ZAR,16.844
2022-05-18,AUD,1.498
2022-05-18,BRL,5.1974
2022-05-18,CAD,1.3488
2022-05-18,CHF,1.0486
2022-05-18,GBP,0.8467
2022-05-18,INR,81.6455
2022-05-18,JPY,135.76
2022-05-18,KRW,1332.76
2022-05-18,MXN,20.9204
2022-05-18,PHP,55.077
2022-05-18,PLN,4.6443
2022-05-18,SEK,10.4675
2022-05-18,SGD,1.4598
2022-05-18,USD,1.0523
2022-05-18,ZAR,16.7313
2022-05-19,AUD,1.5036
2022-05-19,BRL,5.2094
2022-05-19,CAD,1.349
2022-05-19,CHF,1.0265
2022-05-19,GBP,0.84728
2022-05-19,INR,81.7115
2022-05-19,JPY,134.46
2022-05-19,KRW,1343.21
2022-05-19,MXN,21.0043
2022-05-19,PHP,55.14
2022-05-19,PLN,4.6423
2022-05-19,SEK,10.5098
2022-05-19,SGD,1.4576
2022-05-19,USD,1.0525
2022-05-19,ZAR,16.8315
2022-05-20,AUD,1.498
2022-05-20,BRL,5.1989
2022-05-20,CAD,1.3526
2022-05-20,CHF,1.028
2022-05-20,GBP,0.8482
2022-05-20,INR,82.1617
2022-05-20,JPY,135.34
2022-05-20,KRW,1340.58
2022-05-20,MXN,21.0314
2022-05-20,PHP,55.181
2022-05-20,PLN,4.6365
2022-05-20,SEK,10.4915
2022-05-20,SGD,1.4588
2022-05-20,USD,1.0577
2022-05-20,ZAR,16.7131
2022-05-23,AUD,1.4982
2022-05-23,BRL,5.1623
2022-05-23,CAD,1.3626
2022-05-23,CHF,1.031
2022-05-23,GBP,0.84783
2022-05-23,INR,82.6795
2022-05-23,JPY,136.05
2022-05-23,KRW,1344.19
2022-05-23,MXN,21.1273
2022-05-23,PHP,55.686
2022-05-23,PLN,4.621
2022-05-23,SEK,10.4918
2022-05-23,SGD,1.4639
2022-05-23,USD,1.0659
2022-05-23,ZAR,16.7437
2022-05-24,AUD,1.5152
2022-05-24,BRL,5.1793
2022-05-24,CAD,1.3714
2022-05-24,CHF,1.0334
2022-05-24,GBP,0.8575
2022-05-24,INR,83.185
2022-05-24,JPY,136.49
2022-05-24,KRW,1353.65
2022-05-24,MXN,21.2456
2022-05-24,PHP,56.152
2022-05-24,PLN,4.6015
2022-05-24,SEK,10.5013
2022-05-24,SGD,1.4722
2022-05-24,USD,1.072
2022-05-24,ZAR,16.7814
2022-05-25,AUD,1.5126
2022-05-25,BRL,5.1736
2022-05-25,CAD,1.372
2022-05-25,CHF,1.0269
2022-05-25,GBP,0.85295
2022-05-25,INR,82.6666
2022-05-25,JPY,135.34
2022-05-25,KRW,1354.61
2022-05-25,MXN,21.2213
2022-05-25,PHP,55.787
2022-05-25,PLN,4.621
2022-05-25,SEK,10.5419
2022-05-25,SGD,1.4676
2022-05-25,USD,1.0656
2022-05-25,ZAR,16.7628
2022-05-26,AUD,1.511
2022-05-26,BRL,5.1741
2022-05-26,CAD,1.3715
2022-05-26,CHF,1.0283
2022-05-26,GBP,0.85073
2022-05-26,INR,83.0065
2022-05-26,JPY,135.95
2022-05-26,KRW,1352.69
2022-05-26,MXN,21.1935
2022-05-26,PHP,55.975
2022-05-26,PLN,4.6083
2022-05-26,SEK,10.5983
2022-05-26,SGD,1.4709
2022-05-26,USD,1.0697
2022-05-26,ZAR,16.9312
2022-05-27,AUD,1.4995
2022-05-27,BRL,5.0959
2022-05-27,CAD,1.3661
2022-05-27,CHF,1.0258
2022-05-27,GBP,0.84875
2022-05-27,INR,83.1915
2022-05-27,JPY,136.05
2022-05-27,KRW,1343.63
2022-05-27,MXN,21.136
2022-05-27,PHP,56.02
2022-05-27,PLN,4.5858
2022-05-27,SEK,10.5293
2022-05-27,SGD,1.4679
2022-05-27,USD,1.0722
2022-05-27,ZAR,16.746
2022-05-30,AUD,1.4982
2022-05-30,BRL,5.0629
2022-05-30,CAD,1.3647
2022-05-30,CHF,1.0327
2022-05-30,GBP,0.8515
2022-05-30,INR,83.475
2022-05-30,JPY,137.25
2022-05-30,KRW,1331.66
2022-05-30,MXN,20.8994
2022-05-30,PHP,56.322
2022-05-30,PLN,4.5855
2022-05-30,SEK,10.518
2022-05-30,SGD,1.4719
2022-05-30,USD,1.0764
2022-05-30,ZAR,16.648
2022-05-31,AUD,1.4933
2022-05-31,BRL,5.0965
2022-05-31,CAD,1.3573
2022-05-31,CHF,1.0281
2022-05-31,GBP,0.85138
2022-05-31,INR,83.231
2022-05-31,JPY,137.36
2022-05-31,KRW,1329.32
2022-05-31,MXN,20.987
2022-05-31,PHP,56.323
2022-05-31,PLN,4.5805
2022-05-31,SEK,10.5053
2022-05-31,SGD,1.4687
2022-05-31,USD,1.0713
2022-05-31,ZAR,16.745
2022-06-01,AUD,1.4861
2022-06-01,BRL,5.0646
2022-06-01,CAD,1.3536
2022-06-01,CHF,1.0305
2022-06-01,GBP,0.85158
2022-06-01,INR,83.051
2022-06-01,JPY,138.68
2022-06-01,KRW,1331.44
2022-06-01,MXN,21.0678
2022-06-01,PHP,56.182
2022-06-01,PLN,4.5913
2022-06-01,SEK,10.4758
2022-06-01,SGD,1.47
2022-06-01,USD,1.0712
2022-06-01,ZAR,16.609
2022-06-02,AUD,1.4829
2022-06-02,BRL,5.1335
2022-06-02,CAD,1.352
2022-06-02,CHF,1.0264
2022-06-02,GBP,0.85195
2022-06-02,INR,82.922
2022-06-02,JPY,138.72
2022-06-02,KRW,1334.06
2022-06-02,MXN,20.9831
2022-06-02,PHP,56.467
2022-06-02,PLN,4.5787
2022-06-02,SEK,10.4705
2022-06-02,SGD,1.4701
2022-06-02,USD,1.0692
2022-06-02,ZAR,16.6143
2022-06-03,AUD,1.4805
2022-06-03,BRL,5.1643
2022-06-03,CAD,1.3484
2022-06-03,CHF,1.0296
2022-06-03,GBP,0.8542
2022-06-03,INR,83.273
2022-06-03,JPY,139.59
2022-06-03,KRW,1337.4
2022-06-03,MXN,20.985
2022-06-03,PHP,56.738
2022-06-03,PLN,4.5955
2022-06-03,SEK,10.4589
2022-06-03,SGD,1.4741
2022-06-03,USD,1.073
2022-06-03,ZAR,16.6153
2022-06-06,AUD,1.4842
2022-06-06,BRL,5.0986
2022-06-06,CAD,1.3463
2022-06-06,CHF,1.032
2022-06-06,GBP,0.85415
2022-06-06,INR,83.245
2022-06-06,JPY,140.16
2022-06-06,KRW,1341.13
2022-06-06,MXN,20.9078
2022-06-06,PHP,56.67
2022-06-06,PLN,4.5808
2022-06-06,SEK,10.452
2022-06-06,SGD,1.4732
2022-06-06,USD,1.0726
2022-06-06,ZAR,16.4142
2022-06-07,AUD,1.4884
2022-06-07,BRL,5.1256
2022-06-07,CAD,1.3437
2022-06-07,CHF,1.0423
2022-06-07,GBP,0.85365
2022-06-07,INR,82.873
2022-06-07,JPY,141.66
2022-06-07,KRW,1340.75
2022-06-07,MXN,20.8435
2022-06-07,PHP,56.421
2022-06-07,PLN,4.5813
2022-06-07,SEK,10.5039
2022-06-07,SGD,1.4685
2022-06-07,USD,1.0662
2022-06-07,ZAR,16.4059
2022-06-08,AUD,1.4917
2022-06-08,BRL,5.2447
2022-06-08,CAD,1.3467
2022-06-08,CHF,1.0486
2022-06-08,GBP,0.85575
2022-06-08,INR,83.414
2022-06-08,JPY,143.92
2022-06-08,KRW,1349.34
2022-06-08,MXN,21.0458
2022-06-08,PHP,56.799
2022-06-08,PLN,4.5698
2022-06-08,SEK,10.4938
2022-06-08,SGD,1.4769
2022-06-08,USD,1.0739
2022-06-08,ZAR,16.4626
2022-06-09,AUD,1.4985
2022-06-09,BRL,5.2506
2022-06-09,CAD,1.3506
2022-06-09,CHF,1.0495
2022-06-09,GBP,0.85653
2022-06-09,INR,83.526
2022-06-09,JPY,143.93
2022-06-09,KRW,1348.99
2022-06-09,MXN,21.0248
2022-06-09,PHP,56.872
2022-06-09,PLN,4.5925
2022-06-09,SEK,10.5045
2022-06-09,SGD,1.4779
2022-06-09,USD,1.0743
2022-06-09,ZAR,16.4132
2022-06-10,AUD,1.4845
2022-06-10,BRL,5.1718
2022-06-10,CAD,1.3484
2022-06-10,CHF,1.0404
2022-06-10,GBP,0.85048
2022-06-10,INR,82.3355
2022-06-10,JPY,141.69
2022-06-10,KRW,1344.25
2022-06-10,MXN,20.8285
2022-06-10,PHP,56.101
2022-06-10,PLN,4.6053
2022-06-10,SEK,10.5255
2022-06-10,SGD,1.462
2022-06-10,USD,1.0578
2022-06-10,ZAR,16.5209
2022-06-13,AUD,1.4998
2022-06-13,BRL,5.2785
2022-06-13,CAD,1.3435
2022-06-13,CHF,1.0375
2022-06-13,GBP,0.8585
2022-06-13,INR,81.606
2022-06-13,JPY,140.51
2022-06-13,KRW,1349.93
2022-06-13,MXN,21.2102
2022-06-13,PHP,55.72
2022-06-13,PLN,4.6373
2022-06-13,SEK,10.616
2022-06-13,SGD,1.4538
2022-06-13,USD,1.0455
2022-06-13,ZAR,16.807
2022-06-14,AUD,1.5174
2022-06-14,BRL,5.3329
2022-06-14,CAD,1.3522
2022-06-14,CHF,1.0394
2022-06-14,GBP,0.86578
2022-06-14,INR,81.559
2022-06-14,JPY,140.62
2022-06-14,KRW,1346.72
2022-06-14,MXN,21.4832
2022-06-14,PHP,55.669
2022-06-14,PLN,4.6563
2022-06-14,SEK,10.622
2022-06-14,SGD,1.4541
2022-06-14,USD,1.0452
2022-06-14,ZAR,16.7959
2022-06-15,AUD,1.5051
2022-06-15,BRL,5.3164
2022-06-15,CAD,1.3498
2022-06-15,CHF,1.0435
2022-06-15,GBP,0.86328
2022-06-15,INR,81.5142
2022-06-15,JPY,140.49
2022-06-15,KRW,1346.86
2022-06-15,MXN,21.4763
2022-06-15,PHP,55.627
2022-06-15,PLN,4.669
2022-06-15,SEK,10.6278
2022-06-15,SGD,1.4519
2022-06-15,USD,1.0431
2022-06-15,ZAR,16.7111
2022-06-16,AUD,1.4939
2022-06-16,BRL,5.2559
2022-06-16,CAD,1.3446
2022-06-16,CHF,1.0142
2022-06-16,GBP,0.8555
2022-06-16,INR,81.1945
2022-06-16,JPY,138.24
2022-06-16,KRW,1346.88
2022-06-16,MXN,21.4115
2022-06-16,PHP,55.7
2022-06-16,PLN,4.7138
2022-06-16,SEK,10.6942
2022-06-16,SGD,1.4451
2022-06-16,USD,1.04
2022-06-16,ZAR,16.6052
2022-06-17,AUD,1.5039
2022-06-17,BRL,5.3824
2022-06-17,CAD,1.3631
2022-06-17,CHF,1.0105
2022-06-17,GBP,0.855
2022-06-17,INR,81.871
2022-06-17,JPY,141.21
2022-06-17,KRW,1356.27
2022-06-17,MXN,21.4474
2022-06-17,PHP,56.371
2022-06-17,PLN,4.7003
2022-06-17,SEK,10.6748
2022-06-17,SGD,1.4547
2022-06-17,USD,1.0486
2022-06-17,ZAR,16.7133
2022-06-20,AUD,1.5061
2022-06-20,BRL,5.4117
2022-06-20,CAD,1.3662
2022-06-20,CHF,1.0162
2022-06-20,GBP,0.85748
2022-06-20,INR,81.994
2022-06-20,JPY,141.94
2022-06-20,KRW,1357.54
2022-06-20,MXN,21.3016
2022-06-20,PHP,56.872
2022-06-20,PLN,4.652
2022-06-20,SEK,10.6375
2022-06-20,SGD,1.4589
2022-06-20,USD,1.0517
2022-06-20,ZAR,16.8603
2022-06-21,AUD,1.5177
2022-06-21,BRL,5.442
2022-06-21,CAD,1.366
2022-06-21,CHF,1.0214
2022-06-21,GBP,0.8601
2022-06-21,INR,82.423
2022-06-21,JPY,143.75
2022-06-21,KRW,1365.09
2022-06-21,MXN,21.2485
2022-06-21,PHP,57.304
2022-06-21,PLN,4.6435
2022-06-21,SEK,10.646
2022-06-21,SGD,1.4612
2022-06-21,USD,1.055
2022-06-21,ZAR,16.7881
2022-06-22,AUD,1.5254
2022-06-22,BRL,5.4349
2022-06-22,CAD,1.366
2022-06-22,CHF,1.0153
2022-06-22,GBP,0.85885
2022-06-22,INR,82.4075
2022-06-22,JPY,143.11
2022-06-22,KRW,1369.29
2022-06-22,MXN,21.1491
2022-06-22,PHP,57.174
2022-06-22,PLN,4.6905
2022-06-22,SEK,10.6688
2022-06-22,SGD,1.4615
2022-06-22,USD,1.0521
2022-06-22,ZAR,16.7985
2022-06-23,AUD,1.5212
2022-06-23,BRL,5.4515
2022-06-23,CAD,1.36
2022-06-23,CHF,1.013
2022-06-23,GBP,0.85818
2022-06-23,INR,82.1489
2022-06-23,JPY,142.11
2022-06-23,KRW,1367.21
2022-06-23,MXN,21.0924
2022-06-23,PHP,57.44
2022-06-23,PLN,4.7085
2022-06-23,SEK,10.705
2022-06-23,SGD,1.4589
2022-06-23,USD,1.0493
2022-06-23,ZAR,16.817
2022-06-24,AUD,1.5248
2022-06-24,BRL,5.4851
2022-06-24,CAD,1.3657
2022-06-24,CHF,1.0072
2022-06-24,GBP,0.85773
2022-06-24,INR,82.3985
2022-06-24,JPY,142.19
2022-06-24,KRW,1364.09
2022-06-24,MXN,20.9901
2022-06-24,PHP,57.83
2022-06-24,PLN,4.7023
2022-06-24,SEK,10.694
2022-06-24,SGD,1.462
2022-06-24,USD,1.0524
2022-06-24,ZAR,16.7137
2022-06-27,AUD,1.5278
2022-06-27,BRL,5.5446
2022-06-27,CAD,1.3639
2022-06-27,CHF,1.0143
2022-06-27,GBP,0.862
2022-06-27,INR,82.9325
2022-06-27,JPY,143.25
2022-06-27,KRW,1357.68
2022-06-27,MXN,21.041
2022-06-27,PHP,57.9
2022-06-27,PLN,4.699
2022-06-27,SEK,10.6713
2022-06-27,SGD,1.4641
2022-06-27,USD,1.0572
2022-06-27,ZAR,16.7967
2022-06-28,AUD,1.521
2022-06-28,BRL,5.5308
2022-06-28,CAD,1.3565
2022-06-28,CHF,1.0101
2022-06-28,GBP,0.8635
2022-06-28,INR,83.408
2022-06-28,JPY,143.67
2022-06-28,KRW,1361.75
2022-06-28,MXN,21.088
2022-06-28,PHP,57.85
2022-06-28,PLN,4.6905
2022-06-28,SEK,10.6543
2022-06-28,SGD,1.4645
2022-06-28,USD,1.0561
2022-06-28,ZAR,16.9072
2022-06-29,AUD,1.5256
2022-06-29,BRL,5.5163
2022-06-29,CAD,1.3513
2022-06-29,CHF,1.0005
2022-06-29,GBP,0.86461
2022-06-29,INR,83.037
2022-06-29,JPY,143.53
2022-06-29,KRW,1364.02
2022-06-29,MXN,21.1375
2022-06-29,PHP,57.773
2022-06-29,PLN,4.6869
2022-06-29,SEK,10.6848
2022-06-29,SGD,1.4607
2022-06-29,USD,1.0517
2022-06-29,ZAR,16.9295
2022-06-30,AUD,1.5099
2022-06-30,BRL,5.4229
2022-06-30,CAD,1.3425
2022-06-30,CHF,0.996
2022-06-30,GBP,0.8582
2022-06-30,INR,82.113
2022-06-30,JPY,141.54
2022-06-30,KRW,1351.6
2022-06-30,MXN,20.9641
2022-06-30,PHP,57.15
2022-06-30,PLN,4.6904
2022-06-30,SEK,10.73
2022-06-30,SGD,1.4483
2022-06-30,USD,1.0387
2022-06-30,ZAR,17.0143
2022-07-01,AUD,1.5382
2022-07-01,BRL,5.5117
2022-07-01,CAD,1.3492
2022-07-01,CHF,1.0027
2022-07-01,GBP,0.86648
2022-07-01,INR,82.3747
2022-07-01,JPY,141.05
2022-07-01,KRW,1352.58
2022-07-01,MXN,21.115
2022-07-01,PHP,57.452
2022-07-01,PLN,4.7168
2022-07-01,SEK,10.7783
2022-07-01,SGD,1.4565
2022-07-01,USD,1.0425
2022-07-01,ZAR,17.1323
2022-07-04,AUD,1.5205
2022-07-04,BRL,5.5663
2022-07-04,CAD,1.3435
2022-07-04,CHF,1.0037
2022-07-04,GBP,0.8596
2022-07-04,INR,82.5067
2022-07-04,JPY,141.51
2022-07-04,KRW,1353.4
2022-07-04,MXN,21.1972
2022-07-04,PHP,57.487
2022-07-04,PLN,4.71
2022-07-04,SEK,10.7658
2022-07-04,SGD,1.4587
2022-07-04,USD,1.0455
2022-07-04,ZAR,17.0275
2022-07-05,AUD,1.518
2022-07-05,BRL,5.5141
2022-07-05,CAD,1.3364
2022-07-05,CHF,0.9932
2022-07-05,GBP,0.85845
2022-07-05,INR,81.673
2022-07-05,JPY,139.77
2022-07-05,KRW,1348.97
2022-07-05,MXN,21.0171
2022-07-05,PHP,57.009
2022-07-05,PLN,4.7448
2022-07-05,SEK,10.8031
2022-07-05,SGD,1.4455
2022-07-05,USD,1.029
2022-07-05,ZAR,16.9143
2022-07-06,AUD,1.4961
2022-07-06,BRL,5.5116
2022-07-06,CAD,1.3274
2022-07-06,CHF,0.9896
2022-07-06,GBP,0.85676
2022-07-06,INR,80.5321
2022-07-06,JPY,137.71
2022-07-06,KRW,1331.69
2022-07-06,MXN,21.0194
2022-07-06,PHP,56.779
2022-07-06,PLN,4.771
2022-07-06,SEK,10.745
2022-07-06,SGD,1.4305
2022-07-06,USD,1.0177
2022-07-06,ZAR,17.0246
2022-07-07,AUD,1.4883
2022-07-07,BRL,5.4983
2022-07-07,CAD,1.3227
2022-07-07,CHF,0.9906
2022-07-07,GBP,0.85105
2022-07-07,INR,80.6
2022-07-07,JPY,138.11
2022-07-07,KRW,1324.66
2022-07-07,MXN,20.9675
2022-07-07,PHP,56.939
2022-07-07,PLN,4.7721
2022-07-07,SEK,10.723
2022-07-07,SGD,1.4255
2022-07-07,USD,1.018
2022-07-07,ZAR,17.0372
2022-07-08,AUD,1.4871
2022-07-08,BRL,5.4345
2022-07-08,CAD,1.3201
2022-07-08,CHF,0.9913
2022-07-08,GBP,0.84585
2022-07-08,INR,80.528
2022-07-08,JPY,138.05
2022-07-08,KRW,1321.61
2022-07-08,MXN,20.8477
2022-07-08,PHP,56.882
2022-07-08,PLN,4.763
2022-07-08,SEK,10.6665
2022-07-08,SGD,1.4228
2022-07-08,USD,1.0163
2022-07-08,ZAR,17.1922
2022-07-11,AUD,1.491
2022-07-11,BRL,5.3673
2022-07-11,CAD,1.314
2022-07-11,CHF,0.9908
2022-07-11,GBP,0.8454
2022-07-11,INR,80.2435
2022-07-11,JPY,138.77
2022-07-11,KRW,1320.36
2022-07-11,MXN,20.7845
2022-07-11,PHP,56.574
2022-07-11,PLN,4.7968
2022-07-11,SEK,10.6943
2022-07-11,SGD,1.4178
2022-07-11,USD,1.0098
2022-07-11,ZAR,17.1634
2022-07-12,AUD,1.49
2022-07-12,BRL,5.4009
2022-07-12,CAD,1.3094
2022-07-12,CHF,0.9883
2022-07-12,GBP,0.84823
2022-07-12,INR,79.8965
2022-07-12,JPY,137.31
2022-07-12,KRW,1315.1
2022-07-12,MXN,20.8883
2022-07-12,PHP,56.648
2022-07-12,PLN,4.819
2022-07-12,SEK,10.629
2022-07-12,SGD,1.4127
2022-07-12,USD,1.0042
2022-07-12,ZAR,17.1509
2022-07-13,AUD,1.4802
2022-07-13,BRL,5.4533
2022-07-13,CAD,1.3073
2022-07-13,CHF,0.9829
2022-07-13,GBP,0.84371
2022-07-13,INR,80.1285
2022-07-13,JPY,138.02
2022-07-13,KRW,1311.4
2022-07-13,MXN,20.9029
2022-07-13,PHP,56.669
2022-07-13,PLN,4.824
2022-07-13,SEK,10.602
2022-07-13,SGD,1.4134
2022-07-13,USD,1.0067
2022-07-13,ZAR,17.0527
2022-07-14,AUD,1.4893
2022-07-14,BRL,5.4586
2022-07-14,CAD,1.3162
2022-07-14,CHF,0.9841
2022-07-14,GBP,0.8456
2022-07-14,INR,80.0752
2022-07-14,JPY,139.04
2022-07-14,KRW,1322.29
2022-07-14,MXN,20.9585
2022-07-14,PHP,56.565
2022-07-14,PLN,4.8146
2022-07-14,SEK,10.6019
2022-07-14,SGD,1.4065
2022-07-14,USD,1.0005
2022-07-14,ZAR,17.202
2022-07-15,AUD,1.4886
2022-07-15,BRL,5.4434
2022-07-15,CAD,1.3147
2022-07-15,CHF,0.9849
2022-07-15,GBP,0.84988
2022-07-15,INR,80.316
2022-07-15,JPY,139.49
2022-07-15,KRW,1333.79
2022-07-15,MXN,20.9209
2022-07-15,PHP,56.678
2022-07-15,PLN,4.7953
2022-07-15,SEK,10.5943
2022-07-15,SGD,1.4113
2022-07-15,USD,1.0059
2022-07-15,ZAR,17.2875
2022-07-18,AUD,1.4839
2022-07-18,BRL,5.4505
2022-07-18,CAD,1.3151
2022-07-18,CHF,0.9911
2022-07-18,GBP,0.84708
2022-07-18,INR,81.034
2022-07-18,JPY,140.16
2022-07-18,KRW,1333.33
2022-07-18,MXN,20.7095
2022-07-18,PHP,57.056
2022-07-18,PLN,4.776
2022-07-18,SEK,10.5265
2022-07-18,SGD,1.4153
2022-07-18,USD,1.0131
2022-07-18,ZAR,17.383
2022-07-19,AUD,1.4869
2022-07-19,BRL,5.5454
2022-07-19,CAD,1.3264
2022-07-19,CHF,0.9918
2022-07-19,GBP,0.85303
2022-07-19,INR,81.898
2022-07-19,JPY,141.01
2022-07-19,KRW,1340.33
2022-07-19,MXN,20.8552
2022-07-19,PHP,57.583
2022-07-19,PLN,4.7598
2022-07-19,SEK,10.4964
2022-07-19,SGD,1.4269
2022-07-19,USD,1.0245
2022-07-19,ZAR,17.457
2022-07-20,AUD,1.4767
2022-07-20,BRL,5.5427
2022-07-20,CAD,1.3132
2022-07-20,CHF,0.9896
2022-07-20,GBP,0.85178
2022-07-20,INR,81.599
2022-07-20,JPY,140.92
2022-07-20,KRW,1337.61
2022-07-20,MXN,20.8967
2022-07-20,PHP,57.398
2022-07-20,PLN,4.782
2022-07-20,SEK,10.4606
2022-07-20,SGD,1.4204
2022-07-20,USD,1.0199
2022-07-20,ZAR,17.3924
2022-07-21,AUD,1.4848
2022-07-21,BRL,5.5777
2022-07-21,CAD,1.3178
2022-07-21,CHF,0.9924
2022-07-21,GBP,0.85545
2022-07-21,INR,81.451
2022-07-21,JPY,141.46
2022-07-21,KRW,1337.47
2022-07-21,MXN,20.941
2022-07-21,PHP,57.512
2022-07-21,PLN,4.761
2022-07-21,SEK,10.426
2022-07-21,SGD,1.4218
2022-07-21,USD,1.0199
2022-07-21,ZAR,17.5195
2022-07-22,AUD,1.4677
2022-07-22,BRL,5.5821
2022-07-22,CAD,1.3105
2022-07-22,CHF,0.9832
2022-07-22,GBP,0.85141
2022-07-22,INR,81.384
2022-07-22,JPY,139.51
2022-07-22,KRW,1335.66
2022-07-22,MXN,20.9595
2022-07-22,PHP,57.24
2022-07-22,PLN,4.7508
2022-07-22,SEK,10.4328
2022-07-22,SGD,1.4151
2022-07-22,USD,1.019
2022-07-22,ZAR,17.2009
2022-07-25,AUD,1.4707
2022-07-25,BRL,5.5976
2022-07-25,CAD,1.3168
2022-07-25,CHF,0.9869
2022-07-25,GBP,0.84813
2022-07-25,INR,81.6675
2022-07-25,JPY,139.84
2022-07-25,KRW,1341.25
2022-07-25,MXN,20.9376
2022-07-25,PHP,57.209
2022-07-25,PLN,4.708
2022-07-25,SEK,10.3973
2022-07-25,SGD,1.4176
2022-07-25,USD,1.0236
2022-07-25,ZAR,17.1502
2022-07-26,AUD,1.4605
2022-07-26,BRL,5.4437
2022-07-26,CAD,1.3035
2022-07-26,CHF,0.9765
2022-07-26,GBP,0.84558
2022-07-26,INR,80.805
2022-07-26,JPY,138.35
2022-07-26,KRW,1326.65
2022-07-26,MXN,20.7845
2022-07-26,PHP,56.16
2022-07-26,PLN,4.742
2022-07-26,SEK,10.4445
2022-07-26,SGD,1.4066
2022-07-26,USD,1.0124
2022-07-26,ZAR,17.087
2022-07-27,AUD,1.462
2022-07-27,BRL,5.4039
2022-07-27,CAD,1.3049
2022-07-27,CHF,0.9768
2022-07-27,GBP,0.84138
2022-07-27,INR,81.135
2022-07-27,JPY,138.89
2022-07-27,KRW,1333.99
2022-07-27,MXN,20.753
2022-07-27,PHP,56.455
2022-07-27,PLN,4.7978
2022-07-27,SEK,10.4545
2022-07-27,SGD,1.4088
2022-07-27,USD,1.0152
2022-07-27,ZAR,17.1347
2022-07-28,AUD,1.4535
2022-07-28,BRL,5.33
2022-07-28,CAD,1.2986
2022-07-28,CHF,0.9745
2022-07-28,GBP,0.83586
2022-07-28,INR,80.6535
2022-07-28,JPY,137.26
2022-07-28,KRW,1320.45
2022-07-28,MXN,20.676
2022-07-28,PHP,56.592
2022-07-28,PLN,4.7908
2022-07-28,SEK,10.449
2022-07-28,SGD,1.4009
2022-07-28,USD,1.0122
2022-07-28,ZAR,17.0011
2022-07-29,AUD,1.4646
2022-07-29,BRL,5.2739
2022-07-29,CAD,1.31
2022-07-29,CHF,0.9744
2022-07-29,GBP,0.8399
2022-07-29,INR,80.882
2022-07-29,JPY,136.42
2022-07-29,KRW,1329.4
2022-07-29,MXN,20.6745
2022-07-29,PHP,56.375
2022-07-29,PLN,4.7375
2022-07-29,SEK,10.3875
2022-07-29,SGD,1.4088
2022-07-29,USD,1.0198
2022-07-29,ZAR,16.8627
2022-08-01,AUD,1.4535
2022-08-01,BRL,5.2723
2022-08-01,CAD,1.3076
2022-08-01,CHF,0.9717
2022-08-01,GBP,0.837
2022-08-01,INR,80.9335
2022-08-01,JPY,135.38
2022-08-01,KRW,1333.3
2022-08-01,MXN,20.7635
2022-08-01,PHP,56.734
2022-08-01,PLN,4.734
2022-08-01,SEK,10.3668
2022-08-01,SGD,1.4087
2022-08-01,USD,1.0233
2022-08-01,ZAR,16.8613
2022-08-02,AUD,1.4745
2022-08-02,BRL,5.3175
2022-08-02,CAD,1.315
2022-08-02,CHF,0.9744
2022-08-02,GBP,0.83665
2022-08-02,INR,80.3243
2022-08-02,JPY,133.9
2022-08-02,KRW,1339.16
2022-08-02,MXN,20.952
2022-08-02,PHP,56.834
2022-08-02,PLN,4.7063
2022-08-02,SEK,10.3995
2022-08-02,SGD,1.4103
2022-08-02,USD,1.0224
2022-08-02,ZAR,16.982
2022-08-03,AUD,1.4681
2022-08-03,BRL,5.3547
2022-08-03,CAD,1.3085
2022-08-03,CHF,0.9773
2022-08-03,GBP,0.83629
2022-08-03,INR,80.6895
2022-08-03,JPY,136.18
2022-08-03,KRW,1336.03
2022-08-03,MXN,21.0788
2022-08-03,PHP,56.855
2022-08-03,PLN,4.691
2022-08-03,SEK,10.3913
2022-08-03,SGD,1.4069
2022-08-03,USD,1.0194
2022-08-03,ZAR,17.1283
2022-08-04,AUD,1.4607
2022-08-04,BRL,5.3614
2022-08-04,CAD,1.307
2022-08-04,CHF,0.9765
2022-08-04,GBP,0.84231
2022-08-04,INR,80.7715
2022-08-04,JPY,135.81
2022-08-04,KRW,1333.7
2022-08-04,MXN,20.756
2022-08-04,PHP,56.633
2022-08-04,PLN,4.7233
2022-08-04,SEK,10.374
2022-08-04,SGD,1.4037
2022-08-04,USD,1.0181
2022-08-04,ZAR,17.0352
2022-08-05,AUD,1.4713
2022-08-05,BRL,5.3348
2022-08-05,CAD,1.3185
2022-08-05,CHF,0.9776
2022-08-05,GBP,0.84268
2022-08-05,INR,81.0469
2022-08-05,JPY,136.22
2022-08-05,KRW,1324.53
2022-08-05,MXN,20.8367
2022-08-05,PHP,56.524
2022-08-05,PLN,4.7085
2022-08-05,SEK,10.3573
2022-08-05,SGD,1.4077
2022-08-05,USD,1.0233
2022-08-05,ZAR,17.0342
2022-08-08,AUD,1.4607
2022-08-08,BRL,5.238
2022-08-08,CAD,1.3134
2022-08-08,CHF,0.9763
2022-08-08,GBP,0.84165
2022-08-08,INR,81.166
2022-08-08,JPY,137.62
2022-08-08,KRW,1329.93
2022-08-08,MXN,20.681
2022-08-08,PHP,56.554
2022-08-08,PLN,4.7043
2022-08-08,SEK,10.365
2022-08-08,SGD,1.4058
2022-08-08,USD,1.0199
2022-08-08,ZAR,16.9694
2022-08-09,AUD,1.4687
2022-08-09,BRL,5.2478
2022-08-09,CAD,1.3163
2022-08-09,CHF,0.9763
2022-08-09,GBP,0.8452
2022-08-09,INR,81.406
2022-08-09,JPY,138.26
2022-08-09,KRW,1336.74
2022-08-09,MXN,20.7145
2022-08-09,PHP,56.939
2022-08-09,PLN,4.7085
2022-08-09,SEK,10.3875
2022-08-09,SGD,1.411
2022-08-09,USD,1.0234
2022-08-09,ZAR,17.05
2022-08-10,AUD,1.4682
2022-08-10,BRL,5.251
2022-08-10,CAD,1.3207
2022-08-10,CHF,0.9713
2022-08-10,GBP,0.84608
2022-08-10,INR,81.468
2022-08-10,JPY,138.16
2022-08-10,KRW,1344.16
2022-08-10,MXN,20.713
2022-08-10,PHP,57.061
2022-08-10,PLN,4.7063
2022-08-10,SEK,10.3773
2022-08-10,SGD,1.4107
2022-08-10,USD,1.0252
2022-08-10,ZAR,16.8788
2022-08-11,AUD,1.4532
2022-08-11,BRL,5.2447
2022-08-11,CAD,1.3202
2022-08-11,CHF,0.9712
2022-08-11,GBP,0.84575
2022-08-11,INR,82.2845
2022-08-11,JPY,136.57
2022-08-11,KRW,1344.62
2022-08-11,MXN,20.6398
2022-08-11,PHP,57.225
2022-08-11,PLN,4.6828
2022-08-11,SEK,10.36
2022-08-11,SGD,1.4151
2022-08-11,USD,1.0338
2022-08-11,ZAR,16.7083
2022-08-12,AUD,1.4496
2022-08-12,BRL,5.3007
2022-08-12,CAD,1.3148
2022-08-12,CHF,0.9689
2022-08-12,GBP,0.84715
2022-08-12,INR,81.9935
2022-08-12,JPY,137.47
2022-08-12,KRW,1342.59
2022-08-12,MXN,20.4925
2022-08-12,PHP,57.246
2022-08-12,PLN,4.6773
2022-08-12,SEK,10.4515
2022-08-12,SGD,1.4106
2022-08-12,USD,1.0285
2022-08-12,ZAR,16.7318
2022-08-15,AUD,1.4508
2022-08-15,BRL,5.2268
2022-08-15,CAD,1.3167
2022-08-15,CHF,0.9631
2022-08-15,GBP,0.84375
2022-08-15,INR,81.061
2022-08-15,JPY,135.61
2022-08-15,KRW,1336.35
2022-08-15,MXN,20.3914
2022-08-15,PHP,57.122
2022-08-15,PLN,4.6858
2022-08-15,SEK,10.498
2022-08-15,SGD,1.4036
2022-08-15,USD,1.0195
2022-08-15,ZAR,16.7375
2022-08-16,AUD,1.4463
2022-08-16,BRL,5.1835
2022-08-16,CAD,1.3076
2022-08-16,CHF,0.9625
2022-08-16,GBP,0.84218
2022-08-16,INR,80.3745
2022-08-16,JPY,136.11
2022-08-16,KRW,1329.66
2022-08-16,MXN,20.1595
2022-08-16,PHP,56.602
2022-08-16,PLN,4.7043
2022-08-16,SEK,10.5365
2022-08-16,SGD,1.398
2022-08-16,USD,1.0131
2022-08-16,ZAR,16.6556
2022-08-17,AUD,1.4655
2022-08-17,BRL,5.2838
2022-08-17,CAD,1.3117
2022-08-17,CHF,0.9686
2022-08-17,GBP,0.84208
2022-08-17,INR,80.7555
2022-08-17,JPY,137.36
2022-08-17,KRW,1337.02
2022-08-17,MXN,20.3825
2022-08-17,PHP,56.772
2022-08-17,PLN,4.7078
2022-08-17,SEK,10.5617
2022-08-17,SGD,1.4051
2022-08-17,USD,1.0164
2022-08-17,ZAR,16.9125
2022-08-18,AUD,1.4617
2022-08-18,BRL,5.2326
2022-08-18,CAD,1.3118
2022-08-18,CHF,0.9683
2022-08-18,GBP,0.84391
2022-08-18,INR,81.042
2022-08-18,JPY,137.17
2022-08-18,KRW,1344.81
2022-08-18,MXN,20.313
2022-08-18,PHP,56.776
2022-08-18,PLN,4.724
2022-08-18,SEK,10.5903
2022-08-18,SGD,1.4053
2022-08-18,USD,1.0178
2022-08-18,ZAR,17.0004
2022-08-19,AUD,1.4584
2022-08-19,BRL,5.2334
2022-08-19,CAD,1.3062
2022-08-19,CHF,0.9616
2022-08-19,GBP,0.84938
2022-08-19,INR,80.2988
2022-08-19,JPY,137.67
2022-08-19,KRW,1343.39
2022-08-19,MXN,20.3273
2022-08-19,PHP,56.325
2022-08-19,PLN,4.751
2022-08-19,SEK,10.6095
2022-08-19,SGD,1.3979
2022-08-19,USD,1.0054
2022-08-19,ZAR,17.1007
2022-08-22,AUD,1.4478
2022-08-22,BRL,5.1752
2022-08-22,CAD,1.2989
2022-08-22,CHF,0.958
2022-08-22,GBP,0.84658
2022-08-22,INR,79.8615
2022-08-22,JPY,137.08
2022-08-22,KRW,1344.21
2022-08-22,MXN,20.1583
2022-08-22,PHP,56.218
2022-08-22,PLN,4.764
2022-08-22,SEK,10.65
2022-08-22,SGD,1.3958
2022-08-22,USD,1.0001
2022-08-22,ZAR,17.0766
2022-08-23,AUD,1.4437
2022-08-23,BRL,5.0984
2022-08-23,CAD,1.2928
2022-08-23,CHF,0.9602
2022-08-23,GBP,0.84343
2022-08-23,INR,79.2805
2022-08-23,JPY,136.34
2022-08-23,KRW,1332.1
2022-08-23,MXN,19.9152
2022-08-23,PHP,55.661
2022-08-23,PLN,4.7788
2022-08-23,SEK,10.6063
2022-08-23,SGD,1.386
2022-08-23,USD,0.9927
2022-08-23,ZAR,16.9568
2022-08-24,AUD,1.4389
2022-08-24,BRL,5.0606
2022-08-24,CAD,1.2908
2022-08-24,CHF,0.9576
2022-08-24,GBP,0.84283
2022-08-24,INR,79.3006
2022-08-24,JPY,135.74
2022-08-24,KRW,1332.84
2022-08-24,MXN,19.7781
2022-08-24,PHP,55.7
2022-08-24,PLN,4.7668
2022-08-24,SEK,10.586
2022-08-24,SGD,1.3857
2022-08-24,USD,0.9934
2022-08-24,ZAR,16.8976
2022-08-25,AUD,1.4306
2022-08-25,BRL,5.0879
2022-08-25,CAD,1.2881
2022-08-25,CHF,0.9616
2022-08-25,GBP,0.84293
2022-08-25,INR,79.6555
2022-08-25,JPY,136.07
2022-08-25,KRW,1331.98
2022-08-25,MXN,19.8132
2022-08-25,PHP,55.842
2022-08-25,PLN,4.7578
2022-08-25,SEK,10.5525
2022-08-25,SGD,1.3857
2022-08-25,USD,0.997
2022-08-25,ZAR,16.7903
2022-08-26,AUD,1.4333
2022-08-26,BRL,5.1069
2022-08-26,CAD,1.2944
2022-08-26,CHF,0.9642
2022-08-26,GBP,0.8459
2022-08-26,INR,79.9025
2022-08-26,JPY,137.02
2022-08-26,KRW,1333.46
2022-08-26,MXN,19.924
2022-08-26,PHP,56.109
2022-08-26,PLN,4.7485
2022-08-26,SEK,10.5703
2022-08-26,SGD,1.3906
2022-08-26,USD,1.0007
2022-08-26,ZAR,16.7995
2022-08-29,AUD,1.4529
2022-08-29,BRL,5.0663
2022-08-29,CAD,1.3026
2022-08-29,CHF,0.967
2022-08-29,GBP,0.8542
2022-08-29,INR,79.8295
2022-08-29,JPY,138.49
2022-08-29,KRW,1347.47
2022-08-29,MXN,19.9876
2022-08-29,PHP,56.187
2022-08-29,PLN,4.745
2022-08-29,SEK,10.628
2022-08-29,SGD,1.395
2022-08-29,USD,0.9986
2022-08-29,ZAR,16.8891
2022-08-30,AUD,1.4472
2022-08-30,BRL,5.0286
2022-08-30,CAD,1.3047
2022-08-30,CHF,0.9741
2022-08-30,GBP,0.85645
2022-08-30,INR,79.8025
2022-08-30,JPY,138.71
2022-08-30,KRW,1350.92
2022-08-30,MXN,20.0077
2022-08-30,PHP,56.393
2022-08-30,PLN,4.7323
2022-08-30,SEK,10.65
2022-08-30,SGD,1.3997
2022-08-30,USD,1.0034
2022-08-30,ZAR,16.8567
2022-08-31,AUD,1.4591
2022-08-31,BRL,5.1482
2022-08-31,CAD,1.3111
2022-08-31,CHF,0.9796
2022-08-31,GBP,0.86035
2022-08-31,INR,79.5465
2022-08-31,JPY,138.72
2022-08-31,KRW,1342.79
2022-08-31,MXN,20.2044
2022-08-31,PHP,56.153
2022-08-31,PLN,4.7283
2022-08-31,SEK,10.6788
2022-08-31,SGD,1.3969
2022-08-31,USD,1
2022-08-31,ZAR,17.0667
2022-09-01,AUD,1.4651
2022-09-01,BRL,5.2239
2022-09-01,CAD,1.3169
2022-09-01,CHF,0.9802
2022-09-01,GBP,0.86473
2022-09-01,INR,79.6195
2022-09-01,JPY,139.34
2022-09-01,KRW,1353.69
2022-09-01,MXN,20.1954
2022-09-01,PHP,56.609
2022-09-01,PLN,4.7128
2022-09-01,SEK,10.7415
2022-09-01,SGD,1.4002
2022-09-01,USD,1.0004
2022-09-01,ZAR,17.1524
2022-09-02,AUD,1.4671
2022-09-02,BRL,5.2153
2022-09-02,CAD,1.3131
2022-09-02,CHF,0.9839
2022-09-02,GBP,0.86478
2022-09-02,INR,79.8096
2022-09-02,JPY,140.36
2022-09-02,KRW,1360.84
2022-09-02,MXN,20.1024
2022-09-02,PHP,56.854
2022-09-02,PLN,4.7063
2022-09-02,SEK,10.7498
2022-09-02,SGD,1.4013
2022-09-02,USD,0.9993
2022-09-02,ZAR,17.2791
2022-09-05,AUD,1.4616
2022-09-05,BRL,5.1407
2022-09-05,CAD,1.3043
2022-09-05,CHF,0.9747
2022-09-05,GBP,0.86358
2022-09-05,INR,79.2332
2022-09-05,JPY,139.47
2022-09-05,KRW,1359.98
2022-09-05,MXN,19.8192
2022-09-05,PHP,56.477
2022-09-05,PLN,4.736
2022-09-05,SEK,10.729
2022-09-05,SGD,1.3932
2022-09-05,USD,0.992
2022-09-05,ZAR,17.088
2022-09-06,AUD,1.4651
2022-09-06,BRL,5.13
2022-09-06,CAD,1.3029
2022-09-06,CHF,0.9745
2022-09-06,GBP,0.85743
2022-09-06,INR,79.2305
2022-09-06,JPY,140.91
2022-09-06,KRW,1366.65
2022-09-06,MXN,19.8545
2022-09-06,PHP,56.655
2022-09-06,PLN,4.7068
2022-09-06,SEK,10.6825
2022-09-06,SGD,1.3947
2022-09-06,USD,0.9928
2022-09-06,ZAR,17.0805
2022-09-07,AUD,1.4748
2022-09-07,BRL,5.1881
2022-09-07,CAD,1.3037
2022-09-07,CHF,0.975
2022-09-07,GBP,0.8651
2022-09-07,INR,79.028
2022-09-07,JPY,143.2
2022-09-07,KRW,1374.44
2022-09-07,MXN,19.9225
2022-09-07,PHP,56.532
2022-09-07,PLN,4.729
2022-09-07,SEK,10.6888
2022-09-07,SGD,1.3931
2022-09-07,USD,0.9885
2022-09-07,ZAR,17.2582
2022-09-08,AUD,1.4824
2022-09-08,BRL,5.2042
2022-09-08,CAD,1.3134
2022-09-08,CHF,0.9739
2022-09-08,GBP,0.86656
2022-09-08,INR,79.7375
2022-09-08,JPY,143.65
2022-09-08,KRW,1381.7
2022-09-08,MXN,20.013
2022-09-08,PHP,57.031
2022-09-08,PLN,4.7155
2022-09-08,SEK,10.7075
2022-09-08,SGD,1.4054
2022-09-08,USD,1.0009
2022-09-08,ZAR,17.3797
2022-09-09,AUD,1.4704
2022-09-09,BRL,5.2087
2022-09-09,CAD,1.307
2022-09-09,CHF,0.9657
2022-09-09,GBP,0.8686
2022-09-09,INR,79.9685
2022-09-09,JPY,143.3
2022-09-09,KRW,1384.64
2022-09-09,MXN,19.991
2022-09-09,PHP,57.098
2022-09-09,PLN,4.721
2022-09-09,SEK,10.6643
2022-09-09,SGD,1.4063
2022-09-09,USD,1.0049
2022-09-09,ZAR,17.3753
2022-09-12,AUD,1.4749
2022-09-12,BRL,5.1933
2022-09-12,CAD,1.3194
2022-09-12,CHF,0.9667
2022-09-12,GBP,0.86778
2022-09-12,INR,80.692
2022-09-12,JPY,144.49
2022-09-12,KRW,1397.58
2022-09-12,MXN,20.1025
2022-09-12,PHP,57.701
2022-09-12,PLN,4.6965
2022-09-12,SEK,10.6368
2022-09-12,SGD,1.4168
2022-09-12,USD,1.0155
2022-09-12,ZAR,17.322
2022-09-13,AUD,1.4736
2022-09-13,BRL,5.1764
2022-09-13,CAD,1.32
2022-09-13,CHF,0.9669
2022-09-13,GBP,0.86793
2022-09-13,INR,80.5453
2022-09-13,JPY,144.5
2022-09-13,KRW,1397.3
2022-09-13,MXN,20.1615
2022-09-13,PHP,57.665
2022-09-13,PLN,4.705
2022-09-13,SEK,10.6108
2022-09-13,SGD,1.4186
2022-09-13,USD,1.0175
2022-09-13,ZAR,17.3112
2022-09-14,AUD,1.4873
2022-09-14,BRL,5.1827
2022-09-14,CAD,1.3177
2022-09-14,CHF,0.9612
2022-09-14,GBP,0.86498
2022-09-14,INR,79.422
2022-09-14,JPY,143.08
2022-09-14,KRW,1391.97
2022-09-14,MXN,20.028
2022-09-14,PHP,57.054
2022-09-14,PLN,4.7163
2022-09-14,SEK,10.675
2022-09-14,SGD,1.4039
2022-09-14,USD,0.999
2022-09-14,ZAR,17.4342
2022-09-15,AUD,1.4853
2022-09-15,BRL,5.1837
2022-09-15,CAD,1.3172
2022-09-15,CHF,0.9572
2022-09-15,GBP,0.86934
2022-09-15,INR,79.7119
2022-09-15,JPY,143.43
2022-09-15,KRW,1397.18
2022-09-15,MXN,20.0021
2022-09-15,PHP,57.258
2022-09-15,PLN,4.7273
2022-09-15,SEK,10.69
2022-09-15,SGD,1.4062
2022-09-15,USD,0.9992
2022-09-15,ZAR,17.5283
2022-09-16,AUD,1.4894
2022-09-16,BRL,5.2279
2022-09-16,CAD,1.3226
2022-09-16,CHF,0.9579
2022-09-16,GBP,0.874
2022-09-16,INR,79.3605
2022-09-16,JPY,142.53
2022-09-16,KRW,1383.58
2022-09-16,MXN,20.0028
2022-09-16,PHP,57.111
2022-09-16,PLN,4.7143
2022-09-16,SEK,10.7541
2022-09-16,SGD,1.4025
2022-09-16,USD,0.9954
2022-09-16,ZAR,17.6004
2022-09-19,AUD,1.495
2022-09-19,BRL,5.2886
2022-09-19,CAD,1.3294
2022-09-19,CHF,0.9658
2022-09-19,GBP,0.87785
2022-09-19,INR,79.653
2022-09-19,JPY,143.42
2022-09-19,KRW,1391.82
2022-09-19,MXN,20.113
2022-09-19,PHP,57.347
2022-09-19,PLN,4.7058
2022-09-19,SEK,10.7993
2022-09-19,SGD,1.4082
2022-09-19,USD,0.999
2022-09-19,ZAR,17.7267
2022-09-20,AUD,1.4893
2022-09-20,BRL,5.2139
2022-09-20,CAD,1.3268
2022-09-20,CHF,0.9644
2022-09-20,GBP,0.87395
2022-09-20,INR,79.6095
2022-09-20,JPY,143.34
2022-09-20,KRW,1390.71
2022-09-20,MXN,19.9667
2022-09-20,PHP,57.497
2022-09-20,PLN,4.7208
2022-09-20,SEK,10.8338
2022-09-20,SGD,1.4074
2022-09-20,USD,0.9986
2022-09-20,ZAR,17.7261
2022-09-21,AUD,1.4851
2022-09-21,BRL,5.0924
2022-09-21,CAD,1.3262
2022-09-21,CHF,0.9549
2022-09-21,GBP,0.87335
2022-09-21,INR,79.1555
2022-09-21,JPY,142.66
2022-09-21,KRW,1381.38
2022-09-21,MXN,19.7847
2022-09-21,PHP,57.285
2022-09-21,PLN,4.7505
2022-09-21,SEK,10.9214
2022-09-21,SGD,1.4006
2022-09-21,USD,0.9906
2022-09-21,ZAR,17.4879
2022-09-22,AUD,1.484
2022-09-22,BRL,5.0677
2022-09-22,CAD,1.3278
2022-09-22,CHF,0.9684
2022-09-22,GBP,0.87256
2022-09-22,INR,79.897
2022-09-22,JPY,139.18
2022-09-22,KRW,1384.79
2022-09-22,MXN,19.6129
2022-09-22,PHP,57.721
2022-09-22,PLN,4.7592
2022-09-22,SEK,10.8724
2022-09-22,SGD,1.3998
2022-09-22,USD,0.9884
2022-09-22,ZAR,17.3514
2022-09-23,AUD,1.4828
2022-09-23,BRL,5.0456
2022-09-23,CAD,1.3177
2022-09-23,CHF,0.9565
2022-09-23,GBP,0.88201
2022-09-23,INR,79.0705
2022-09-23,JPY,139.43
2022-09-23,KRW,1381.97
2022-09-23,MXN,19.5708
2022-09-23,PHP,57.217
2022-09-23,PLN,4.7543
2022-09-23,SEK,10.9328
2022-09-23,SGD,1.3897
2022-09-23,USD,0.9754
2022-09-23,ZAR,17.3853
2022-09-26,AUD,1.4858
2022-09-26,BRL,5.1504
2022-09-26,CAD,1.3195
2022-09-26,CHF,0.9555
2022-09-26,GBP,0.89404
2022-09-26,INR,78.704
2022-09-26,JPY,139.07
2022-09-26,KRW,1379.4
2022-09-26,MXN,19.6066
2022-09-26,PHP,56.908
2022-09-26,PLN,4.7608
2022-09-26,SEK,10.9275
2022-09-26,SGD,1.3842
2022-09-26,USD,0.9646
2022-09-26,ZAR,17.4247
2022-09-27,AUD,1.4859
2022-09-27,BRL,5.1235
2022-09-27,CAD,1.3196
2022-09-27,CHF,0.9503
2022-09-27,GBP,0.89275
2022-09-27,INR,78.574
2022-09-27,JPY,139.28
2022-09-27,KRW,1370.06
2022-09-27,MXN,19.5832
2022-09-27,PHP,56.933
2022-09-27,PLN,4.764
2022-09-27,SEK,10.8533
2022-09-27,SGD,1.3838
2022-09-27,USD,0.9644
2022-09-27,ZAR,17.2361
2022-09-28,AUD,1.4924
2022-09-28,BRL,5.1728
2022-09-28,CAD,1.3157
2022-09-28,CHF,0.9437
2022-09-28,GBP,0.90268
2022-09-28,INR,78.2655
2022-09-28,JPY,138.39
2022-09-28,KRW,1378.84
2022-09-28,MXN,19.5294
2022-09-28,PHP,56.528
2022-09-28,PLN,4.8043
2022-09-28,SEK,10.9194
2022-09-28,SGD,1.3846
2022-09-28,USD,0.9565
2022-09-28,ZAR,17.2916
2022-09-29,AUD,1.4982
2022-09-29,BRL,5.2521
2022-09-29,CAD,1.3294
2022-09-29,CHF,0.9538
2022-09-29,GBP,0.89485
2022-09-29,INR,79.314
2022-09-29,JPY,140.46
2022-09-29,KRW,1388.34
2022-09-29,MXN,19.5779
2022-09-29,PHP,56.86
2022-09-29,PLN,4.857
2022-09-29,SEK,10.958
2022-09-29,SGD,1.3961
2022-09-29,USD,0.9706
2022-09-29,ZAR,17.4466
2022-09-30,AUD,1.5076
2022-09-30,BRL,5.2584
2022-09-30,CAD,1.3401
2022-09-30,CHF,0.9561
2022-09-30,GBP,0.883
2022-09-30,INR,79.425
2022-09-30,JPY,141.01
2022-09-30,KRW,1400.69
2022-09-30,MXN,19.6393
2022-09-30,PHP,57.276
2022-09-30,PLN,4.8483
2022-09-30,SEK,10.8993
2022-09-30,SGD,1.4001
2022-09-30,USD,0.9748
2022-09-30,ZAR,17.5353
2022-10-03,AUD,1.5128
2022-10-03,BRL,5.178
2022-10-03,CAD,1.3412
2022-10-03,CHF,0.9658
2022-10-03,GBP,0.8707
2022-10-03,INR,79.898
2022-10-03,JPY,141.49
2022-10-03,KRW,1408.25
2022-10-03,MXN,19.604
2022-10-03,PHP,57.599
2022-10-03,PLN,4.832
2022-10-03,SEK,10.8743
2022-10-03,SGD,1.4015
2022-10-03,USD,0.9764
2022-10-03,ZAR,17.5871
2022-10-04,AUD,1.5318
2022-10-04,BRL,5.0589
2022-10-04,CAD,1.3503
2022-10-04,CHF,0.9767
2022-10-04,GBP,0.87273
2022-10-04,INR,80.6995
2022-10-04,JPY,143.3
2022-10-04,KRW,1412.2
2022-10-04,MXN,19.777
2022-10-04,PHP,58.104
2022-10-04,PLN,4.8193
2022-10-04,SEK,10.8166
2022-10-04,SGD,1.4148
2022-10-04,USD,0.9891
2022-10-04,ZAR,17.5437
2022-10-05,AUD,1.538
2022-10-05,BRL,5.1575
2022-10-05,CAD,1.3493
2022-10-05,CHF,0.9756
2022-10-05,GBP,0.8734
2022-10-05,INR,80.909
2022-10-05,JPY,143.18
2022-10-05,KRW,1406.71
2022-10-05,MXN,19.8625
2022-10-05,PHP,58.212
2022-10-05,PLN,4.791
2022-10-05,SEK,10.8376
2022-10-05,SGD,1.4124
2022-10-05,USD,0.9915
2022-10-05,ZAR,17.6228
2022-10-06,AUD,1.5263
2022-10-06,BRL,5.1185
2022-10-06,CAD,1.3475
2022-10-06,CHF,0.9709
2022-10-06,GBP,0.87583
2022-10-06,INR,81.0615
2022-10-06,JPY,142.68
2022-10-06,KRW,1388.39
2022-10-06,MXN,19.817
2022-10-06,PHP,57.949
2022-10-06,PLN,4.8505
2022-10-06,SEK,10.8728
2022-10-06,SGD,1.4057
2022-10-06,USD,0.986
2022-10-06,ZAR,17.5769
2022-10-07,AUD,1.5266
2022-10-07,BRL,5.1075
2022-10-07,CAD,1.3437
2022-10-07,CHF,0.97
2022-10-07,GBP,0.87383
2022-10-07,INR,80.546
2022-10-07,JPY,141.92
2022-10-07,KRW,1381.42
2022-10-07,MXN,19.643
2022-10-07,PHP,57.747
2022-10-07,PLN,4.8595
2022-10-07,SEK,10.8555
2022-10-07,SGD,1.3996
2022-10-07,USD,0.9797
2022-10-07,ZAR,17.6222
2022-10-10,AUD,1.536
2022-10-10,BRL,5.0328
2022-10-10,CAD,1.3312
2022-10-10,CHF,0.968
2022-10-10,GBP,0.8773
2022-10-10,INR,79.9678
2022-10-10,JPY,141.16
2022-10-10,KRW,1384.26
2022-10-10,MXN,19.3588
2022-10-10,PHP,57.197
2022-10-10,PLN,4.8655
2022-10-10,SEK,10.9502
2022-10-10,SGD,1.3939
2022-10-10,USD,0.9697
2022-10-10,ZAR,17.5866
2022-10-11,AUD,1.545
2022-10-11,BRL,5.0456
2022-10-11,CAD,1.3402
2022-10-11,CHF,0.9675
2022-10-11,GBP,0.87703
2022-10-11,INR,79.9555
2022-10-11,JPY,141.54
2022-10-11,KRW,1392.84
2022-10-11,MXN,19.4115
2022-10-11,PHP,57.243
2022-10-11,PLN,4.869
2022-10-11,SEK,11.0015
2022-10-11,SGD,1.3967
2022-10-11,USD,0.9723
2022-10-11,ZAR,17.6153
2022-10-12,AUD,1.5525
2022-10-12,BRL,5.1378
2022-10-12,CAD,1.3395
2022-10-12,CHF,0.9664
2022-10-12,GBP,0.8784
2022-10-12,INR,79.8955
2022-10-12,JPY,142.34
2022-10-12,KRW,1384.66
2022-10-12,MXN,19.4522
2022-10-12,PHP,57.148
2022-10-12,PLN,4.8495
2022-10-12,SEK,11.02
2022-10-12,SGD,1.3941
2022-10-12,USD,0.9706
2022-10-12,ZAR,17.6876
2022-10-13,AUD,1.5495
2022-10-13,BRL,5.1214
2022-10-13,CAD,1.3443
2022-10-13,CHF,0.9725
2022-10-13,GBP,0.86513
2022-10-13,INR,79.9981
2022-10-13,JPY,142.94
2022-10-13,KRW,1392.71
2022-10-13,MXN,19.4442
2022-10-13,PHP,57.352
2022-10-13,PLN,4.8303
2022-10-13,SEK,11.0098
2022-10-13,SGD,1.3949
2022-10-13,USD,0.9739
2022-10-13,ZAR,17.8173
2022-10-14,AUD,1.5493
2022-10-14,BRL,5.1177
2022-10-14,CAD,1.3426
2022-10-14,CHF,0.9757
2022-10-14,GBP,0.86823
2022-10-14,INR,79.9695
2022-10-14,JPY,143.63
2022-10-14,KRW,1398.5
2022-10-14,MXN,19.5032
2022-10-14,PHP,57.375
2022-10-14,PLN,4.8328
2022-10-14,SEK,11.0035
2022-10-14,SGD,1.3852
2022-10-14,USD,0.9717
2022-10-14,ZAR,17.6932
2022-10-17,AUD,1.5599
2022-10-17,BRL,5.1497
2022-10-17,CAD,1.3452
2022-10-17,CHF,0.9762
2022-10-17,GBP,0.8625
2022-10-17,INR,80.128
2022-10-17,JPY,145
2022-10-17,KRW,1399.41
2022-10-17,MXN,19.5
2022-10-17,PHP,57.433
2022-10-17,PLN,4.8143
2022-10-17,SEK,10.9893
2022-10-17,SGD,1.3896
2022-10-17,USD,0.9739
2022-10-17,ZAR,17.6769
2022-10-18,AUD,1.5557
2022-10-18,BRL,5.1795
2022-10-18,CAD,1.3495
2022-10-18,CHF,0.9792
2022-10-18,GBP,0.86928
2022-10-18,INR,80.9195
2022-10-18,JPY,146.65
2022-10-18,KRW,1400.92
2022-10-18,MXN,19.664
2022-10-18,PHP,57.897
2022-10-18,PLN,4.804
2022-10-18,SEK,10.906
2022-10-18,SGD,1.3963
2022-10-18,USD,0.9835
2022-10-18,ZAR,17.7904
2022-10-19,AUD,1.5568
2022-10-19,BRL,5.1755
2022-10-19,CAD,1.3479
2022-10-19,CHF,0.981
2022-10-19,GBP,0.86993
2022-10-19,INR,81.1955
2022-10-19,JPY,146.34
2022-10-19,KRW,1398.35
2022-10-19,MXN,19.6845
2022-10-19,PHP,57.741
2022-10-19,PLN,4.7878
2022-10-19,SEK,10.9448
2022-10-19,SGD,1.3931
2022-10-19,USD,0.9778
2022-10-19,ZAR,17.8339
2022-10-20,AUD,1.5554
2022-10-20,BRL,5.1387
2022-10-20,CAD,1.3461
2022-10-20,CHF,0.9836
2022-10-20,GBP,0.87258
2022-10-20,INR,81.1755
2022-10-20,JPY,146.99
2022-10-20,KRW,1400.3
2022-10-20,MXN,19.7005
2022-10-20,PHP,57.742
2022-10-20,PLN,4.7728
2022-10-20,SEK,10.982
2022-10-20,SGD,1.3959
2022-10-20,USD,0.9811
2022-10-20,ZAR,17.9106
2022-10-21,AUD,1.5646
2022-10-21,BRL,5.1117
2022-10-21,CAD,1.3465
2022-10-21,CHF,0.9855
2022-10-21,GBP,0.87728
2022-10-21,INR,80.739
2022-10-21,JPY,147.59
2022-10-21,KRW,1404.32
2022-10-21,MXN,19.5521
2022-10-21,PHP,57.287
2022-10-21,PLN,4.7885
2022-10-21,SEK,11.0868
2022-10-21,SGD,1.3917
2022-10-21,USD,0.973
2022-10-21,ZAR,18.0021
2022-10-24,AUD,1.5631
2022-10-24,BRL,5.1461
2022-10-24,CAD,1.3502
2022-10-24,CHF,0.9856
2022-10-24,GBP,0.8707
2022-10-24,INR,81.5451
2022-10-24,JPY,146.76
2022-10-24,KRW,1418.4
2022-10-24,MXN,19.6514
2022-10-24,PHP,58.021
2022-10-24,PLN,4.7908
2022-10-24,SEK,11.0795
2022-10-24,SGD,1.4008
2022-10-24,USD,0.9851
2022-10-24,ZAR,18.0625
2022-10-25,AUD,1.5599
2022-10-25,BRL,5.2254
2022-10-25,CAD,1.3537
2022-10-25,CHF,0.9888
2022-10-25,GBP,0.87143
2022-10-25,INR,81.653
2022-10-25,JPY,146.84
2022-10-25,KRW,1417.5
2022-10-25,MXN,19.6353
2022-10-25,PHP,57.988
2022-10-25,PLN,4.777
2022-10-25,SEK,10.9728
2022-10-25,SGD,1.405
2022-10-25,USD,0.9861
2022-10-25,ZAR,18.2211
2022-10-26,AUD,1.5466
2022-10-26,BRL,5.2944
2022-10-26,CAD,1.3568
2022-10-26,CHF,0.9917
2022-10-26,GBP,0.86603
2022-10-26,INR,82.206
2022-10-26,JPY,147.32
2022-10-26,KRW,1422.11
2022-10-26,MXN,19.8501
2022-10-26,PHP,58.493
2022-10-26,PLN,4.7548
2022-10-26,SEK,10.953
2022-10-26,SGD,1.4104
2022-10-26,USD,1.0023
2022-10-26,ZAR,18.0212
2022-10-27,AUD,1.561
2022-10-27,BRL,5.3889
2022-10-27,CAD,1.3672
2022-10-27,CHF,0.9949
2022-10-27,GBP,0.86745
2022-10-27,INR,82.656
2022-10-27,JPY,147.37
2022-10-27,KRW,1428.57
2022-10-27,MXN,20.015
2022-10-27,PHP,58.441
2022-10-27,PLN,4.7585
2022-10-27,SEK,10.9583
2022-10-27,SGD,1.4154
2022-10-27,USD,1.0037
2022-10-27,ZAR,18.1521
2022-10-28,AUD,1.5511
2022-10-28,BRL,5.327
2022-10-28,CAD,1.3542
2022-10-28,CHF,0.992
2022-10-28,GBP,0.8612
2022-10-28,INR,82.0565
2022-10-28,JPY,146.79
2022-10-28,KRW,1417.7
2022-10-28,MXN,19.7718
2022-10-28,PHP,57.739
2022-10-28,PLN,4.7275
2022-10-28,SEK,10.9403
2022-10-28,SGD,1.4055
2022-10-28,USD,0.9951
2022-10-28,ZAR,18.053
2022-10-31,AUD,1.5529
2022-10-31,BRL,5.2694
2022-10-31,CAD,1.3553
2022-10-31,CHF,0.9925
2022-10-31,GBP,0.86115
2022-10-31,INR,82.1035
2022-10-31,JPY,147.4
2022-10-31,KRW,1416.12
2022-10-31,MXN,19.7122
2022-10-31,PHP,57.8
2022-10-31,PLN,4.7085
2022-10-31,SEK,10.901
2022-10-31,SGD,1.4038
2022-10-31,USD,0.9914
2022-10-31,ZAR,18.1736
2022-11-01,AUD,1.5409
2022-11-01,BRL,5.1337
2022-11-01,CAD,1.3469
2022-11-01,CHF,0.9878
2022-11-01,GBP,0.86058
2022-11-01,INR,82.084
2022-11-01,JPY,146.35
2022-11-01,KRW,1404.63
2022-11-01,MXN,19.5984
2022-11-01,PHP,57.786
2022-11-01,PLN,4.7053
2022-11-01,SEK,10.874
2022-11-01,SGD,1.4017
2022-11-01,USD,0.9947
2022-11-01,ZAR,17.9802
2022-11-02,AUD,1.5426
2022-11-02,BRL,5.0964
2022-11-02,CAD,1.347
2022-11-02,CHF,0.9861
2022-11-02,GBP,0.861
2022-11-02,INR,81.992
2022-11-02,JPY,145.75
2022-11-02,KRW,1402.01
2022-11-02,MXN,19.4921
2022-11-02,PHP,57.841
2022-11-02,PLN,4.7035
2022-11-02,SEK,10.9065
2022-11-02,SGD,1.3983
2022-11-02,USD,0.9908
2022-11-02,ZAR,17.9608
2022-11-03,AUD,1.5517
2022-11-03,BRL,5.0262
2022-11-03,CAD,1.3452
2022-11-03,CHF,0.9889
2022-11-03,GBP,0.87228
2022-11-03,INR,80.8845
2022-11-03,JPY,144.58
2022-11-03,KRW,1391.75
2022-11-03,MXN,19.2363
2022-11-03,PHP,57.463
2022-11-03,PLN,4.709
2022-11-03,SEK,10.932
2022-11-03,SGD,1.3878
2022-11-03,USD,0.9753
2022-11-03,ZAR,18.0173
2022-11-04,AUD,1.5311
2022-11-04,BRL,4.9682
2022-11-04,CAD,1.3351
2022-11-04,CHF,0.9863
2022-11-04,GBP,0.87478
2022-11-04,INR,81.02
2022-11-04,JPY,145.19
2022-11-04,KRW,1397.7
2022-11-04,MXN,19.2611
2022-11-04,PHP,57.672
2022-11-04,PLN,4.6825
2022-11-04,SEK,10.8538
2022-11-04,SGD,1.3891
2022-11-04,USD,0.9872
2022-11-04,ZAR,17.7983
2022-11-07,AUD,1.5428
2022-11-07,BRL,5.07
2022-11-07,CAD,1.3464
2022-11-07,CHF,0.9874
2022-11-07,GBP,0.87135
2022-11-07,INR,81.8407
2022-11-07,JPY,146.18
2022-11-07,KRW,1391.25
2022-11-07,MXN,19.4395
2022-11-07,PHP,58.361
2022-11-07,PLN,4.6865
2022-11-07,SEK,10.832
2022-11-07,SGD,1.4022
2022-11-07,USD,0.9993
2022-11-07,ZAR,17.7583
2022-11-08,AUD,1.5435
2022-11-08,BRL,5.203
2022-11-08,CAD,1.3489
2022-11-08,CHF,0.9911
2022-11-08,GBP,0.87378
2022-11-08,INR,81.518
2022-11-08,JPY,146.25
2022-11-08,KRW,1377.94
2022-11-08,MXN,19.4495
2022-11-08,PHP,58.187
2022-11-08,PLN,4.6918
2022-11-08,SEK,10.8373
2022-11-08,SGD,1.4022
2022-11-08,USD,0.9996
2022-11-08,ZAR,17.8397
2022-11-09,AUD,1.5538
2022-11-09,BRL,5.1947
2022-11-09,CAD,1.3501
2022-11-09,CHF,0.988
2022-11-09,GBP,0.87774
2022-11-09,INR,81.6575
2022-11-09,JPY,146.82
2022-11-09,KRW,1369.73
2022-11-09,MXN,19.6554
2022-11-09,PHP,58.236
2022-11-09,PLN,4.701
2022-11-09,SEK,10.845
2022-11-09,SGD,1.4061
2022-11-09,USD,1.0039
2022-11-09,ZAR,17.877
2022-11-10,AUD,1.5525
2022-11-10,BRL,5.286
2022-11-10,CAD,1.3467
2022-11-10,CHF,0.9834
2022-11-10,GBP,0.87298
2022-11-10,INR,81.3058
2022-11-10,JPY,145.47
2022-11-10,KRW,1373.96
2022-11-10,MXN,19.4562
2022-11-10,PHP,57.793
2022-11-10,PLN,4.706
2022-11-10,SEK,10.8743
2022-11-10,SGD,1.3963
2022-11-10,USD,0.9954
2022-11-10,ZAR,17.6882
2022-11-11,AUD,1.5459
2022-11-11,BRL,5.5147
2022-11-11,CAD,1.3698
2022-11-11,CHF,0.9844
2022-11-11,GBP,0.87538
2022-11-11,INR,83.2253
2022-11-11,JPY,143.89
2022-11-11,KRW,1359.2
2022-11-11,MXN,20.0239
2022-11-11,PHP,59.106
2022-11-11,PLN,4.6765
2022-11-11,SEK,10.7241
2022-11-11,SGD,1.4199
2022-11-11,USD,1.0308
2022-11-11,ZAR,17.7944
2022-11-14,AUD,1.5427
2022-11-14,BRL,5.4605
2022-11-14,CAD,1.3706
2022-11-14,CHF,0.9751
2022-11-14,GBP,0.87513
2022-11-14,INR,83.7779
2022-11-14,JPY,144.86
2022-11-14,KRW,1369.32
2022-11-14,MXN,20.0985
2022-11-14,PHP,59.04
2022-11-14,PLN,4.6898
2022-11-14,SEK,10.7713
2022-11-14,SGD,1.4177
2022-11-14,USD,1.0319
2022-11-14,ZAR,17.8393
2022-11-15,AUD,1.5415
2022-11-15,BRL,5.548
2022-11-15,CAD,1.3816
2022-11-15,CHF,0.979
2022-11-15,GBP,0.87455
2022-11-15,INR,84.1304
2022-11-15,JPY,144.84
2022-11-15,KRW,1365.61
2022-11-15,MXN,20.0795
2022-11-15,PHP,59.532
2022-11-15,PLN,4.7073
2022-11-15,SEK,10.8081
2022-11-15,SGD,1.4238
2022-11-15,USD,1.0404
2022-11-15,ZAR,17.8822
2022-11-16,AUD,1.54
2022-11-16,BRL,5.5438
2022-11-16,CAD,1.3801
2022-11-16,CHF,0.9795
2022-11-16,GBP,0.87483
2022-11-16,INR,84.5905
2022-11-16,JPY,145.29
2022-11-16,KRW,1378.1
2022-11-16,MXN,20.1227
2022-11-16,PHP,59.678
2022-11-16,PLN,4.7065
2022-11-16,SEK,10.8754
2022-11-16,SGD,1.425
2022-11-16,USD,1.0412
2022-11-16,ZAR,18.0195
2022-11-17,AUD,1.5526
2022-11-17,BRL,5.6535
2022-11-17,CAD,1.382
2022-11-17,CHF,0.9818
2022-11-17,GBP,0.87475
2022-11-17,INR,84.394
2022-11-17,JPY,144.8
2022-11-17,KRW,1394.06
2022-11-17,MXN,20.062
2022-11-17,PHP,59.293
2022-11-17,PLN,4.7153
2022-11-17,SEK,10.9871
2022-11-17,SGD,1.4221
2022-11-17,USD,1.0319
2022-11-17,ZAR,18.0961
2022-11-18,AUD,1.5433
2022-11-18,BRL,5.547
2022-11-18,CAD,1.3841
2022-11-18,CHF,0.9881
2022-11-18,GBP,0.87063
2022-11-18,INR,84.6875
2022-11-18,JPY,145.12
2022-11-18,KRW,1389.02
2022-11-18,MXN,20.162
2022-11-18,PHP,59.41
2022-11-18,PLN,4.7033
2022-11-18,SEK,10.9805
2022-11-18,SGD,1.4229
2022-11-18,USD,1.0366
2022-11-18,ZAR,17.908
2022-11-21,AUD,1.5471
2022-11-21,BRL,5.4401
2022-11-21,CAD,1.377
2022-11-21,CHF,0.9817
2022-11-21,GBP,0.86793
2022-11-21,INR,83.7375
2022-11-21,JPY,145.33
2022-11-21,KRW,1395
2022-11-21,MXN,19.9357
2022-11-21,PHP,58.822
2022-11-21,PLN,4.7075
2022-11-21,SEK,10.9873
2022-11-21,SGD,1.4162
2022-11-21,USD,1.0246
2022-11-21,ZAR,17.7858
2022-11-22,AUD,1.5473
2022-11-22,BRL,5.4578
2022-11-22,CAD,1.3765
2022-11-22,CHF,0.9791
2022-11-22,GBP,0.86358
2022-11-22,INR,83.8768
2022-11-22,JPY,145.2
2022-11-22,KRW,1392.68
2022-11-22,MXN,20.0951
2022-11-22,PHP,58.942
2022-11-22,PLN,4.7125
2022-11-22,SEK,10.9653
2022-11-22,SGD,1.4167
2022-11-22,USD,1.0274
2022-11-22,ZAR,17.7568
2022-11-23,AUD,1.5522
2022-11-23,BRL,5.565
2022-11-23,CAD,1.3856
2022-11-23,CHF,0.9795
2022-11-23,GBP,0.86369
2022-11-23,INR,84.466
2022-11-23,JPY,145.75
2022-11-23,KRW,1397.42
2022-11-23,MXN,20.001
2022-11-23,PHP,58.914
2022-11-23,PLN,4.7033
2022-11-23,SEK,10.8933
2022-11-23,SGD,1.4295
2022-11-23,USD,1.0325
2022-11-23,ZAR,17.7103
2022-11-24,AUD,1.5414
2022-11-24,BRL,5.5504
2022-11-24,CAD,1.3894
2022-11-24,CHF,0.9818
2022-11-24,GBP,0.85933
2022-11-24,INR,85.0295
2022-11-24,JPY,143.9
2022-11-24,KRW,1382.28
2022-11-24,MXN,20.1501
2022-11-24,PHP,58.992
2022-11-24,PLN,4.6958
2022-11-24,SEK,10.8573
2022-11-24,SGD,1.4319
2022-11-24,USD,1.0413
2022-11-24,ZAR,17.7246
2022-11-25,AUD,1.5404
2022-11-25,BRL,5.5476
2022-11-25,CAD,1.3864
2022-11-25,CHF,0.9836
2022-11-25,GBP,0.85885
2022-11-25,INR,84.7145
2022-11-25,JPY,144.62
2022-11-25,KRW,1383.2
2022-11-25,MXN,20.1069
2022-11-25,PHP,58.795
2022-11-25,PLN,4.6875
2022-11-25,SEK,10.8183
2022-11-25,SGD,1.4277
2022-11-25,USD,1.0375
2022-11-25,ZAR,17.7677
2022-11-28,AUD,1.5632
2022-11-28,BRL,5.6354
2022-11-28,CAD,1.4062
2022-11-28,CHF,0.9872
2022-11-28,GBP,0.86606
2022-11-28,INR,85.437
2022-11-28,JPY,144.9
2022-11-28,KRW,1396.56
2022-11-28,MXN,20.22
2022-11-28,PHP,59.21
2022-11-28,PLN,4.6938
2022-11-28,SEK,10.8973
2022-11-28,SGD,1.4375
2022-11-28,USD,1.0463
2022-11-28,ZAR,17.9376
2022-11-29,AUD,1.5414
2022-11-29,BRL,5.5126
2022-11-29,CAD,1.4005
2022-11-29,CHF,0.9862
2022-11-29,GBP,0.86218
2022-11-29,INR,84.6548
2022-11-29,JPY,143.36
2022-11-29,KRW,1375.7
2022-11-29,MXN,19.8075
2022-11-29,PHP,58.64
2022-11-29,PLN,4.673
2022-11-29,SEK,10.901
2022-11-29,SGD,1.4237
2022-11-29,USD,1.0366
2022-11-29,ZAR,17.6027
2022-11-30,AUD,1.5425
2022-11-30,BRL,5.5063
2022-11-30,CAD,1.4021
2022-11-30,CHF,0.9854
2022-11-30,GBP,0.86488
2022-11-30,INR,84.4215
2022-11-30,JPY,144.28
2022-11-30,KRW,1365.14
2022-11-30,MXN,20.0111
2022-11-30,PHP,58.697
2022-11-30,PLN,4.6635
2022-11-30,SEK,10.9345
2022-11-30,SGD,1.418
2022-11-30,USD,1.0376
2022-11-30,ZAR,17.5768
2022-12-01,AUD,1.5377
2022-12-01,BRL,5.4508
2022-12-01,CAD,1.4059
2022-12-01,CHF,0.9868
2022-12-01,GBP,0.85715
2022-12-01,INR,84.933
2022-12-01,JPY,142.48
2022-12-01,KRW,1363.81
2022-12-01,MXN,20.1472
2022-12-01,PHP,58.793
2022-12-01,PLN,4.6998
2022-12-01,SEK,10.8984
2022-12-01,SGD,1.4195
2022-12-01,USD,1.0454
2022-12-01,ZAR,18.5393
2022-12-02,AUD,1.5457
2022-12-02,BRL,5.4657
2022-12-02,CAD,1.416
2022-12-02,CHF,0.9834
2022-12-02,GBP,0.85855
2022-12-02,INR,85.6435
2022-12-02,JPY,141.32
2022-12-02,KRW,1366.67
2022-12-02,MXN,20.187
2022-12-02,PHP,58.734
2022-12-02,PLN,4.684
2022-12-02,SEK,10.902
2022-12-02,SGD,1.4227
2022-12-02,USD,1.0538
2022-12-02,ZAR,18.2749
2022-12-05,AUD,1.5542
2022-12-05,BRL,5.5491
2022-12-05,CAD,1.4198
2022-12-05,CHF,0.9893
2022-12-05,GBP,0.86085
2022-12-05,INR,86.5249
2022-12-05,JPY,143.07
2022-12-05,KRW,1370.87
2022-12-05,MXN,20.7295
2022-12-05,PHP,59.245
2022-12-05,PLN,4.695
2022-12-05,SEK,10.8931
2022-12-05,SGD,1.4271
2022-12-05,USD,1.0587
2022-12-05,ZAR,18.2038
2022-12-06,AUD,1.5625
2022-12-06,BRL,5.5113
2022-12-06,CAD,1.4326
2022-12-06,CHF,0.9872
2022-12-06,GBP,0.8617
2022-12-06,INR,86.6485
2022-12-06,JPY,143.33
2022-12-06,KRW,1386.39
2022-12-06,MXN,20.6884
2022-12-06,PHP,58.782
2022-12-06,PLN,4.6975
2022-12-06,SEK,10.889
2022-12-06,SGD,1.4263
2022-12-06,USD,1.0516
2022-12-06,ZAR,18.2068
2022-12-07,AUD,1.5728
2022-12-07,BRL,5.5023
2022-12-07,CAD,1.4387
2022-12-07,CHF,0.9893
2022-12-07,GBP,0.86408
2022-12-07,INR,86.692
2022-12-07,JPY,144.44
2022-12-07,KRW,1390.87
2022-12-07,MXN,20.7534
2022-12-07,PHP,58.432
2022-12-07,PLN,4.7003
2022-12-07,SEK,10.919
2022-12-07,SGD,1.4286
2022-12-07,USD,1.0529
2022-12-07,ZAR,18.1353
2022-12-08,AUD,1.559
2022-12-08,BRL,5.488
2022-12-08,CAD,1.4307
2022-12-08,CHF,0.9889
2022-12-08,GBP,0.86258
2022-12-08,INR,86.6755
2022-12-08,JPY,143.75
2022-12-08,KRW,1387.06
2022-12-08,MXN,20.6989
2022-12-08,PHP,58.233
2022-12-08,PLN,4.6853
2022-12-08,SEK,10.906
2022-12-08,SGD,1.4256
2022-12-08,USD,1.0519
2022-12-08,ZAR,18.0225
2022-12-09,AUD,1.5553
2022-12-09,BRL,5.5457
2022-12-09,CAD,1.438
2022-12-09,CHF,0.9856
2022-12-09,GBP,0.8595
2022-12-09,INR,86.9535
2022-12-09,JPY,143.3
2022-12-09,KRW,1373.94
2022-12-09,MXN,20.849
2022-12-09,PHP,58.47
2022-12-09,PLN,4.6869
2022-12-09,SEK,10.9188
2022-12-09,SGD,1.426
2022-12-09,USD,1.0559
2022-12-09,ZAR,18.2358
2022-12-12,AUD,1.5625
2022-12-12,BRL,5.556
2022-12-12,CAD,1.4428
2022-12-12,CHF,0.9855
2022-12-12,GBP,0.86006
2022-12-12,INR,87.253
2022-12-12,JPY,144.86
2022-12-12,KRW,1377.93
2022-12-12,MXN,20.9047
2022-12-12,PHP,58.788
2022-12-12,PLN,4.6923
2022-12-12,SEK,10.9075
2022-12-12,SGD,1.4284
2022-12-12,USD,1.0562
2022-12-12,ZAR,18.4697
2022-12-13,AUD,1.5553
2022-12-13,BRL,5.5784
2022-12-13,CAD,1.4341
2022-12-13,CHF,0.9869
2022-12-13,GBP,0.85753
2022-12-13,INR,87.2965
2022-12-13,JPY,144.85
2022-12-13,KRW,1378.75
2022-12-13,MXN,20.9435
2022-12-13,PHP,58.852
2022-12-13,PLN,4.6938
2022-12-13,SEK,10.8965
2022-12-13,SGD,1.4288
2022-12-13,USD,1.0545
2022-12-13,ZAR,18.6855
2022-12-14,AUD,1.551
2022-12-14,BRL,5.6842
2022-12-14,CAD,1.4441
2022-12-14,CHF,0.9865
2022-12-14,GBP,0.86118
2022-12-14,INR,87.8435
2022-12-14,JPY,143.68
2022-12-14,KRW,1379.99
2022-12-14,MXN,20.8635
2022-12-14,PHP,59.326
2022-12-14,PLN,4.681
2022-12-14,SEK,10.8638
2022-12-14,SGD,1.4349
2022-12-14,USD,1.0649
2022-12-14,ZAR,18.2563
2022-12-15,AUD,1.5695
2022-12-15,BRL,5.6247
2022-12-15,CAD,1.4443
2022-12-15,CHF,0.9862
2022-12-15,GBP,0.86194
2022-12-15,INR,87.9355
2022-12-15,JPY,145.07
2022-12-15,KRW,1393.97
2022-12-15,MXN,20.9431
2022-12-15,PHP,59.297
2022-12-15,PLN,4.689
2022-12-15,SEK,10.898
2022-12-15,SGD,1.4406
2022-12-15,USD,1.0621
2022-12-15,ZAR,18.3599
2022-12-16,AUD,1.5866
2022-12-16,BRL,5.6233
2022-12-16,CAD,1.4506
2022-12-16,CHF,0.9879
2022-12-16,GBP,0.87233
2022-12-16,INR,87.824
2022-12-16,JPY,145.53
2022-12-16,KRW,1389.7
2022-12-16,MXN,21.0634
2022-12-16,PHP,58.967
2022-12-16,PLN,4.6925
2022-12-16,SEK,11.0153
2022-12-16,SGD,1.4413
2022-12-16,USD,1.0619
2022-12-16,ZAR,18.6708
2022-12-19,AUD,1.5794
2022-12-19,BRL,5.6327
2022-12-19,CAD,1.4472
2022-12-19,CHF,0.9884
2022-12-19,GBP,0.87118
2022-12-19,INR,87.5321
2022-12-19,JPY,144.65
2022-12-19,KRW,1377.17
2022-12-19,MXN,20.9743
2022-12-19,PHP,58.649
2022-12-19,PLN,4.6853
2022-12-19,SEK,11.0063
2022-12-19,SGD,1.4378
2022-12-19,USD,1.0598
2022-12-19,ZAR,18.3074
2022-12-20,AUD,1.5972
2022-12-20,BRL,5.6234
2022-12-20,CAD,1.4451
2022-12-20,CHF,0.9854
2022-12-20,GBP,0.8753
2022-12-20,INR,87.6649
2022-12-20,JPY,140.58
2022-12-20,KRW,1363.73
2022-12-20,MXN,20.9355
2022-12-20,PHP,58.549
2022-12-20,PLN,4.6757
2022-12-20,SEK,11.0615
2022-12-20,SGD,1.4347
2022-12-20,USD,1.0599
2022-12-20,ZAR,18.4239
2022-12-21,AUD,1.5859
2022-12-21,BRL,5.4913
2022-12-21,CAD,1.4475
2022-12-21,CHF,0.9836
2022-12-21,GBP,0.87651
2022-12-21,INR,88.109
2022-12-21,JPY,140.29
2022-12-21,KRW,1367.63
2022-12-21,MXN,20.9919
2022-12-21,PHP,58.556
2022-12-21,PLN,4.6665
2022-12-21,SEK,11.0623
2022-12-21,SGD,1.4366
2022-12-21,USD,1.0636
2022-12-21,ZAR,18.3529
2022-12-22,AUD,1.5804
2022-12-22,BRL,5.5386
2022-12-22,CAD,1.4484
2022-12-22,CHF,0.9852
2022-12-22,GBP,0.88243
2022-12-22,INR,88.0365
2022-12-22,JPY,140.42
2022-12-22,KRW,1361.75
2022-12-22,MXN,20.8485
2022-12-22,PHP,58.705
2022-12-22,PLN,4.6443
2022-12-22,SEK,11.05
2022-12-22,SGD,1.4356
2022-12-22,USD,1.0633
2022-12-22,ZAR,18.2238
2022-12-23,AUD,1.5857
2022-12-23,BRL,5.4834
2022-12-23,CAD,1.4433
2022-12-23,CHF,0.9867
2022-12-23,GBP,0.8803
2022-12-23,INR,87.958
2022-12-23,JPY,140.86
2022-12-23,KRW,1359.5
2022-12-23,MXN,20.7115
2022-12-23,PHP,58.623
2022-12-23,PLN,4.6423
2022-12-23,SEK,11.1045
2022-12-23,SGD,1.4337
2022-12-23,USD,1.0622
2022-12-23,ZAR,18.1048
2022-12-27,AUD,1.577
2022-12-27,BRL,5.6035
2022-12-27,CAD,1.4384
2022-12-27,CHF,0.9885
2022-12-27,GBP,0.88333
2022-12-27,INR,88.0808
2022-12-27,JPY,141.68
2022-12-27,KRW,1349.85
2022-12-27,MXN,20.5515
2022-12-27,PHP,59.356
2022-12-27,PLN,4.6683
2022-12-27,SEK,11.1285
2022-12-27,SGD,1.43
2022-12-27,USD,1.0624
2022-12-27,ZAR,18.3181
2022-12-28,AUD,1.566
2022-12-28,BRL,5.6109
2022-12-28,CAD,1.4361
2022-12-28,CHF,0.9863
2022-12-28,GBP,0.88058
2022-12-28,INR,88.0943
2022-12-28,JPY,142.21
2022-12-28,KRW,1348.59
2022-12-28,MXN,20.6856
2022-12-28,PHP,59.613
2022-12-28,PLN,4.7008
2022-12-28,SEK,11.1038
2022-12-28,SGD,1.4323
2022-12-28,USD,1.064
2022-12-28,ZAR,18.289
2022-12-29,AUD,1.5859
2022-12-29,BRL,5.5351
2022-12-29,CAD,1.4475
2022-12-29,CHF,0.984
2022-12-29,GBP,0.88549
2022-12-29,INR,88.2295
2022-12-29,JPY,142.24
2022-12-29,KRW,1350.18
2022-12-29,MXN,20.651
2022-12-29,PHP,59.367
2022-12-29,PLN,4.6855
2022-12-29,SEK,11.158
2022-12-29,SGD,1.436
2022-12-29,USD,1.0649
2022-12-29,ZAR,18.1967
2022-12-30,AUD,1.5693
2022-12-30,BRL,5.6386
2022-12-30,CAD,1.444
2022-12-30,CHF,0.9847
2022-12-30,GBP,0.88693
2022-12-30,INR,88.171
2022-12-30,JPY,140.66
2022-12-30,KRW,1344.09
2022-12-30,MXN,20.856
2022-12-30,PHP,59.32
2022-12-30,PLN,4.6808
2022-12-30,SEK,11.1218
2022-12-30,SGD,1.43
2022-12-30,USD,1.0666
2022-12-30,ZAR,18.0986
2023-01-02,AUD,1.5699
2023-01-02,BRL,5.7048
2023-01-02,CAD,1.4506
2023-01-02,CHF,0.9873
2023-01-02,GBP,0.8863
2023-01-02,INR,88.426
2023-01-02,JPY,139.62
2023-01-02,KRW,1357.8
2023-01-02,MXN,20.8318
2023-01-02,PHP,59.634
2023-01-02,PLN,4.6813
2023-01-02,SEK,11.1663
2023-01-02,SGD,1.4324
2023-01-02,USD,1.0683
2023-01-02,ZAR,18.1719
2023-01-03,AUD,1.5708
2023-01-03,BRL,5.6656
2023-01-03,CAD,1.4414
2023-01-03,CHF,0.9879
2023-01-03,GBP,0.88048
2023-01-03,INR,87.4095
2023-01-03,JPY,137.93
2023-01-03,KRW,1346.51
2023-01-03,MXN,20.5283
2023-01-03,PHP,59.02
2023-01-03,PLN,4.6831
2023-01-03,SEK,11.143
2023-01-03,SGD,1.4188
2023-01-03,USD,1.0545
2023-01-03,ZAR,18.019
2023-01-04,AUD,1.5452
2023-01-04,BRL,5.7758
2023-01-04,CAD,1.4363
2023-01-04,CHF,0.9843
2023-01-04,GBP,0.88076
2023-01-04,INR,87.791
2023-01-04,JPY,138.74
2023-01-04,KRW,1348.95
2023-01-04,MXN,20.4494
2023-01-04,PHP,59.33
2023-01-04,PLN,4.6685
2023-01-04,SEK,11.1653
2023-01-04,SGD,1.4212
2023-01-04,USD,1.0599
2023-01-04,ZAR,17.8349
2023-01-05,AUD,1.5515
2023-01-05,BRL,5.706
2023-01-05,CAD,1.4316
2023-01-05,CHF,0.9839
2023-01-05,GBP,0.88303
2023-01-05,INR,87.4755
2023-01-05,JPY,140.95
2023-01-05,KRW,1345.9
2023-01-05,MXN,20.5412
2023-01-05,PHP,59.185
2023-01-05,PLN,4.67
2023-01-05,SEK,11.1848
2023-01-05,SGD,1.4213
2023-01-05,USD,1.0601
2023-01-05,ZAR,18.125
2023-01-06,AUD,1.559
2023-01-06,BRL,5.6034
2023-01-06,CAD,1.4331
2023-01-06,CHF,0.9864
2023-01-06,GBP,0.88475
2023-01-06,INR,86.9103
2023-01-06,JPY,141.3
2023-01-06,KRW,1337.18
2023-01-06,MXN,20.2645
2023-01-06,PHP,58.374
2023-01-06,PLN,4.695
2023-01-06,SEK,11.258
2023-01-06,SGD,1.4156
2023-01-06,USD,1.05
2023-01-06,ZAR,18.2092
2023-01-09,AUD,1.5446
2023-01-09,BRL,5.6475
2023-01-09,CAD,1.4299
2023-01-09,CHF,0.9865
2023-01-09,GBP,0.88048
2023-01-09,INR,88.078
2023-01-09,JPY,141.35
2023-01-09,KRW,1330.37
2023-01-09,MXN,20.4825
2023-01-09,PHP,58.946
2023-01-09,PLN,4.6963
2023-01-09,SEK,11.196
2023-01-09,SGD,1.4244
2023-01-09,USD,1.0696
2023-01-09,ZAR,18.2059
2023-01-10,AUD,1.5616
2023-01-10,BRL,5.6471
2023-01-10,CAD,1.4382
2023-01-10,CHF,0.9908
2023-01-10,GBP,0.8833
2023-01-10,INR,87.703
2023-01-10,JPY,141.92
2023-01-10,KRW,1338.38
2023-01-10,MXN,20.5299
2023-01-10,PHP,58.751
2023-01-10,PLN,4.695
2023-01-10,SEK,11.1963
2023-01-10,SGD,1.429
2023-01-10,USD,1.0723
2023-01-10,ZAR,18.3054
2023-01-11,AUD,1.5588
2023-01-11,BRL,5.584
2023-01-11,CAD,1.4429
2023-01-11,CHF,0.9967
2023-01-11,GBP,0.88673
2023-01-11,INR,87.812
2023-01-11,JPY,142.61
2023-01-11,KRW,1341.01
2023-01-11,MXN,20.4957
2023-01-11,PHP,59.013
2023-01-11,PLN,4.6819
2023-01-11,SEK,11.2783
2023-01-11,SGD,1.4316
2023-01-11,USD,1.0747
2023-01-11,ZAR,18.2827
2023-01-12,AUD,1.557
2023-01-12,BRL,5.5556
2023-01-12,CAD,1.4439
2023-01-12,CHF,1.0056
2023-01-12,GBP,0.8869
2023-01-12,INR,87.783
2023-01-12,JPY,140.61
2023-01-12,KRW,1340.17
2023-01-12,MXN,20.3745
2023-01-12,PHP,59.292
2023-01-12,PLN,4.692
2023-01-12,SEK,11.273
2023-01-12,SGD,1.4309
2023-01-12,USD,1.0772
2023-01-12,ZAR,18.1417
2023-01-13,AUD,1.5586
2023-01-13,BRL,5.5512
2023-01-13,CAD,1.4494
2023-01-13,CHF,1.0051
2023-01-13,GBP,0.888
2023-01-13,INR,88.096
2023-01-13,JPY,139.02
2023-01-13,KRW,1343.41
2023-01-13,MXN,20.4391
2023-01-13,PHP,59.44
2023-01-13,PLN,4.6888
2023-01-13,SEK,11.2528
2023-01-13,SGD,1.4311
2023-01-13,USD,1.0814
2023-01-13,ZAR,18.2482
2023-01-16,AUD,1.5537
2023-01-16,BRL,5.524
2023-01-16,CAD,1.4486
2023-01-16,CHF,1.0026
2023-01-16,GBP,0.88758
2023-01-16,INR,88.2795
2023-01-16,JPY,138.92
2023-01-16,KRW,1340.22
2023-01-16,MXN,20.358
2023-01-16,PHP,58.936
2023-01-16,PLN,4.6935
2023-01-16,SEK,11.2725
2023-01-16,SGD,1.4288
2023-01-16,USD,1.0812
2023-01-16,ZAR,18.445
2023-01-17,AUD,1.5611
2023-01-17,BRL,5.5607
2023-01-17,CAD,1.4547
2023-01-17,CHF,0.9998
2023-01-17,GBP,0.88595
2023-01-17,INR,88.577
2023-01-17,JPY,139.5
2023-01-17,KRW,1343.5
2023-01-17,MXN,20.3994
2023-01-17,PHP,59.441
2023-01-17,PLN,4.6958
2023-01-17,SEK,11.285
2023-01-17,SGD,1.4343
2023-01-17,USD,1.0843
2023-01-17,ZAR,18.6027
2023-01-18,AUD,1.5413
2023-01-18,BRL,5.5252
2023-01-18,CAD,1.4505
2023-01-18,CHF,0.9906
2023-01-18,GBP,0.8753
2023-01-18,INR,88.142
2023-01-18,JPY,139.79
2023-01-18,KRW,1337.16
2023-01-18,MXN,20.2193
2023-01-18,PHP,59.17
2023-01-18,PLN,4.6983
2023-01-18,SEK,11.1735
2023-01-18,SGD,1.428
2023-01-18,USD,1.0839
2023-01-18,ZAR,18.396
2023-01-19,AUD,1.5726
2023-01-19,BRL,5.6326
2023-01-19,CAD,1.4603
2023-01-19,CHF,0.9921
2023-01-19,GBP,0.87648
2023-01-19,INR,88.046
2023-01-19,JPY,139.02
2023-01-19,KRW,1340.52
2023-01-19,MXN,20.5437
2023-01-19,PHP,59.099
2023-01-19,PLN,4.7063
2023-01-19,SEK,11.1533
2023-01-19,SGD,1.4326
2023-01-19,USD,1.0815
2023-01-19,ZAR,18.6931
2023-01-20,AUD,1.5619
2023-01-20,BRL,5.6271
2023-01-20,CAD,1.4583
2023-01-20,CHF,0.9962
2023-01-20,GBP,0.876
2023-01-20,INR,87.817
2023-01-20,JPY,140.86
2023-01-20,KRW,1336.47
2023-01-20,MXN,20.4865
2023-01-20,PHP,58.958
2023-01-20,PLN,4.71
2023-01-20,SEK,11.1655
2023-01-20,SGD,1.4311
2023-01-20,USD,1.0826
2023-01-20,ZAR,18.577
2023-01-23,AUD,1.5529
2023-01-23,BRL,5.6372
2023-01-23,CAD,1.4523
2023-01-23,CHF,1.0013
2023-01-23,GBP,0.8797
2023-01-23,INR,88.452
2023-01-23,JPY,141.65
2023-01-23,KRW,1335.67
2023-01-23,MXN,20.4428
2023-01-23,PHP,59.345
2023-01-23,PLN,4.7113
2023-01-23,SEK,11.1183
2023-01-23,SGD,1.4328
2023-01-23,USD,1.0871
2023-01-23,ZAR,18.6597
2023-01-24,AUD,1.547
2023-01-24,BRL,5.6164
2023-01-24,CAD,1.4517
2023-01-24,CHF,1.0053
2023-01-24,GBP,0.88368
2023-01-24,INR,88.6235
2023-01-24,JPY,141.47
2023-01-24,KRW,1341.6
2023-01-24,MXN,20.4603
2023-01-24,PHP,59.122
2023-01-24,PLN,4.713
2023-01-24,SEK,11.0995
2023-01-24,SGD,1.4337
2023-01-24,USD,1.0858
2023-01-24,ZAR,18.7687
2023-01-25,AUD,1.536
2023-01-25,BRL,5.569
2023-01-25,CAD,1.4544
2023-01-25,CHF,1.002
2023-01-25,GBP,0.88248
2023-01-25,INR,88.7258
2023-01-25,JPY,141.17
2023-01-25,KRW,1343.93
2023-01-25,MXN,20.436
2023-01-25,PHP,59.35
2023-01-25,PLN,4.7158
2023-01-25,SEK,11.1335
2023-01-25,SGD,1.4307
2023-01-25,USD,1.0878
2023-01-25,ZAR,18.6745
2023-01-26,AUD,1.5308
2023-01-26,BRL,5.5572
2023-01-26,CAD,1.4568
2023-01-26,CHF,1.0002
2023-01-26,GBP,0.87945
2023-01-26,INR,88.8255
2023-01-26,JPY,141.38
2023-01-26,KRW,1342.51
2023-01-26,MXN,20.5275
2023-01-26,PHP,59.301
2023-01-26,PLN,4.7195
2023-01-26,SEK,11.1763
2023-01-26,SGD,1.4292
2023-01-26,USD,1.0895
2023-01-26,ZAR,18.6127
2023-01-27,AUD,1.5289
2023-01-27,BRL,5.5104
2023-01-27,CAD,1.4479
2023-01-27,CHF,1.0017
2023-01-27,GBP,0.87885
2023-01-27,INR,88.672
2023-01-27,JPY,141.1
2023-01-27,KRW,1341.37
2023-01-27,MXN,20.3678
2023-01-27,PHP,59.187
2023-01-27,PLN,4.7085
2023-01-27,SEK,11.2108
2023-01-27,SGD,1.4277
2023-01-27,USD,1.0865
2023-01-27,ZAR,18.7185
2023-01-30,AUD,1.539
2023-01-30,BRL,5.5654
2023-01-30,CAD,1.4532
2023-01-30,CHF,1.0045
2023-01-30,GBP,0.87978
2023-01-30,INR,88.8885
2023-01-30,JPY,141.79
2023-01-30,KRW,1338.87
2023-01-30,MXN,20.487
2023-01-30,PHP,59.47
2023-01-30,PLN,4.7103
2023-01-30,SEK,11.262
2023-01-30,SGD,1.431
2023-01-30,USD,1.0903
2023-01-30,ZAR,18.889
2023-01-31,AUD,1.5476
2023-01-31,BRL,5.5373
2023-01-31,CAD,1.457
2023-01-31,CHF,1.0032
2023-01-31,GBP,0.88073
2023-01-31,INR,88.636
2023-01-31,JPY,141.27
2023-01-31,KRW,1338.9
2023-01-31,MXN,20.3961
2023-01-31,PHP,59.192
2023-01-31,PLN,4.709
2023-01-31,SEK,11.348
2023-01-31,SGD,1.4268
2023-01-31,USD,1.0833
2023-01-31,ZAR,18.9223
2023-02-01,AUD,1.5392
2023-02-01,BRL,5.5174
2023-02-01,CAD,1.4506
2023-02-01,CHF,0.998
2023-02-01,GBP,0.88413
2023-02-01,INR,89.106
2023-02-01,JPY,141.37
2023-02-01,KRW,1339.22
2023-02-01,MXN,20.4919
2023-02-01,PHP,59.318
2023-02-01,PLN,4.7075
2023-02-01,SEK,11.3455
2023-02-01,SGD,1.4303
2023-02-01,USD,1.0894
2023-02-01,ZAR,18.8328
2023-02-02,AUD,1.5407
2023-02-02,BRL,5.4859
2023-02-02,CAD,1.4602
2023-02-02,CHF,0.9992
2023-02-02,GBP,0.89289
2023-02-02,INR,90.3015
2023-02-02,JPY,141.12
2023-02-02,KRW,1345.9
2023-02-02,MXN,20.405
2023-02-02,PHP,59.17
2023-02-02,PLN,4.7015
2023-02-02,SEK,11.3587
2023-02-02,SGD,1.4352
2023-02-02,USD,1.0988
2023-02-02,ZAR,18.7046
2023-02-03,AUD,1.5499
2023-02-03,BRL,5.5414
2023-02-03,CAD,1.4616
2023-02-03,CHF,0.9989
2023-02-03,GBP,0.8925
2023-02-03,INR,89.592
2023-02-03,JPY,140.45
2023-02-03,KRW,1346.17
2023-02-03,MXN,20.4625
2023-02-03,PHP,58.721
2023-02-03,PLN,4.692
2023-02-03,SEK,11.3323
2023-02-03,SGD,1.4331
2023-02-03,USD,1.0937
2023-02-03,ZAR,18.7624
2023-02-06,AUD,1.5596
2023-02-06,BRL,5.5625
2023-02-06,CAD,1.4459
2023-02-06,CHF,0.9964
2023-02-06,GBP,0.89278
2023-02-06,INR,89.0922
2023-02-06,JPY,142.41
2023-02-06,KRW,1353.65
2023-02-06,MXN,20.4882
2023-02-06,PHP,58.686
2023-02-06,PLN,4.7228
2023-02-06,SEK,11.3652
2023-02-06,SGD,1.4266
2023-02-06,USD,1.0776
2023-02-06,ZAR,18.9013
2023-02-07,AUD,1.547
2023-02-07,BRL,5.5216
2023-02-07,CAD,1.4371
2023-02-07,CHF,0.9906
2023-02-07,GBP,0.89338
2023-02-07,INR,88.5096
2023-02-07,JPY,141.3
2023-02-07,KRW,1348.81
2023-02-07,MXN,20.4316
2023-02-07,PHP,59.032
2023-02-07,PLN,4.7565
2023-02-07,SEK,11.3805
2023-02-07,SGD,1.4199
2023-02-07,USD,1.07
2023-02-07,ZAR,18.8746
2023-02-08,AUD,1.5416
2023-02-08,BRL,5.5644
2023-02-08,CAD,1.4389
2023-02-08,CHF,0.9881
2023-02-08,GBP,0.888
2023-02-08,INR,88.594
2023-02-08,JPY,140.81
2023-02-08,KRW,1351.4
2023-02-08,MXN,20.2984
2023-02-08,PHP,58.817
2023-02-08,PLN,4.7385
2023-02-08,SEK,11.3423
2023-02-08,SGD,1.422
2023-02-08,USD,1.0735
2023-02-08,ZAR,18.9129
2023-02-09,AUD,1.5409
2023-02-09,BRL,5.6165
2023-02-09,CAD,1.4423
2023-02-09,CHF,0.989
2023-02-09,GBP,0.88515
2023-02-09,INR,88.8905
2023-02-09,JPY,140.8
2023-02-09,KRW,1355.38
2023-02-09,MXN,20.3293
2023-02-09,PHP,58.659
2023-02-09,PLN,4.7388
2023-02-09,SEK,11.139
2023-02-09,SGD,1.4237
2023-02-09,USD,1.0771
2023-02-09,ZAR,19.0134
2023-02-10,AUD,1.5432
2023-02-10,BRL,5.6245
2023-02-10,CAD,1.4364
2023-02-10,CHF,0.9872
2023-02-10,GBP,0.88348
2023-02-10,INR,88.2475
2023-02-10,JPY,139.88
2023-02-10,KRW,1354.1
2023-02-10,MXN,20.054
2023-02-10,PHP,58.207
2023-02-10,PLN,4.781
2023-02-10,SEK,11.163
2023-02-10,SGD,1.4199
2023-02-10,USD,1.069
2023-02-10,ZAR,19.0834
2023-02-13,AUD,1.5388
2023-02-13,BRL,5.5576
2023-02-13,CAD,1.4263
2023-02-13,CHF,0.9849
2023-02-13,GBP,0.88281
2023-02-13,INR,88.395
2023-02-13,JPY,141.65
2023-02-13,KRW,1364.06
2023-02-13,MXN,19.8946
2023-02-13,PHP,58.581
2023-02-13,PLN,4.7875
2023-02-13,SEK,11.155
2023-02-13,SGD,1.4229
2023-02-13,USD,1.0686
2023-02-13,ZAR,19.1664
2023-02-14,AUD,1.5411
2023-02-14,BRL,5.5552
2023-02-14,CAD,1.4332
2023-02-14,CHF,0.987
2023-02-14,GBP,0.88125
2023-02-14,INR,89.1227
2023-02-14,JPY,142.14
2023-02-14,KRW,1362.59
2023-02-14,MXN,20.0122
2023-02-14,PHP,58.992
2023-02-14,PLN,4.7623
2023-02-14,SEK,11.101
2023-02-14,SGD,1.427
2023-02-14,USD,1.0759
2023-02-14,ZAR,19.1656
2023-02-15,AUD,1.5529
2023-02-15,BRL,5.586
2023-02-15,CAD,1.4356
2023-02-15,CHF,0.9885
2023-02-15,GBP,0.88825
2023-02-15,INR,88.6415
2023-02-15,JPY,143.05
2023-02-15,KRW,1374.34
2023-02-15,MXN,19.9732
2023-02-15,PHP,59.075
2023-02-15,PLN,4.76
2023-02-15,SEK,11.14
2023-02-15,SGD,1.4285
2023-02-15,USD,1.07
2023-02-15,ZAR,19.2891
2023-02-16,AUD,1.55
2023-02-16,BRL,5.609
2023-02-16,CAD,1.4334
2023-02-16,CHF,0.9873
2023-02-16,GBP,0.88883
2023-02-16,INR,88.4574
2023-02-16,JPY,143.31
2023-02-16,KRW,1376.52
2023-02-16,MXN,19.872
2023-02-16,PHP,59.011
2023-02-16,PLN,4.7765
2023-02-16,SEK,11.142
2023-02-16,SGD,1.4287
2023-02-16,USD,1.07
2023-02-16,ZAR,19.4066
2023-02-17,AUD,1.556
2023-02-17,BRL,5.5487
2023-02-17,CAD,1.4366
2023-02-17,CHF,0.9896
2023-02-17,GBP,0.88888
2023-02-17,INR,88.021
2023-02-17,JPY,143.18
2023-02-17,KRW,1383.32
2023-02-17,MXN,19.7313
2023-02-17,PHP,58.831
2023-02-17,PLN,4.7773
2023-02-17,SEK,11.1983
2023-02-17,SGD,1.4231
2023-02-17,USD,1.0625
2023-02-17,ZAR,19.265
2023-02-20,AUD,1.5456
2023-02-20,BRL,5.5162
2023-02-20,CAD,1.4367
2023-02-20,CHF,0.9861
2023-02-20,GBP,0.88738
2023-02-20,INR,88.306
2023-02-20,JPY,143.09
2023-02-20,KRW,1384.38
2023-02-20,MXN,19.6555
2023-02-20,PHP,58.675
2023-02-20,PLN,4.7435
2023-02-20,SEK,11.062
2023-02-20,SGD,1.4259
2023-02-20,USD,1.0674
2023-02-20,ZAR,19.3471
2023-02-21,AUD,1.5517
2023-02-21,BRL,5.511
2023-02-21,CAD,1.4351
2023-02-21,CHF,0.9853
2023-02-21,GBP,0.87925
2023-02-21,INR,88.2835
2023-02-21,JPY,143.76
2023-02-21,KRW,1387.03
2023-02-21,MXN,19.6085
2023-02-21,PHP,58.684
2023-02-21,PLN,4.7478
2023-02-21,SEK,11.0098
2023-02-21,SGD,1.4272
2023-02-21,USD,1.0664
2023-02-21,ZAR,19.4579
2023-02-22,AUD,1.5576
2023-02-22,BRL,5.5008
2023-02-22,CAD,1.4408
2023-02-22,CHF,0.987
2023-02-22,GBP,0.87945
2023-02-22,INR,88.238
2023-02-22,JPY,143.24
2023-02-22,KRW,1386.99
2023-02-22,MXN,19.5976
2023-02-22,PHP,58.648
2023-02-22,PLN,4.7443
2023-02-22,SEK,11.0163
2023-02-22,SGD,1.4252
2023-02-22,USD,1.0644
2023-02-22,ZAR,19.4048
2023-02-23,AUD,1.5551
2023-02-23,BRL,5.4765
2023-02-23,CAD,1.4366
2023-02-23,CHF,0.9892
2023-02-23,GBP,0.8814
2023-02-23,INR,87.6695
2023-02-23,JPY,143.32
2023-02-23,KRW,1376.59
2023-02-23,MXN,19.4512
2023-02-23,PHP,58.351
2023-02-23,PLN,4.7438
2023-02-23,SEK,11.0579
2023-02-23,SGD,1.4249
2023-02-23,USD,1.0616
2023-02-23,ZAR,19.4076
2023-02-24,AUD,1.5668
2023-02-24,BRL,5.4633
2023-02-24,CAD,1.4374
2023-02-24,CHF,0.9898
2023-02-24,GBP,0.88245
2023-02-24,INR,87.4845
2023-02-24,JPY,143.55
2023-02-24,KRW,1387.18
2023-02-24,MXN,19.5027
2023-02-24,PHP,58.045
2023-02-24,PLN,4.7205
2023-02-24,SEK,11.003
2023-02-24,SGD,1.4239
2023-02-24,USD,1.057
2023-02-24,ZAR,19.5243
2023-02-27,AUD,1.5739
2023-02-27,BRL,5.4848
2023-02-27,CAD,1.4334
2023-02-27,CHF,0.9929
2023-02-27,GBP,0.88073
2023-02-27,INR,87.336
2023-02-27,JPY,143.88
2023-02-27,KRW,1396
2023-02-27,MXN,19.3777
2023-02-27,PHP,58.596
2023-02-27,PLN,4.716
2023-02-27,SEK,11.0595
2023-02-27,SGD,1.4246
2023-02-27,USD,1.0554
2023-02-27,ZAR,19.4574
2023-02-28,AUD,1.576
2023-02-28,BRL,5.528
2023-02-28,CAD,1.4411
2023-02-28,CHF,0.9947
2023-02-28,GBP,0.87701
2023-02-28,INR,87.7205
2023-02-28,JPY,145.23
2023-02-28,KRW,1401.84
2023-02-28,MXN,19.448
2023-02-28,PHP,58.76
2023-02-28,PLN,4.7125
2023-02-28,SEK,11.078
2023-02-28,SGD,1.4314
2023-02-28,USD,1.0619
2023-02-28,ZAR,19.5518
2023-03-01,AUD,1.5776
2023-03-01,BRL,5.5535
2023-03-01,CAD,1.4531
2023-03-01,CHF,0.9997
2023-03-01,GBP,0.88574
2023-03-01,INR,88.0848
2023-03-01,JPY,144.82
2023-03-01,KRW,1389.03
2023-03-01,MXN,19.4883
2023-03-01,PHP,58.762
2023-03-01,PLN,4.6745
2023-03-01,SEK,11.1
2023-03-01,SGD,1.4316
2023-03-01,USD,1.0684
2023-03-01,ZAR,19.3769
2023-03-02,AUD,1.5773
2023-03-02,BRL,5.5242
2023-03-02,CAD,1.4448
2023-03-02,CHF,0.9988
2023-03-02,GBP,0.88785
2023-03-02,INR,87.5365
2023-03-02,JPY,145.07
2023-03-02,KRW,1392.26
2023-03-02,MXN,19.2513
2023-03-02,PHP,58.343
2023-03-02,PLN,4.689
2023-03-02,SEK,11.135
2023-03-02,SGD,1.4307
2023-03-02,USD,1.0605
2023-03-02,ZAR,19.3211
2023-03-03,AUD,1.5728
2023-03-03,BRL,5.5248
2023-03-03,CAD,1.4437
2023-03-03,CHF,0.9958
2023-03-03,GBP,0.8853
2023-03-03,INR,86.9185
2023-03-03,JPY,144.55
2023-03-03,KRW,1383.24
2023-03-03,MXN,19.1997
2023-03-03,PHP,58.128
2023-03-03,PLN,4.708
2023-03-03,SEK,11.143
2023-03-03,SGD,1.4296
2023-03-03,USD,1.0615
2023-03-03,ZAR,19.2837
2023-03-06,AUD,1.5807
2023-03-06,BRL,5.5356
2023-03-06,CAD,1.4493
2023-03-06,CHF,0.9947
2023-03-06,GBP,0.8863
2023-03-06,INR,87.1445
2023-03-06,JPY,144.64
2023-03-06,KRW,1381.49
2023-03-06,MXN,19.1419
2023-03-06,PHP,58.51
2023-03-06,PLN,4.709
2023-03-06,SEK,11.159
2023-03-06,SGD,1.4324
2023-03-06,USD,1.0646
2023-03-06,ZAR,19.3688
2023-03-07,AUD,1.6002
2023-03-07,BRL,5.5224
2023-03-07,CAD,1.4552
2023-03-07,CHF,0.9959
2023-03-07,GBP,0.88968
2023-03-07,INR,87.2625
2023-03-07,JPY,145.21
2023-03-07,KRW,1392.09
2023-03-07,MXN,19.2065
2023-03-07,PHP,58.721
2023-03-07,PLN,4.6898
2023-03-07,SEK,11.2285
2023-03-07,SGD,1.4357
2023-03-07,USD,1.0665
2023-03-07,ZAR,19.5975
2023-03-08,AUD,1.5978
2023-03-08,BRL,5.451
2023-03-08,CAD,1.4499
2023-03-08,CHF,0.9931
2023-03-08,GBP,0.89074
2023-03-08,INR,86.421
2023-03-08,JPY,144.7
2023-03-08,KRW,1389.6
2023-03-08,MXN,19.0229
2023-03-08,PHP,58.377
2023-03-08,PLN,4.6753
2023-03-08,SEK,11.2835
2023-03-08,SGD,1.4269
2023-03-08,USD,1.0545
2023-03-08,ZAR,19.5893
2023-03-09,AUD,1.5965
2023-03-09,BRL,5.4202
2023-03-09,CAD,1.4574
2023-03-09,CHF,0.9911
2023-03-09,GBP,0.88814
2023-03-09,INR,86.6215
2023-03-09,JPY,143.82
2023-03-09,KRW,1395
2023-03-09,MXN,18.9237
2023-03-09,PHP,58.237
2023-03-09,PLN,4.6785
2023-03-09,SEK,11.3365
2023-03-09,SGD,1.4279
2023-03-09,USD,1.0554
2023-03-09,ZAR,19.6578
2023-03-10,AUD,1.6064
2023-03-10,BRL,5.5037
2023-03-10,CAD,1.4643
2023-03-10,CHF,0.9824
2023-03-10,GBP,0.88258
2023-03-10,INR,86.9375
2023-03-10,JPY,144.7
2023-03-10,KRW,1398.24
2023-03-10,MXN,19.5428
2023-03-10,PHP,58.4
2023-03-10,PLN,4.6815
2023-03-10,SEK,11.3915
2023-03-10,SGD,1.4349
2023-03-10,USD,1.0586
2023-03-10,ZAR,19.425
2023-03-13,AUD,1.6066
2023-03-13,BRL,5.6256
2023-03-13,CAD,1.4745
2023-03-13,CHF,0.975
2023-03-13,GBP,0.8837
2023-03-13,INR,88.046
2023-03-13,JPY,141.96
2023-03-13,KRW,1399.19
2023-03-13,MXN,20.1933
2023-03-13,PHP,58.872
2023-03-13,PLN,4.6944
2023-03-13,SEK,11.439
2023-03-13,SGD,1.444
2023-03-13,USD,1.0706
2023-03-13,ZAR,19.4545
2023-03-14,AUD,1.6052
2023-03-14,BRL,5.6136
2023-03-14,CAD,1.4689
2023-03-14,CHF,0.9784
2023-03-14,GBP,0.88054
2023-03-14,INR,88.431
2023-03-14,JPY,144.09
2023-03-14,KRW,1402.36
2023-03-14,MXN,20.092
2023-03-14,PHP,59.134
2023-03-14,PLN,4.6878
2023-03-14,SEK,11.288
2023-03-14,SGD,1.4428
2023-03-14,USD,1.0737
2023-03-14,ZAR,19.3931
2023-03-15,AUD,1.5888
2023-03-15,BRL,5.5672
2023-03-15,CAD,1.4504
2023-03-15,CHF,0.9727
2023-03-15,GBP,0.87243
2023-03-15,INR,87.3125
2023-03-15,JPY,139.51
2023-03-15,KRW,1393.75
2023-03-15,MXN,19.9704
2023-03-15,PHP,58.051
2023-03-15,PLN,4.7
2023-03-15,SEK,11.202
2023-03-15,SGD,1.4245
2023-03-15,USD,1.0549
2023-03-15,ZAR,19.419
2023-03-16,AUD,1.5932
2023-03-16,BRL,5.6005
2023-03-16,CAD,1.4565
2023-03-16,CHF,0.982
2023-03-16,GBP,0.8782
2023-03-16,INR,87.7298
2023-03-16,JPY,140.18
2023-03-16,KRW,1388.4
2023-03-16,MXN,20.2064
2023-03-16,PHP,58.188
2023-03-16,PLN,4.6963
2023-03-16,SEK,11.1781
2023-03-16,SGD,1.4276
2023-03-16,USD,1.0595
2023-03-16,ZAR,19.4759
2023-03-17,AUD,1.5874
2023-03-17,BRL,5.5872
2023-03-17,CAD,1.4584
2023-03-17,CHF,0.9858
2023-03-17,GBP,0.87488
2023-03-17,INR,87.787
2023-03-17,JPY,140.57
2023-03-17,KRW,1389.84
2023-03-17,MXN,19.9829
2023-03-17,PHP,58.118
2023-03-17,PLN,4.7045
2023-03-17,SEK,11.1995
2023-03-17,SGD,1.4262
2023-03-17,USD,1.0623
2023-03-17,ZAR,19.4988
2023-03-20,AUD,1.5978
2023-03-20,BRL,5.6183
2023-03-20,CAD,1.4669
2023-03-20,CHF,0.9928
2023-03-20,GBP,0.8756
2023-03-20,INR,88.49
2023-03-20,JPY,140.77
2023-03-20,KRW,1401.82
2023-03-20,MXN,20.3003
2023-03-20,PHP,58.281
2023-03-20,PLN,4.7045
2023-03-20,SEK,11.1564
2023-03-20,SGD,1.4354
2023-03-20,USD,1.0717
2023-03-20,ZAR,19.7861
2023-03-21,AUD,1.6136
2023-03-21,BRL,5.6491
2023-03-21,CAD,1.4726
2023-03-21,CHF,0.997
2023-03-21,GBP,0.88033
2023-03-21,INR,89.0308
2023-03-21,JPY,142.63
2023-03-21,KRW,1406.34
2023-03-21,MXN,20.1454
2023-03-21,PHP,58.485
2023-03-21,PLN,4.6998
2023-03-21,SEK,11.099
2023-03-21,SGD,1.4392
2023-03-21,USD,1.0776
2023-03-21,ZAR,19.9659
2023-03-22,AUD,1.6132
2023-03-22,BRL,5.6683
2023-03-22,CAD,1.4782
2023-03-22,CHF,0.996
2023-03-22,GBP,0.87925
2023-03-22,INR,89.08
2023-03-22,JPY,143.13
2023-03-22,KRW,1406.43
2023-03-22,MXN,20.0036
2023-03-22,PHP,58.683
2023-03-22,PLN,4.6835
2023-03-22,SEK,11.1535
2023-03-22,SGD,1.4391
2023-03-22,USD,1.0785
2023-03-22,ZAR,19.8529
2023-03-23,AUD,1.6242
2023-03-23,BRL,5.6995
2023-03-23,CAD,1.4875
2023-03-23,CHF,0.9969
2023-03-23,GBP,0.88523
2023-03-23,INR,89.481
2023-03-23,JPY,142.87
2023-03-23,KRW,1396.18
2023-03-23,MXN,20.1915
2023-03-23,PHP,59.125
2023-03-23,PLN,4.6868
2023-03-23,SEK,11.222
2023-03-23,SGD,1.4434
2023-03-23,USD,1.0879
2023-03-23,ZAR,19.7787
2023-03-24,AUD,1.6189
2023-03-24,BRL,5.7298
2023-03-24,CAD,1.4816
2023-03-24,CHF,0.9874
2023-03-24,GBP,0.8794
2023-03-24,INR,88.565
2023-03-24,JPY,139.85
2023-03-24,KRW,1401.12
2023-03-24,MXN,20.0854
2023-03-24,PHP,58.421
2023-03-24,PLN,4.6865
2023-03-24,SEK,11.208
2023-03-24,SGD,1.433
2023-03-24,USD,1.0745
2023-03-24,ZAR,19.5755
2023-03-27,AUD,1.6204
2023-03-27,BRL,5.6362
2023-03-27,CAD,1.4769
2023-03-27,CHF,0.9875
2023-03-27,GBP,0.87818
2023-03-27,INR,88.6672
2023-03-27,JPY,141.64
2023-03-27,KRW,1400.23
2023-03-27,MXN,19.8128
2023-03-27,PHP,58.347
2023-03-27,PLN,4.6855
2023-03-27,SEK,11.212
2023-03-27,SGD,1.4351
2023-03-27,USD,1.0773
2023-03-27,ZAR,19.7373
2023-03-28,AUD,1.6219
2023-03-28,BRL,5.608
2023-03-28,CAD,1.4803
2023-03-28,CHF,0.9947
2023-03-28,GBP,0.87938
2023-03-28,INR,89.064
2023-03-28,JPY,141.69
2023-03-28,KRW,1407.94
2023-03-28,MXN,19.8389
2023-03-28,PHP,58.951
2023-03-28,PLN,4.6815
2023-03-28,SEK,11.2195
2023-03-28,SGD,1.4394
2023-03-28,USD,1.0841
2023-03-28,ZAR,19.7029
2023-03-29,AUD,1.6252
2023-03-29,BRL,5.5958
2023-03-29,CAD,1.4739
2023-03-29,CHF,0.9973
2023-03-29,GBP,0.87988
2023-03-29,INR,89.2985
2023-03-29,JPY,143.58
2023-03-29,KRW,1411.29
2023-03-29,MXN,19.7327
2023-03-29,PHP,59.007
2023-03-29,PLN,4.687
2023-03-29,SEK,11.2955
2023-03-29,SGD,1.4425
2023-03-29,USD,1.0847
2023-03-29,ZAR,19.6494
2023-03-30,AUD,1.6263
2023-03-30,BRL,5.5531
2023-03-30,CAD,1.474
2023-03-30,CHF,0.9963
2023-03-30,GBP,0.88164
2023-03-30,INR,89.3575
2023-03-30,JPY,144.42
2023-03-30,KRW,1413.65
2023-03-30,MXN,19.6843
2023-03-30,PHP,59.166
2023-03-30,PLN,4.6813
2023-03-30,SEK,11.3037
2023-03-30,SGD,1.4465
2023-03-30,USD,1.0886
2023-03-30,ZAR,19.646
2023-03-31,AUD,1.6268
2023-03-31,BRL,5.5158
2023-03-31,CAD,1.4737
2023-03-31,CHF,0.9968
2023-03-31,GBP,0.8792
2023-03-31,INR,89.3995
2023-03-31,JPY,144.83
2023-03-31,KRW,1420.26
2023-03-31,MXN,19.6392
2023-03-31,PHP,59.05
2023-03-31,PLN,4.67
2023-03-31,SEK,11.2805
2023-03-31,SGD,1.4464
2023-03-31,USD,1.0875
2023-03-31,ZAR,19.3275
2023-04-03,AUD,1.608
2023-04-03,BRL,5.4786
2023-04-03,CAD,1.4628
2023-04-03,CHF,0.9949
2023-04-03,GBP,0.8779
2023-04-03,INR,89.471
2023-04-03,JPY,144.51
2023-04-03,KRW,1429.43
2023-04-03,MXN,19.5519
2023-04-03,PHP,59.383
2023-04-03,PLN,4.6765
2023-04-03,SEK,11.2835
2023-04-03,SGD,1.4464
2023-04-03,USD,1.087
2023-04-03,ZAR,19.4208
2023-04-04,AUD,1.6154
2023-04-04,BRL,5.5121
2023-04-04,CAD,1.4641
2023-04-04,CHF,0.9954
2023-04-04,GBP,0.87333
2023-04-04,INR,89.59
2023-04-04,JPY,144.94
2023-04-04,KRW,1434.69
2023-04-04,MXN,19.6561
2023-04-04,PHP,59.436
2023-04-04,PLN,4.6718
2023-04-04,SEK,11.2525
2023-04-04,SGD,1.4467
2023-04-04,USD,1.0901
2023-04-04,ZAR,19.4414
2023-04-05,AUD,1.6325
2023-04-05,BRL,5.5497
2023-04-05,CAD,1.4719
2023-04-05,CHF,0.9901
2023-04-05,GBP,0.87685
2023-04-05,INR,89.7215
2023-04-05,JPY,143.74
2023-04-05,KRW,1434.8
2023-04-05,MXN,19.8441
2023-04-05,PHP,59.604
2023-04-05,PLN,4.6818
2023-04-05,SEK,11.3265
2023-04-05,SGD,1.4512
2023-04-05,USD,1.094
2023-04-05,ZAR,19.6107
2023-04-06,AUD,1.6312
2023-04-06,BRL,5.5096
2023-04-06,CAD,1.4704
2023-04-06,CHF,0.9878
2023-04-06,GBP,0.87495
2023-04-06,INR,89.3655
2023-04-06,JPY,143.49
2023-04-06,KRW,1438.81
2023-04-06,MXN,19.9624
2023-04-06,PHP,59.562
2023-04-06,PLN,4.6863
2023-04-06,SEK,11.3875
2023-04-06,SGD,1.4507
2023-04-06,USD,1.0915
2023-04-06,ZAR,19.8929
2023-04-11,AUD,1.6387
2023-04-11,BRL,5.5072
2023-04-11,CAD,1.4732
2023-04-11,CHF,0.9868
2023-04-11,GBP,0.87738
2023-04-11,INR,89.5205
2023-04-11,JPY,145.28
2023-04-11,KRW,1441.82
2023-04-11,MXN,19.7901
2023-04-11,PHP,59.996
2023-04-11,PLN,4.669
2023-04-11,SEK,11.4255
2023-04-11,SGD,1.4526
2023-04-11,USD,1.0905
2023-04-11,ZAR,19.9013
2023-04-12,AUD,1.6377
2023-04-12,BRL,5.4635
2023-04-12,CAD,1.4728
2023-04-12,CHF,0.9853
2023-04-12,GBP,0.88038
2023-04-12,INR,89.6875
2023-04-12,JPY,146.09
2023-04-12,KRW,1448.1
2023-04-12,MXN,19.7972
2023-04-12,PHP,60.291
2023-04-12,PLN,4.6631
2023-04-12,SEK,11.348
2023-04-12,SGD,1.4538
2023-04-12,USD,1.0922
2023-04-12,ZAR,20.133
2023-04-13,AUD,1.6343
2023-04-13,BRL,5.4117
2023-04-13,CAD,1.4759
2023-04-13,CHF,0.9804
2023-04-13,GBP,0.88058
2023-04-13,INR,90.1665
2023-04-13,JPY,146.81
2023-04-13,KRW,1441.15
2023-04-13,MXN,19.9235
2023-04-13,PHP,60.972
2023-04-13,PLN,4.632
2023-04-13,SEK,11.3886
2023-04-13,SGD,1.4592
2023-04-13,USD,1.1015
2023-04-13,ZAR,19.971
2023-04-14,AUD,1.6309
2023-04-14,BRL,5.441
2023-04-14,CAD,1.4725
2023-04-14,CHF,0.9827
2023-04-14,GBP,0.8844
2023-04-14,INR,90.3595
2023-04-14,JPY,146.6
2023-04-14,KRW,1438.43
2023-04-14,MXN,19.9598
2023-04-14,PHP,61.122
2023-04-14,PLN,4.6435
2023-04-14,SEK,11.3455
2023-04-14,SGD,1.4665
2023-04-14,USD,1.1057
2023-04-14,ZAR,19.9352
2023-04-17,AUD,1.6356
2023-04-17,BRL,5.3861
2023-04-17,CAD,1.4673
2023-04-17,CHF,0.9812
2023-04-17,GBP,0.88373
2023-04-17,INR,90.0607
2023-04-17,JPY,146.97
2023-04-17,KRW,1444.13
2023-04-17,MXN,19.7526
2023-04-17,PHP,61.449
2023-04-17,PLN,4.6288
2023-04-17,SEK,11.3163
2023-04-17,SGD,1.4615
2023-04-17,USD,1.0981
2023-04-17,ZAR,19.8937
2023-04-18,AUD,1.6276
2023-04-18,BRL,5.3899
2023-04-18,CAD,1.4679
2023-04-18,CHF,0.9831
2023-04-18,GBP,0.88143
2023-04-18,INR,89.9955
2023-04-18,JPY,146.89
2023-04-18,KRW,1445.35
2023-04-18,MXN,19.7174
2023-04-18,PHP,61.73
2023-04-18,PLN,4.618
2023-04-18,SEK,11.2955
2023-04-18,SGD,1.4614
2023-04-18,USD,1.0972
2023-04-18,ZAR,19.9299
2023-04-19,AUD,1.6301
2023-04-19,BRL,5.4843
2023-04-19,CAD,1.4698
2023-04-19,CHF,0.9828
2023-04-19,GBP,0.88108
2023-04-19,INR,89.8985
2023-04-19,JPY,147.24
2023-04-19,KRW,1458.87
2023-04-19,MXN,19.8057
2023-04-19,PHP,61.709
2023-04-19,PLN,4.6238
2023-04-19,SEK,11.306
2023-04-19,SGD,1.4615
2023-04-19,USD,1.0933
2023-04-19,ZAR,19.9808
2023-04-20,AUD,1.629
2023-04-20,BRL,5.5484
2023-04-20,CAD,1.4757
2023-04-20,CHF,0.981
2023-04-20,GBP,0.88153
2023-04-20,INR,89.9365
2023-04-20,JPY,147.46
2023-04-20,KRW,1450.34
2023-04-20,MXN,19.8156
2023-04-20,PHP,61.429
2023-04-20,PLN,4.611
2023-04-20,SEK,11.328
2023-04-20,SGD,1.4599
2023-04-20,USD,1.0944
2023-04-20,ZAR,19.8552
2023-04-21,AUD,1.6394
2023-04-21,BRL,5.5432
2023-04-21,CAD,1.4859
2023-04-21,CHF,0.9795
2023-04-21,GBP,0.8857
2023-04-21,INR,90.109
2023-04-21,JPY,146.92
2023-04-21,KRW,1458.64
2023-04-21,MXN,19.7623
2023-04-21,PHP,61.401
2023-04-21,PLN,4.6108
2023-04-21,SEK,11.3315
2023-04-21,SGD,1.4651
2023-04-21,USD,1.0978
2023-04-21,ZAR,19.8967
2023-04-24,AUD,1.6468
2023-04-24,BRL,5.5788
2023-04-24,CAD,1.4906
2023-04-24,CHF,0.98
2023-04-24,GBP,0.88463
2023-04-24,INR,90.1255
2023-04-24,JPY,148.17
2023-04-24,KRW,1468.59
2023-04-24,MXN,19.8331
2023-04-24,PHP,61.336
2023-04-24,PLN,4.6055
2023-04-24,SEK,11.309
2023-04-24,SGD,1.4684
2023-04-24,USD,1.1002
2023-04-24,ZAR,19.9476
2023-04-25,AUD,1.6564
2023-04-25,BRL,5.5729
2023-04-25,CAD,1.4984
2023-04-25,CHF,0.9786
2023-04-25,GBP,0.88645
2023-04-25,INR,90.331
2023-04-25,JPY,147.91
2023-04-25,KRW,1475.7
2023-04-25,MXN,19.8039
2023-04-25,PHP,61.205
2023-04-25,PLN,4.59
2023-04-25,SEK,11.3045
2023-04-25,SGD,1.4735
2023-04-25,USD,1.1022
2023-04-25,ZAR,20.1501
2023-04-26,AUD,1.6725
2023-04-26,BRL,5.5739
2023-04-26,CAD,1.5035
2023-04-26,CHF,0.9824
2023-04-26,GBP,0.8856
2023-04-26,INR,90.2465
2023-04-26,JPY,147.67
2023-04-26,KRW,1476.66
2023-04-26,MXN,19.9388
2023-04-26,PHP,61.454
2023-04-26,PLN,4.5928
2023-04-26,SEK,11.3855
2023-04-26,SGD,1.4745
2023-04-26,USD,1.1039
2023-04-26,ZAR,20.308
2023-04-27,AUD,1.6672
2023-04-27,BRL,5.5532
2023-04-27,CAD,1.5041
2023-04-27,CHF,0.9862
2023-04-27,GBP,0.88428
2023-04-27,INR,90.3185
2023-04-27,JPY,147.16
2023-04-27,KRW,1480.87
2023-04-27,MXN,20.0182
2023-04-27,PHP,61.526
2023-04-27,PLN,4.59
2023-04-27,SEK,11.3805
2023-04-27,SGD,1.4749
2023-04-27,USD,1.1042
2023-04-27,ZAR,20.1452
2023-04-28,AUD,1.6664
2023-04-28,BRL,5.4872
2023-04-28,CAD,1.4981
2023-04-28,CHF,0.9839
2023-04-28,GBP,0.8805
2023-04-28,INR,89.8555
2023-04-28,JPY,149.35
2023-04-28,KRW,1470.89
2023-04-28,MXN,19.8182
2023-04-28,PHP,60.923
2023-04-28,PLN,4.5815
2023-04-28,SEK,11.3515
2023-04-28,SGD,1.4679
2023-04-28,USD,1.0981
2023-04-28,ZAR,20.1558
2023-05-02,AUD,1.6371
2023-05-02,BRL,5.4853
2023-05-02,CAD,1.4885
2023-05-02,CHF,0.9841
2023-05-02,GBP,0.87868
2023-05-02,INR,89.7515
2023-05-02,JPY,150.7
2023-05-02,KRW,1470.32
2023-05-02,MXN,19.6703
2023-05-02,PHP,60.712
2023-05-02,PLN,4.5758
2023-05-02,SEK,11.2915
2023-05-02,SGD,1.4646
2023-05-02,USD,1.0965
2023-05-02,ZAR,20.146
2023-05-03,AUD,1.6564
2023-05-03,BRL,5.5521
2023-05-03,CAD,1.5045
2023-05-03,CHF,0.9809
2023-05-03,GBP,0.88265
2023-05-03,INR,90.3465
2023-05-03,JPY,149.66
2023-05-03,KRW,1472.7
2023-05-03,MXN,19.8311
2023-05-03,PHP,61.083
2023-05-03,PLN,4.582
2023-05-03,SEK,11.3265
2023-05-03,SGD,1.4704
2023-05-03,USD,1.1043
2023-05-03,ZAR,20.1657
2023-05-04,AUD,1.6585
2023-05-04,BRL,5.5194
2023-05-04,CAD,1.5072
2023-05-04,CHF,0.9802
2023-05-04,GBP,0.88015
2023-05-04,INR,90.5495
2023-05-04,JPY,148.92
2023-05-04,KRW,1465.69
2023-05-04,MXN,19.8208
2023-05-04,PHP,61.286
2023-05-04,PLN,4.5905
2023-05-04,SEK,11.341
2023-05-04,SGD,1.4695
2023-05-04,USD,1.1074
2023-05-04,ZAR,20.1357
2023-05-05,AUD,1.6379
2023-05-05,BRL,5.496
2023-05-05,CAD,1.486
2023-05-05,CHF,0.9828
2023-05-05,GBP,0.87378
2023-05-05,INR,90.001
2023-05-05,JPY,147.8
2023-05-05,KRW,1451.9
2023-05-05,MXN,19.7073
2023-05-05,PHP,60.83
2023-05-05,PLN,4.577
2023-05-05,SEK,11.2365
2023-05-05,SGD,1.46
2023-05-05,USD,1.1014
2023-05-05,ZAR,20.2345
2023-05-08,AUD,1.6244
2023-05-08,BRL,5.4613
2023-05-08,CAD,1.471
2023-05-08,CHF,0.9813
2023-05-08,GBP,0.87228
2023-05-08,INR,90.2775
2023-05-08,JPY,149.15
2023-05-08,KRW,1458.26
2023-05-08,MXN,19.6393
2023-05-08,PHP,61.015
2023-05-08,PLN,4.5693
2023-05-08,SEK,11.2012
2023-05-08,SGD,1.462
2023-05-08,USD,1.1037
2023-05-08,ZAR,20.2552
2023-05-09,AUD,1.6217
2023-05-09,BRL,5.4863
2023-05-09,CAD,1.4679
2023-05-09,CHF,0.9788
2023-05-09,GBP,0.8699
2023-05-09,INR,89.9495
2023-05-09,JPY,147.97
2023-05-09,KRW,1451.9
2023-05-09,MXN,19.497
2023-05-09,PHP,61.123
2023-05-09,PLN,4.5723
2023-05-09,SEK,11.1885
2023-05-09,SGD,1.4544
2023-05-09,USD,1.0959
2023-05-09,ZAR,20.2003
2023-05-10,AUD,1.6222
2023-05-10,BRL,5.4497
2023-05-10,CAD,1.4657
2023-05-10,CHF,0.9771
2023-05-10,GBP,0.86813
2023-05-10,INR,89.8185
2023-05-10,JPY,148.18
2023-05-10,KRW,1449.79
2023-05-10,MXN,19.3954
2023-05-10,PHP,60.995
2023-05-10,PLN,4.5363
2023-05-10,SEK,11.1938
2023-05-10,SGD,1.4541
2023-05-10,USD,1.095
2023-05-10,ZAR,20.5005
2023-05-11,AUD,1.6226
2023-05-11,BRL,5.4218
2023-05-11,CAD,1.4672
2023-05-11,CHF,0.9758
2023-05-11,GBP,0.86795
2023-05-11,INR,89.6905
2023-05-11,JPY,146.54
2023-05-11,KRW,1451.78
2023-05-11,MXN,19.2241
2023-05-11,PHP,60.859
2023-05-11,PLN,4.5238
2023-05-11,SEK,11.2184
2023-05-11,SGD,1.451
2023-05-11,USD,1.093
2023-05-11,ZAR,20.7485
2023-05-12,AUD,1.631
2023-05-12,BRL,5.3844
2023-05-12,CAD,1.4702
2023-05-12,CHF,0.9744
2023-05-12,GBP,0.8702
2023-05-12,INR,89.52
2023-05-12,JPY,147.02
2023-05-12,KRW,1455.02
2023-05-12,MXN,19.2067
2023-05-12,PHP,60.804
2023-05-12,PLN,4.5343
2023-05-12,SEK,11.2425
2023-05-12,SGD,1.4534
2023-05-12,USD,1.0892
2023-05-12,ZAR,20.943
2023-05-15,AUD,1.6261
2023-05-15,BRL,5.3431
2023-05-15,CAD,1.4684
2023-05-15,CHF,0.9747
2023-05-15,GBP,0.86943
2023-05-15,INR,89.499
2023-05-15,JPY,148.15
2023-05-15,KRW,1453.79
2023-05-15,MXN,19.0872
2023-05-15,PHP,60.984
2023-05-15,PLN,4.5078
2023-05-15,SEK,11.2905
2023-05-15,SGD,1.4548
2023-05-15,USD,1.0876
2023-05-15,ZAR,20.7496
2023-05-16,AUD,1.6307
2023-05-16,BRL,5.334
2023-05-16,CAD,1.4652
2023-05-16,CHF,0.9732
2023-05-16,GBP,0.86938
2023-05-16,INR,89.4655
2023-05-16,JPY,147.89
2023-05-16,KRW,1458.78
2023-05-16,MXN,18.9822
2023-05-16,PHP,61.001
2023-05-16,PLN,4.4865
2023-05-16,SEK,11.2765
2023-05-16,SGD,1.4545
2023-05-16,USD,1.0881
2023-05-16,ZAR,20.7496
2023-05-17,AUD,1.6273
2023-05-17,BRL,5.3728
2023-05-17,CAD,1.4609
2023-05-17,CHF,0.9746
2023-05-17,GBP,0.86895
2023-05-17,INR,89.1878
2023-05-17,JPY,148.31
2023-05-17,KRW,1448.48
2023-05-17,MXN,19.0493
2023-05-17,PHP,60.793
2023-05-17,PLN,4.507
2023-05-17,SEK,11.325
2023-05-17,SGD,1.4542
2023-05-17,USD,1.0829
2023-05-17,ZAR,20.8793
2023-05-18,AUD,1.6285
2023-05-18,BRL,5.3612
2023-05-18,CAD,1.4568
2023-05-18,CHF,0.9735
2023-05-18,GBP,0.8689
2023-05-18,INR,89.2915
2023-05-18,JPY,149.08
2023-05-18,KRW,1442.07
2023-05-18,MXN,19.146
2023-05-18,PHP,60.324
2023-05-18,PLN,4.543
2023-05-18,SEK,11.3609
2023-05-18,SGD,1.4544
2023-05-18,USD,1.0813
2023-05-18,ZAR,20.9693
2023-05-19,AUD,1.6231
2023-05-19,BRL,5.3554
2023-05-19,CAD,1.4575
2023-05-19,CHF,0.9738
2023-05-19,GBP,0.8684
2023-05-19,INR,89.4215
2023-05-19,JPY,149.55
2023-05-19,KRW,1432.76
2023-05-19,MXN,19.085
2023-05-19,PHP,60.26
2023-05-19,PLN,4.5205
2023-05-19,SEK,11.3695
2023-05-19,SGD,1.4538
2023-05-19,USD,1.0808
2023-05-19,ZAR,20.8848
2023-05-22,AUD,1.6294
2023-05-22,BRL,5.4056
2023-05-22,CAD,1.4618
2023-05-22,CHF,0.97
2023-05-22,GBP,0.86846
2023-05-22,INR,89.671
2023-05-22,JPY,149.64
2023-05-22,KRW,1423.76
2023-05-22,MXN,19.3742
2023-05-22,PHP,60.353
2023-05-22,PLN,4.5133
2023-05-22,SEK,11.3765
2023-05-22,SGD,1.4554
2023-05-22,USD,1.0822
2023-05-22,ZAR,20.9137
2023-05-23,AUD,1.6282
2023-05-23,BRL,5.3649
2023-05-23,CAD,1.4571
2023-05-23,CHF,0.9718
2023-05-23,GBP,0.86993
2023-05-23,INR,89.2675
2023-05-23,JPY,149.2
2023-05-23,KRW,1422.75
2023-05-23,MXN,19.3225
2023-05-23,PHP,60.052
2023-05-23,PLN,4.5018
2023-05-23,SEK,11.4494
2023-05-23,SGD,1.4527
2023-05-23,USD,1.0779
2023-05-23,ZAR,20.792
2023-05-24,AUD,1.6402
2023-05-24,BRL,5.3397
2023-05-24,CAD,1.46
2023-05-24,CHF,0.9732
2023-05-24,GBP,0.86993
2023-05-24,INR,89.1473
2023-05-24,JPY,149.3
2023-05-24,KRW,1421.92
2023-05-24,MXN,19.2493
2023-05-24,PHP,60.068
2023-05-24,PLN,4.49
2023-05-24,SEK,11.5103
2023-05-24,SGD,1.4526
2023-05-24,USD,1.0785
2023-05-24,ZAR,20.7479
2023-05-25,AUD,1.6443
2023-05-25,BRL,5.332
2023-05-25,CAD,1.4599
2023-05-25,CHF,0.9708
2023-05-25,GBP,0.86793
2023-05-25,INR,88.8055
2023-05-25,JPY,149.63
2023-05-25,KRW,1424.3
2023-05-25,MXN,19.0797
2023-05-25,PHP,60.132
2023-05-25,PLN,4.511
2023-05-25,SEK,11.549
2023-05-25,SGD,1.4515
2023-05-25,USD,1.0735
2023-05-25,ZAR,20.7466
2023-05-26,AUD,1.6439
2023-05-26,BRL,5.3878
2023-05-26,CAD,1.463
2023-05-26,CHF,0.9707
2023-05-26,GBP,0.86813
2023-05-26,INR,88.8049
2023-05-26,JPY,150.24
2023-05-26,KRW,1425.46
2023-05-26,MXN,19.069
2023-05-26,PHP,60.011
2023-05-26,PLN,4.5354
2023-05-26,SEK,11.528
2023-05-26,SGD,1.452
2023-05-26,USD,1.0751
2023-05-26,ZAR,21.0148
2023-05-29,AUD,1.6384
2023-05-29,BRL,5.346
2023-05-29,CAD,1.4564
2023-05-29,CHF,0.9683
2023-05-29,GBP,0.86805
2023-05-29,INR,88.52
2023-05-29,JPY,150.29
2023-05-29,KRW,1417.96
2023-05-29,MXN,18.8519
2023-05-29,PHP,60.077
2023-05-29,PLN,4.52
2023-05-29,SEK,11.5956
2023-05-29,SGD,1.4499
2023-05-29,USD,1.0715
2023-05-29,ZAR,21.0611
2023-05-30,AUD,1.6397
2023-05-30,BRL,5.3756
2023-05-30,CAD,1.4586
2023-05-30,CHF,0.969
2023-05-30,GBP,0.86365
2023-05-30,INR,88.7985
2023-05-30,JPY,150.01
2023-05-30,KRW,1415.24
2023-05-30,MXN,18.8465
2023-05-30,PHP,60.474
2023-05-30,PLN,4.5235
2023-05-30,SEK,11.634
2023-05-30,SGD,1.45
2023-05-30,USD,1.0744
2023-05-30,ZAR,21.1269
2023-05-31,AUD,1.6497
2023-05-31,BRL,5.4288
2023-05-31,CAD,1.4582
2023-05-31,CHF,0.9724
2023-05-31,GBP,0.86405
2023-05-31,INR,88.34
2023-05-31,JPY,149.13
2023-05-31,KRW,1416.29
2023-05-31,MXN,18.9263
2023-05-31,PHP,60.053
2023-05-31,PLN,4.5368
2023-05-31,SEK,11.6278
2023-05-31,SGD,1.4467
2023-05-31,USD,1.0683
2023-05-31,ZAR,21.1353
2023-06-01,AUD,1.6407
2023-06-01,BRL,5.4032
2023-06-01,CAD,1.4514
2023-06-01,CHF,0.9732
2023-06-01,GBP,0.85823
2023-06-01,INR,88.207
2023-06-01,JPY,149.25
2023-06-01,KRW,1413.23
2023-06-01,MXN,18.8695
2023-06-01,PHP,60.057
2023-06-01,PLN,4.541
2023-06-01,SEK,11.6455
2023-06-01,SGD,1.4466
2023-06-01,USD,1.0697
2023-06-01,ZAR,21.1567
2023-06-02,AUD,1.6248
2023-06-02,BRL,5.3752
2023-06-02,CAD,1.4443
2023-06-02,CHF,0.9758
2023-06-02,GBP,0.8593
2023-06-02,INR,88.638
2023-06-02,JPY,149.46
2023-06-02,KRW,1401.66
2023-06-02,MXN,18.8527
2023-06-02,PHP,60.132
2023-06-02,PLN,4.4975
2023-06-02,SEK,11.5505
2023-06-02,SGD,1.4474
2023-06-02,USD,1.0763
2023-06-02,ZAR,20.9461
2023-06-05,AUD,1.6219
2023-06-05,BRL,5.2959
2023-06-05,CAD,1.4367
2023-06-05,CHF,0.9732
2023-06-05,GBP,0.86323
2023-06-05,INR,88.3255
2023-06-05,JPY,149.96
2023-06-05,KRW,1396.49
2023-06-05,MXN,18.7675
2023-06-05,PHP,60.067
2023-06-05,PLN,4.4735
2023-06-05,SEK,11.642
2023-06-05,SGD,1.4451
2023-06-05,USD,1.069
2023-06-05,ZAR,20.6855
2023-06-06,AUD,1.6038
2023-06-06,BRL,5.2538
2023-06-06,CAD,1.4342
2023-06-06,CHF,0.9698
2023-06-06,GBP,0.86103
2023-06-06,INR,88.2295
2023-06-06,JPY,149.09
2023-06-06,KRW,1388.93
2023-06-06,MXN,18.6436
2023-06-06,PHP,60.064
2023-06-06,PLN,4.4915
2023-06-06,SEK,11.6215
2023-06-06,SGD,1.4411
2023-06-06,USD,1.0683
2023-06-06,ZAR,20.5593
2023-06-07,AUD,1.6004
2023-06-07,BRL,5.2607
2023-06-07,CAD,1.4351
2023-06-07,CHF,0.9704
2023-06-07,GBP,0.8597
2023-06-07,INR,88.416
2023-06-07,JPY,149.42
2023-06-07,KRW,1394.04
2023-06-07,MXN,18.6078
2023-06-07,PHP,60.002
2023-06-07,PLN,4.4695
2023-06-07,SEK,11.6255
2023-06-07,SGD,1.4432
2023-06-07,USD,1.0717
2023-06-07,ZAR,20.3986
2023-06-08,AUD,1.6061
2023-06-08,BRL,5.2866
2023-06-08,CAD,1.4342
2023-06-08,CHF,0.9751
2023-06-08,GBP,0.86113
2023-06-08,INR,88.617
2023-06-08,JPY,149.98
2023-06-08,KRW,1399.86
2023-06-08,MXN,18.6188
2023-06-08,PHP,60.228
2023-06-08,PLN,4.4788
2023-06-08,SEK,11.648
2023-06-08,SGD,1.446
2023-06-08,USD,1.0737
2023-06-08,ZAR,20.3284
2023-06-09,AUD,1.6023
2023-06-09,BRL,5.2965
2023-06-09,CAD,1.4362
2023-06-09,CHF,0.9716
2023-06-09,GBP,0.85795
2023-06-09,INR,88.89
2023-06-09,JPY,150.24
2023-06-09,KRW,1391.11
2023-06-09,MXN,18.7356
2023-06-09,PHP,60.426
2023-06-09,PLN,4.4605
2023-06-09,SEK,11.673
2023-06-09,SGD,1.448
2023-06-09,USD,1.078
2023-06-09,ZAR,20.1806
2023-06-12,AUD,1.592
2023-06-12,BRL,5.2549
2023-06-12,CAD,1.4357
2023-06-12,CHF,0.9751
2023-06-12,GBP,0.85678
2023-06-12,INR,88.733
2023-06-12,JPY,150.03
2023-06-12,KRW,1385.76
2023-06-12,MXN,18.5997
2023-06-12,PHP,60.326
2023-06-12,PLN,4.4395
2023-06-12,SEK,11.6185
2023-06-12,SGD,1.4457
2023-06-12,USD,1.0765
2023-06-12,ZAR,19.983
2023-06-13,AUD,1.5922
2023-06-13,BRL,5.2469
2023-06-13,CAD,1.4403
2023-06-13,CHF,0.9784
2023-06-13,GBP,0.8585
2023-06-13,INR,88.863
2023-06-13,JPY,150.62
2023-06-13,KRW,1373.73
2023-06-13,MXN,18.6655
2023-06-13,PHP,60.252
2023-06-13,PLN,4.475
2023-06-13,SEK,11.64
2023-06-13,SGD,1.4467
2023-06-13,USD,1.0793
2023-06-13,ZAR,20.1087
2023-06-14,AUD,1.5915
2023-06-14,BRL,5.2489
2023-06-14,CAD,1.4378
2023-06-14,CHF,0.9751
2023-06-14,GBP,0.85455
2023-06-14,INR,88.6945
2023-06-14,JPY,151.21
2023-06-14,KRW,1380.92
2023-06-14,MXN,18.6113
2023-06-14,PHP,60.437
2023-06-14,PLN,4.4553
2023-06-14,SEK,11.5605
2023-06-14,SGD,1.4499
2023-06-14,USD,1.0809
2023-06-14,ZAR,19.912
2023-06-15,AUD,1.5924
2023-06-15,BRL,5.2244
2023-06-15,CAD,1.4415
2023-06-15,CHF,0.9761
2023-06-15,GBP,0.85555
2023-06-15,INR,88.9825
2023-06-15,JPY,152.86
2023-06-15,KRW,1387.6
2023-06-15,MXN,18.5832
2023-06-15,PHP,60.638
2023-06-15,PLN,4.4693
2023-06-15,SEK,11.6206
2023-06-15,SGD,1.4543
2023-06-15,USD,1.0819
2023-06-15,ZAR,19.9252
2023-06-16,AUD,1.5941
2023-06-16,BRL,5.279
2023-06-16,CAD,1.45
2023-06-16,CHF,0.977
2023-06-16,GBP,0.85428
2023-06-16,INR,89.7953
2023-06-16,JPY,154.65
2023-06-16,KRW,1397.67
2023-06-16,MXN,18.7771
2023-06-16,PHP,61.246
2023-06-16,PLN,4.4728
2023-06-16,SEK,11.5925
2023-06-16,SGD,1.4647
2023-06-16,USD,1.0966
2023-06-16,ZAR,19.9021
2023-06-19,AUD,1.5964
2023-06-19,BRL,5.2588
2023-06-19,CAD,1.4411
2023-06-19,CHF,0.9772
2023-06-19,GBP,0.85268
2023-06-19,INR,89.5125
2023-06-19,JPY,154.94
2023-06-19,KRW,1400.93
2023-06-19,MXN,18.6768
2023-06-19,PHP,60.883
2023-06-19,PLN,4.457
2023-06-19,SEK,11.6943
2023-06-19,SGD,1.4646
2023-06-19,USD,1.0922
2023-06-19,ZAR,19.8497
2023-06-20,AUD,1.612
2023-06-20,BRL,5.2376
2023-06-20,CAD,1.4473
2023-06-20,CHF,0.9808
2023-06-20,GBP,0.85705
2023-06-20,INR,89.7525
2023-06-20,JPY,154.51
2023-06-20,KRW,1406.33
2023-06-20,MXN,18.6991
2023-06-20,PHP,60.763
2023-06-20,PLN,4.4463
2023-06-20,SEK,11.758
2023-06-20,SGD,1.4688
2023-06-20,USD,1.0933
2023-06-20,ZAR,19.9724
2023-06-21,AUD,1.6154
2023-06-21,BRL,5.2273
2023-06-21,CAD,1.4435
2023-06-21,CHF,0.9803
2023-06-21,GBP,0.85828
2023-06-21,INR,89.5765
2023-06-21,JPY,154.89
2023-06-21,KRW,1413.88
2023-06-21,MXN,18.7393
2023-06-21,PHP,60.747
2023-06-21,PLN,4.4328
2023-06-21,SEK,11.7563
2023-06-21,SGD,1.4678
2023-06-21,USD,1.0923
2023-06-21,ZAR,20.0783
2023-06-22,AUD,1.6194
2023-06-22,BRL,5.2331
2023-06-22,CAD,1.4463
2023-06-22,CHF,0.9825
2023-06-22,GBP,0.86115
2023-06-22,INR,90.03
2023-06-22,JPY,156.05
2023-06-22,KRW,1424.62
2023-06-22,MXN,18.8431
2023-06-22,PHP,61.133
2023-06-22,PLN,4.4253
2023-06-22,SEK,11.7224
2023-06-22,SGD,1.4741
2023-06-22,USD,1.0985
2023-06-22,ZAR,20.2575
2023-06-23,AUD,1.6285
2023-06-23,BRL,5.2235
2023-06-23,CAD,1.438
2023-06-23,CHF,0.9773
2023-06-23,GBP,0.85479
2023-06-23,INR,89.2205
2023-06-23,JPY,155.84
2023-06-23,KRW,1425.92
2023-06-23,MXN,18.7706
2023-06-23,PHP,60.696
2023-06-23,PLN,4.4238
2023-06-23,SEK,11.675
2023-06-23,SGD,1.4726
2023-06-23,USD,1.0884
2023-06-23,ZAR,20.3652
2023-06-26,AUD,1.6346
2023-06-26,BRL,5.2177
2023-06-26,CAD,1.4354
2023-06-26,CHF,0.9737
2023-06-26,GBP,0.85878
2023-06-26,INR,89.5565
2023-06-26,JPY,156.41
2023-06-26,KRW,1425.57
2023-06-26,MXN,18.6863
2023-06-26,PHP,60.863
2023-06-26,PLN,4.4363
2023-06-26,SEK,11.6825
2023-06-26,SGD,1.4765
2023-06-26,USD,1.0918
2023-06-26,ZAR,20.3145
2023-06-27,AUD,1.6369
2023-06-27,BRL,5.2311
2023-06-27,CAD,1.4408
2023-06-27,CHF,0.9789
2023-06-27,GBP,0.8599
2023-06-27,INR,89.7945
2023-06-27,JPY,157.14
2023-06-27,KRW,1424.2
2023-06-27,MXN,18.7091
2023-06-27,PHP,60.547
2023-06-27,PLN,4.4283
2023-06-27,SEK,11.7405
2023-06-27,SGD,1.4767
2023-06-27,USD,1.0951
2023-06-27,ZAR,20.2234
2023-06-28,AUD,1.6525
2023-06-28,BRL,5.294
2023-06-28,CAD,1.4491
2023-06-28,CHF,0.9822
2023-06-28,GBP,0.8642
2023-06-28,INR,89.7465
2023-06-28,JPY,157.82
2023-06-28,KRW,1434.33
2023-06-28,MXN,18.6835
2023-06-28,PHP,60.4
2023-06-28,PLN,4.4763
2023-06-28,SEK,11.795
2023-06-28,SGD,1.4799
2023-06-28,USD,1.0938
2023-06-28,ZAR,20.4828
2023-06-29,AUD,1.648
2023-06-29,BRL,5.3006
2023-06-29,CAD,1.4503
2023-06-29,CHF,0.9783
2023-06-29,GBP,0.864
2023-06-29,INR,89.7065
2023-06-29,JPY,157.74
2023-06-29,KRW,1438.77
2023-06-29,MXN,18.6836
2023-06-29,PHP,60.46
2023-06-29,PLN,4.4485
2023-06-29,SEK,11.8175
2023-06-29,SGD,1.479
2023-06-29,USD,1.0938
2023-06-29,ZAR,20.4645
2023-06-30,AUD,1.6398
2023-06-30,BRL,5.2788
2023-06-30,CAD,1.4415
2023-06-30,CHF,0.9788
2023-06-30,GBP,0.85828
2023-06-30,INR,89.2065
2023-06-30,JPY,157.16
2023-06-30,KRW,1435.88
2023-06-30,MXN,18.5614
2023-06-30,PHP,60.082
2023-06-30,PLN,4.4388
2023-06-30,SEK,11.8055
2023-06-30,SGD,1.4732
2023-06-30,USD,1.0866
2023-06-30,ZAR,20.5785
2023-07-03,AUD,1.6383
2023-07-03,BRL,5.2083
2023-07-03,CAD,1.4441
2023-07-03,CHF,0.98
2023-07-03,GBP,0.8598
2023-07-03,INR,89.3225
2023-07-03,JPY,157.81
2023-07-03,KRW,1425.74
2023-07-03,MXN,18.661
2023-07-03,PHP,60.27
2023-07-03,PLN,4.4385
2023-07-03,SEK,11.833
2023-07-03,SGD,1.4736
2023-07-03,USD,1.0899
2023-07-03,ZAR,20.4435
2023-07-04,AUD,1.6286
2023-07-04,BRL,5.2293
2023-07-04,CAD,1.4403
2023-07-04,CHF,0.9762
2023-07-04,GBP,0.85673
2023-07-04,INR,89.358
2023-07-04,JPY,157.34
2023-07-04,KRW,1414.61
2023-07-04,MXN,18.5663
2023-07-04,PHP,60.165
2023-07-04,PLN,4.4215
2023-07-04,SEK,11.812
2023-07-04,SGD,1.4694
2023-07-04,USD,1.0895
2023-07-04,ZAR,20.3147
2023-07-05,AUD,1.6329
2023-07-05,BRL,5.2933
2023-07-05,CAD,1.4447
2023-07-05,CHF,0.9782
2023-07-05,GBP,0.85685
2023-07-05,INR,89.5175
2023-07-05,JPY,157.26
2023-07-05,KRW,1415.29
2023-07-05,MXN,18.5602
2023-07-05,PHP,60.328
2023-07-05,PLN,4.4558
2023-07-05,SEK,11.8295
2023-07-05,SGD,1.4714
2023-07-05,USD,1.0879
2023-07-05,ZAR,20.3894
2023-07-06,AUD,1.6308
2023-07-06,BRL,5.2926
2023-07-06,CAD,1.4489
2023-07-06,CHF,0.9757
2023-07-06,GBP,0.8531
2023-07-06,INR,89.849
2023-07-06,JPY,156.57
2023-07-06,KRW,1419.79
2023-07-06,MXN,18.6009
2023-07-06,PHP,60.543
2023-07-06,PLN,4.4753
2023-07-06,SEK,11.9045
2023-07-06,SGD,1.4712
2023-07-06,USD,1.0899
2023-07-06,ZAR,20.6276
2023-07-07,AUD,1.6416
2023-07-07,BRL,5.3527
2023-07-07,CAD,1.4557
2023-07-07,CHF,0.9754
2023-07-07,GBP,0.85298
2023-07-07,INR,90.0465
2023-07-07,JPY,156.01
2023-07-07,KRW,1421.91
2023-07-07,MXN,18.7883
2023-07-07,PHP,60.495
2023-07-07,PLN,4.4838
2023-07-07,SEK,11.9075
2023-07-07,SGD,1.4717
2023-07-07,USD,1.0888
2023-07-07,ZAR,20.7915
2023-07-10,AUD,1.6488
2023-07-10,BRL,5.3246
2023-07-10,CAD,1.4552
2023-07-10,CHF,0.9753
2023-07-10,GBP,0.85733
2023-07-10,INR,90.4985
2023-07-10,JPY,155.73
2023-07-10,KRW,1429.51
2023-07-10,MXN,18.7544
2023-07-10,PHP,60.996
2023-07-10,PLN,4.4508
2023-07-10,SEK,11.8745
2023-07-10,SGD,1.4773
2023-07-10,USD,1.0956
2023-07-10,ZAR,20.6523
2023-07-11,AUD,1.6493
2023-07-11,BRL,5.3679
2023-07-11,CAD,1.4588
2023-07-11,CHF,0.9693
2023-07-11,GBP,0.8511
2023-07-11,INR,90.5655
2023-07-11,JPY,154.27
2023-07-11,KRW,1422.26
2023-07-11,MXN,18.7556
2023-07-11,PHP,60.787
2023-07-11,PLN,4.4563
2023-07-11,SEK,11.76
2023-07-11,SGD,1.4748
2023-07-11,USD,1.0989
2023-07-11,ZAR,20.4953
2023-07-12,AUD,1.6479
2023-07-12,BRL,5.3477
2023-07-12,CAD,1.4574
2023-07-12,CHF,0.9683
2023-07-12,GBP,0.85378
2023-07-12,INR,90.7173
2023-07-12,JPY,153.84
2023-07-12,KRW,1420.8
2023-07-12,MXN,18.7485
2023-07-12,PHP,60.463
2023-07-12,PLN,4.4473
2023-07-12,SEK,11.68
2023-07-12,SGD,1.4751
2023-07-12,USD,1.1022
2023-07-12,ZAR,20.3368
2023-07-13,AUD,1.6299
2023-07-13,BRL,5.3747
2023-07-13,CAD,1.4714
2023-07-13,CHF,0.9644
2023-07-13,GBP,0.85553
2023-07-13,INR,91.7935
2023-07-13,JPY,154.84
2023-07-13,KRW,1418.67
2023-07-13,MXN,18.9248
2023-07-13,PHP,60.78
2023-07-13,PLN,4.4323
2023-07-13,SEK,11.51
2023-07-13,SGD,1.4816
2023-07-13,USD,1.1182
2023-07-13,ZAR,20.2148
2023-07-14,AUD,1.635
2023-07-14,BRL,5.3847
2023-07-14,CAD,1.4728
2023-07-14,CHF,0.9649
2023-07-14,GBP,0.8559
2023-07-14,INR,92.1985
2023-07-14,JPY,155.51
2023-07-14,KRW,1423.03
2023-07-14,MXN,18.9497
2023-07-14,PHP,61.135
2023-07-14,PLN,4.449
2023-07-14,SEK,11.493
2023-07-14,SGD,1.482
2023-07-14,USD,1.1221
2023-07-14,ZAR,20.2032
2023-07-17,AUD,1.6487
2023-07-17,BRL,5.396
2023-07-17,CAD,1.4845
2023-07-17,CHF,0.9652
2023-07-17,GBP,0.85873
2023-07-17,INR,92.1073
2023-07-17,JPY,155.38
2023-07-17,KRW,1421.92
2023-07-17,MXN,18.8477
2023-07-17,PHP,61.125
2023-07-17,PLN,4.4508
2023-07-17,SEK,11.4873
2023-07-17,SGD,1.4839
2023-07-17,USD,1.123
2023-07-17,ZAR,20.2582
2023-07-18,AUD,1.6523
2023-07-18,BRL,5.4001
2023-07-18,CAD,1.4862
2023-07-18,CHF,0.9647
2023-07-18,GBP,0.85838
2023-07-18,INR,92.3335
2023-07-18,JPY,155.4
2023-07-18,KRW,1419.52
2023-07-18,MXN,18.8029
2023-07-18,PHP,61.261
2023-07-18,PLN,4.4458
2023-07-18,SEK,11.504
2023-07-18,SGD,1.4866
2023-07-18,USD,1.1255
2023-07-18,ZAR,20.1525
2023-07-19,AUD,1.6582
2023-07-19,BRL,5.3996
2023-07-19,CAD,1.4795
2023-07-19,CHF,0.9628
2023-07-19,GBP,0.86918
2023-07-19,INR,92.1095
2023-07-19,JPY,156.76
2023-07-19,KRW,1420.32
2023-07-19,MXN,18.8119
2023-07-19,PHP,61.272
2023-07-19,PLN,4.4508
2023-07-19,SEK,11.476
2023-07-19,SGD,1.4875
2023-07-19,USD,1.1222
2023-07-19,ZAR,20.1074
2023-07-20,AUD,1.6416
2023-07-20,BRL,5.3665
2023-07-20,CAD,1.4716
2023-07-20,CHF,0.9635
2023-07-20,GBP,0.8692
2023-07-20,INR,91.781
2023-07-20,JPY,156.35
2023-07-20,KRW,1423.23
2023-07-20,MXN,18.7998
2023-07-20,PHP,61.068
2023-07-20,PLN,4.4513
2023-07-20,SEK,11.4795
2023-07-20,SGD,1.4807
2023-07-20,USD,1.1197
2023-07-20,ZAR,19.965
2023-07-21,AUD,1.651
2023-07-21,BRL,5.3437
2023-07-21,CAD,1.4668
2023-07-21,CHF,0.963
2023-07-21,GBP,0.86706
2023-07-21,INR,91.175
2023-07-21,JPY,157.63
2023-07-21,KRW,1429.52
2023-07-21,MXN,18.8531
2023-07-21,PHP,60.876
2023-07-21,PLN,4.4583
2023-07-21,SEK,11.5517
2023-07-21,SGD,1.4792
2023-07-21,USD,1.1123
2023-07-21,ZAR,20.0385
2023-07-24,AUD,1.6469
2023-07-24,BRL,5.2981
2023-07-24,CAD,1.4635
2023-07-24,CHF,0.9595
2023-07-24,GBP,0.8635
2023-07-24,INR,90.78
2023-07-24,JPY,156.47
2023-07-24,KRW,1420.86
2023-07-24,MXN,18.7332
2023-07-24,PHP,60.59
2023-07-24,PLN,4.446
2023-07-24,SEK,11.5495
2023-07-24,SGD,1.4762
2023-07-24,USD,1.1096
2023-07-24,ZAR,19.7927
2023-07-25,AUD,1.6328
2023-07-25,BRL,5.2178
2023-07-25,CAD,1.4562
2023-07-25,CHF,0.9598
2023-07-25,GBP,0.86148
2023-07-25,INR,90.4445
2023-07-25,JPY,156.18
2023-07-25,KRW,1409.63
2023-07-25,MXN,18.5746
2023-07-25,PHP,60.271
2023-07-25,PLN,4.4263
2023-07-25,SEK,11.495
2023-07-25,SGD,1.4677
2023-07-25,USD,1.1051
2023-07-25,ZAR,19.4256
2023-07-26,AUD,1.6401
2023-07-26,BRL,5.2401
2023-07-26,CAD,1.462
2023-07-26,CHF,0.9549
2023-07-26,GBP,0.85695
2023-07-26,INR,90.7231
2023-07-26,JPY,155.3
2023-07-26,KRW,1410.55
2023-07-26,MXN,18.6702
2023-07-26,PHP,60.421
2023-07-26,PLN,4.42
2023-07-26,SEK,11.5313
2023-07-26,SGD,1.4682
2023-07-26,USD,1.1059
2023-07-26,ZAR,19.5801
2023-07-27,AUD,1.6383
2023-07-27,BRL,5.2667
2023-07-27,CAD,1.4654
2023-07-27,CHF,0.9542
2023-07-27,GBP,0.85885
2023-07-27,INR,91.1385
2023-07-27,JPY,155.95
2023-07-27,KRW,1422.98
2023-07-27,MXN,18.6688
2023-07-27,PHP,60.709
2023-07-27,PLN,4.4265
2023-07-27,SEK,11.4985
2023-07-27,SGD,1.4727
2023-07-27,USD,1.1125
2023-07-27,ZAR,19.4838
2023-07-28,AUD,1.6508
2023-07-28,BRL,5.1996
2023-07-28,CAD,1.4553
2023-07-28,CHF,0.9554
2023-07-28,GBP,0.8556
2023-07-28,INR,90.501
2023-07-28,JPY,153.35
2023-07-28,KRW,1406.73
2023-07-28,MXN,18.3975
2023-07-28,PHP,60.405
2023-07-28,PLN,4.4113
2023-07-28,SEK,11.5545
2023-07-28,SGD,1.4653
2023-07-28,USD,1.101
2023-07-28,ZAR,19.4309
2023-07-31,AUD,1.6436
2023-07-31,BRL,5.2031
2023-07-31,CAD,1.4566
2023-07-31,CHF,0.9619
2023-07-31,GBP,0.85765
2023-07-31,INR,90.669
2023-07-31,JPY,156.73
2023-07-31,KRW,1405.49
2023-07-31,MXN,18.4088
2023-07-31,PHP,60.522
2023-07-31,PLN,4.407
2023-07-31,SEK,11.5895
2023-07-31,SGD,1.466
2023-07-31,USD,1.1023
2023-07-31,ZAR,19.5511
2023-08-01,AUD,1.6557
2023-08-01,BRL,5.2148
2023-08-01,CAD,1.4569
2023-08-01,CHF,0.961
2023-08-01,GBP,0.85865
2023-08-01,INR,90.2555
2023-08-01,JPY,156.85
2023-08-01,KRW,1413.56
2023-08-01,MXN,18.4278
2023-08-01,PHP,60.181
2023-08-01,PLN,4.4303
2023-08-01,SEK,11.6496
2023-08-01,SGD,1.4641
2023-08-01,USD,1.097
2023-08-01,ZAR,19.8749
2023-08-02,AUD,1.6691
2023-08-02,BRL,5.2561
2023-08-02,CAD,1.4621
2023-08-02,CHF,0.9642
2023-08-02,GBP,0.86038
2023-08-02,INR,90.675
2023-08-02,JPY,156.88
2023-08-02,KRW,1422.77
2023-08-02,MXN,18.5252
2023-08-02,PHP,60.603
2023-08-02,PLN,4.4475
2023-08-02,SEK,11.681
2023-08-02,SGD,1.4693
2023-08-02,USD,1.0985
2023-08-02,ZAR,20.1579
2023-08-03,AUD,1.6748
2023-08-03,BRL,5.2996
2023-08-03,CAD,1.4619
2023-08-03,CHF,0.9579
2023-08-03,GBP,0.86468
2023-08-03,INR,90.4965
2023-08-03,JPY,156.24
2023-08-03,KRW,1422.79
2023-08-03,MXN,18.8294
2023-08-03,PHP,60.744
2023-08-03,PLN,4.4598
2023-08-03,SEK,11.7415
2023-08-03,SGD,1.4678
2023-08-03,USD,1.0932
2023-08-03,ZAR,20.37
2023-08-04,AUD,1.6694
2023-08-04,BRL,5.3729
2023-08-04,CAD,1.4648
2023-08-04,CHF,0.9598
2023-08-04,GBP,0.86193
2023-08-04,INR,90.73
2023-08-04,JPY,156.11
2023-08-04,KRW,1435.4
2023-08-04,MXN,18.9566
2023-08-04,PHP,61.073
2023-08-04,PLN,4.4485
2023-08-04,SEK,11.7
2023-08-04,SGD,1.4701
2023-08-04,USD,1.0946
2023-08-04,ZAR,20.4214
2023-08-07,AUD,1.6715
2023-08-07,BRL,5.3609
2023-08-07,CAD,1.4688
2023-08-07,CHF,0.9625
2023-08-07,GBP,0.86163
2023-08-07,INR,90.8738
2023-08-07,JPY,156.21
2023-08-07,KRW,1436.38
2023-08-07,MXN,18.749
2023-08-07,PHP,61.654
2023-08-07,PLN,4.4138
2023-08-07,SEK,11.6625
2023-08-07,SGD,1.473
2023-08-07,USD,1.0984
2023-08-07,ZAR,20.4371
2023-08-08,AUD,1.6827
2023-08-08,BRL,5.397
2023-08-08,CAD,1.4755
2023-08-08,CHF,0.96
2023-08-08,GBP,0.86158
2023-08-08,INR,90.6614
2023-08-08,JPY,156.55
2023-08-08,KRW,1444.82
2023-08-08,MXN,18.8176
2023-08-08,PHP,61.747
2023-08-08,PLN,4.45
2023-08-08,SEK,11.744
2023-08-08,SGD,1.4766
2023-08-08,USD,1.0944
2023-08-08,ZAR,20.687
2023-08-09,AUD,1.6779
2023-08-09,BRL,5.3664
2023-08-09,CAD,1.474
2023-08-09,CHF,0.9627
2023-08-09,GBP,0.8618
2023-08-09,INR,90.8795
2023-08-09,JPY,157.35
2023-08-09,KRW,1441.47
2023-08-09,MXN,18.8106
2023-08-09,PHP,61.728
2023-08-09,PLN,4.467
2023-08-09,SEK,11.7195
2023-08-09,SGD,1.4761
2023-08-09,USD,1.0968
2023-08-09,ZAR,20.8921
2023-08-10,AUD,1.6767
2023-08-10,BRL,5.3872
2023-08-10,CAD,1.4764
2023-08-10,CHF,0.9618
2023-08-10,GBP,0.86313
2023-08-10,INR,91.0983
2023-08-10,JPY,158.43
2023-08-10,KRW,1446.32
2023-08-10,MXN,18.7458
2023-08-10,PHP,61.82
2023-08-10,PLN,4.4548
2023-08-10,SEK,11.694
2023-08-10,SGD,1.4826
2023-08-10,USD,1.1019
2023-08-10,ZAR,20.687
2023-08-11,AUD,1.685
2023-08-11,BRL,5.3656
2023-08-11,CAD,1.4791
2023-08-11,CHF,0.9617
2023-08-11,GBP,0.86415
2023-08-11,INR,91.097
2023-08-11,JPY,158.97
2023-08-11,KRW,1459.31
2023-08-11,MXN,18.7092
2023-08-11,PHP,62.175
2023-08-11,PLN,4.4368
2023-08-11,SEK,11.8075
2023-08-11,SGD,1.485
2023-08-11,USD,1.1004
2023-08-11,ZAR,20.7138
2023-08-14,AUD,1.6853
2023-08-14,BRL,5.3764
2023-08-14,CAD,1.47
2023-08-14,CHF,0.9608
2023-08-14,GBP,0.86215
2023-08-14,INR,90.818
2023-08-14,JPY,158.68
2023-08-14,KRW,1459.4
2023-08-14,MXN,18.6209
2023-08-14,PHP,62.132
2023-08-14,PLN,4.4395
2023-08-14,SEK,11.8405
2023-08-14,SGD,1.4813
2023-08-14,USD,1.093
2023-08-14,ZAR,20.7881
2023-08-15,AUD,1.6888
2023-08-15,BRL,5.4295
2023-08-15,CAD,1.4742
2023-08-15,CHF,0.9586
2023-08-15,GBP,0.85955
2023-08-15,INR,91.0615
2023-08-15,JPY,159.04
2023-08-15,KRW,1460.7
2023-08-15,MXN,18.7129
2023-08-15,PHP,62.124
2023-08-15,PLN,4.4888
2023-08-15,SEK,11.839
2023-08-15,SGD,1.4829
2023-08-15,USD,1.0926
2023-08-15,ZAR,20.9813
2023-08-16,AUD,1.6895
2023-08-16,BRL,5.4276
2023-08-16,CAD,1.4726
2023-08-16,CHF,0.9605
2023-08-16,GBP,0.85645
2023-08-16,INR,90.8435
2023-08-16,JPY,159.07
2023-08-16,KRW,1461.11
2023-08-16,MXN,18.6429
2023-08-16,PHP,61.852
2023-08-16,PLN,4.4528
2023-08-16,SEK,11.828
2023-08-16,SGD,1.4822
2023-08-16,USD,1.0916
2023-08-16,ZAR,20.8671
2023-08-17,AUD,1.6931
2023-08-17,BRL,5.4127
2023-08-17,CAD,1.4718
2023-08-17,CHF,0.9555
2023-08-17,GBP,0.85395
2023-08-17,INR,90.4995
2023-08-17,JPY,158.88
2023-08-17,KRW,1458.28
2023-08-17,MXN,18.6156
2023-08-17,PHP,61.738
2023-08-17,PLN,4.4718
2023-08-17,SEK,11.8666
2023-08-17,SGD,1.4793
2023-08-17,USD,1.09
2023-08-17,ZAR,20.7417
2023-08-18,AUD,1.6999
2023-08-18,BRL,5.4076
2023-08-18,CAD,1.4733
2023-08-18,CHF,0.9571
2023-08-18,GBP,0.85493
2023-08-18,INR,90.2825
2023-08-18,JPY,158.11
2023-08-18,KRW,1457.04
2023-08-18,MXN,18.5581
2023-08-18,PHP,61.226
2023-08-18,PLN,4.4698
2023-08-18,SEK,11.9383
2023-08-18,SGD,1.4751
2023-08-18,USD,1.0867
2023-08-18,ZAR,20.7133
2023-08-21,AUD,1.6995
2023-08-21,BRL,5.414
2023-08-21,CAD,1.4723
2023-08-21,CHF,0.9588
2023-08-21,GBP,0.85475
2023-08-21,INR,90.6615
2023-08-21,JPY,159.15
2023-08-21,KRW,1460.32
2023-08-21,MXN,18.5927
2023-08-21,PHP,61.543
2023-08-21,PLN,4.4785
2023-08-21,SEK,11.9095
2023-08-21,SGD,1.4791
2023-08-21,USD,1.0908
2023-08-21,ZAR,20.676
2023-08-22,AUD,1.6878
2023-08-22,BRL,5.3891
2023-08-22,CAD,1.4716
2023-08-22,CHF,0.9565
2023-08-22,GBP,0.85288
2023-08-22,INR,90.322
2023-08-22,JPY,158.7
2023-08-22,KRW,1454.59
2023-08-22,MXN,18.4223
2023-08-22,PHP,61.251
2023-08-22,PLN,4.4643
2023-08-22,SEK,11.863
2023-08-22,SGD,1.4754
2023-08-22,USD,1.0887
2023-08-22,ZAR,20.3932
2023-08-23,AUD,1.684
2023-08-23,BRL,5.3306
2023-08-23,CAD,1.4667
2023-08-23,CHF,0.9524
2023-08-23,GBP,0.85653
2023-08-23,INR,89.3258
2023-08-23,JPY,157.28
2023-08-23,KRW,1448.26
2023-08-23,MXN,18.2457
2023-08-23,PHP,61.351
2023-08-23,PLN,4.4773
2023-08-23,SEK,11.9061
2023-08-23,SGD,1.4677
2023-08-23,USD,1.0805
2023-08-23,ZAR,20.2097
2023-08-24,AUD,1.6838
2023-08-24,BRL,5.2865
2023-08-24,CAD,1.4686
2023-08-24,CHF,0.9562
2023-08-24,GBP,0.8565
2023-08-24,INR,89.5195
2023-08-24,JPY,157.96
2023-08-24,KRW,1433.05
2023-08-24,MXN,18.244
2023-08-24,PHP,61.49
2023-08-24,PLN,4.4768
2023-08-24,SEK,11.9175
2023-08-24,SGD,1.4681
2023-08-24,USD,1.084
2023-08-24,ZAR,20.248
2023-08-25,AUD,1.6809
2023-08-25,BRL,5.2524
2023-08-25,CAD,1.4672
2023-08-25,CHF,0.9564
2023-08-25,GBP,0.85643
2023-08-25,INR,89.304
2023-08-25,JPY,157.75
2023-08-25,KRW,1430.58
2023-08-25,MXN,18.1243
2023-08-25,PHP,61.227
2023-08-25,PLN,4.469
2023-08-25,SEK,11.895
2023-08-25,SGD,1.4641
2023-08-25,USD,1.0808
2023-08-25,ZAR,20.1578
2023-08-28,AUD,1.6839
2023-08-28,BRL,5.2633
2023-08-28,CAD,1.4693
2023-08-28,CHF,0.9559
2023-08-28,GBP,0.85815
2023-08-28,INR,89.304
2023-08-28,JPY,158.35
2023-08-28,KRW,1433.73
2023-08-28,MXN,18.0507
2023-08-28,PHP,61.281
2023-08-28,PLN,4.4735
2023-08-28,SEK,11.9
2023-08-28,SGD,1.4659
2023-08-28,USD,1.0808
2023-08-28,ZAR,20.1598
2023-08-29,AUD,1.6832
2023-08-29,BRL,5.2762
2023-08-29,CAD,1.4722
2023-08-29,CHF,0.9558
2023-08-29,GBP,0.8586
2023-08-29,INR,89.4335
2023-08-29,JPY,158.93
2023-08-29,KRW,1432.91
2023-08-29,MXN,18.1299
2023-08-29,PHP,61.307
2023-08-29,PLN,4.472
2023-08-29,SEK,11.882
2023-08-29,SGD,1.4649
2023-08-29,USD,1.0803
2023-08-29,ZAR,20.0496
2023-08-30,AUD,1.6814
2023-08-30,BRL,5.2877
2023-08-30,CAD,1.4764
2023-08-30,CHF,0.9568
2023-08-30,GBP,0.8592
2023-08-30,INR,90.0188
2023-08-30,JPY,159.15
2023-08-30,KRW,1442.07
2023-08-30,MXN,18.2478
2023-08-30,PHP,61.8
2023-08-30,PLN,4.4728
2023-08-30,SEK,11.841
2023-08-30,SGD,1.4723
2023-08-30,USD,1.0886
2023-08-30,ZAR,20.217
2023-08-31,AUD,1.6785
2023-08-31,BRL,5.3082
2023-08-31,CAD,1.4721
2023-08-31,CHF,0.9584
2023-08-31,GBP,0.85718
2023-08-31,INR,89.9293
2023-08-31,JPY,158.49
2023-08-31,KRW,1439.56
2023-08-31,MXN,18.1866
2023-08-31,PHP,61.545
2023-08-31,PLN,4.4673
2023-08-31,SEK,11.843
2023-08-31,SGD,1.4686
2023-08-31,USD,1.0868
2023-08-31,ZAR,20.4199
2023-09-01,AUD,1.6737
2023-09-01,BRL,5.3495
2023-09-01,CAD,1.4656
2023-09-01,CHF,0.9574
2023-09-01,GBP,0.85538
2023-09-01,INR,89.697
2023-09-01,JPY,157.47
2023-09-01,KRW,1428.3
2023-09-01,MXN,18.5188
2023-09-01,PHP,61.312
2023-09-01,PLN,4.4685
2023-09-01,SEK,11.896
2023-09-01,SGD,1.464
2023-09-01,USD,1.0844
2023-09-01,ZAR,20.2711
2023-09-04,AUD,1.6708
2023-09-04,BRL,5.3328
2023-09-04,CAD,1.4686
2023-09-04,CHF,0.9548
2023-09-04,GBP,0.8555
2023-09-04,INR,89.3045
2023-09-04,JPY,158.11
2023-09-04,KRW,1423.17
2023-09-04,MXN,18.4356
2023-09-04,PHP,61.144
2023-09-04,PLN,4.4663
2023-09-04,SEK,11.901
2023-09-04,SGD,1.4622
2023-09-04,USD,1.0801
2023-09-04,ZAR,20.4602
2023-09-05,AUD,1.6859
2023-09-05,BRL,5.3184
2023-09-05,CAD,1.4652
2023-09-05,CHF,0.9548
2023-09-05,GBP,0.85535
2023-09-05,INR,89.0965
2023-09-05,JPY,158.2
2023-09-05,KRW,1431.25
2023-09-05,MXN,18.5186
2023-09-05,PHP,61.21
2023-09-05,PLN,4.489
2023-09-05,SEK,11.9145
2023-09-05,SGD,1.4614
2023-09-05,USD,1.0731
2023-09-05,ZAR,20.6045
2023-09-06,AUD,1.6801
2023-09-06,BRL,5.3502
2023-09-06,CAD,1.4659
2023-09-06,CHF,0.9561
2023-09-06,GBP,0.85503
2023-09-06,INR,89.341
2023-09-06,JPY,158.18
2023-09-06,KRW,1430.83
2023-09-06,MXN,18.8455
2023-09-06,PHP,61.257
2023-09-06,PLN,4.501
2023-09-06,SEK,11.9105
2023-09-06,SGD,1.4624
2023-09-06,USD,1.0745
2023-09-06,ZAR,20.6702
2023-09-07,AUD,1.6767
2023-09-07,BRL,5.333
2023-09-07,CAD,1.4625
2023-09-07,CHF,0.9557
2023-09-07,GBP,0.859
2023-09-07,INR,89.0955
2023-09-07,JPY,157.7
2023-09-07,KRW,1431.7
2023-09-07,MXN,18.6934
2023-09-07,PHP,60.822
2023-09-07,PLN,4.5883
2023-09-07,SEK,11.9095
2023-09-07,SGD,1.4613
2023-09-07,USD,1.071
2023-09-07,ZAR,20.5218
2023-09-08,AUD,1.6743
2023-09-08,BRL,5.3238
2023-09-08,CAD,1.4623
2023-09-08,CHF,0.9543
2023-09-08,GBP,0.85735
2023-09-08,INR,88.861
2023-09-08,JPY,157.84
2023-09-08,KRW,1428.51
2023-09-08,MXN,18.7019
2023-09-08,PHP,60.66
2023-09-08,PLN,4.6213
2023-09-08,SEK,11.904
2023-09-08,SGD,1.4605
2023-09-08,USD,1.0704
2023-09-08,ZAR,20.437
2023-09-11,AUD,1.6655
2023-09-11,BRL,5.3205
2023-09-11,CAD,1.4565
2023-09-11,CHF,0.956
2023-09-11,GBP,0.8565
2023-09-11,INR,88.9735
2023-09-11,JPY,157.16
2023-09-11,KRW,1425.94
2023-09-11,MXN,18.8201
2023-09-11,PHP,60.837
2023-09-11,PLN,4.6438
2023-09-11,SEK,11.8795
2023-09-11,SGD,1.4594
2023-09-11,USD,1.0724
2023-09-11,ZAR,20.2681
2023-09-12,AUD,1.6682
2023-09-12,BRL,5.292
2023-09-12,CAD,1.455
2023-09-12,CHF,0.9561
2023-09-12,GBP,0.85925
2023-09-12,INR,88.826
2023-09-12,JPY,157.42
2023-09-12,KRW,1422.62
2023-09-12,MXN,18.5691
2023-09-12,PHP,60.689
2023-09-12,PLN,4.66
2023-09-12,SEK,11.8875
2023-09-12,SGD,1.4597
2023-09-12,USD,1.0713
2023-09-12,ZAR,20.3284
2023-09-13,AUD,1.6762
2023-09-13,BRL,5.313
2023-09-13,CAD,1.4556
2023-09-13,CHF,0.9589
2023-09-13,GBP,0.8609
2023-09-13,INR,89.0805
2023-09-13,JPY,158.28
2023-09-13,KRW,1426.24
2023-09-13,MXN,18.5223
2023-09-13,PHP,60.899
2023-09-13,PLN,4.6243
2023-09-13,SEK,11.9475
2023-09-13,SGD,1.4615
2023-09-13,USD,1.0733
2023-09-13,ZAR,20.33
2023-09-14,AUD,1.6648
2023-09-14,BRL,5.2652
2023-09-14,CAD,1.4505
2023-09-14,CHF,0.9588
2023-09-14,GBP,0.85995
2023-09-14,INR,89.053
2023-09-14,JPY,158.13
2023-09-14,KRW,1422.44
2023-09-14,MXN,18.4079
2023-09-14,PHP,60.828
2023-09-14,PLN,4.6275
2023-09-14,SEK,11.95
2023-09-14,SGD,1.4601
2023-09-14,USD,1.073
2023-09-14,ZAR,20.3109
2023-09-15,AUD,1.6498
2023-09-15,BRL,5.186
2023-09-15,CAD,1.4409
2023-09-15,CHF,0.9554
2023-09-15,GBP,0.85878
2023-09-15,INR,88.615
2023-09-15,JPY,157.5
2023-09-15,KRW,1415.78
2023-09-15,MXN,18.2275
2023-09-15,PHP,60.612
2023-09-15,PLN,4.6308
2023-09-15,SEK,11.873
2023-09-15,SGD,1.4524
2023-09-15,USD,1.0658
2023-09-15,ZAR,20.2968
2023-09-18,AUD,1.6575
2023-09-18,BRL,5.1905
2023-09-18,CAD,1.44
2023-09-18,CHF,0.9564
2023-09-18,GBP,0.86141
2023-09-18,INR,88.8295
2023-09-18,JPY,157.44
2023-09-18,KRW,1413.49
2023-09-18,MXN,18.2252
2023-09-18,PHP,60.534
2023-09-18,PLN,4.6383
2023-09-18,SEK,11.9872
2023-09-18,SGD,1.4551
2023-09-18,USD,1.0663
2023-09-18,ZAR,20.2948
2023-09-19,AUD,1.6566
2023-09-19,BRL,5.1914
2023-09-19,CAD,1.4373
2023-09-19,CHF,0.9595
2023-09-19,GBP,0.86263
2023-09-19,INR,89.1438
2023-09-19,JPY,158.2
2023-09-19,KRW,1418.98
2023-09-19,MXN,18.301
2023-09-19,PHP,60.684
2023-09-19,PLN,4.6548
2023-09-19,SEK,11.8845
2023-09-19,SGD,1.4596
2023-09-19,USD,1.0713
2023-09-19,ZAR,20.2829
2023-09-20,AUD,1.6498
2023-09-20,BRL,5.1982
2023-09-20,CAD,1.4366
2023-09-20,CHF,0.9601
2023-09-20,GBP,0.8653
2023-09-20,INR,88.9123
2023-09-20,JPY,158.28
2023-09-20,KRW,1420.39
2023-09-20,MXN,18.2287
2023-09-20,PHP,60.703
2023-09-20,PLN,4.6403
2023-09-20,SEK,11.8803
2023-09-20,SGD,1.4581
2023-09-20,USD,1.0702
2023-09-20,ZAR,20.1592
2023-09-21,AUD,1.6617
2023-09-21,BRL,5.2092
2023-09-21,CAD,1.4368
2023-09-21,CHF,0.9628
2023-09-21,GBP,0.86713
2023-09-21,INR,88.3718
2023-09-21,JPY,157.34
2023-09-21,KRW,1426.05
2023-09-21,MXN,18.2401
2023-09-21,PHP,60.536
2023-09-21,PLN,4.627
2023-09-21,SEK,11.926
2023-09-21,SGD,1.4559
2023-09-21,USD,1.0635
2023-09-21,ZAR,20.1522
2023-09-22,AUD,1.6496
2023-09-22,BRL,5.2295
2023-09-22,CAD,1.4303
2023-09-22,CHF,0.965
2023-09-22,GBP,0.86795
2023-09-22,INR,88.2975
2023-09-22,JPY,157.87
2023-09-22,KRW,1419.23
2023-09-22,MXN,18.266
2023-09-22,PHP,60.43
2023-09-22,PLN,4.5925
2023-09-22,SEK,11.879
2023-09-22,SGD,1.4529
2023-09-22,USD,1.0647
2023-09-22,ZAR,19.997
2023-09-25,AUD,1.6544
2023-09-25,BRL,5.2516
2023-09-25,CAD,1.4311
2023-09-25,CHF,0.9676
2023-09-25,GBP,0.86965
2023-09-25,INR,88.377
2023-09-25,JPY,158.08
2023-09-25,KRW,1422.96
2023-09-25,MXN,18.3274
2023-09-25,PHP,60.345
2023-09-25,PLN,4.5893
2023-09-25,SEK,11.728
2023-09-25,SGD,1.4524
2023-09-25,USD,1.0633
2023-09-25,ZAR,19.941
2023-09-26,AUD,1.6539
2023-09-26,BRL,5.2721
2023-09-26,CAD,1.4318
2023-09-26,CHF,0.9675
2023-09-26,GBP,0.8702
2023-09-26,INR,88.2995
2023-09-26,JPY,157.87
2023-09-26,KRW,1430.12
2023-09-26,MXN,18.4816
2023-09-26,PHP,60.456
2023-09-26,PLN,4.6093
2023-09-26,SEK,11.654
2023-09-26,SGD,1.45
2023-09-26,USD,1.0605
2023-09-26,ZAR,20.1387
2023-09-27,AUD,1.6541
2023-09-27,BRL,5.2716
2023-09-27,CAD,1.4255
2023-09-27,CHF,0.968
2023-09-27,GBP,0.8681
2023-09-27,INR,87.6505
2023-09-27,JPY,157.2
2023-09-27,KRW,1425.19
2023-09-27,MXN,18.5624
2023-09-27,PHP,60.045
2023-09-27,PLN,4.625
2023-09-27,SEK,11.6255
2023-09-27,SGD,1.4449
2023-09-27,USD,1.0536
2023-09-27,ZAR,20.2216
2023-09-28,AUD,1.6483
2023-09-28,BRL,5.3115
2023-09-28,CAD,1.4206
2023-09-28,CHF,0.9678
2023-09-28,GBP,0.86333
2023-09-28,INR,87.6395
2023-09-28,JPY,157.33
2023-09-28,KRW,1426.71
2023-09-28,MXN,18.594
2023-09-28,PHP,59.988
2023-09-28,PLN,4.6343
2023-09-28,SEK,11.6065
2023-09-28,SGD,1.4431
2023-09-28,USD,1.0539
2023-09-28,ZAR,20.17
2023-09-29,AUD,1.6339
2023-09-29,BRL,5.3065
2023-09-29,CAD,1.4227
2023-09-29,CHF,0.9669
2023-09-29,GBP,0.86458
2023-09-29,INR,88.0165
2023-09-29,JPY,158.1
2023-09-29,KRW,1425.26
2023-09-29,MXN,18.503
2023-09-29,PHP,59.969
2023-09-29,PLN,4.6283
2023-09-29,SEK,11.5325
2023-09-29,SGD,1.4443
2023-09-29,USD,1.0594
2023-09-29,ZAR,19.9813
2023-10-02,AUD,1.6472
2023-10-02,BRL,5.325
2023-10-02,CAD,1.4335
2023-10-02,CHF,0.9634
2023-10-02,GBP,0.86628
2023-10-02,INR,87.575
2023-10-02,JPY,157.67
2023-10-02,KRW,1427.62
2023-10-02,MXN,18.4533
2023-10-02,PHP,59.797
2023-10-02,PLN,4.6123
2023-10-02,SEK,11.5833
2023-10-02,SGD,1.4449
2023-10-02,USD,1.053
2023-10-02,ZAR,20.151
2023-10-03,AUD,1.6612
2023-10-03,BRL,5.337
2023-10-03,CAD,1.4365
2023-10-03,CHF,0.966
2023-10-03,GBP,0.86775
2023-10-03,INR,87.1175
2023-10-03,JPY,157.01
2023-10-03,KRW,1425.31
2023-10-03,MXN,18.6025
2023-10-03,PHP,59.453
2023-10-03,PLN,4.623
2023-10-03,SEK,11.6375
2023-10-03,SGD,1.4393
2023-10-03,USD,1.0469
2023-10-03,ZAR,20.2403
2023-10-04,AUD,1.6615
2023-10-04,BRL,5.3955
2023-10-04,CAD,1.4391
2023-10-04,CHF,0.9634
2023-10-04,GBP,0.86588
2023-10-04,INR,87.3975
2023-10-04,JPY,156.48
2023-10-04,KRW,1422.11
2023-10-04,MXN,18.8501
2023-10-04,PHP,59.507
2023-10-04,PLN,4.6278
2023-10-04,SEK,11.5855
2023-10-04,SGD,1.4402
2023-10-04,USD,1.0497
2023-10-04,ZAR,20.242
2023-10-05,AUD,1.658
2023-10-05,BRL,5.4372
2023-10-05,CAD,1.4479
2023-10-05,CHF,0.9625
2023-10-05,GBP,0.86605
2023-10-05,INR,87.627
2023-10-05,JPY,156.71
2023-10-05,KRW,1420.44
2023-10-05,MXN,19.0209
2023-10-05,PHP,59.661
2023-10-05,PLN,4.5988
2023-10-05,SEK,11.5975
2023-10-05,SGD,1.4421
2023-10-05,USD,1.0526
2023-10-05,ZAR,20.5884
2023-10-06,AUD,1.6612
2023-10-06,BRL,5.4634
2023-10-06,CAD,1.4492
2023-10-06,CHF,0.9629
2023-10-06,GBP,0.8651
2023-10-06,INR,87.834
2023-10-06,JPY,157.47
2023-10-06,KRW,1423.03
2023-10-06,MXN,19.3032
2023-10-06,PHP,59.813
2023-10-06,PLN,4.5983
2023-10-06,SEK,11.6045
2023-10-06,SGD,1.4436
2023-10-06,USD,1.0563
2023-10-06,ZAR,20.4935
2023-10-09,AUD,1.6546
2023-10-09,BRL,5.4385
2023-10-09,CAD,1.438
2023-10-09,CHF,0.9581
2023-10-09,GBP,0.8652
2023-10-09,INR,87.7205
2023-10-09,JPY,157.06
2023-10-09,KRW,1424.41
2023-10-09,MXN,19.2417
2023-10-09,PHP,59.911
2023-10-09,PLN,4.5798
2023-10-09,SEK,11.6085
2023-10-09,SGD,1.4419
2023-10-09,USD,1.0531
2023-10-09,ZAR,20.4098
2023-10-10,AUD,1.6538
2023-10-10,BRL,5.4212
2023-10-10,CAD,1.4387
2023-10-10,CHF,0.9589
2023-10-10,GBP,0.8639
2023-10-10,INR,88.0845
2023-10-10,JPY,157.71
2023-10-10,KRW,1427.6
2023-10-10,MXN,19.2526
2023-10-10,PHP,60.148
2023-10-10,PLN,4.5565
2023-10-10,SEK,11.6005
2023-10-10,SGD,1.446
2023-10-10,USD,1.0582
2023-10-10,ZAR,20.2777
2023-10-11,AUD,1.6529
2023-10-11,BRL,5.3461
2023-10-11,CAD,1.4429
2023-10-11,CHF,0.9576
2023-10-11,GBP,0.86265
2023-10-11,INR,88.198
2023-10-11,JPY,157.87
2023-10-11,KRW,1421.27
2023-10-11,MXN,18.9499
2023-10-11,PHP,60.204
2023-10-11,PLN,4.5158
2023-10-11,SEK,11.5655
2023-10-11,SGD,1.4451
2023-10-11,USD,1.0604
2023-10-11,ZAR,20.0359
2023-10-12,AUD,1.6584
2023-10-12,BRL,5.3604
2023-10-12,CAD,1.4435
2023-10-12,CHF,0.9566
2023-10-12,GBP,0.8626
2023-10-12,INR,88.3925
2023-10-12,JPY,158.35
2023-10-12,KRW,1420.07
2023-10-12,MXN,18.8748
2023-10-12,PHP,60.157
2023-10-12,PLN,4.5291
2023-10-12,SEK,11.5435
2023-10-12,SGD,1.447
2023-10-12,USD,1.0619
2023-10-12,ZAR,20.0085
2023-10-13,AUD,1.6662
2023-10-13,BRL,5.3352
2023-10-13,CAD,1.4397
2023-10-13,CHF,0.9546
2023-10-13,GBP,0.86415
2023-10-13,INR,87.634
2023-10-13,JPY,157.44
2023-10-13,KRW,1423.08
2023-10-13,MXN,18.8786
2023-10-13,PHP,59.766
2023-10-13,PLN,4.535
2023-10-13,SEK,11.55
2023-10-13,SGD,1.4405
2023-10-13,USD,1.0524
2023-10-13,ZAR,19.9616
2023-10-16,AUD,1.666
2023-10-16,BRL,5.333
2023-10-16,CAD,1.436
2023-10-16,CHF,0.9505
2023-10-16,GBP,0.86545
2023-10-16,INR,87.7315
2023-10-16,JPY,157.54
2023-10-16,KRW,1427.29
2023-10-16,MXN,18.9329
2023-10-16,PHP,59.814
2023-10-16,PLN,4.4733
2023-10-16,SEK,11.5375
2023-10-16,SGD,1.4427
2023-10-16,USD,1.0538
2023-10-16,ZAR,19.8069
2023-10-17,AUD,1.6622
2023-10-17,BRL,5.3305
2023-10-17,CAD,1.4411
2023-10-17,CHF,0.9517
2023-10-17,GBP,0.8682
2023-10-17,INR,87.9585
2023-10-17,JPY,158.03
2023-10-17,KRW,1429.58
2023-10-17,MXN,18.9577
2023-10-17,PHP,59.974
2023-10-17,PLN,4.4273
2023-10-17,SEK,11.53
2023-10-17,SGD,1.4471
2023-10-17,USD,1.0569
2023-10-17,ZAR,19.9138
2023-10-18,AUD,1.6586
2023-10-18,BRL,5.3295
2023-10-18,CAD,1.4425
2023-10-18,CHF,0.9492
2023-10-18,GBP,0.8661
2023-10-18,INR,87.954
2023-10-18,JPY,158.1
2023-10-18,KRW,1428.23
2023-10-18,MXN,19.0247
2023-10-18,PHP,59.914
2023-10-18,PLN,4.441
2023-10-18,SEK,11.5643
2023-10-18,SGD,1.4467
2023-10-18,USD,1.0565
2023-10-18,ZAR,19.8917
2023-10-19,AUD,1.6718
2023-10-19,BRL,5.352
2023-10-19,CAD,1.4485
2023-10-19,CHF,0.947
2023-10-19,GBP,0.87098
2023-10-19,INR,87.87
2023-10-19,JPY,158.21
2023-10-19,KRW,1434.8
2023-10-19,MXN,19.3681
2023-10-19,PHP,60.043
2023-10-19,PLN,4.45
2023-10-19,SEK,11.6155
2023-10-19,SGD,1.4499
2023-10-19,USD,1.0558
2023-10-19,ZAR,20.1992
2023-10-20,AUD,1.6772
2023-10-20,BRL,5.355
2023-10-20,CAD,1.4492
2023-10-20,CHF,0.9442
2023-10-20,GBP,0.87213
2023-10-20,INR,87.983
2023-10-20,JPY,158.8
2023-10-20,KRW,1431.6
2023-10-20,MXN,19.4378
2023-10-20,PHP,60.167
2023-10-20,PLN,4.4653
2023-10-20,SEK,11.634
2023-10-20,SGD,1.4526
2023-10-20,USD,1.0591
2023-10-20,ZAR,20.1857
2023-10-23,AUD,1.6805
2023-10-23,BRL,5.3524
2023-10-23,CAD,1.4542
2023-10-23,CHF,0.9461
2023-10-23,GBP,0.87153
2023-10-23,INR,88.101
2023-10-23,JPY,158.91
2023-10-23,KRW,1432.8
2023-10-23,MXN,19.4413
2023-10-23,PHP,60.233
2023-10-23,PLN,4.459
2023-10-23,SEK,11.7071
2023-10-23,SGD,1.4541
2023-10-23,USD,1.0597
2023-10-23,ZAR,20.1995
2023-10-24,AUD,1.6708
2023-10-24,BRL,5.3373
2023-10-24,CAD,1.4564
2023-10-24,CHF,0.9501
2023-10-24,GBP,0.87025
2023-10-24,INR,88.3058
2023-10-24,JPY,159.26
2023-10-24,KRW,1428.75
2023-10-24,MXN,19.3024
2023-10-24,PHP,60.39
2023-10-24,PLN,4.463
2023-10-24,SEK,11.7456
2023-10-24,SGD,1.4532
2023-10-24,USD,1.0632
2023-10-24,ZAR,20.3166
2023-10-25,AUD,1.6678
2023-10-25,BRL,5.2863
2023-10-25,CAD,1.4549
2023-10-25,CHF,0.9474
2023-10-25,GBP,0.8724
2023-10-25,INR,87.9665
2023-10-25,JPY,158.55
2023-10-25,KRW,1427.17
2023-10-25,MXN,19.3238
2023-10-25,PHP,60.135
2023-10-25,PLN,4.4825
2023-10-25,SEK,11.7715
2023-10-25,SGD,1.4484
2023-10-25,USD,1.0576
2023-10-25,ZAR,20.2421
2023-10-26,AUD,1.6719
2023-10-26,BRL,5.2694
2023-10-26,CAD,1.4565
2023-10-26,CHF,0.9466
2023-10-26,GBP,0.8717
2023-10-26,INR,87.7355
2023-10-26,JPY,158.48
2023-10-26,KRW,1430.67
2023-10-26,MXN,19.384
2023-10-26,PHP,60.089
2023-10-26,PLN,4.4673
2023-10-26,SEK,11.8005
2023-10-26,SGD,1.4454
2023-10-26,USD,1.054
2023-10-26,ZAR,20.1131
2023-10-27,AUD,1.6616
2023-10-27,BRL,5.2451
2023-10-27,CAD,1.4572
2023-10-27,CHF,0.9502
2023-10-27,GBP,0.87023
2023-10-27,INR,87.751
2023-10-27,JPY,158.08
2023-10-27,KRW,1430.38
2023-10-27,MXN,19.0642
2023-10-27,PHP,60.063
2023-10-27,PLN,4.4715
2023-10-27,SEK,11.8235
2023-10-27,SGD,1.4455
2023-10-27,USD,1.0541
2023-10-27,ZAR,19.9358
2023-10-30,AUD,1.6637
2023-10-30,BRL,5.2952
2023-10-30,CAD,1.467
2023-10-30,CHF,0.9564
2023-10-30,GBP,0.87345
2023-10-30,INR,88.305
2023-10-30,JPY,158.8
2023-10-30,KRW,1430.37
2023-10-30,MXN,19.1209
2023-10-30,PHP,60.332
2023-10-30,PLN,4.4565
2023-10-30,SEK,11.806
2023-10-30,SGD,1.4483
2023-10-30,USD,1.0605
2023-10-30,ZAR,19.8931
2023-10-31,AUD,1.6739
2023-10-31,BRL,5.3743
2023-10-31,CAD,1.4712
2023-10-31,CHF,0.9607
2023-10-31,GBP,0.87366
2023-10-31,INR,88.4195
2023-10-31,JPY,160.3
2023-10-31,KRW,1434.66
2023-10-31,MXN,19.1551
2023-10-31,PHP,60.295
2023-10-31,PLN,4.4405
2023-10-31,SEK,11.8275
2023-10-31,SGD,1.4525
2023-10-31,USD,1.0619
2023-10-31,ZAR,19.9507
2023-11-01,AUD,1.6561
2023-11-01,BRL,5.2963
2023-11-01,CAD,1.461
2023-11-01,CHF,0.9572
2023-11-01,GBP,0.86945
2023-11-01,INR,87.7525
2023-11-01,JPY,159.33
2023-11-01,KRW,1429.16
2023-11-01,MXN,18.9457
2023-11-01,PHP,59.861
2023-11-01,PLN,4.4658
2023-11-01,SEK,11.806
2023-11-01,SGD,1.4443
2023-11-01,USD,1.0537
2023-11-01,ZAR,19.6349
2023-11-02,AUD,1.6543
2023-11-02,BRL,5.2818
2023-11-02,CAD,1.4707
2023-11-02,CHF,0.9622
2023-11-02,GBP,0.87305
2023-11-02,INR,88.704
2023-11-02,JPY,159.89
2023-11-02,KRW,1417.13
2023-11-02,MXN,18.7524
2023-11-02,PHP,60.24
2023-11-02,PLN,4.4495
2023-11-02,SEK,11.819
2023-11-02,SGD,1.4522
2023-11-02,USD,1.0661
2023-11-02,ZAR,19.5695
2023-11-03,AUD,1.6478
2023-11-03,BRL,5.2423
2023-11-03,CAD,1.4653
2023-11-03,CHF,0.9625
2023-11-03,GBP,0.86983
2023-11-03,INR,89.0545
2023-11-03,JPY,159.87
2023-11-03,KRW,1402.42
2023-11-03,MXN,18.5803
2023-11-03,PHP,60.017
2023-11-03,PLN,4.45
2023-11-03,SEK,11.74
2023-11-03,SGD,1.4516
2023-11-03,USD,1.0702
2023-11-03,ZAR,19.6279
2023-11-06,AUD,1.6524
2023-11-06,BRL,5.2595
2023-11-06,CAD,1.4664
2023-11-06,CHF,0.9646
2023-11-06,GBP,0.8664
2023-11-06,INR,89.396
2023-11-06,JPY,160.87
2023-11-06,KRW,1394.34
2023-11-06,MXN,18.7638
2023-11-06,PHP,60.049
2023-11-06,PLN,4.467
2023-11-06,SEK,11.6575
2023-11-06,SGD,1.4501
2023-11-06,USD,1.0741
2023-11-06,ZAR,19.6149
2023-11-07,AUD,1.6636
2023-11-07,BRL,5.1967
2023-11-07,CAD,1.4679
2023-11-07,CHF,0.9626
2023-11-07,GBP,0.86855
2023-11-07,INR,88.9765
2023-11-07,JPY,160.77
2023-11-07,KRW,1398.07
2023-11-07,MXN,18.7248
2023-11-07,PHP,59.911
2023-11-07,PLN,4.4618
2023-11-07,SEK,11.6695
2023-11-07,SGD,1.4483
2023-11-07,USD,1.0686
2023-11-07,ZAR,19.6516
2023-11-08,AUD,1.6592
2023-11-08,BRL,5.2132
2023-11-08,CAD,1.4711
2023-11-08,CHF,0.9599
2023-11-08,GBP,0.87015
2023-11-08,INR,88.876
2023-11-08,JPY,160.97
2023-11-08,KRW,1402.03
2023-11-08,MXN,18.6974
2023-11-08,PHP,59.742
2023-11-08,PLN,4.4655
2023-11-08,SEK,11.6555
2023-11-08,SGD,1.4481
2023-11-08,USD,1.0671
2023-11-08,ZAR,19.729
2023-11-09,AUD,1.6699
2023-11-09,BRL,5.2378
2023-11-09,CAD,1.4736
2023-11-09,CHF,0.9637
2023-11-09,GBP,0.87205
2023-11-09,INR,89.053
2023-11-09,JPY,161.57
2023-11-09,KRW,1401.9
2023-11-09,MXN,18.757
2023-11-09,PHP,59.715
2023-11-09,PLN,4.449
2023-11-09,SEK,11.634
2023-11-09,SGD,1.4523
2023-11-09,USD,1.0691
2023-11-09,ZAR,19.8926
2023-11-10,AUD,1.6795
2023-11-10,BRL,5.2579
2023-11-10,CAD,1.4753
2023-11-10,CHF,0.9636
2023-11-10,GBP,0.87435
2023-11-10,INR,88.9803
2023-11-10,JPY,161.77
2023-11-10,KRW,1408.82
2023-11-10,MXN,19.0402
2023-11-10,PHP,59.68
2023-11-10,PLN,4.4243
2023-11-10,SEK,11.629
2023-11-10,SGD,1.4525
2023-11-10,USD,1.0683
2023-11-10,ZAR,20.0296
2023-11-13,AUD,1.6742
2023-11-13,BRL,5.2599
2023-11-13,CAD,1.4754
2023-11-13,CHF,0.9656
2023-11-13,GBP,0.87155
2023-11-13,INR,88.844
2023-11-13,JPY,161.96
2023-11-13,KRW,1413.72
2023-11-13,MXN,18.882
2023-11-13,PHP,59.842
2023-11-13,PLN,4.428
2023-11-13,SEK,11.61
2023-11-13,SGD,1.452
2023-11-13,USD,1.067
2023-11-13,ZAR,20.0025
2023-11-14,AUD,1.6819
2023-11-14,BRL,5.2449
2023-11-14,CAD,1.4832
2023-11-14,CHF,0.9668
2023-11-14,GBP,0.8723
2023-11-14,INR,89.1958
2023-11-14,JPY,162.67
2023-11-14,KRW,1421.73
2023-11-14,MXN,18.8358
2023-11-14,PHP,60.065
2023-11-14,PLN,4.4211
2023-11-14,SEK,11.6537
2023-11-14,SGD,1.4592
2023-11-14,USD,1.0724
2023-11-14,ZAR,20.0694
2023-11-15,AUD,1.6648
2023-11-15,BRL,5.2829
2023-11-15,CAD,1.4854
2023-11-15,CHF,0.964
2023-11-15,GBP,0.87188
2023-11-15,INR,90.2937
2023-11-15,JPY,163.39
2023-11-15,KRW,1410.5
2023-11-15,MXN,18.8419
2023-11-15,PHP,60.546
2023-11-15,PLN,4.397
2023-11-15,SEK,11.451
2023-11-15,SGD,1.4645
2023-11-15,USD,1.0868
2023-11-15,ZAR,19.7127
2023-11-16,AUD,1.6736
2023-11-16,BRL,5.2703
2023-11-16,CAD,1.4891
2023-11-16,CHF,0.9651
2023-11-16,GBP,0.8752
2023-11-16,INR,90.3145
2023-11-16,JPY,164.05
2023-11-16,KRW,1403.37
2023-11-16,MXN,18.7435
2023-11-16,PHP,60.44
2023-11-16,PLN,4.373
2023-11-16,SEK,11.4898
2023-11-16,SGD,1.4634
2023-11-16,USD,1.0849
2023-11-16,ZAR,19.8718
2023-11-17,AUD,1.6709
2023-11-17,BRL,5.2947
2023-11-17,CAD,1.4908
2023-11-17,CHF,0.9643
2023-11-17,GBP,0.87395
2023-11-17,INR,90.5065
2023-11-17,JPY,162.29
2023-11-17,KRW,1405
2023-11-17,MXN,18.7042
2023-11-17,PHP,60.416
2023-11-17,PLN,4.377
2023-11-17,SEK,11.481
2023-11-17,SGD,1.461
2023-11-17,USD,1.0872
2023-11-17,ZAR,19.9254
2023-11-20,AUD,1.6669
2023-11-20,BRL,5.3364
2023-11-20,CAD,1.4994
2023-11-20,CHF,0.9665
2023-11-20,GBP,0.8763
2023-11-20,INR,91.106
2023-11-20,JPY,162.12
2023-11-20,KRW,1412.56
2023-11-20,MXN,18.759
2023-11-20,PHP,60.497
2023-11-20,PLN,4.369
2023-11-20,SEK,11.427
2023-11-20,SGD,1.4641
2023-11-20,USD,1.0928
2023-11-20,ZAR,20.1445
2023-11-21,AUD,1.6653
2023-11-21,BRL,5.3454
2023-11-21,CAD,1.5029
2023-11-21,CHF,0.9673
2023-11-21,GBP,0.87326
2023-11-21,INR,91.2425
2023-11-21,JPY,161.61
2023-11-21,KRW,1413.92
2023-11-21,MXN,18.7681
2023-11-21,PHP,60.724
2023-11-21,PLN,4.3625
2023-11-21,SEK,11.404
2023-11-21,SGD,1.4638
2023-11-21,USD,1.0955
2023-11-21,ZAR,20.1403
2023-11-22,AUD,1.6618
2023-11-22,BRL,5.3402
2023-11-22,CAD,1.4959
2023-11-22,CHF,0.964
2023-11-22,GBP,0.8703
2023-11-22,INR,90.903
2023-11-22,JPY,162.25
2023-11-22,KRW,1418.1
2023-11-22,MXN,18.7421
2023-11-22,PHP,60.698
2023-11-22,PLN,4.3625
2023-11-22,SEK,11.39
2023-11-22,SGD,1.4622
2023-11-22,USD,1.0911
2023-11-22,ZAR,20.3008
2023-11-23,AUD,1.6633
2023-11-23,BRL,5.3367
2023-11-23,CAD,1.494
2023-11-23,CHF,0.9644
2023-11-23,GBP,0.8694
2023-11-23,INR,90.815
2023-11-23,JPY,162.98
2023-11-23,KRW,1418.85
2023-11-23,MXN,18.7094
2023-11-23,PHP,60.364
2023-11-23,PLN,4.3655
2023-11-23,SEK,11.4385
2023-11-23,SGD,1.4618
2023-11-23,USD,1.09
2023-11-23,ZAR,20.5225
2023-11-24,AUD,1.6621
2023-11-24,BRL,5.3325
2023-11-24,CAD,1.4935
2023-11-24,CHF,0.964
2023-11-24,GBP,0.86818
2023-11-24,INR,91.039
2023-11-24,JPY,163.3
2023-11-24,KRW,1425.61
2023-11-24,MXN,18.6962
2023-11-24,PHP,60.507
2023-11-24,PLN,4.3638
2023-11-24,SEK,11.439
2023-11-24,SGD,1.464
2023-11-24,USD,1.0916
2023-11-24,ZAR,20.6312
2023-11-27,AUD,1.6575
2023-11-27,BRL,5.3522
2023-11-27,CAD,1.4929
2023-11-27,CHF,0.964
2023-11-27,GBP,0.86671
2023-11-27,INR,91.2743
2023-11-27,JPY,162.86
2023-11-27,KRW,1422.61
2023-11-27,MXN,18.6759
2023-11-27,PHP,60.793
2023-11-27,PLN,4.359
2023-11-27,SEK,11.421
2023-11-27,SGD,1.4641
2023-11-27,USD,1.0951
2023-11-27,ZAR,20.4087
2023-11-28,AUD,1.6567
2023-11-28,BRL,5.3593
2023-11-28,CAD,1.4887
2023-11-28,CHF,0.9645
2023-11-28,GBP,0.8682
2023-11-28,INR,91.255
2023-11-28,JPY,162.74
2023-11-28,KRW,1419.89
2023-11-28,MXN,18.8095
2023-11-28,PHP,60.696
2023-11-28,PLN,4.3473
2023-11-28,SEK,11.433
2023-11-28,SGD,1.463
2023-11-28,USD,1.0949
2023-11-28,ZAR,20.4833
2023-11-29,AUD,1.6586
2023-11-29,BRL,5.3785
2023-11-29,CAD,1.492
2023-11-29,CHF,0.9628
2023-11-29,GBP,0.86525
2023-11-29,INR,91.528
2023-11-29,JPY,162.12
2023-11-29,KRW,1418.07
2023-11-29,MXN,18.8765
2023-11-29,PHP,60.835
2023-11-29,PLN,4.3355
2023-11-29,SEK,11.3655
2023-11-29,SGD,1.4629
2023-11-29,USD,1.0985
2023-11-29,ZAR,20.3397
2023-11-30,AUD,1.6542
2023-11-30,BRL,5.3984
2023-11-30,CAD,1.487
2023-11-30,CHF,0.9562
2023-11-30,GBP,0.86368
2023-11-30,INR,91.1143
2023-11-30,JPY,161.19
2023-11-30,KRW,1418.78
2023-11-30,MXN,19.0235
2023-11-30,PHP,60.623
2023-11-30,PLN,4.349
2023-11-30,SEK,11.4308
2023-11-30,SGD,1.4602
2023-11-30,USD,1.0931
2023-11-30,ZAR,20.5703
2023-12-01,AUD,1.6448
2023-12-01,BRL,5.3538
2023-12-01,CAD,1.4736
2023-12-01,CHF,0.953
2023-12-01,GBP,0.86045
2023-12-01,INR,90.6125
2023-12-01,JPY,161.14
2023-12-01,KRW,1420.73
2023-12-01,MXN,18.8153
2023-12-01,PHP,60.252
2023-12-01,PLN,4.343
2023-12-01,SEK,11.3715
2023-12-01,SGD,1.4551
2023-12-01,USD,1.0875
2023-12-01,ZAR,20.3329
2023-12-04,AUD,1.6351
2023-12-04,BRL,5.3175
2023-12-04,CAD,1.4716
2023-12-04,CHF,0.9476
2023-12-04,GBP,0.8579
2023-12-04,INR,90.62
2023-12-04,JPY,159.47
2023-12-04,KRW,1417.9
2023-12-04,MXN,18.7638
2023-12-04,PHP,60.127
2023-12-04,PLN,4.3393
2023-12-04,SEK,11.321
2023-12-04,SGD,1.4515
2023-12-04,USD,1.0868
2023-12-04,ZAR,20.3627
2023-12-05,AUD,1.6492
2023-12-05,BRL,5.3636
2023-12-05,CAD,1.47
2023-12-05,CHF,0.9456
2023-12-05,GBP,0.85723
2023-12-05,INR,90.1885
2023-12-05,JPY,159.13
2023-12-05,KRW,1422.18
2023-12-05,MXN,18.9133
2023-12-05,PHP,59.832
2023-12-05,PLN,4.3225
2023-12-05,SEK,11.3095
2023-12-05,SGD,1.4487
2023-12-05,USD,1.0817
2023-12-05,ZAR,20.4715
2023-12-06,AUD,1.6391
2023-12-06,BRL,5.2994
2023-12-06,CAD,1.4616
2023-12-06,CHF,0.9429
2023-12-06,GBP,0.8561
2023-12-06,INR,89.8275
2023-12-06,JPY,158.7
2023-12-06,KRW,1417.89
2023-12-06,MXN,18.676
2023-12-06,PHP,59.613
2023-12-06,PLN,4.3403
2023-12-06,SEK,11.3065
2023-12-06,SGD,1.4452
2023-12-06,USD,1.0778
2023-12-06,ZAR,20.4401
2023-12-07,AUD,1.6407
2023-12-07,BRL,5.2614
2023-12-07,CAD,1.4656
2023-12-07,CHF,0.9446
2023-12-07,GBP,0.8575
2023-12-07,INR,89.794
2023-12-07,JPY,156.18
2023-12-07,KRW,1421.02
2023-12-07,MXN,18.6551
2023-12-07,PHP,59.569
2023-12-07,PLN,4.3313
2023-12-07,SEK,11.2557
2023-12-07,SGD,1.4436
2023-12-07,USD,1.0771
2023-12-07,ZAR,20.2056
2023-12-08,AUD,1.6327
2023-12-08,BRL,5.2933
2023-12-08,CAD,1.4627
2023-12-08,CHF,0.9438
2023-12-08,GBP,0.8569
2023-12-08,INR,89.8875
2023-12-08,JPY,155.53
2023-12-08,KRW,1412.83
2023-12-08,MXN,18.7923
2023-12-08,PHP,59.758
2023-12-08,PLN,4.3318
2023-12-08,SEK,11.238
2023-12-08,SGD,1.4426
2023-12-08,USD,1.0777
2023-12-08,ZAR,20.3657
2023-12-11,AUD,1.642
2023-12-11,BRL,5.3169
2023-12-11,CAD,1.4609
2023-12-11,CHF,0.9478
2023-12-11,GBP,0.8558
2023-12-11,INR,89.6798
2023-12-11,JPY,157.54
2023-12-11,KRW,1420.71
2023-12-11,MXN,18.7319
2023-12-11,PHP,59.787
2023-12-11,PLN,4.3303
2023-12-11,SEK,11.297
2023-12-11,SGD,1.4454
2023-12-11,USD,1.0757
2023-12-11,ZAR,20.5441
2023-12-12,AUD,1.6398
2023-12-12,BRL,5.3327
2023-12-12,CAD,1.4656
2023-12-12,CHF,0.9443
2023-12-12,GBP,0.85928
2023-12-12,INR,90.0765
2023-12-12,JPY,156.84
2023-12-12,KRW,1415.21
2023-12-12,MXN,18.7419
2023-12-12,PHP,60.103
2023-12-12,PLN,4.3393
2023-12-12,SEK,11.2815
2023-12-12,SGD,1.4479
2023-12-12,USD,1.0804
2023-12-12,ZAR,20.4297
2023-12-13,AUD,1.6452
2023-12-13,BRL,5.3609
2023-12-13,CAD,1.4644
2023-12-13,CHF,0.9452
2023-12-13,GBP,0.8612
2023-12-13,INR,89.9635
2023-12-13,JPY,157.13
2023-12-13,KRW,1422.86
2023-12-13,MXN,18.687
2023-12-13,PHP,60.493
2023-12-13,PLN,4.326
2023-12-13,SEK,11.277
2023-12-13,SGD,1.449
2023-12-13,USD,1.0787
2023-12-13,ZAR,20.587
2023-12-14,AUD,1.6288
2023-12-14,BRL,5.3349
2023-12-14,CAD,1.4677
2023-12-14,CHF,0.949
2023-12-14,GBP,0.85955
2023-12-14,INR,90.993
2023-12-14,JPY,154.8
2023-12-14,KRW,1412.66
2023-12-14,MXN,18.9001
2023-12-14,PHP,60.852
2023-12-14,PLN,4.3123
2023-12-14,SEK,11.18
2023-12-14,SGD,1.4527
2023-12-14,USD,1.0919
2023-12-14,ZAR,20.2693
2023-12-15,AUD,1.6324
2023-12-15,BRL,5.4085
2023-12-15,CAD,1.4653
2023-12-15,CHF,0.9488
2023-12-15,GBP,0.85833
2023-12-15,INR,90.941
2023-12-15,JPY,155.15
2023-12-15,KRW,1423.27
2023-12-15,MXN,18.9342
2023-12-15,PHP,61.035
2023-12-15,PLN,4.309
2023-12-15,SEK,11.2125
2023-12-15,SGD,1.456
2023-12-15,USD,1.0946
2023-12-15,ZAR,19.9801
2023-12-18,AUD,1.6225
2023-12-18,BRL,5.3935
2023-12-18,CAD,1.4584
2023-12-18,CHF,0.948
2023-12-18,GBP,0.86263
2023-12-18,INR,90.79
2023-12-18,JPY,155.95
2023-12-18,KRW,1419.8
2023-12-18,MXN,18.8458
2023-12-18,PHP,60.966
2023-12-18,PLN,4.345
2023-12-18,SEK,11.145
2023-12-18,SGD,1.4539
2023-12-18,USD,1.0918
2023-12-18,ZAR,20.2326
2023-12-19,AUD,1.6273
2023-12-19,BRL,5.3375
2023-12-19,CAD,1.4673
2023-12-19,CHF,0.947
2023-12-19,GBP,0.86095
2023-12-19,INR,91.1835
2023-12-19,JPY,158.2
2023-12-19,KRW,1430.22
2023-12-19,MXN,18.7406
2023-12-19,PHP,61.343
2023-12-19,PLN,4.3373
2023-12-19,SEK,11.175
2023-12-19,SGD,1.4589
2023-12-19,USD,1.0962
2023-12-19,ZAR,20.2569
2023-12-20,AUD,1.6186
2023-12-20,BRL,5.3287
2023-12-20,CAD,1.4609
2023-12-20,CHF,0.946
2023-12-20,GBP,0.86555
2023-12-20,INR,91.0595
2023-12-20,JPY,157.12
2023-12-20,KRW,1425.62
2023-12-20,MXN,18.6867
2023-12-20,PHP,60.991
2023-12-20,PLN,4.3413
2023-12-20,SEK,11.129
2023-12-20,SGD,1.4562
2023-12-20,USD,1.0944
2023-12-20,ZAR,20.1107
2023-12-21,AUD,1.6243
2023-12-21,BRL,5.3688
2023-12-21,CAD,1.4668
2023-12-21,CHF,0.9432
2023-12-21,GBP,0.86805
2023-12-21,INR,91.4335
2023-12-21,JPY,156.79
2023-12-21,KRW,1431.04
2023-12-21,MXN,18.7425
2023-12-21,PHP,60.978
2023-12-21,PLN,4.3403
2023-12-21,SEK,11.099
2023-12-21,SGD,1.4598
2023-12-21,USD,1.0983
2023-12-21,ZAR,20.1365
2023-12-22,AUD,1.6197
2023-12-22,BRL,5.3624
2023-12-22,CAD,1.4639
2023-12-22,CHF,0.9417
2023-12-22,GBP,0.8666
2023-12-22,INR,91.628
2023-12-22,JPY,156.66
2023-12-22,KRW,1430.05
2023-12-22,MXN,18.6955
2023-12-22,PHP,61.067
2023-12-22,PLN,4.342
2023-12-22,SEK,11.0556
2023-12-22,SGD,1.4593
2023-12-22,USD,1.1023
2023-12-22,ZAR,20.307
2023-12-27,AUD,1.617
2023-12-27,BRL,5.3434
2023-12-27,CAD,1.4612
2023-12-27,CHF,0.9438
2023-12-27,GBP,0.8683
2023-12-27,INR,92.186
2023-12-27,JPY,157.81
2023-12-27,KRW,1432.67
2023-12-27,MXN,18.7422
2023-12-27,PHP,61.619
2023-12-27,PLN,4.3308
2023-12-27,SEK,11.066
2023-12-27,SGD,1.4628
2023-12-27,USD,1.1065
2023-12-27,ZAR,20.4288
2023-12-28,AUD,1.6246
2023-12-28,BRL,5.3739
2023-12-28,CAD,1.4698
2023-12-28,CHF,0.9302
2023-12-28,GBP,0.8706
2023-12-28,INR,92.449
2023-12-28,JPY,156.57
2023-12-28,KRW,1429.08
2023-12-28,MXN,18.7767
2023-12-28,PHP,61.599
2023-12-28,PLN,4.3355
2023-12-28,SEK,11.0382
2023-12-28,SGD,1.4643
2023-12-28,USD,1.1114
2023-12-28,ZAR,20.6003
2023-12-29,AUD,1.6263
2023-12-29,BRL,5.3618
2023-12-29,CAD,1.4642
2023-12-29,CHF,0.926
2023-12-29,GBP,0.86905
2023-12-29,INR,91.9045
2023-12-29,JPY,156.33
2023-12-29,KRW,1433.66
2023-12-29,MXN,18.7231
2023-12-29,PHP,61.283
2023-12-29,PLN,4.3395
2023-12-29,SEK,11.096
2023-12-29,SGD,1.4591
2023-12-29,USD,1.105
2023-12-29,ZAR,20.3477
2024-01-02,AUD,1.6147
2024-01-02,BRL,5.3562
2024-01-02,CAD,1.4565
2024-01-02,CHF,0.9305
2024-01-02,GBP,0.86645
2024-01-02,INR,91.285
2024-01-02,JPY,155.68
2024-01-02,KRW,1438.78
2024-01-02,MXN,18.6887
2024-01-02,PHP,60.981
2024-01-02,PLN,4.3708
2024-01-02,SEK,11.1545
2024-01-02,SGD,1.4533
2024-01-02,USD,1.0956
2024-01-02,ZAR,20.3656
2024-01-03,AUD,1.6236
2024-01-03,BRL,5.3859
2024-01-03,CAD,1.4574
2024-01-03,CHF,0.9322
2024-01-03,GBP,0.8647
2024-01-03,INR,90.965
2024-01-03,JPY,156.16
2024-01-03,KRW,1432.28
2024-01-03,MXN,18.6682
2024-01-03,PHP,60.699
2024-01-03,PLN,4.3638
2024-01-03,SEK,11.1915
2024-01-03,SGD,1.4503
2024-01-03,USD,1.0919
2024-01-03,ZAR,20.5326
2024-01-04,AUD,1.628
2024-01-04,BRL,5.3761
2024-01-04,CAD,1.4603
2024-01-04,CHF,0.9313
2024-01-04,GBP,0.86278
2024-01-04,INR,91.1745
2024-01-04,JPY,157.91
2024-01-04,KRW,1434.25
2024-01-04,MXN,18.6124
2024-01-04,PHP,60.833
2024-01-04,PLN,4.346
2024-01-04,SEK,11.1905
2024-01-04,SGD,1.4546
2024-01-04,USD,1.0953
2024-01-04,ZAR,20.4271
2024-01-05,AUD,1.6337
2024-01-05,BRL,5.3724
2024-01-05,CAD,1.46
2024-01-05,CHF,0.932
2024-01-05,GBP,0.8621
2024-01-05,INR,90.81
2024-01-05,JPY,158.57
2024-01-05,KRW,1439.64
2024-01-05,MXN,18.6066
2024-01-05,PHP,60.704
2024-01-05,PLN,4.3568
2024-01-05,SEK,11.235
2024-01-05,SGD,1.4537
2024-01-05,USD,1.0921
2024-01-05,ZAR,20.5511
2024-01-08,AUD,1.6378
2024-01-08,BRL,5.3607
2024-01-08,CAD,1.4651
2024-01-08,CHF,0.9308
2024-01-08,GBP,0.8615
2024-01-08,INR,90.9655
2024-01-08,JPY,158.19
2024-01-08,KRW,1444.94
2024-01-08,MXN,18.4982
2024-01-08,PHP,60.914
2024-01-08,PLN,4.3465
2024-01-08,SEK,11.2095
2024-01-08,SGD,1.457
2024-01-08,USD,1.0946
2024-01-08,ZAR,20.4984
2024-01-09,AUD,1.6339
2024-01-09,BRL,5.3475
2024-01-09,CAD,1.4613
2024-01-09,CHF,0.9313
2024-01-09,GBP,0.85938
2024-01-09,INR,90.9195
2024-01-09,JPY,157.63
2024-01-09,KRW,1442.62
2024-01-09,MXN,18.4514
2024-01-09,PHP,61.308
2024-01-09,PLN,4.3448
2024-01-09,SEK,11.2115
2024-01-09,SGD,1.4557
2024-01-09,USD,1.094
2024-01-09,ZAR,20.438
2024-01-10,AUD,1.6334
2024-01-10,BRL,5.3508
2024-01-10,CAD,1.4649
2024-01-10,CHF,0.9336
2024-01-10,GBP,0.86023
2024-01-10,INR,90.8755
2024-01-10,JPY,159.03
2024-01-10,KRW,1443.77
2024-01-10,MXN,18.5983
2024-01-10,PHP,61.593
2024-01-10,PLN,4.341
2024-01-10,SEK,11.197
2024-01-10,SGD,1.4573
2024-01-10,USD,1.0946
2024-01-10,ZAR,20.4139
2024-01-11,AUD,1.6369
2024-01-11,BRL,5.3606
2024-01-11,CAD,1.4677
2024-01-11,CHF,0.9338
2024-01-11,GBP,0.86145
2024-01-11,INR,91.209
2024-01-11,JPY,159.71
2024-01-11,KRW,1444.39
2024-01-11,MXN,18.6688
2024-01-11,PHP,61.516
2024-01-11,PLN,4.349
2024-01-11,SEK,11.197
2024-01-11,SGD,1.46
2024-01-11,USD,1.0987
2024-01-11,ZAR,20.4331
2024-01-12,AUD,1.6375
2024-01-12,BRL,5.3309
2024-01-12,CAD,1.4634
2024-01-12,CHF,0.935
2024-01-12,GBP,0.8595
2024-01-12,INR,90.735
2024-01-12,JPY,159.17
2024-01-12,KRW,1438.73
2024-01-12,MXN,18.4931
2024-01-12,PHP,61.092
2024-01-12,PLN,4.3628
2024-01-12,SEK,11.26
2024-01-12,SGD,1.4583
2024-01-12,USD,1.0942
2024-01-12,ZAR,20.4408
2024-01-15,AUD,1.6449
2024-01-15,BRL,5.3333
2024-01-15,CAD,1.4695
2024-01-15,CHF,0.9351
2024-01-15,GBP,0.86075
2024-01-15,INR,90.698
2024-01-15,JPY,159.67
2024-01-15,KRW,1446.95
2024-01-15,MXN,18.4899
2024-01-15,PHP,61.073
2024-01-15,PLN,4.3625
2024-01-15,SEK,11.278
2024-01-15,SGD,1.4601
2024-01-15,USD,1.0945
2024-01-15,ZAR,20.431
2024-01-16,AUD,1.6484
2024-01-16,BRL,5.3184
2024-01-16,CAD,1.4661
2024-01-16,CHF,0.9361
2024-01-16,GBP,0.86078
2024-01-16,INR,90.425
2024-01-16,JPY,159.64
2024-01-16,KRW,1454.92
2024-01-16,MXN,18.539
2024-01-16,PHP,60.939
2024-01-16,PLN,4.387
2024-01-16,SEK,11.3215
2024-01-16,SGD,1.4589
2024-01-16,USD,1.0882
2024-01-16,ZAR,20.5528
2024-01-17,AUD,1.6592
2024-01-17,BRL,5.3673
2024-01-17,CAD,1.4701
2024-01-17,CHF,0.9406
2024-01-17,GBP,0.85818
2024-01-17,INR,90.4265
2024-01-17,JPY,160.65
2024-01-17,KRW,1463.11
2024-01-17,MXN,18.8054
2024-01-17,PHP,60.819
2024-01-17,PLN,4.3993
2024-01-17,SEK,11.3925
2024-01-17,SGD,1.4615
2024-01-17,USD,1.0877
2024-01-17,ZAR,20.7331
2024-01-18,AUD,1.6579
2024-01-18,BRL,5.3551
2024-01-18,CAD,1.4681
2024-01-18,CHF,0.9432
2024-01-18,GBP,0.85773
2024-01-18,INR,90.4295
2024-01-18,JPY,160.89
2024-01-18,KRW,1455.8
2024-01-18,MXN,18.686
2024-01-18,PHP,60.726
2024-01-18,PLN,4.399
2024-01-18,SEK,11.364
2024-01-18,SGD,1.4619
2024-01-18,USD,1.0875
2024-01-18,ZAR,20.597
2024-01-19,AUD,1.65
2024-01-19,BRL,5.3444
2024-01-19,CAD,1.4656
2024-01-19,CHF,0.9459
2024-01-19,GBP,0.85825
2024-01-19,INR,90.4485
2024-01-19,JPY,161.17
2024-01-19,KRW,1451.99
2024-01-19,MXN,18.6494
2024-01-19,PHP,60.956
2024-01-19,PLN,4.3618
2024-01-19,SEK,11.38
2024-01-19,SGD,1.4599
2024-01-19,USD,1.0887
2024-01-19,ZAR,20.6892
2024-01-22,AUD,1.652
2024-01-22,BRL,5.3738
2024-01-22,CAD,1.462
2024-01-22,CHF,0.9458
2024-01-22,GBP,0.85575
2024-01-22,INR,90.5305
2024-01-22,JPY,160.95
2024-01-22,KRW,1458.19
2024-01-22,MXN,18.5897
2024-01-22,PHP,61.273
2024-01-22,PLN,4.364
2024-01-22,SEK,11.3545
2024-01-22,SGD,1.4606
2024-01-22,USD,1.089
2024-01-22,ZAR,20.8846
2024-01-23,AUD,1.6493
2024-01-23,BRL,5.3981
2024-01-23,CAD,1.4648
2024-01-23,CHF,0.9446
2024-01-23,GBP,0.85493
2024-01-23,INR,90.3655
2024-01-23,JPY,160.88
2024-01-23,KRW,1454.29
2024-01-23,MXN,18.7548
2024-01-23,PHP,61.101
2024-01-23,PLN,4.383
2024-01-23,SEK,11.347
2024-01-23,SGD,1.4568
2024-01-23,USD,1.0872
2024-01-23,ZAR,20.7022
2024-01-24,AUD,1.652
2024-01-24,BRL,5.3587
2024-01-24,CAD,1.4669
2024-01-24,CHF,0.9415
2024-01-24,GBP,0.85543
2024-01-24,INR,90.6274
2024-01-24,JPY,160.46
2024-01-24,KRW,1453.17
2024-01-24,MXN,18.7537
2024-01-24,PHP,61.362
2024-01-24,PLN,4.3725
2024-01-24,SEK,11.3585
2024-01-24,SGD,1.4585
2024-01-24,USD,1.0905
2024-01-24,ZAR,20.5366
2024-01-25,AUD,1.6537
2024-01-25,BRL,5.3664
2024-01-25,CAD,1.4714
2024-01-25,CHF,0.942
2024-01-25,GBP,0.85538
2024-01-25,INR,90.5475
2024-01-25,JPY,160.81
2024-01-25,KRW,1456.25
2024-01-25,MXN,18.7648
2024-01-25,PHP,61.556
2024-01-25,PLN,4.3765
2024-01-25,SEK,11.35
2024-01-25,SGD,1.4591
2024-01-25,USD,1.0893
2024-01-25,ZAR,20.5812
2024-01-26,AUD,1.6483
2024-01-26,BRL,5.3366
2024-01-26,CAD,1.4607
2024-01-26,CHF,0.9396
2024-01-26,GBP,0.85368
2024-01-26,INR,90.369
2024-01-26,JPY,160.62
2024-01-26,KRW,1451.08
2024-01-26,MXN,18.6582
2024-01-26,PHP,61.28
2024-01-26,PLN,4.3775
2024-01-26,SEK,11.3203
2024-01-26,SGD,1.457
2024-01-26,USD,1.0871
2024-01-26,ZAR,20.4264
2024-01-29,AUD,1.6398
2024-01-29,BRL,5.3134
2024-01-29,CAD,1.4542
2024-01-29,CHF,0.9339
2024-01-29,GBP,0.8525
2024-01-29,INR,89.9995
2024-01-29,JPY,160.13
2024-01-29,KRW,1445.6
2024-01-29,MXN,18.5591
2024-01-29,PHP,61.053
2024-01-29,PLN,4.366
2024-01-29,SEK,11.3562
2024-01-29,SGD,1.4516
2024-01-29,USD,1.0823
2024-01-29,ZAR,20.3022
2024-01-30,AUD,1.6462
2024-01-30,BRL,5.3697
2024-01-30,CAD,1.4564
2024-01-30,CHF,0.9365
2024-01-30,GBP,0.85628
2024-01-30,INR,90.1575
2024-01-30,JPY,159.97
2024-01-30,KRW,1442.67
2024-01-30,MXN,18.6729
2024-01-30,PHP,61.171
2024-01-30,PLN,4.3618
2024-01-30,SEK,11.2971
2024-01-30,SGD,1.4534
2024-01-30,USD,1.0846
2024-01-30,ZAR,20.4934
2024-01-31,AUD,1.6468
2024-01-31,BRL,5.3749
2024-01-31,CAD,1.4558
2024-01-31,CHF,0.9348
2024-01-31,GBP,0.85435
2024-01-31,INR,90.001
2024-01-31,JPY,160.19
2024-01-31,KRW,1444.63
2024-01-31,MXN,18.5817
2024-01-31,PHP,61.023
2024-01-31,PLN,4.333
2024-01-31,SEK,11.2682
2024-01-31,SGD,1.4517
2024-01-31,USD,1.0837
2024-01-31,ZAR,20.3238
2024-02-01,AUD,1.6594
2024-02-01,BRL,5.3578
2024-02-01,CAD,1.4544
2024-02-01,CHF,0.9336
2024-02-01,GBP,0.85353
2024-02-01,INR,89.733
2024-02-01,JPY,158.96
2024-02-01,KRW,1442.43
2024-02-01,MXN,18.6195
2024-02-01,PHP,60.645
2024-02-01,PLN,4.3373
2024-02-01,SEK,11.3354
2024-02-01,SGD,1.4499
2024-02-01,USD,1.0814
2024-02-01,ZAR,20.2343
2024-02-02,AUD,1.6468
2024-02-02,BRL,5.3471
2024-02-02,CAD,1.4556
2024-02-02,CHF,0.9315
2024-02-02,GBP,0.85263
2024-02-02,INR,90.232
2024-02-02,JPY,159.58
2024-02-02,KRW,1440.7
2024-02-02,MXN,18.5579
2024-02-02,PHP,60.825
2024-02-02,PLN,4.3175
2024-02-02,SEK,11.268
2024-02-02,SGD,1.4533
2024-02-02,USD,1.0883
2024-02-02,ZAR,20.2973
2024-02-05,AUD,1.6562
2024-02-05,BRL,5.3694
2024-02-05,CAD,1.4507
2024-02-05,CHF,0.9347
2024-02-05,GBP,0.85595
2024-02-05,INR,89.2515
2024-02-05,JPY,159.72
2024-02-05,KRW,1434.09
2024-02-05,MXN,18.4781
2024-02-05,PHP,60.568
2024-02-05,PLN,4.3343
2024-02-05,SEK,11.374
2024-02-05,SGD,1.4474
2024-02-05,USD,1.0746
2024-02-05,ZAR,20.4233
2024-02-06,AUD,1.6515
2024-02-06,BRL,5.338
2024-02-06,CAD,1.4526
2024-02-06,CHF,0.9366
2024-02-06,GBP,0.8546
2024-02-06,INR,89.2155
2024-02-06,JPY,159.56
2024-02-06,KRW,1426.76
2024-02-06,MXN,18.32
2024-02-06,PHP,60.376
2024-02-06,PLN,4.3463
2024-02-06,SEK,11.3825
2024-02-06,SGD,1.4448
2024-02-06,USD,1.0743
2024-02-06,ZAR,20.3273
2024-02-07,AUD,1.6504
2024-02-07,BRL,5.344
2024-02-07,CAD,1.4501
2024-02-07,CHF,0.9393
2024-02-07,GBP,0.85305
2024-02-07,INR,89.422
2024-02-07,JPY,159.71
2024-02-07,KRW,1429.92
2024-02-07,MXN,18.3821
2024-02-07,PHP,60.302
2024-02-07,PLN,4.3453
2024-02-07,SEK,11.2725
2024-02-07,SGD,1.4472
2024-02-07,USD,1.0776
2024-02-07,ZAR,20.3686
2024-02-08,AUD,1.6569
2024-02-08,BRL,5.3546
2024-02-08,CAD,1.4505
2024-02-08,CHF,0.9409
2024-02-08,GBP,0.85378
2024-02-08,INR,89.2765
2024-02-08,JPY,160.55
2024-02-08,KRW,1433.01
2024-02-08,MXN,18.3777
2024-02-08,PHP,60.148
2024-02-08,PLN,4.3375
2024-02-08,SEK,11.2705
2024-02-08,SGD,1.4489
2024-02-08,USD,1.0758
2024-02-08,ZAR,20.393
2024-02-09,AUD,1.6543
2024-02-09,BRL,5.3637
2024-02-09,CAD,1.4486
2024-02-09,CHF,0.9432
2024-02-09,GBP,0.8544
2024-02-09,INR,89.4363
2024-02-09,JPY,161
2024-02-09,KRW,1435.25
2024-02-09,MXN,18.4448
2024-02-09,PHP,60.215
2024-02-09,PLN,4.3206
2024-02-09,SEK,11.2815
2024-02-09,SGD,1.4503
2024-02-09,USD,1.0772
2024-02-09,ZAR,20.4847
2024-02-12,AUD,1.6505
2024-02-12,BRL,5.3366
2024-02-12,CAD,1.4504
2024-02-12,CHF,0.943
2024-02-12,GBP,0.85391
2024-02-12,INR,89.4321
2024-02-12,JPY,160.51
2024-02-12,KRW,1431.54
2024-02-12,MXN,18.3703
2024-02-12,PHP,60.31
2024-02-12,PLN,4.3198
2024-02-12,SEK,11.232
2024-02-12,SGD,1.4484
2024-02-12,USD,1.0773
2024-02-12,ZAR,20.4662
2024-02-13,AUD,1.6526
2024-02-13,BRL,5.3465
2024-02-13,CAD,1.4511
2024-02-13,CHF,0.9481
2024-02-13,GBP,0.85098
2024-02-13,INR,89.579
2024-02-13,JPY,161.17
2024-02-13,KRW,1434.64
2024-02-13,MXN,18.4272
2024-02-13,PHP,60.398
2024-02-13,PLN,4.3198
2024-02-13,SEK,11.251
2024-02-13,SGD,1.451
2024-02-13,USD,1.0793
2024-02-13,ZAR,20.318
2024-02-14,AUD,1.6521
2024-02-14,BRL,5.3069
2024-02-14,CAD,1.4509
2024-02-14,CHF,0.9493
2024-02-14,GBP,0.85258
2024-02-14,INR,88.956
2024-02-14,JPY,161.28
2024-02-14,KRW,1428.41
2024-02-14,MXN,18.3559
2024-02-14,PHP,60.164
2024-02-14,PLN,4.3415
2024-02-14,SEK,11.3127
2024-02-14,SGD,1.4451
2024-02-14,USD,1.0713
2024-02-14,ZAR,20.3982
2024-02-15,AUD,1.6525
2024-02-15,BRL,5.3401
2024-02-15,CAD,1.4547
2024-02-15,CHF,0.9484
2024-02-15,GBP,0.85635
2024-02-15,INR,89.221
2024-02-15,JPY,161.26
2024-02-15,KRW,1429.35
2024-02-15,MXN,18.3562
2024-02-15,PHP,60.096
2024-02-15,PLN,4.344
2024-02-15,SEK,11.2575
2024-02-15,SGD,1.4472
2024-02-15,USD,1.0743
2024-02-15,ZAR,20.4366
2024-02-16,AUD,1.6517
2024-02-16,BRL,5.3551
2024-02-16,CAD,1.4518
2024-02-16,CHF,0.9491
2024-02-16,GBP,0.85605
2024-02-16,INR,89.3815
2024-02-16,JPY,161.88
2024-02-16,KRW,1435.09
2024-02-16,MXN,18.3536
2024-02-16,PHP,60.258
2024-02-16,PLN,4.34
2024-02-16,SEK,11.2655
2024-02-16,SGD,1.45
2024-02-16,USD,1.0768
2024-02-16,ZAR,20.3375
2024-02-19,AUD,1.6479
2024-02-19,BRL,5.3433
2024-02-19,CAD,1.4522
2024-02-19,CHF,0.9492
2024-02-19,GBP,0.85448
2024-02-19,INR,89.462
2024-02-19,JPY,161.59
2024-02-19,KRW,1438.87
2024-02-19,MXN,18.3698
2024-02-19,PHP,60.41
2024-02-19,PLN,4.3265
2024-02-19,SEK,11.237
2024-02-19,SGD,1.4503
2024-02-19,USD,1.0776
2024-02-19,ZAR,20.431
2024-02-20,AUD,1.6457
2024-02-20,BRL,5.3521
2024-02-20,CAD,1.4562
2024-02-20,CHF,0.9526
2024-02-20,GBP,0.8566
2024-02-20,INR,89.6045
2024-02-20,JPY,162.18
2024-02-20,KRW,1440.76
2024-02-20,MXN,18.3792
2024-02-20,PHP,60.556
2024-02-20,PLN,4.3248
2024-02-20,SEK,11.2185
2024-02-20,SGD,1.4525
2024-02-20,USD,1.0802
2024-02-20,ZAR,20.4673
2024-02-21,AUD,1.6486
2024-02-21,BRL,5.3253
2024-02-21,CAD,1.4618
2024-02-21,CHF,0.951
2024-02-21,GBP,0.85619
2024-02-21,INR,89.632
2024-02-21,JPY,162.12
2024-02-21,KRW,1441.77
2024-02-21,MXN,18.4379
2024-02-21,PHP,60.48
2024-02-21,PLN,4.3165
2024-02-21,SEK,11.2075
2024-02-21,SGD,1.4524
2024-02-21,USD,1.0809
2024-02-21,ZAR,20.3446
2024-02-22,AUD,1.6515
2024-02-22,BRL,5.3499
2024-02-22,CAD,1.4618
2024-02-22,CHF,0.9535
2024-02-22,GBP,0.85625
2024-02-22,INR,89.871
2024-02-22,JPY,163.12
2024-02-22,KRW,1438.77
2024-02-22,MXN,18.507
2024-02-22,PHP,60.434
2024-02-22,PLN,4.3158
2024-02-22,SEK,11.174
2024-02-22,SGD,1.4552
2024-02-22,USD,1.0844
2024-02-22,ZAR,20.6686
2024-02-23,AUD,1.6467
2024-02-23,BRL,5.3831
2024-02-23,CAD,1.4587
2024-02-23,CHF,0.9522
2024-02-23,GBP,0.8534
2024-02-23,INR,89.817
2024-02-23,JPY,162.91
2024-02-23,KRW,1440.95
2024-02-23,MXN,18.5089
2024-02-23,PHP,60.562
2024-02-23,PLN,4.3118
2024-02-23,SEK,11.1545
2024-02-23,SGD,1.4553
2024-02-23,USD,1.0834
2024-02-23,ZAR,20.8672
2024-02-26,AUD,1.656
2024-02-26,BRL,5.4111
2024-02-26,CAD,1.4674
2024-02-26,CHF,0.9546
2024-02-26,GBP,0.85495
2024-02-26,INR,89.9375
2024-02-26,JPY,163.38
2024-02-26,KRW,1444.46
2024-02-26,MXN,18.5473
2024-02-26,PHP,60.874
2024-02-26,PLN,4.3053
2024-02-26,SEK,11.1675
2024-02-26,SGD,1.4582
2024-02-26,USD,1.0852
2024-02-26,ZAR,20.9499
2024-02-27,AUD,1.6565
2024-02-27,BRL,5.3945
2024-02-27,CAD,1.465
2024-02-27,CHF,0.9544
2024-02-27,GBP,0.8562
2024-02-27,INR,89.9755
2024-02-27,JPY,163.04
2024-02-27,KRW,1445.31
2024-02-27,MXN,18.5221
2024-02-27,PHP,60.902
2024-02-27,PLN,4.3153
2024-02-27,SEK,11.1805
2024-02-27,SGD,1.4584
2024-02-27,USD,1.0856
2024-02-27,ZAR,20.772
2024-02-28,AUD,1.6639
2024-02-28,BRL,5.3497
2024-02-28,CAD,1.4689
2024-02-28,CHF,0.952
2024-02-28,GBP,0.85548
2024-02-28,INR,89.5955
2024-02-28,JPY,162.87
2024-02-28,KRW,1445.35
2024-02-28,MXN,18.4801
2024-02-28,PHP,60.827
2024-02-28,PLN,4.2965
2024-02-28,SEK,11.192
2024-02-28,SGD,1.4554
2024-02-28,USD,1.0808
2024-02-28,ZAR,20.7857
2024-02-29,AUD,1.6684
2024-02-29,BRL,5.4054
2024-02-29,CAD,1.4719
2024-02-29,CHF,0.9534
2024-02-29,GBP,0.85655
2024-02-29,INR,89.7458
2024-02-29,JPY,162.53
2024-02-29,KRW,1447.43
2024-02-29,MXN,18.4969
2024-02-29,PHP,60.858
2024-02-29,PLN,4.3208
2024-02-29,SEK,11.215
2024-02-29,SGD,1.457
2024-02-29,USD,1.0826
2024-02-29,ZAR,20.9007
2024-03-01,AUD,1.6637
2024-03-01,BRL,5.3656
2024-03-01,CAD,1.4679
2024-03-01,CHF,0.9582
2024-03-01,GBP,0.85588
2024-03-01,INR,89.6135
2024-03-01,JPY,162.82
2024-03-01,KRW,1444.21
2024-03-01,MXN,18.4079
2024-03-01,PHP,60.672
2024-03-01,PLN,4.318
2024-03-01,SEK,11.1948
2024-03-01,SGD,1.4563
2024-03-01,USD,1.0813
2024-03-01,ZAR,20.7358
2024-03-04,AUD,1.664
2024-03-04,BRL,5.3718
2024-03-04,CAD,1.4719
2024-03-04,CHF,0.9604
2024-03-04,GBP,0.85583
2024-03-04,INR,89.9399
2024-03-04,JPY,163.22
2024-03-04,KRW,1444.94
2024-03-04,MXN,18.4517
2024-03-04,PHP,60.724
2024-03-04,PLN,4.322
2024-03-04,SEK,11.2424
2024-03-04,SGD,1.457
2024-03-04,USD,1.0846
2024-03-04,ZAR,20.6385
2024-03-05,AUD,1.6709
2024-03-05,BRL,5.3713
2024-03-05,CAD,1.4747
2024-03-05,CHF,0.9609
2024-03-05,GBP,0.85543
2024-03-05,INR,89.9525
2024-03-05,JPY,163.01
2024-03-05,KRW,1447.98
2024-03-05,MXN,18.3924
2024-03-05,PHP,60.727
2024-03-05,PLN,4.3248
2024-03-05,SEK,11.2803
2024-03-05,SGD,1.4578
2024-03-05,USD,1.0849
2024-03-05,ZAR,20.5862
2024-03-06,AUD,1.6667
2024-03-06,BRL,5.375
2024-03-06,CAD,1.477
2024-03-06,CHF,0.9619
2024-03-06,GBP,0.85498
2024-03-06,INR,90.056
2024-03-06,JPY,162.67
2024-03-06,KRW,1450.41
2024-03-06,MXN,18.3532
2024-03-06,PHP,60.731
2024-03-06,PLN,4.3018
2024-03-06,SEK,11.2555
2024-03-06,SGD,1.4578
2024-03-06,USD,1.0874
2024-03-06,ZAR,20.5388
2024-03-07,AUD,1.6501
2024-03-07,BRL,5.3835
2024-03-07,CAD,1.4705
2024-03-07,CHF,0.9577
2024-03-07,GBP,0.85445
2024-03-07,INR,90.1205
2024-03-07,JPY,161.09
2024-03-07,KRW,1446.67
2024-03-07,MXN,18.3715
2024-03-07,PHP,60.794
2024-03-07,PLN,4.302
2024-03-07,SEK,11.1944
2024-03-07,SGD,1.4549
2024-03-07,USD,1.0895
2024-03-07,ZAR,20.4622
2024-03-08,AUD,1.6469
2024-03-08,BRL,5.4281
2024-03-08,CAD,1.4701
2024-03-08,CHF,0.9588
2024-03-08,GBP,0.85168
2024-03-08,INR,90.4365
2024-03-08,JPY,160.99
2024-03-08,KRW,1441.91
2024-03-08,MXN,18.4282
2024-03-08,PHP,60.76
2024-03-08,PLN,4.3065
2024-03-08,SEK,11.164
2024-03-08,SGD,1.4558
2024-03-08,USD,1.0932
2024-03-08,ZAR,20.3805
2024-03-11,AUD,1.6546
2024-03-11,BRL,5.4549
2024-03-11,CAD,1.4753
2024-03-11,CHF,0.9594
2024-03-11,GBP,0.85208
2024-03-11,INR,90.4095
2024-03-11,JPY,160.43
2024-03-11,KRW,1432.46
2024-03-11,MXN,18.3589
2024-03-11,PHP,60.497
2024-03-11,PLN,4.2805
2024-03-11,SEK,11.1865
2024-03-11,SGD,1.4535
2024-03-11,USD,1.0926
2024-03-11,ZAR,20.4277
2024-03-12,AUD,1.6533
2024-03-12,BRL,5.4425
2024-03-12,CAD,1.4739
2024-03-12,CHF,0.9588
2024-03-12,GBP,0.85458
2024-03-12,INR,90.356
2024-03-12,JPY,161.39
2024-03-12,KRW,1433.16
2024-03-12,MXN,18.3673
2024-03-12,PHP,60.387
2024-03-12,PLN,4.2865
2024-03-12,SEK,11.173
2024-03-12,SGD,1.4546
2024-03-12,USD,1.0916
2024-03-12,ZAR,20.3892
2024-03-13,AUD,1.6542
2024-03-13,BRL,5.4506
2024-03-13,CAD,1.4756
2024-03-13,CHF,0.9599
2024-03-13,GBP,0.85451
2024-03-13,INR,90.594
2024-03-13,JPY,161.83
2024-03-13,KRW,1439.01
2024-03-13,MXN,18.3472
2024-03-13,PHP,60.583
2024-03-13,PLN,4.286
2024-03-13,SEK,11.193
2024-03-13,SGD,1.4581
2024-03-13,USD,1.0939
2024-03-13,ZAR,20.4535
2024-03-14,AUD,1.6529
2024-03-14,BRL,5.4237
2024-03-14,CAD,1.4725
2024-03-14,CHF,0.9616
2024-03-14,GBP,0.8542
2024-03-14,INR,90.522
2024-03-14,JPY,161.7
2024-03-14,KRW,1441.24
2024-03-14,MXN,18.2308
2024-03-14,PHP,60.503
2024-03-14,PLN,4.2935
2024-03-14,SEK,11.2245
2024-03-14,SGD,1.4567
2024-03-14,USD,1.0925
2024-03-14,ZAR,20.3659
2024-03-15,AUD,1.6579
2024-03-15,BRL,5.4461
2024-03-15,CAD,1.4731
2024-03-15,CHF,0.9613
2024-03-15,GBP,0.8541
2024-03-15,INR,90.259
2024-03-15,JPY,162.03
2024-03-15,KRW,1448.71
2024-03-15,MXN,18.1915
2024-03-15,PHP,60.494
2024-03-15,PLN,4.2953
2024-03-15,SEK,11.2674
2024-03-15,SGD,1.4562
2024-03-15,USD,1.0892
2024-03-15,ZAR,20.3515
2024-03-18,AUD,1.6583
2024-03-18,BRL,5.4382
2024-03-18,CAD,1.4745
2024-03-18,CHF,0.963
2024-03-18,GBP,0.85525
2024-03-18,INR,90.285
2024-03-18,JPY,162.51
2024-03-18,KRW,1452.75
2024-03-18,MXN,18.2207
2024-03-18,PHP,60.56
2024-03-18,PLN,4.3113
2024-03-18,SEK,11.3178
2024-03-18,SGD,1.4575
2024-03-18,USD,1.0892
2024-03-18,ZAR,20.5859
2024-03-19,AUD,1.6651
2024-03-19,BRL,5.4766
2024-03-19,CAD,1.4767
2024-03-19,CHF,0.963
2024-03-19,GBP,0.85445
2024-03-19,INR,90.1065
2024-03-19,JPY,163.37
2024-03-19,KRW,1453.28
2024-03-19,MXN,18.3376
2024-03-19,PHP,60.721
2024-03-19,PLN,4.321
2024-03-19,SEK,11.3465
2024-03-19,SGD,1.4565
2024-03-19,USD,1.0854
2024-03-19,ZAR,20.5442
2024-03-20,AUD,1.6633
2024-03-20,BRL,5.4414
2024-03-20,CAD,1.4736
2024-03-20,CHF,0.9658
2024-03-20,GBP,0.85438
2024-03-20,INR,90.24
2024-03-20,JPY,164.54
2024-03-20,KRW,1453.86
2024-03-20,MXN,18.2541
2024-03-20,PHP,60.978
2024-03-20,PLN,4.3248
2024-03-20,SEK,11.3595
2024-03-20,SGD,1.4579
2024-03-20,USD,1.0844
2024-03-20,ZAR,20.4589
2024-03-21,AUD,1.6535
2024-03-21,BRL,5.421
2024-03-21,CAD,1.4736
2024-03-21,CHF,0.9766
2024-03-21,GBP,0.85678
2024-03-21,INR,90.656
2024-03-21,JPY,164.96
2024-03-21,KRW,1449.01
2024-03-21,MXN,18.261
2024-03-21,PHP,61.033
2024-03-21,PLN,4.3028
2024-03-21,SEK,11.3645
2024-03-21,SGD,1.4619
2024-03-21,USD,1.0907
2024-03-21,ZAR,20.4181
2024-03-22,AUD,1.6601
2024-03-22,BRL,5.4099
2024-03-22,CAD,1.4688
2024-03-22,CHF,0.9729
2024-03-22,GBP,0.85795
2024-03-22,INR,90.409
2024-03-22,JPY,163.74
2024-03-22,KRW,1453.62
2024-03-22,MXN,18.1372
2024-03-22,PHP,60.928
2024-03-22,PLN,4.317
2024-03-22,SEK,11.4025
2024-03-22,SGD,1.4593
2024-03-22,USD,1.0823
2024-03-22,ZAR,20.5597
2024-03-25,AUD,1.658
2024-03-25,BRL,5.4069
2024-03-25,CAD,1.4722
2024-03-25,CHF,0.9724
2024-03-25,GBP,0.85698
2024-03-25,INR,90.368
2024-03-25,JPY,163.78
2024-03-25,KRW,1453.39
2024-03-25,MXN,18.1374
2024-03-25,PHP,60.92
2024-03-25,PLN,4.3078
2024-03-25,SEK,11.457
2024-03-25,SGD,1.4573
2024-03-25,USD,1.0835
2024-03-25,ZAR,20.4889
2024-03-26,AUD,1.6574
2024-03-26,BRL,5.4067
2024-03-26,CAD,1.4718
2024-03-26,CHF,0.981
2024-03-26,GBP,0.85846
2024-03-26,INR,90.4365
2024-03-26,JPY,164.4
2024-03-26,KRW,1455.75
2024-03-26,MXN,18.1165
2024-03-26,PHP,61.055
2024-03-26,PLN,4.3093
2024-03-26,SEK,11.453
2024-03-26,SGD,1.4595
2024-03-26,USD,1.0855
2024-03-26,ZAR,20.5294
2024-03-27,AUD,1.66
2024-03-27,BRL,5.3969
2024-03-27,CAD,1.4712
2024-03-27,CHF,0.9811
2024-03-27,GBP,0.85768
2024-03-27,INR,90.134
2024-03-27,JPY,163.52
2024-03-27,KRW,1461.31
2024-03-27,MXN,17.9367
2024-03-27,PHP,60.849
2024-03-27,PLN,4.3148
2024-03-27,SEK,11.506
2024-03-27,SGD,1.4586
2024-03-27,USD,1.0816
2024-03-27,ZAR,20.4716
2024-03-28,AUD,1.6607
2024-03-28,BRL,5.4032
2024-03-28,CAD,1.4672
2024-03-28,CHF,0.9766
2024-03-28,GBP,0.8551
2024-03-28,INR,90.1365
2024-03-28,JPY,163.45
2024-03-28,KRW,1458.67
2024-03-28,MXN,17.9179
2024-03-28,PHP,60.797
2024-03-28,PLN,4.3123
2024-03-28,SEK,11.525
2024-03-28,SGD,1.4587
2024-03-28,USD,1.0811
2024-03-28,ZAR,20.5226
2024-04-02,AUD,1.6522
2024-04-02,BRL,5.4114
2024-04-02,CAD,1.4577
2024-04-02,CHF,0.9765
2024-04-02,GBP,0.8551
2024-04-02,INR,89.649
2024-04-02,JPY,163.01
2024-04-02,KRW,1453.23
2024-04-02,MXN,17.849
2024-04-02,PHP,60.506
2024-04-02,PLN,4.2938
2024-04-02,SEK,11.5575
2024-04-02,SGD,1.4535
2024-04-02,USD,1.0749
2024-04-02,ZAR,20.2399
2024-04-03,AUD,1.6539
2024-04-03,BRL,5.4681
2024-04-03,CAD,1.4626
2024-04-03,CHF,0.9792
2024-04-03,GBP,0.85713
2024-04-03,INR,90.0055
2024-04-03,JPY,163.66
2024-04-03,KRW,1456.04
2024-04-03,MXN,17.8782
2024-04-03,PHP,60.817
2024-04-03,PLN,4.2968
2024-04-03,SEK,11.575
2024-04-03,SGD,1.4571
2024-04-03,USD,1.0783
2024-04-03,ZAR,20.2667
2024-04-04,AUD,1.6446
2024-04-04,BRL,5.4751
2024-04-04,CAD,1.4652
2024-04-04,CHF,0.9846
2024-04-04,GBP,0.85788
2024-04-04,INR,90.5116
2024-04-04,JPY,164.69
2024-04-04,KRW,1462.46
2024-04-04,MXN,17.9675
2024-04-04,PHP,61.243
2024-04-04,PLN,4.2955
2024-04-04,SEK,11.5105
2024-04-04,SGD,1.4628
2024-04-04,USD,1.0852
2024-04-04,ZAR,20.2704
2024-04-05,AUD,1.6461
2024-04-05,BRL,5.4633
2024-04-05,CAD,1.4702
2024-04-05,CHF,0.9793
2024-04-05,GBP,0.85773
2024-04-05,INR,90.3283
2024-04-05,JPY,164.1
2024-04-05,KRW,1464.09
2024-04-05,MXN,17.9104
2024-04-05,PHP,61.268
2024-04-05,PLN,4.2835
2024-04-05,SEK,11.526
2024-04-05,SGD,1.4608
2024-04-05,USD,1.0841
2024-04-05,ZAR,20.171
2024-04-08,AUD,1.6433
2024-04-08,BRL,5.4806
2024-04-08,CAD,1.4715
2024-04-08,CHF,0.9807
2024-04-08,GBP,0.85795
2024-04-08,INR,90.159
2024-04-08,JPY,164.43
2024-04-08,KRW,1468.37
2024-04-08,MXN,17.8053
2024-04-08,PHP,61.204
2024-04-08,PLN,4.2773
2024-04-08,SEK,11.4675
2024-04-08,SGD,1.4607
2024-04-08,USD,1.0823
2024-04-08,ZAR,20.1574
2024-04-09,AUD,1.6407
2024-04-09,BRL,5.4489
2024-04-09,CAD,1.4749
2024-04-09,CHF,0.9819
2024-04-09,GBP,0.85663
2024-04-09,INR,90.4135
2024-04-09,JPY,164.97
2024-04-09,KRW,1470.98
2024-04-09,MXN,17.7268
2024-04-09,PHP,61.301
2024-04-09,PLN,4.2565
2024-04-09,SEK,11.4555
2024-04-09,SGD,1.4623
2024-04-09,USD,1.0867
2024-04-09,ZAR,20.0861
2024-04-10,AUD,1.6399
2024-04-10,BRL,5.433
2024-04-10,CAD,1.4728
2024-04-10,CHF,0.981
2024-04-10,GBP,0.85515
2024-04-10,INR,90.3585
2024-04-10,JPY,164.89
2024-04-10,KRW,1467.33
2024-04-10,MXN,17.7305
2024-04-10,PHP,61.408
2024-04-10,PLN,4.2563
2024-04-10,SEK,11.4345
2024-04-10,SGD,1.4605
2024-04-10,USD,1.086
2024-04-10,ZAR,20.0851
2024-04-11,AUD,1.6448
2024-04-11,BRL,5.4468
2024-04-11,CAD,1.4688
2024-04-11,CHF,0.9787
2024-04-11,GBP,0.85525
2024-04-11,INR,89.4385
2024-04-11,JPY,164.18
2024-04-11,KRW,1469.32
2024-04-11,MXN,17.6448
2024-04-11,PHP,60.577
2024-04-11,PLN,4.257
2024-04-11,SEK,11.531
2024-04-11,SGD,1.4518
2024-04-11,USD,1.0729
2024-04-11,ZAR,20.1614
2024-04-12,AUD,1.6413
2024-04-12,BRL,5.4442
2024-04-12,CAD,1.4643
2024-04-12,CHF,0.9716
2024-04-12,GBP,0.85424
2024-04-12,INR,88.914
2024-04-12,JPY,163.16
2024-04-12,KRW,1469.79
2024-04-12,MXN,17.5982
2024-04-12,PHP,60.256
2024-04-12,PLN,4.2603
2024-04-12,SEK,11.5699
2024-04-12,SGD,1.4478
2024-04-12,USD,1.0652
2024-04-12,ZAR,19.9907
2024-04-15,AUD,1.6441
2024-04-15,BRL,5.4553
2024-04-15,CAD,1.4645
2024-04-15,CHF,0.9725
2024-04-15,GBP,0.85405
2024-04-15,INR,88.895
2024-04-15,JPY,164.05
2024-04-15,KRW,1473.79
2024-04-15,MXN,17.6561
2024-04-15,PHP,60.558
2024-04-15,PLN,4.2938
2024-04-15,SEK,11.5583
2024-04-15,SGD,1.4498
2024-04-15,USD,1.0656
2024-04-15,ZAR,20.2067
2024-04-16,AUD,1.6578
2024-04-16,BRL,5.5607
2024-04-16,CAD,1.4668
2024-04-16,CHF,0.9712
2024-04-16,GBP,0.8544
2024-04-16,INR,88.8975
2024-04-16,JPY,164.54
2024-04-16,KRW,1481.62
2024-04-16,MXN,17.9141
2024-04-16,PHP,60.561
2024-04-16,PLN,4.3435
2024-04-16,SEK,11.635
2024-04-16,SGD,1.4509
2024-04-16,USD,1.0637
2024-04-16,ZAR,20.2104
2024-04-17,AUD,1.6556
2024-04-17,BRL,5.6044
2024-04-17,CAD,1.4691
2024-04-17,CHF,0.9693
2024-04-17,GBP,0.854
2024-04-17,INR,89.008
2024-04-17,JPY,164.54
2024-04-17,KRW,1471.92
2024-04-17,MXN,18.0761
2024-04-17,PHP,60.879
2024-04-17,PLN,4.3508
2024-04-17,SEK,11.6793
2024-04-17,SGD,1.4495
2024-04-17,USD,1.0638
2024-04-17,ZAR,20.2752
2024-04-18,AUD,1.6567
2024-04-18,BRL,5.5973
2024-04-18,CAD,1.4687
2024-04-18,CHF,0.9704
2024-04-18,GBP,0.85628
2024-04-18,INR,89.188
2024-04-18,JPY,164.82
2024-04-18,KRW,1467.41
2024-04-18,MXN,18.094
2024-04-18,PHP,61.127
2024-04-18,PLN,4.3255
2024-04-18,SEK,11.637
2024-04-18,SGD,1.452
2024-04-18,USD,1.0679
2024-04-18,ZAR,20.3461
2024-04-19,AUD,1.6622
2024-04-19,BRL,5.6165
2024-04-19,CAD,1.4666
2024-04-19,CHF,0.968
2024-04-19,GBP,0.8562
2024-04-19,INR,88.9228
2024-04-19,JPY,164.68
2024-04-19,KRW,1469.09
2024-04-19,MXN,18.4819
2024-04-19,PHP,61.373
2024-04-19,PLN,4.33
2024-04-19,SEK,11.664
2024-04-19,SGD,1.451
2024-04-19,USD,1.0653
2024-04-19,ZAR,20.4793
2024-04-22,AUD,1.6517
2024-04-22,BRL,5.5427
2024-04-22,CAD,1.4592
2024-04-22,CHF,0.9693
2024-04-22,GBP,0.86328
2024-04-22,INR,88.628
2024-04-22,JPY,164.51
2024-04-22,KRW,1467.64
2024-04-22,MXN,18.2059
2024-04-22,PHP,61.134
2024-04-22,PLN,4.3188
2024-04-22,SEK,11.6015
2024-04-22,SGD,1.449
2024-04-22,USD,1.0632
2024-04-22,ZAR,20.3468
2024-04-23,AUD,1.6536
2024-04-23,BRL,5.5246
2024-04-23,CAD,1.4623
2024-04-23,CHF,0.9724
2024-04-23,GBP,0.8605
2024-04-23,INR,88.9475
2024-04-23,JPY,165.23
2024-04-23,KRW,1471.21
2024-04-23,MXN,18.2732
2024-04-23,PHP,61.44
2024-04-23,PLN,4.3158
2024-04-23,SEK,11.603
2024-04-23,SGD,1.4543
2024-04-23,USD,1.0674
2024-04-23,ZAR,20.534
2024-04-24,AUD,1.6421
2024-04-24,BRL,5.4856
2024-04-24,CAD,1.4628
2024-04-24,CHF,0.9774
2024-04-24,GBP,0.85945
2024-04-24,INR,89.0435
2024-04-24,JPY,165.57
2024-04-24,KRW,1469.91
2024-04-24,MXN,18.0824
2024-04-24,PHP,61.487
2024-04-24,PLN,4.3193
2024-04-24,SEK,11.6225
2024-04-24,SGD,1.4547
2024-04-24,USD,1.0686
2024-04-24,ZAR,20.5062
2024-04-25,AUD,1.6415
2024-04-25,BRL,5.505
2024-04-25,CAD,1.4659
2024-04-25,CHF,0.9792
2024-04-25,GBP,0.85675
2024-04-25,INR,89.3155
2024-04-25,JPY,166.76
2024-04-25,KRW,1473.23
2024-04-25,MXN,18.267
2024-04-25,PHP,61.94
2024-04-25,PLN,4.3165
2024-04-25,SEK,11.639
2024-04-25,SGD,1.4581
2024-04-25,USD,1.072
2024-04-25,ZAR,20.3377
2024-04-26,AUD,1.6392
2024-04-26,BRL,5.5208
2024-04-26,CAD,1.4632
2024-04-26,CHF,0.9779
2024-04-26,GBP,0.85643
2024-04-26,INR,89.3191
2024-04-26,JPY,168.03
2024-04-26,KRW,1474.65
2024-04-26,MXN,18.4672
2024-04-26,PHP,61.83
2024-04-26,PLN,4.3205
2024-04-26,SEK,11.7052
2024-04-26,SGD,1.4587
2024-04-26,USD,1.0714
2024-04-26,ZAR,20.2037
2024-04-29,AUD,1.6322
2024-04-29,BRL,5.4706
2024-04-29,CAD,1.4635
2024-04-29,CHF,0.9776
2024-04-29,GBP,0.85493
2024-04-29,INR,89.461
2024-04-29,JPY,167.53
2024-04-29,KRW,1476.15
2024-04-29,MXN,18.3202
2024-04-29,PHP,61.858
2024-04-29,PLN,4.3255
2024-04-29,SEK,11.685
2024-04-29,SGD,1.4578
2024-04-29,USD,1.072
2024-04-29,ZAR,20.0504
2024-04-30,AUD,1.6423
2024-04-30,BRL,5.4928
2024-04-30,CAD,1.4672
2024-04-30,CHF,0.9787
2024-04-30,GBP,0.85478
2024-04-30,INR,89.4155
2024-04-30,JPY,168.27
2024-04-30,KRW,1479.67
2024-04-30,MXN,18.1895
2024-04-30,PHP,61.83
2024-04-30,PLN,4.3178
2024-04-30,SEK,11.753
2024-04-30,SGD,1.4593
2024-04-30,USD,1.0718
2024-04-30,ZAR,20.0682
2024-05-02,AUD,1.6386
2024-05-02,BRL,5.5025
2024-05-02,CAD,1.4678
2024-05-02,CHF,0.9759
2024-05-02,GBP,0.85538
2024-05-02,INR,89.2938
2024-05-02,JPY,165.63
2024-05-02,KRW,1470.41
2024-05-02,MXN,18.1187
2024-05-02,PHP,61.628
2024-05-02,PLN,4.3278
2024-05-02,SEK,11.682
2024-05-02,SGD,1.4538
2024-05-02,USD,1.0698
2024-05-02,ZAR,19.969
2024-05-03,AUD,1.633
2024-05-03,BRL,5.4916
2024-05-03,CAD,1.4682
2024-05-03,CHF,0.9744
2024-05-03,GBP,0.85573
2024-05-03,INR,89.671
2024-05-03,JPY,164.62
2024-05-03,KRW,1460.24
2024-05-03,MXN,18.2086
2024-05-03,PHP,61.392
2024-05-03,PLN,4.329
2024-05-03,SEK,11.6398
2024-05-03,SGD,1.4527
2024-05-03,USD,1.0744
2024-05-03,ZAR,19.8952
2024-05-06,AUD,1.6248
2024-05-06,BRL,5.4683
2024-05-06,CAD,1.4731
2024-05-06,CHF,0.9754
2024-05-06,GBP,0.8566
2024-05-06,INR,89.9875
2024-05-06,JPY,165.7
2024-05-06,KRW,1460
2024-05-06,MXN,18.2346
2024-05-06,PHP,61.66
2024-05-06,PLN,4.3185
2024-05-06,SEK,11.625
2024-05-06,SGD,1.4548
2024-05-06,USD,1.0776
2024-05-06,ZAR,19.8369
2024-05-07,AUD,1.6297
2024-05-07,BRL,5.4629
2024-05-07,CAD,1.473
2024-05-07,CHF,0.977
2024-05-07,GBP,0.85805
2024-05-07,INR,89.898
2024-05-07,JPY,166.45
2024-05-07,KRW,1462.45
2024-05-07,MXN,18.1606
2024-05-07,PHP,61.678
2024-05-07,PLN,4.3138
2024-05-07,SEK,11.681
2024-05-07,SGD,1.457
2024-05-07,USD,1.0766
2024-05-07,ZAR,19.9127
2024-05-08,AUD,1.6374
2024-05-08,BRL,5.4682
2024-05-08,CAD,1.4784
2024-05-08,CHF,0.977
2024-05-08,GBP,0.86083
2024-05-08,INR,89.7015
2024-05-08,JPY,167.15
2024-05-08,KRW,1466.47
2024-05-08,MXN,18.1936
2024-05-08,PHP,61.643
2024-05-08,PLN,4.3075
2024-05-08,SEK,11.733
2024-05-08,SGD,1.4572
2024-05-08,USD,1.0743
2024-05-08,ZAR,20.0409
2024-05-09,AUD,1.6299
2024-05-09,BRL,5.5189
2024-05-09,CAD,1.4728
2024-05-09,CHF,0.976
2024-05-09,GBP,0.85995
2024-05-09,INR,89.607
2024-05-09,JPY,167.32
2024-05-09,KRW,1471.57
2024-05-09,MXN,18.1764
2024-05-09,PHP,61.569
2024-05-09,PLN,4.292
2024-05-09,SEK,11.7205
2024-05-09,SGD,1.4558
2024-05-09,USD,1.0732
2024-05-09,ZAR,19.8856
2024-05-10,AUD,1.632
2024-05-10,BRL,5.5332
2024-05-10,CAD,1.4747
2024-05-10,CHF,0.9779
2024-05-10,GBP,0.86055
2024-05-10,INR,90.0185
2024-05-10,JPY,167.87
2024-05-10,KRW,1472.72
2024-05-10,MXN,18.073
2024-05-10,PHP,61.936
2024-05-10,PLN,4.2968
2024-05-10,SEK,11.6865
2024-05-10,SGD,1.4592
2024-05-10,USD,1.0779
2024-05-10,ZAR,19.8673
2024-05-13,AUD,1.6305
2024-05-13,BRL,5.5486
2024-05-13,CAD,1.4757
2024-05-13,CHF,0.9784
2024-05-13,GBP,0.86023
2024-05-13,INR,90.133
2024-05-13,JPY,168.25
2024-05-13,KRW,1476.01
2024-05-13,MXN,18.0713
2024-05-13,PHP,62.417
2024-05-13,PLN,4.286
2024-05-13,SEK,11.7
2024-05-13,SGD,1.4605
2024-05-13,USD,1.0795
2024-05-13,ZAR,19.8185
2024-05-14,AUD,1.6329
2024-05-14,BRL,5.5419
2024-05-14,CAD,1.4753
2024-05-14,CHF,0.9801
2024-05-14,GBP,0.85983
2024-05-14,INR,90.16
2024-05-14,JPY,168.89
2024-05-14,KRW,1476.56
2024-05-14,MXN,18.1363
2024-05-14,PHP,62.452
2024-05-14,PLN,4.2695
2024-05-14,SEK,11.7285
2024-05-14,SGD,1.4609
2024-05-14,USD,1.0796
2024-05-14,ZAR,19.8835
2024-05-15,AUD,1.6308
2024-05-15,BRL,5.5827
2024-05-15,CAD,1.4763
2024-05-15,CHF,0.98
2024-05-15,GBP,0.8584
2024-05-15,INR,90.4445
2024-05-15,JPY,168.43
2024-05-15,KRW,1471.93
2024-05-15,MXN,18.271
2024-05-15,PHP,62.284
2024-05-15,PLN,4.269
2024-05-15,SEK,11.6751
2024-05-15,SGD,1.4609
2024-05-15,USD,1.0832
2024-05-15,ZAR,19.9073
2024-05-16,AUD,1.629
2024-05-16,BRL,5.5696
2024-05-16,CAD,1.481
2024-05-16,CHF,0.9822
2024-05-16,GBP,0.8585
2024-05-16,INR,90.73
2024-05-16,JPY,168.33
2024-05-16,KRW,1463.04
2024-05-16,MXN,18.1784
2024-05-16,PHP,62.49
2024-05-16,PLN,4.2648
2024-05-16,SEK,11.6172
2024-05-16,SGD,1.4617
2024-05-16,USD,1.0866
2024-05-16,ZAR,19.7911
2024-05-17,AUD,1.6281
2024-05-17,BRL,5.5645
2024-05-17,CAD,1.4784
2024-05-17,CHF,0.9855
2024-05-17,GBP,0.85685
2024-05-17,INR,90.3883
2024-05-17,JPY,168.96
2024-05-17,KRW,1471.55
2024-05-17,MXN,18.0889
2024-05-17,PHP,62.559
2024-05-17,PLN,4.265
2024-05-17,SEK,11.655
2024-05-17,SGD,1.4609
2024-05-17,USD,1.0844
2024-05-17,ZAR,19.8068
2024-05-20,AUD,1.6259
2024-05-20,BRL,5.559
2024-05-20,CAD,1.4798
2024-05-20,CHF,0.988
2024-05-20,GBP,0.85548
2024-05-20,INR,90.4715
2024-05-20,JPY,169.25
2024-05-20,KRW,1477.31
2024-05-20,MXN,18.0315
2024-05-20,PHP,62.853
2024-05-20,PLN,4.2533
2024-05-20,SEK,11.6127
2024-05-20,SGD,1.4628
2024-05-20,USD,1.0861
2024-05-20,ZAR,19.8052
2024-05-21,AUD,1.6278
2024-05-21,BRL,5.5371
2024-05-21,CAD,1.4797
2024-05-21,CHF,0.9884
2024-05-21,GBP,0.8544
2024-05-21,INR,90.5115
2024-05-21,JPY,169.86
2024-05-21,KRW,1480.56
2024-05-21,MXN,17.98
2024-05-21,PHP,63.294
2024-05-21,PLN,4.2553
2024-05-21,SEK,11.581
2024-05-21,SGD,1.4632
2024-05-21,USD,1.0864
2024-05-21,ZAR,19.6955
2024-05-22,AUD,1.6288
2024-05-22,BRL,5.5647
2024-05-22,CAD,1.481
2024-05-22,CHF,0.9905
2024-05-22,GBP,0.85165
2024-05-22,INR,90.2135
2024-05-22,JPY,169.54
2024-05-22,KRW,1480.95
2024-05-22,MXN,18.0397
2024-05-22,PHP,62.825
2024-05-22,PLN,4.2686
2024-05-22,SEK,11.6325
2024-05-22,SGD,1.4616
2024-05-22,USD,1.083
2024-05-22,ZAR,19.7464
2024-05-23,AUD,1.6333
2024-05-23,BRL,5.5745
2024-05-23,CAD,1.4832
2024-05-23,CHF,0.9907
2024-05-23,GBP,0.85175
2024-05-23,INR,90.3445
2024-05-23,JPY,169.9
2024-05-23,KRW,1476.66
2024-05-23,MXN,18.0534
2024-05-23,PHP,63.138
2024-05-23,PLN,4.263
2024-05-23,SEK,11.5925
2024-05-23,SGD,1.4637
2024-05-23,USD,1.0854
2024-05-23,ZAR,19.9118
2024-05-24,AUD,1.6394
2024-05-24,BRL,5.5722
2024-05-24,CAD,1.4865
2024-05-24,CHF,0.9924
2024-05-24,GBP,0.85241
2024-05-24,INR,90.104
2024-05-24,JPY,170.28
2024-05-24,KRW,1480.44
2024-05-24,MXN,18.0844
2024-05-24,PHP,63.078
2024-05-24,PLN,4.2553
2024-05-24,SEK,11.599
2024-05-24,SGD,1.4639
2024-05-24,USD,1.084
2024-05-24,ZAR,19.9506
2024-05-27,AUD,1.632
2024-05-27,BRL,5.6038
2024-05-27,CAD,1.4813
2024-05-27,CHF,0.9922
2024-05-27,GBP,0.8507
2024-05-27,INR,90.1393
2024-05-27,JPY,170.07
2024-05-27,KRW,1478.03
2024-05-27,MXN,18.0901
2024-05-27,PHP,63.09
2024-05-27,PLN,4.2553
2024-05-27,SEK,11.54
2024-05-27,SGD,1.4633
2024-05-27,USD,1.0843
2024-05-27,ZAR,19.9632
2024-05-28,AUD,1.6314
2024-05-28,BRL,5.6141
2024-05-28,CAD,1.482
2024-05-28,CHF,0.9908
2024-05-28,GBP,0.8508
2024-05-28,INR,90.515
2024-05-28,JPY,170.54
2024-05-28,KRW,1477.78
2024-05-28,MXN,18.1116
2024-05-28,PHP,63.083
2024-05-28,PLN,4.2483
2024-05-28,SEK,11.466
2024-05-28,SGD,1.4659
2024-05-28,USD,1.0882
2024-05-28,ZAR,19.9443
2024-05-29,AUD,1.637
2024-05-29,BRL,5.6149
2024-05-29,CAD,1.4838
2024-05-29,CHF,0.9907
2024-05-29,GBP,0.8513
2024-05-29,INR,90.529
2024-05-29,JPY,170.74
2024-05-29,KRW,1484.62
2024-05-29,MXN,18.2588
2024-05-29,PHP,63.481
2024-05-29,PLN,4.264
2024-05-29,SEK,11.5215
2024-05-29,SGD,1.4652
2024-05-29,USD,1.0857
2024-05-29,ZAR,19.9
2024-05-30,AUD,1.6341
2024-05-30,BRL,5.6279
2024-05-30,CAD,1.4828
2024-05-30,CHF,0.9808
2024-05-30,GBP,0.85105
2024-05-30,INR,90.073
2024-05-30,JPY,169.5
2024-05-30,KRW,1488.66
2024-05-30,MXN,18.4071
2024-05-30,PHP,63.354
2024-05-30,PLN,4.2848
2024-05-30,SEK,11.4995
2024-05-30,SGD,1.4612
2024-05-30,USD,1.0815
2024-05-30,ZAR,20.1501
2024-05-31,AUD,1.6315
2024-05-31,BRL,5.6418
2024-05-31,CAD,1.4804
2024-05-31,CHF,0.9818
2024-05-31,GBP,0.85365
2024-05-31,INR,90.5255
2024-05-31,JPY,170.52
2024-05-31,KRW,1501.11
2024-05-31,MXN,18.4387
2024-05-31,PHP,63.604
2024-05-31,PLN,4.2645
2024-05-31,SEK,11.421
2024-05-31,SGD,1.4663
2024-05-31,USD,1.0852
2024-05-31,ZAR,20.2927
2024-06-03,AUD,1.629
2024-06-03,BRL,5.6957
2024-06-03,CAD,1.4784
2024-06-03,CHF,0.9772
2024-06-03,GBP,0.85175
2024-06-03,INR,90.125
2024-06-03,JPY,170.09
2024-06-03,KRW,1493.24
2024-06-03,MXN,19.0161
2024-06-03,PHP,63.653
2024-06-03,PLN,4.2815
2024-06-03,SEK,11.4035
2024-06-03,SGD,1.4638
2024-06-03,USD,1.0842
2024-06-03,ZAR,20.2534
2024-06-04,AUD,1.6364
2024-06-04,BRL,5.7284
2024-06-04,CAD,1.486
2024-06-04,CHF,0.9703
2024-06-04,GBP,0.85143
2024-06-04,INR,90.6925
2024-06-04,JPY,168.29
2024-06-04,KRW,1495.71
2024-06-04,MXN,19.5326
2024-06-04,PHP,63.854
2024-06-04,PLN,4.3005
2024-06-04,SEK,11.3755
2024-06-04,SGD,1.464
2024-06-04,USD,1.0865
2024-06-04,ZAR,20.2986
2024-06-05,AUD,1.6353
2024-06-05,BRL,5.7259
2024-06-05,CAD,1.4867
2024-06-05,CHF,0.9704
2024-06-05,GBP,0.85048
2024-06-05,INR,90.708
2024-06-05,JPY,169.72
2024-06-05,KRW,1491.34
2024-06-05,MXN,19.1919
2024-06-05,PHP,63.938
2024-06-05,PLN,4.3045
2024-06-05,SEK,11.3275
2024-06-05,SGD,1.4657
2024-06-05,USD,1.0872
2024-06-05,ZAR,20.5868
2024-06-06,AUD,1.6368
2024-06-06,BRL,5.7623
2024-06-06,CAD,1.4879
2024-06-06,CHF,0.9687
2024-06-06,GBP,0.85088
2024-06-06,INR,90.7135
2024-06-06,JPY,169.74
2024-06-06,KRW,1486.44
2024-06-06,MXN,19.1254
2024-06-06,PHP,63.734
2024-06-06,PLN,4.3015
2024-06-06,SEK,11.293
2024-06-06,SGD,1.4648
2024-06-06,USD,1.0865
2024-06-06,ZAR,20.6281
2024-06-07,AUD,1.6345
2024-06-07,BRL,5.7158
2024-06-07,CAD,1.4902
2024-06-07,CHF,0.9696
2024-06-07,GBP,0.8512
2024-06-07,INR,90.889
2024-06-07,JPY,169.52
2024-06-07,KRW,1489.97
2024-06-07,MXN,19.4943
2024-06-07,PHP,63.786
2024-06-07,PLN,4.288
2024-06-07,SEK,11.3075
2024-06-07,SGD,1.4653
2024-06-07,USD,1.0898
2024-06-07,ZAR,20.4821
2024-06-10,AUD,1.6304
2024-06-10,BRL,5.72
2024-06-10,CAD,1.4801
2024-06-10,CHF,0.9637
2024-06-10,GBP,0.84565
2024-06-10,INR,89.8004
2024-06-10,JPY,168.74
2024-06-10,KRW,1479.33
2024-06-10,MXN,19.7531
2024-06-10,PHP,63.243
2024-06-10,PLN,4.324
2024-06-10,SEK,11.333
2024-06-10,SGD,1.4548
2024-06-10,USD,1.0756
2024-06-10,ZAR,20.1228
2024-06-11,AUD,1.626
2024-06-11,BRL,5.7464
2024-06-11,CAD,1.4781
2024-06-11,CHF,0.9622
2024-06-11,GBP,0.84198
2024-06-11,INR,89.6748
2024-06-11,JPY,168.46
2024-06-11,KRW,1479.23
2024-06-11,MXN,19.7008
2024-06-11,PHP,63.071
2024-06-11,PLN,4.3413
2024-06-11,SEK,11.2467
2024-06-11,SGD,1.4517
2024-06-11,USD,1.073
2024-06-11,ZAR,19.9574
2024-06-12,AUD,1.628
2024-06-12,BRL,5.7912
2024-06-12,CAD,1.4795
2024-06-12,CHF,0.9641
2024-06-12,GBP,0.84365
2024-06-12,INR,89.949
2024-06-12,JPY,169.35
2024-06-12,KRW,1481.35
2024-06-12,MXN,20.2743
2024-06-12,PHP,63.094
2024-06-12,PLN,4.3385
2024-06-12,SEK,11.2345
2024-06-12,SGD,1.4553
2024-06-12,USD,1.0765
2024-06-12,ZAR,20.0486
2024-06-13,AUD,1.6232
2024-06-13,BRL,5.8261
2024-06-13,CAD,1.4823
2024-06-13,CHF,0.9668
2024-06-13,GBP,0.84468
2024-06-13,INR,90.112
2024-06-13,JPY,169.58
2024-06-13,KRW,1482.31
2024-06-13,MXN,20.1654
2024-06-13,PHP,63.173
2024-06-13,PLN,4.3473
2024-06-13,SEK,11.221
2024-06-13,SGD,1.4557
2024-06-13,USD,1.0784
2024-06-13,ZAR,19.8385
2024-06-14,AUD,1.6156
2024-06-14,BRL,5.7321
2024-06-14,CAD,1.4704
2024-06-14,CHF,0.9534
2024-06-14,GBP,0.84205
2024-06-14,INR,89.266
2024-06-14,JPY,167.8
2024-06-14,KRW,1480.8
2024-06-14,MXN,19.8471
2024-06-14,PHP,62.677
2024-06-14,PLN,4.3733
2024-06-14,SEK,11.2731
2024-06-14,SGD,1.4464
2024-06-14,USD,1.0686
2024-06-14,ZAR,19.6019
2024-06-17,AUD,1.6246
2024-06-17,BRL,5.7841
2024-06-17,CAD,1.4726
2024-06-17,CHF,0.9561
2024-06-17,GBP,0.84573
2024-06-17,INR,89.4895
2024-06-17,JPY,169.11
2024-06-17,KRW,1480.65
2024-06-17,MXN,19.8594
2024-06-17,PHP,62.879
2024-06-17,PLN,4.36
2024-06-17,SEK,11.2933
2024-06-17,SGD,1.4497
2024-06-17,USD,1.0712
2024-06-17,ZAR,19.5862
2024-06-18,AUD,1.6207
2024-06-18,BRL,5.8275
2024-06-18,CAD,1.4731
2024-06-18,CHF,0.9512
2024-06-18,GBP,0.8454
2024-06-18,INR,89.3885
2024-06-18,JPY,169.41
2024-06-18,KRW,1484.07
2024-06-18,MXN,19.7167
2024-06-18,PHP,62.913
2024-06-18,PLN,4.3503
2024-06-18,SEK,11.255
2024-06-18,SGD,1.451
2024-06-18,USD,1.0715
2024-06-18,ZAR,19.4298
2024-06-19,AUD,1.6125
2024-06-19,BRL,5.8479
2024-06-19,CAD,1.4737
2024-06-19,CHF,0.9506
2024-06-19,GBP,0.84455
2024-06-19,INR,89.682
2024-06-19,JPY,169.78
2024-06-19,KRW,1484.25
2024-06-19,MXN,19.8583
2024-06-19,PHP,63.156
2024-06-19,PLN,4.33
2024-06-19,SEK,11.214
2024-06-19,SGD,1.4519
2024-06-19,USD,1.0749
2024-06-19,ZAR,19.3752
2024-06-20,AUD,1.6076
2024-06-20,BRL,5.7921
2024-06-20,CAD,1.4696
2024-06-20,CHF,0.9546
2024-06-20,GBP,0.84513
2024-06-20,INR,89.6225
2024-06-20,JPY,169.82
2024-06-20,KRW,1488.01
2024-06-20,MXN,19.7453
2024-06-20,PHP,63.124
2024-06-20,PLN,4.321
2024-06-20,SEK,11.198
2024-06-20,SGD,1.4504
2024-06-20,USD,1.0719
2024-06-20,ZAR,19.4066
2024-06-21,AUD,1.6031
2024-06-21,BRL,5.8107
2024-06-21,CAD,1.4632
2024-06-21,CHF,0.9537
2024-06-21,GBP,0.84531
2024-06-21,INR,89.315
2024-06-21,JPY,169.82
2024-06-21,KRW,1484.58
2024-06-21,MXN,19.5271
2024-06-21,PHP,62.92
2024-06-21,PLN,4.322
2024-06-21,SEK,11.2445
2024-06-21,SGD,1.4468
2024-06-21,USD,1.0688
2024-06-21,ZAR,19.1241
2024-06-24,AUD,1.6157
2024-06-24,BRL,5.8278
2024-06-24,CAD,1.4682
2024-06-24,CHF,0.9586
2024-06-24,GBP,0.8473
2024-06-24,INR,89.5833
2024-06-24,JPY,171.17
2024-06-24,KRW,1489.57
2024-06-24,MXN,19.3887
2024-06-24,PHP,63.066
2024-06-24,PLN,4.3003
2024-06-24,SEK,11.2555
2024-06-24,SGD,1.452
2024-06-24,USD,1.073
2024-06-24,ZAR,19.5122
2024-06-25,AUD,1.6109
2024-06-25,BRL,5.8015
2024-06-25,CAD,1.465
2024-06-25,CHF,0.9575
2024-06-25,GBP,0.84465
2024-06-25,INR,89.3855
2024-06-25,JPY,170.84
2024-06-25,KRW,1491.03
2024-06-25,MXN,19.3338
2024-06-25,PHP,62.966
2024-06-25,PLN,4.2995
2024-06-25,SEK,11.2255
2024-06-25,SGD,1.4499
2024-06-25,USD,1.0714
2024-06-25,ZAR,19.4537
2024-06-26,AUD,1.6053
2024-06-26,BRL,5.8524
2024-06-26,CAD,1.4628
2024-06-26,CHF,0.9585
2024-06-26,GBP,0.84453
2024-06-26,INR,89.323
2024-06-26,JPY,171.42
2024-06-26,KRW,1488.06
2024-06-26,MXN,19.4941
2024-06-26,PHP,63.029
2024-06-26,PLN,4.3075
2024-06-26,SEK,11.3038
2024-06-26,SGD,1.4513
2024-06-26,USD,1.0689
2024-06-26,ZAR,19.4243
2024-06-27,AUD,1.6078
2024-06-27,BRL,5.8887
2024-06-27,CAD,1.4647
2024-06-27,CHF,0.9604
2024-06-27,GBP,0.8459
2024-06-27,INR,89.242
2024-06-27,JPY,171.66
2024-06-27,KRW,1482.71
2024-06-27,MXN,19.678
2024-06-27,PHP,62.705
2024-06-27,PLN,4.3188
2024-06-27,SEK,11.338
2024-06-27,SGD,1.4519
2024-06-27,USD,1.0696
2024-06-27,ZAR,19.6609
2024-06-28,AUD,1.6079
2024-06-28,BRL,5.8915
2024-06-28,CAD,1.467
2024-06-28,CHF,0.9634
2024-06-28,GBP,0.84638
2024-06-28,INR,89.2495
2024-06-28,JPY,171.94
2024-06-28,KRW,1474.86
2024-06-28,MXN,19.5654
2024-06-28,PHP,62.56
2024-06-28,PLN,4.309
2024-06-28,SEK,11.3595
2024-06-28,SGD,1.4513
2024-06-28,USD,1.0705
2024-06-28,ZAR,19.497
2024-07-01,AUD,1.6109
2024-07-01,BRL,6.0016
2024-07-01,CAD,1.4711
2024-07-01,CHF,0.9689
2024-07-01,GBP,0.8479
2024-07-01,INR,89.6575
2024-07-01,JPY,173.15
2024-07-01,KRW,1485.41
2024-07-01,MXN,19.7315
2024-07-01,PHP,62.998
2024-07-01,PLN,4.3008
2024-07-01,SEK,11.3675
2024-07-01,SGD,1.4567
2024-07-01,USD,1.0745
2024-07-01,ZAR,19.5015
2024-07-02,AUD,1.612
2024-07-02,BRL,6.0479
2024-07-02,CAD,1.4727
2024-07-02,CHF,0.9697
2024-07-02,GBP,0.84755
2024-07-02,INR,89.5417
2024-07-02,JPY,173.31
2024-07-02,KRW,1488.26
2024-07-02,MXN,19.6825
2024-07-02,PHP,63.097
2024-07-02,PLN,4.325
2024-07-02,SEK,11.417
2024-07-02,SGD,1.4569
2024-07-02,USD,1.0729
2024-07-02,ZAR,19.8161
2024-07-03,AUD,1.6123
2024-07-03,BRL,6.0813
2024-07-03,CAD,1.4703
2024-07-03,CHF,0.9718
2024-07-03,GBP,0.8468
2024-07-03,INR,89.836
2024-07-03,JPY,174.18
2024-07-03,KRW,1495.26
2024-07-03,MXN,19.6577
2024-07-03,PHP,63.218
2024-07-03,PLN,4.3018
2024-07-03,SEK,11.371
2024-07-03,SGD,1.4593
2024-07-03,USD,1.0758
2024-07-03,ZAR,19.905
2024-07-04,AUD,1.6046
2024-07-04,BRL,5.9345
2024-07-04,CAD,1.4705
2024-07-04,CHF,0.9717
2024-07-04,GBP,0.84663
2024-07-04,INR,90.199
2024-07-04,JPY,173.84
2024-07-04,KRW,1491.06
2024-07-04,MXN,19.5801
2024-07-04,PHP,63.211
2024-07-04,PLN,4.2918
2024-07-04,SEK,11.3375
2024-07-04,SGD,1.4594
2024-07-04,USD,1.08
2024-07-04,ZAR,19.7867
2024-07-05,AUD,1.6073
2024-07-05,BRL,5.9419
2024-07-05,CAD,1.4736
2024-07-05,CHF,0.973
2024-07-05,GBP,0.84613
2024-07-05,INR,90.3685
2024-07-05,JPY,174.06
2024-07-05,KRW,1494.76
2024-07-05,MXN,19.5472
2024-07-05,PHP,63.381
2024-07-05,PLN,4.2798
2024-07-05,SEK,11.3605
2024-07-05,SGD,1.4612
2024-07-05,USD,1.0824
2024-07-05,ZAR,19.7371
2024-07-08,AUD,1.6067
2024-07-08,BRL,5.9265
2024-07-08,CAD,1.4772
2024-07-08,CHF,0.9711
2024-07-08,GBP,0.8441
2024-07-08,INR,90.4705
2024-07-08,JPY,174.37
2024-07-08,KRW,1499.05
2024-07-08,MXN,19.5399
2024-07-08,PHP,63.462
2024-07-08,PLN,4.2778
2024-07-08,SEK,11.3805
2024-07-08,SGD,1.4618
2024-07-08,USD,1.0835
2024-07-08,ZAR,19.6622
2024-07-09,AUD,1.6062
2024-07-09,BRL,5.9075
2024-07-09,CAD,1.4752
2024-07-09,CHF,0.9712
2024-07-09,GBP,0.84491
2024-07-09,INR,90.291
2024-07-09,JPY,174.2
2024-07-09,KRW,1496.01
2024-07-09,MXN,19.4858
2024-07-09,PHP,63.209
2024-07-09,PLN,4.2643
2024-07-09,SEK,11.422
2024-07-09,SGD,1.4608
2024-07-09,USD,1.0814
2024-07-09,ZAR,19.654
2024-07-10,AUD,1.6056
2024-07-10,BRL,5.8435
2024-07-10,CAD,1.4758
2024-07-10,CHF,0.9723
2024-07-10,GBP,0.84518
2024-07-10,INR,90.4015
2024-07-10,JPY,174.79
2024-07-10,KRW,1498.46
2024-07-10,MXN,19.2904
2024-07-10,PHP,63.118
2024-07-10,PLN,4.2555
2024-07-10,SEK,11.4075
2024-07-10,SGD,1.4605
2024-07-10,USD,1.0825
2024-07-10,ZAR,19.5581
2024-07-11,AUD,1.6075
2024-07-11,BRL,5.8792
2024-07-11,CAD,1.4796
2024-07-11,CHF,0.9749
2024-07-11,GBP,0.84305
2024-07-11,INR,90.7165
2024-07-11,JPY,175.39
2024-07-11,KRW,1498.04
2024-07-11,MXN,19.4056
2024-07-11,PHP,63.278
2024-07-11,PLN,4.2545
2024-07-11,SEK,11.419
2024-07-11,SGD,1.4627
2024-07-11,USD,1.0855
2024-07-11,ZAR,19.627
2024-07-12,AUD,1.6076
2024-07-12,BRL,5.9104
2024-07-12,CAD,1.4834
2024-07-12,CHF,0.9747
2024-07-12,GBP,0.84029
2024-07-12,INR,90.9585
2024-07-12,JPY,172.87
2024-07-12,KRW,1497.89
2024-07-12,MXN,19.3112
2024-07-12,PHP,63.573
2024-07-12,PLN,4.2548
2024-07-12,SEK,11.4965
2024-07-12,SGD,1.4623
2024-07-12,USD,1.089
2024-07-12,ZAR,19.5935
2024-07-15,AUD,1.6088
2024-07-15,BRL,5.9335
2024-07-15,CAD,1.4879
2024-07-15,CHF,0.9755
2024-07-15,GBP,0.84045
2024-07-15,INR,91.168
2024-07-15,JPY,172.34
2024-07-15,KRW,1508.27
2024-07-15,MXN,19.4041
2024-07-15,PHP,63.711
2024-07-15,PLN,4.2495
2024-07-15,SEK,11.5375
2024-07-15,SGD,1.464
2024-07-15,USD,1.0907
2024-07-15,ZAR,19.8324
2024-07-16,AUD,1.6169
2024-07-16,BRL,5.9227
2024-07-16,CAD,1.4911
2024-07-16,CHF,0.9761
2024-07-16,GBP,0.84058
2024-07-16,INR,91.1115
2024-07-16,JPY,172.65
2024-07-16,KRW,1507.53
2024-07-16,MXN,19.3324
2024-07-16,PHP,63.684
2024-07-16,PLN,4.2683
2024-07-16,SEK,11.5545
2024-07-16,SGD,1.4647
2024-07-16,USD,1.0902
2024-07-16,ZAR,19.7067
2024-07-17,AUD,1.6222
2024-07-17,BRL,5.9485
2024-07-17,CAD,1.4949
2024-07-17,CHF,0.9693
2024-07-17,GBP,0.83915
2024-07-17,INR,91.3642
2024-07-17,JPY,171.21
2024-07-17,KRW,1508.08
2024-07-17,MXN,19.4385
2024-07-17,PHP,63.703
2024-07-17,PLN,4.2948
2024-07-17,SEK,11.5085
2024-07-17,SGD,1.466
2024-07-17,USD,1.0934
2024-07-17,ZAR,19.8772
2024-07-18,AUD,1.6237
2024-07-18,BRL,6.0101
2024-07-18,CAD,1.4953
2024-07-18,CHF,0.9666
2024-07-18,GBP,0.84175
2024-07-18,INR,91.4125
2024-07-18,JPY,171.02
2024-07-18,KRW,1511.38
2024-07-18,MXN,19.3675
2024-07-18,PHP,63.732
2024-07-18,PLN,4.2918
2024-07-18,SEK,11.5338
2024-07-18,SGD,1.4655
2024-07-18,USD,1.093
2024-07-18,ZAR,19.895
2024-07-19,AUD,1.6276
2024-07-19,BRL,6.0303
2024-07-19,CAD,1.4938
2024-07-19,CHF,0.9688
2024-07-19,GBP,0.8428
2024-07-19,INR,91.117
2024-07-19,JPY,171.61
2024-07-19,KRW,1511.37
2024-07-19,MXN,19.5065
2024-07-19,PHP,63.549
2024-07-19,PLN,4.2853
2024-07-19,SEK,11.61
2024-07-19,SGD,1.4645
2024-07-19,USD,1.089
2024-07-19,ZAR,19.9622
2024-07-22,AUD,1.637
2024-07-22,BRL,6.0986
2024-07-22,CAD,1.4971
2024-07-22,CHF,0.9671
2024-07-22,GBP,0.84215
2024-07-22,INR,91.0885
2024-07-22,JPY,170.8
2024-07-22,KRW,1511.28
2024-07-22,MXN,19.6457
2024-07-22,PHP,63.575
2024-07-22,PLN,4.2788
2024-07-22,SEK,11.6295
2024-07-22,SGD,1.4648
2024-07-22,USD,1.0888
2024-07-22,ZAR,19.8948
2024-07-23,AUD,1.6396
2024-07-23,BRL,6.0594
2024-07-23,CAD,1.4944
2024-07-23,CHF,0.9681
2024-07-23,GBP,0.84073
2024-07-23,INR,90.9075
2024-07-23,JPY,169.64
2024-07-23,KRW,1505.59
2024-07-23,MXN,19.5254
2024-07-23,PHP,63.498
2024-07-23,PLN,4.277
2024-07-23,SEK,11.6735
2024-07-23,SGD,1.4615
2024-07-23,USD,1.086
2024-07-23,ZAR,20.0068
2024-07-24,AUD,1.6428
2024-07-24,BRL,6.0759
2024-07-24,CAD,1.4953
2024-07-24,CHF,0.9609
2024-07-24,GBP,0.83973
2024-07-24,INR,90.808
2024-07-24,JPY,167.23
2024-07-24,KRW,1500.01
2024-07-24,MXN,19.8113
2024-07-24,PHP,63.558
2024-07-24,PLN,4.289
2024-07-24,SEK,11.6875
2024-07-24,SGD,1.4577
2024-07-24,USD,1.0848
2024-07-24,ZAR,19.8662
2024-07-25,AUD,1.6638
2024-07-25,BRL,6.1638
2024-07-25,CAD,1.502
2024-07-25,CHF,0.9534
2024-07-25,GBP,0.8428
2024-07-25,INR,90.8915
2024-07-25,JPY,165.62
2024-07-25,KRW,1497.33
2024-07-25,MXN,20.098
2024-07-25,PHP,63.576
2024-07-25,PLN,4.2968
2024-07-25,SEK,11.774
2024-07-25,SGD,1.4566
2024-07-25,USD,1.0851
2024-07-25,ZAR,20.0649
2024-07-26,AUD,1.6559
2024-07-26,BRL,6.117
2024-07-26,CAD,1.5009
2024-07-26,CHF,0.9594
2024-07-26,GBP,0.84378
2024-07-26,INR,90.9495
2024-07-26,JPY,167.84
2024-07-26,KRW,1505.15
2024-07-26,MXN,19.9254
2024-07-26,PHP,63.377
2024-07-26,PLN,4.274
2024-07-26,SEK,11.7325
2024-07-26,SGD,1.4594
2024-07-26,USD,1.086
2024-07-26,ZAR,19.8121
2024-07-29,AUD,1.6534
2024-07-29,BRL,6.1165
2024-07-29,CAD,1.4976
2024-07-29,CHF,0.9578
2024-07-29,GBP,0.84345
2024-07-29,INR,90.574
2024-07-29,JPY,166.44
2024-07-29,KRW,1496.41
2024-07-29,MXN,19.942
2024-07-29,PHP,63.343
2024-07-29,PLN,4.2938
2024-07-29,SEK,11.7265
2024-07-29,SGD,1.454
2024-07-29,USD,1.0817
2024-07-29,ZAR,19.9041
2024-07-30,AUD,1.656
2024-07-30,BRL,6.0843
2024-07-30,CAD,1.4996
2024-07-30,CHF,0.9592
2024-07-30,GBP,0.8426
2024-07-30,INR,90.6235
2024-07-30,JPY,167.61
2024-07-30,KRW,1498.59
2024-07-30,MXN,20.1533
2024-07-30,PHP,63.502
2024-07-30,PLN,4.2838
2024-07-30,SEK,11.686
2024-07-30,SGD,1.4554
2024-07-30,USD,1.0824
2024-07-30,ZAR,19.8815
2024-07-31,AUD,1.6635
2024-07-31,BRL,6.0874
2024-07-31,CAD,1.4977
2024-07-31,CHF,0.9533
2024-07-31,GBP,0.8438
2024-07-31,INR,90.625
2024-07-31,JPY,162.76
2024-07-31,KRW,1485.96
2024-07-31,MXN,20.3317
2024-07-31,PHP,63.218
2024-07-31,PLN,4.2908
2024-07-31,SEK,11.6125
2024-07-31,SGD,1.4491
2024-07-31,USD,1.0828
2024-07-31,ZAR,19.74
2024-08-01,AUD,1.6501
2024-08-01,BRL,6.112
2024-08-01,CAD,1.4912
2024-08-01,CHF,0.9467
2024-08-01,GBP,0.84328
2024-08-01,INR,90.3485
2024-08-01,JPY,162.66
2024-08-01,KRW,1474.13
2024-08-01,MXN,19.9936
2024-08-01,PHP,62.912
2024-08-01,PLN,4.2958
2024-08-01,SEK,11.522
2024-08-01,SGD,1.4437
2024-08-01,USD,1.0789
2024-08-01,ZAR,19.6134
2024-08-02,AUD,1.6629
2024-08-02,BRL,6.257
2024-08-02,CAD,1.5035
2024-08-02,CHF,0.9433
2024-08-02,GBP,0.85
2024-08-02,INR,90.728
2024-08-02,JPY,161.37
2024-08-02,KRW,1479.77
2024-08-02,MXN,20.5799
2024-08-02,PHP,62.885
2024-08-02,PLN,4.289
2024-08-02,SEK,11.5843
2024-08-02,SGD,1.4424
2024-08-02,USD,1.0835
2024-08-02,ZAR,19.7048
2024-08-05,AUD,1.7008
2024-08-05,BRL,6.3759
2024-08-05,CAD,1.5188
2024-08-05,CHF,0.9304
2024-08-05,GBP,0.85878
2024-08-05,INR,92.2765
2024-08-05,JPY,155.98
2024-08-05,KRW,1495.97
2024-08-05,MXN,21.6414
2024-08-05,PHP,63.303
2024-08-05,PLN,4.3128
2024-08-05,SEK,11.534
2024-08-05,SGD,1.4475
2024-08-05,USD,1.0966
2024-08-05,ZAR,20.3713
2024-08-06,AUD,1.6837
2024-08-06,BRL,6.2028
2024-08-06,CAD,1.5097
2024-08-06,CHF,0.9325
2024-08-06,GBP,0.85998
2024-08-06,INR,91.5925
2024-08-06,JPY,158.29
2024-08-06,KRW,1504.09
2024-08-06,MXN,21.0872
2024-08-06,PHP,63.049
2024-08-06,PLN,4.3105
2024-08-06,SEK,11.559
2024-08-06,SGD,1.4485
2024-08-06,USD,1.0915
2024-08-06,ZAR,20.1616
2024-08-07,AUD,1.6643
2024-08-07,BRL,6.136
2024-08-07,CAD,1.501
2024-08-07,CHF,0.9409
2024-08-07,GBP,0.85808
2024-08-07,INR,91.695
2024-08-07,JPY,160.62
2024-08-07,KRW,1501.94
2024-08-07,MXN,21.0692
2024-08-07,PHP,63.015
2024-08-07,PLN,4.3173
2024-08-07,SEK,11.4235
2024-08-07,SGD,1.4499
2024-08-07,USD,1.0922
2024-08-07,ZAR,20.034
2024-08-08,AUD,1.6677
2024-08-08,BRL,6.1544
2024-08-08,CAD,1.5021
2024-08-08,CHF,0.9368
2024-08-08,GBP,0.86093
2024-08-08,INR,91.759
2024-08-08,JPY,159.74
2024-08-08,KRW,1503.86
2024-08-08,MXN,21.0402
2024-08-08,PHP,62.738
2024-08-08,PLN,4.319
2024-08-08,SEK,11.4955
2024-08-08,SGD,1.4474
2024-08-08,USD,1.093
2024-08-08,ZAR,20.0993
2024-08-09,AUD,1.6609
2024-08-09,BRL,6.0477
2024-08-09,CAD,1.5007
2024-08-09,CHF,0.9435
2024-08-09,GBP,0.85708
2024-08-09,INR,91.655
2024-08-09,JPY,160.33
2024-08-09,KRW,1491.07
2024-08-09,MXN,20.5652
2024-08-09,PHP,62.533
2024-08-09,PLN,4.3253
2024-08-09,SEK,11.4955
2024-08-09,SGD,1.4453
2024-08-09,USD,1.0917
2024-08-09,ZAR,20.0169
2024-08-12,AUD,1.656
2024-08-12,BRL,5.9998
2024-08-12,CAD,1.4998
2024-08-12,CHF,0.9491
2024-08-12,GBP,0.85554
2024-08-12,INR,91.7375
2024-08-12,JPY,161.25
2024-08-12,KRW,1497.58
2024-08-12,MXN,20.566
2024-08-12,PHP,62.611
2024-08-12,PLN,4.3058
2024-08-12,SEK,11.4935
2024-08-12,SGD,1.4474
2024-08-12,USD,1.0925
2024-08-12,ZAR,19.9047
2024-08-13,AUD,1.6572
2024-08-13,BRL,6.0061
2024-08-13,CAD,1.5014
2024-08-13,CHF,0.948
2024-08-13,GBP,0.85458
2024-08-13,INR,91.761
2024-08-13,JPY,161.17
2024-08-13,KRW,1498.93
2024-08-13,MXN,20.7235
2024-08-13,PHP,62.322
2024-08-13,PLN,4.289
2024-08-13,SEK,11.506
2024-08-13,SGD,1.4454
2024-08-13,USD,1.0931
2024-08-13,ZAR,19.8621
2024-08-14,AUD,1.6643
2024-08-14,BRL,6.0024
2024-08-14,CAD,1.5115
2024-08-14,CHF,0.9515
2024-08-14,GBP,0.85783
2024-08-14,INR,92.5025
2024-08-14,JPY,161.98
2024-08-14,KRW,1493.74
2024-08-14,MXN,20.878
2024-08-14,PHP,62.761
2024-08-14,PLN,4.2975
2024-08-14,SEK,11.4843
2024-08-14,SGD,1.4494
2024-08-14,USD,1.1019
2024-08-14,ZAR,19.9267
2024-08-15,AUD,1.6609
2024-08-15,BRL,6.0262
2024-08-15,CAD,1.509
2024-08-15,CHF,0.9541
2024-08-15,GBP,0.85615
2024-08-15,INR,92.4385
2024-08-15,JPY,162.14
2024-08-15,KRW,1495.28
2024-08-15,MXN,20.7475
2024-08-15,PHP,62.744
2024-08-15,PLN,4.2815
2024-08-15,SEK,11.5135
2024-08-15,SGD,1.4505
2024-08-15,USD,1.1011
2024-08-15,ZAR,19.8284
2024-08-16,AUD,1.6577
2024-08-16,BRL,6.0112
2024-08-16,CAD,1.5095
2024-08-16,CHF,0.954
2024-08-16,GBP,0.85128
2024-08-16,INR,92.2775
2024-08-16,JPY,162.72
2024-08-16,KRW,1490.58
2024-08-16,MXN,20.5459
2024-08-16,PHP,62.843
2024-08-16,PLN,4.2703
2024-08-16,SEK,11.5435
2024-08-16,SGD,1.4497
2024-08-16,USD,1.0994
2024-08-16,ZAR,19.6993
2024-08-19,AUD,1.6486
2024-08-19,BRL,6.0215
2024-08-19,CAD,1.5098
2024-08-19,CHF,0.9543
2024-08-19,GBP,0.85243
2024-08-19,INR,92.6085
2024-08-19,JPY,161.22
2024-08-19,KRW,1476.07
2024-08-19,MXN,20.6586
2024-08-19,PHP,62.578
2024-08-19,PLN,4.2688
2024-08-19,SEK,11.4871
2024-08-19,SGD,1.4464
2024-08-19,USD,1.1041
2024-08-19,ZAR,19.6951
2024-08-20,AUD,1.6454
2024-08-20,BRL,6.0376
2024-08-20,CAD,1.5085
2024-08-20,CHF,0.9527
2024-08-20,GBP,0.85194
2024-08-20,INR,92.8445
2024-08-20,JPY,162.18
2024-08-20,KRW,1478.34
2024-08-20,MXN,20.844
2024-08-20,PHP,62.559
2024-08-20,PLN,4.2643
2024-08-20,SEK,11.3825
2024-08-20,SGD,1.4493
2024-08-20,USD,1.1084
2024-08-20,ZAR,19.7295
2024-08-21,AUD,1.6495
2024-08-21,BRL,6.0844
2024-08-21,CAD,1.5117
2024-08-21,CHF,0.9503
2024-08-21,GBP,0.85303
2024-08-21,INR,93.2585
2024-08-21,JPY,162.26
2024-08-21,KRW,1485.55
2024-08-21,MXN,21.1283
2024-08-21,PHP,62.817
2024-08-21,PLN,4.2858
2024-08-21,SEK,11.378
2024-08-21,SGD,1.4529
2024-08-21,USD,1.1116
2024-08-21,ZAR,19.8257
2024-08-22,AUD,1.655
2024-08-22,BRL,6.1538
2024-08-22,CAD,1.513
2024-08-22,CHF,0.949
2024-08-22,GBP,0.84943
2024-08-22,INR,93.478
2024-08-22,JPY,162.64
2024-08-22,KRW,1490.74
2024-08-22,MXN,21.6175
2024-08-22,PHP,62.723
2024-08-22,PLN,4.2815
2024-08-22,SEK,11.392
2024-08-22,SGD,1.4568
2024-08-22,USD,1.1135
2024-08-22,ZAR,20.0237
2024-08-23,AUD,1.6518
2024-08-23,BRL,6.1902
2024-08-23,CAD,1.5106
2024-08-23,CHF,0.9476
2024-08-23,GBP,0.84733
2024-08-23,INR,93.309
2024-08-23,JPY,162.37
2024-08-23,KRW,1486.86
2024-08-23,MXN,21.5311
2024-08-23,PHP,62.734
2024-08-23,PLN,4.2775
2024-08-23,SEK,11.4355
2024-08-23,SGD,1.4551
2024-08-23,USD,1.1121
2024-08-23,ZAR,19.9591
2024-08-26,AUD,1.6496
2024-08-26,BRL,6.1332
2024-08-26,CAD,1.5076
2024-08-26,CHF,0.946
2024-08-26,GBP,0.84645
2024-08-26,INR,93.6635
2024-08-26,JPY,160.94
2024-08-26,KRW,1481.16
2024-08-26,MXN,21.4092
2024-08-26,PHP,62.524
2024-08-26,PLN,4.2815
2024-08-26,SEK,11.403
2024-08-26,SGD,1.4546
2024-08-26,USD,1.1163
2024-08-26,ZAR,19.8317
2024-08-27,AUD,1.6461
2024-08-27,BRL,6.1186
2024-08-27,CAD,1.5041
2024-08-27,CHF,0.944
2024-08-27,GBP,0.84438
2024-08-27,INR,93.674
2024-08-27,JPY,161.24
2024-08-27,KRW,1485.86
2024-08-27,MXN,21.6869
2024-08-27,PHP,62.842
2024-08-27,PLN,4.2783
2024-08-27,SEK,11.3758
2024-08-27,SGD,1.4552
2024-08-27,USD,1.1162
2024-08-27,ZAR,19.7883
2024-08-28,AUD,1.6407
2024-08-28,BRL,6.1498
2024-08-28,CAD,1.4982
2024-08-28,CHF,0.9375
2024-08-28,GBP,0.84163
2024-08-28,INR,93.3565
2024-08-28,JPY,160.57
2024-08-28,KRW,1485.05
2024-08-28,MXN,21.8823
2024-08-28,PHP,62.544
2024-08-28,PLN,4.3003
2024-08-28,SEK,11.335
2024-08-28,SGD,1.4493
2024-08-28,USD,1.1117
2024-08-28,ZAR,19.7851
2024-08-29,AUD,1.6274
2024-08-29,BRL,6.1892
2024-08-29,CAD,1.4927
2024-08-29,CHF,0.9364
2024-08-29,GBP,0.84175
2024-08-29,INR,93.023
2024-08-29,JPY,160.36
2024-08-29,KRW,1474.34
2024-08-29,MXN,21.8575
2024-08-29,PHP,62.279
2024-08-29,PLN,4.2898
2024-08-29,SEK,11.3455
2024-08-29,SGD,1.4432
2024-08-29,USD,1.1088
2024-08-29,ZAR,19.6351
2024-08-30,AUD,1.6301
2024-08-30,BRL,6.2155
2024-08-30,CAD,1.4941
2024-08-30,CHF,0.9416
2024-08-30,GBP,0.8412
2024-08-30,INR,92.9485
2024-08-30,JPY,161.19
2024-08-30,KRW,1478.6
2024-08-30,MXN,21.7581
2024-08-30,PHP,62.309
2024-08-30,PLN,4.2763
2024-08-30,SEK,11.3355
2024-08-30,SGD,1.4441
2024-08-30,USD,1.1087
2024-08-30,ZAR,19.5358
2024-09-02,AUD,1.6322
2024-09-02,BRL,6.2185
2024-09-02,CAD,1.4932
2024-09-02,CHF,0.9415
2024-09-02,GBP,0.84218
2024-09-02,INR,92.8075
2024-09-02,JPY,162.56
2024-09-02,KRW,1481.32
2024-09-02,MXN,21.7618
2024-09-02,PHP,62.513
2024-09-02,PLN,4.275
2024-09-02,SEK,11.351
2024-09-02,SGD,1.4464
2024-09-02,USD,1.1061
2024-09-02,ZAR,19.8166
2024-09-03,AUD,1.6394
2024-09-03,BRL,6.2056
2024-09-03,CAD,1.4951
2024-09-03,CHF,0.9409
2024-09-03,GBP,0.84085
2024-09-03,INR,92.669
2024-09-03,JPY,161.26
2024-09-03,KRW,1481.23
2024-09-03,MXN,21.8785
2024-09-03,PHP,62.427
2024-09-03,PLN,4.2783
2024-09-03,SEK,11.372
2024-09-03,SGD,1.4453
2024-09-03,USD,1.1035
2024-09-03,ZAR,19.8345
2024-09-04,AUD,1.645
2024-09-04,BRL,6.2523
2024-09-04,CAD,1.498
2024-09-04,CHF,0.9396
2024-09-04,GBP,0.84248
2024-09-04,INR,92.7985
2024-09-04,JPY,160.26
2024-09-04,KRW,1481.5
2024-09-04,MXN,21.9638
2024-09-04,PHP,62.502
2024-09-04,PLN,4.2788
2024-09-04,SEK,11.411
2024-09-04,SGD,1.444
2024-09-04,USD,1.105
2024-09-04,ZAR,19.7997
2024-09-05,AUD,1.6498
2024-09-05,BRL,6.2481
2024-09-05,CAD,1.4996
2024-09-05,CHF,0.939
2024-09-05,GBP,0.84318
2024-09-05,INR,93.1987
2024-09-05,JPY,159.2
2024-09-05,KRW,1481.54
2024-09-05,MXN,22.279
2024-09-05,PHP,62.231
2024-09-05,PLN,4.2683
2024-09-05,SEK,11.3995
2024-09-05,SGD,1.4444
2024-09-05,USD,1.1097
2024-09-05,ZAR,19.736
2024-09-06,AUD,1.6503
2024-09-06,BRL,6.1855
2024-09-06,CAD,1.4984
2024-09-06,CHF,0.9365
2024-09-06,GBP,0.84293
2024-09-06,INR,93.206
2024-09-06,JPY,158.93
2024-09-06,KRW,1477.3
2024-09-06,MXN,22.1512
2024-09-06,PHP,62.118
2024-09-06,PLN,4.28
2024-09-06,SEK,11.3698
2024-09-06,SGD,1.4428
2024-09-06,USD,1.1103
2024-09-06,ZAR,19.6875
2024-09-09,AUD,1.6596
2024-09-09,BRL,6.2
2024-09-09,CAD,1.4979
2024-09-09,CHF,0.9376
2024-09-09,GBP,0.84365
2024-09-09,INR,92.711
2024-09-09,JPY,158.53
2024-09-09,KRW,1485.48
2024-09-09,MXN,21.9879
2024-09-09,PHP,62.354
2024-09-09,PLN,4.278
2024-09-09,SEK,11.455
2024-09-09,SGD,1.4428
2024-09-09,USD,1.1043
2024-09-09,ZAR,19.7659
2024-09-10,AUD,1.6551
2024-09-10,BRL,6.153
2024-09-10,CAD,1.4973
2024-09-10,CHF,0.9349
2024-09-10,GBP,0.84265
2024-09-10,INR,92.6325
2024-09-10,JPY,157.81
2024-09-10,KRW,1480.59
2024-09-10,MXN,21.9527
2024-09-10,PHP,62.216
2024-09-10,PLN,4.2833
2024-09-10,SEK,11.4355
2024-09-10,SGD,1.4397
2024-09-10,USD,1.1031
2024-09-10,ZAR,19.7464
2024-09-11,AUD,1.656
2024-09-11,BRL,6.2245
2024-09-11,CAD,1.4997
2024-09-11,CHF,0.9358
2024-09-11,GBP,0.84375
2024-09-11,INR,92.743
2024-09-11,JPY,156.6
2024-09-11,KRW,1478.5
2024-09-11,MXN,21.9952
2024-09-11,PHP,61.706
2024-09-11,PLN,4.2873
2024-09-11,SEK,11.435
2024-09-11,SGD,1.4385
2024-09-11,USD,1.1043
2024-09-11,ZAR,19.7394
2024-09-12,AUD,1.6497
2024-09-12,BRL,6.2309
2024-09-12,CAD,1.4964
2024-09-12,CHF,0.9414
2024-09-12,GBP,0.8446
2024-09-12,INR,92.49
2024-09-12,JPY,157.02
2024-09-12,KRW,1477.3
2024-09-12,MXN,21.7456
2024-09-12,PHP,61.852
2024-09-12,PLN,4.2978
2024-09-12,SEK,11.414
2024-09-12,SGD,1.438
2024-09-12,USD,1.1016
2024-09-12,ZAR,19.7713
2024-09-13,AUD,1.6542
2024-09-13,BRL,6.2147
2024-09-13,CAD,1.5061
2024-09-13,CHF,0.9387
2024-09-13,GBP,0.84475
2024-09-13,INR,92.988
2024-09-13,JPY,156.17
2024-09-13,KRW,1474.21
2024-09-13,MXN,21.5637
2024-09-13,PHP,62.041
2024-09-13,PLN,4.2898
2024-09-13,SEK,11.3635
2024-09-13,SGD,1.4404
2024-09-13,USD,1.1081
2024-09-13,ZAR,19.7185
2024-09-16,AUD,1.6492
2024-09-16,BRL,6.1772
2024-09-16,CAD,1.5109
2024-09-16,CHF,0.9394
2024-09-16,GBP,0.84278
2024-09-16,INR,93.302
2024-09-16,JPY,155.66
2024-09-16,KRW,1467.42
2024-09-16,MXN,21.4029
2024-09-16,PHP,62.094
2024-09-16,PLN,4.2708
2024-09-16,SEK,11.3195
2024-09-16,SGD,1.4407
2024-09-16,USD,1.1126
2024-09-16,ZAR,19.6277
2024-09-17,AUD,1.6472
2024-09-17,BRL,6.1236
2024-09-17,CAD,1.5134
2024-09-17,CHF,0.9405
2024-09-17,GBP,0.84278
2024-09-17,INR,93.305
2024-09-17,JPY,156.71
2024-09-17,KRW,1467.66
2024-09-17,MXN,21.529
2024-09-17,PHP,61.966
2024-09-17,PLN,4.2683
2024-09-17,SEK,11.3245
2024-09-17,SGD,1.4407
2024-09-17,USD,1.1139
2024-09-17,ZAR,19.6418
2024-09-18,AUD,1.64
2024-09-18,BRL,6.0942
2024-09-18,CAD,1.5117
2024-09-18,CHF,0.9388
2024-09-18,GBP,0.84225
2024-09-18,INR,93.1315
2024-09-18,JPY,157.94
2024-09-18,KRW,1473.65
2024-09-18,MXN,21.2402
2024-09-18,PHP,61.988
2024-09-18,PLN,4.27
2024-09-18,SEK,11.324
2024-09-18,SGD,1.4395
2024-09-18,USD,1.1124
2024-09-18,ZAR,19.5531
2024-09-19,AUD,1.6352
2024-09-19,BRL,6.024
2024-09-19,CAD,1.511
2024-09-19,CHF,0.946
2024-09-19,GBP,0.83953
2024-09-19,INR,93.325
2024-09-19,JPY,159.53
2024-09-19,KRW,1481.57
2024-09-19,MXN,21.391
2024-09-19,PHP,61.949
2024-09-19,PLN,4.2658
2024-09-19,SEK,11.3175
2024-09-19,SGD,1.4415
2024-09-19,USD,1.1156
2024-09-19,ZAR,19.4454
2024-09-20,AUD,1.6388
2024-09-20,BRL,6.057
2024-09-20,CAD,1.5148
2024-09-20,CHF,0.9486
2024-09-20,GBP,0.8391
2024-09-20,INR,93.274
2024-09-20,JPY,161.08
2024-09-20,KRW,1491.51
2024-09-20,MXN,21.6089
2024-09-20,PHP,62.15
2024-09-20,PLN,4.2763
2024-09-20,SEK,11.381
2024-09-20,SGD,1.4426
2024-09-20,USD,1.1166
2024-09-20,ZAR,19.5684
2024-09-23,AUD,1.6274
2024-09-23,BRL,6.1976
2024-09-23,CAD,1.5065
2024-09-23,CHF,0.9448
2024-09-23,GBP,0.83518
2024-09-23,INR,92.8955
2024-09-23,JPY,159.58
2024-09-23,KRW,1486.62
2024-09-23,MXN,21.5915
2024-09-23,PHP,62.3
2024-09-23,PLN,4.275
2024-09-23,SEK,11.362
2024-09-23,SGD,1.4357
2024-09-23,USD,1.1119
2024-09-23,ZAR,19.3253
2024-09-24,AUD,1.6237
2024-09-24,BRL,6.137
2024-09-24,CAD,1.5033
2024-09-24,CHF,0.9439
2024-09-24,GBP,0.8322
2024-09-24,INR,93.151
2024-09-24,JPY,160.14
2024-09-24,KRW,1485.87
2024-09-24,MXN,21.5748
2024-09-24,PHP,62.601
2024-09-24,PLN,4.2665
2024-09-24,SEK,11.2935
2024-09-24,SGD,1.4341
2024-09-24,USD,1.1133
2024-09-24,ZAR,19.2869
2024-09-25,AUD,1.6276
2024-09-25,BRL,6.1104
2024-09-25,CAD,1.5044
2024-09-25,CHF,0.9495
2024-09-25,GBP,0.83653
2024-09-25,INR,93.575
2024-09-25,JPY,161.49
2024-09-25,KRW,1489.46
2024-09-25,MXN,21.7426
2024-09-25,PHP,62.609
2024-09-25,PLN,4.2643
2024-09-25,SEK,11.311
2024-09-25,SGD,1.4378
2024-09-25,USD,1.1194
2024-09-25,ZAR,19.1932
2024-09-26,AUD,1.6217
2024-09-26,BRL,6.0372
2024-09-26,CAD,1.5025
2024-09-26,CHF,0.9452
2024-09-26,GBP,0.83428
2024-09-26,INR,93.297
2024-09-26,JPY,160.78
2024-09-26,KRW,1478.62
2024-09-26,MXN,21.8299
2024-09-26,PHP,62.423
2024-09-26,PLN,4.271
2024-09-26,SEK,11.3
2024-09-26,SGD,1.4328
2024-09-26,USD,1.1155
2024-09-26,ZAR,19.238
2024-09-27,AUD,1.618
2024-09-27,BRL,6.0668
2024-09-27,CAD,1.5036
2024-09-27,CHF,0.942
2024-09-27,GBP,0.83338
2024-09-27,INR,93.384
2024-09-27,JPY,159.63
2024-09-27,KRW,1462.76
2024-09-27,MXN,21.8374
2024-09-27,PHP,62.591
2024-09-27,PLN,4.2738
2024-09-27,SEK,11.273
2024-09-27,SGD,1.4305
2024-09-27,USD,1.1158
2024-09-27,ZAR,19.1092
2024-09-30,AUD,1.6166
2024-09-30,BRL,6.0504
2024-09-30,CAD,1.5133
2024-09-30,CHF,0.9439
2024-09-30,GBP,0.83543
2024-09-30,INR,93.813
2024-09-30,JPY,159.82
2024-09-30,KRW,1469.11
2024-09-30,MXN,21.9842
2024-09-30,PHP,62.74
2024-09-30,PLN,4.2788
2024-09-30,SEK,11.3
2024-09-30,SGD,1.4342
2024-09-30,USD,1.1196
2024-09-30,ZAR,19.2258
2024-10-01,AUD,1.604
2024-10-01,BRL,6.0377
2024-10-01,CAD,1.4986
2024-10-01,CHF,0.9394
2024-10-01,GBP,0.83193
2024-10-01,INR,92.931
2024-10-01,JPY,159.37
2024-10-01,KRW,1463.99
2024-10-01,MXN,21.8444
2024-10-01,PHP,62.287
2024-10-01,PLN,4.2853
2024-10-01,SEK,11.3145
2024-10-01,SGD,1.4268
2024-10-01,USD,1.1086
2024-10-01,ZAR,19.1585
2024-10-02,AUD,1.6048
2024-10-02,BRL,5.9961
2024-10-02,CAD,1.4932
2024-10-02,CHF,0.9388
2024-10-02,GBP,0.83288
2024-10-02,INR,92.979
2024-10-02,JPY,160.26
2024-10-02,KRW,1462.53
2024-10-02,MXN,21.6083
2024-10-02,PHP,62.186
2024-10-02,PLN,4.295
2024-10-02,SEK,11.3495
2024-10-02,SGD,1.4266
2024-10-02,USD,1.1071
2024-10-02,ZAR,19.2605
2024-10-03,AUD,1.6124
2024-10-03,BRL,6.0304
2024-10-03,CAD,1.4945
2024-10-03,CHF,0.9387
2024-10-03,GBP,0.84258
2024-10-03,INR,92.723
2024-10-03,JPY,161.98
2024-10-03,KRW,1472.89
2024-10-03,MXN,21.5389
2024-10-03,PHP,62.315
2024-10-03,PLN,4.3058
2024-10-03,SEK,11.361
2024-10-03,SGD,1.4315
2024-10-03,USD,1.1039
2024-10-03,ZAR,19.3017
2024-10-04,AUD,1.6121
2024-10-04,BRL,6.057
2024-10-04,CAD,1.4952
2024-10-04,CHF,0.9394
2024-10-04,GBP,0.83735
2024-10-04,INR,92.6095
2024-10-04,JPY,161.69
2024-10-04,KRW,1478.24
2024-10-04,MXN,21.2688
2024-10-04,PHP,62.126
2024-10-04,PLN,4.3145
2024-10-04,SEK,11.3375
2024-10-04,SGD,1.4314
2024-10-04,USD,1.1029
2024-10-04,ZAR,19.2809
2024-10-07,AUD,1.6155
2024-10-07,BRL,5.972
2024-10-07,CAD,1.4914
2024-10-07,CHF,0.9388
2024-10-07,GBP,0.83918
2024-10-07,INR,92.2458
2024-10-07,JPY,162.63
2024-10-07,KRW,1476.12
2024-10-07,MXN,21.2234
2024-10-07,PHP,62.519
2024-10-07,PLN,4.3215
2024-10-07,SEK,11.366
2024-10-07,SGD,1.4304
2024-10-07,USD,1.0982
2024-10-07,ZAR,19.0978
2024-10-08,AUD,1.6293
2024-10-08,BRL,6.0528
2024-10-08,CAD,1.4981
2024-10-08,CHF,0.941
2024-10-08,GBP,0.83778
2024-10-08,INR,92.2065
2024-10-08,JPY,162.49
2024-10-08,KRW,1478.22
2024-10-08,MXN,21.1383
2024-10-08,PHP,62.392
2024-10-08,PLN,4.3083
2024-10-08,SEK,11.349
2024-10-08,SGD,1.4307
2024-10-08,USD,1.0982
2024-10-08,ZAR,19.1784
2024-10-09,AUD,1.6283
2024-10-09,BRL,6.0743
2024-10-09,CAD,1.4985
2024-10-09,CHF,0.9397
2024-10-09,GBP,0.8374
2024-10-09,INR,91.9995
2024-10-09,JPY,162.97
2024-10-09,KRW,1473.03
2024-10-09,MXN,21.1916
2024-10-09,PHP,62.41
2024-10-09,PLN,4.2978
2024-10-09,SEK,11.362
2024-10-09,SGD,1.4294
2024-10-09,USD,1.0957
2024-10-09,ZAR,19.3282
2024-10-10,AUD,1.6276
2024-10-10,BRL,6.1061
2024-10-10,CAD,1.5031
2024-10-10,CHF,0.9393
2024-10-10,GBP,0.83686
2024-10-10,INR,91.7985
2024-10-10,JPY,162.85
2024-10-10,KRW,1477.51
2024-10-10,MXN,21.2788
2024-10-10,PHP,62.762
2024-10-10,PLN,4.3048
2024-10-10,SEK,11.3655
2024-10-10,SGD,1.43
2024-10-10,USD,1.0932
2024-10-10,ZAR,19.2391
2024-10-11,AUD,1.6233
2024-10-11,BRL,6.0886
2024-10-11,CAD,1.5063
2024-10-11,CHF,0.9378
2024-10-11,GBP,0.83705
2024-10-11,INR,91.9575
2024-10-11,JPY,162.94
2024-10-11,KRW,1477.64
2024-10-11,MXN,21.2356
2024-10-11,PHP,62.613
2024-10-11,PLN,4.2898
2024-10-11,SEK,11.354
2024-10-11,SGD,1.4283
2024-10-11,USD,1.0938
2024-10-11,ZAR,19.1041
2024-10-14,AUD,1.6248
2024-10-14,BRL,6.1443
2024-10-14,CAD,1.5047
2024-10-14,CHF,0.9409
2024-10-14,GBP,0.83665
2024-10-14,INR,91.729
2024-10-14,JPY,163.39
2024-10-14,KRW,1484.03
2024-10-14,MXN,21.0353
2024-10-14,PHP,62.767
2024-10-14,PLN,4.2893
2024-10-14,SEK,11.3735
2024-10-14,SGD,1.4277
2024-10-14,USD,1.0915
2024-10-14,ZAR,19.1618
2024-10-15,AUD,1.6236
2024-10-15,BRL,6.0949
2024-10-15,CAD,1.5063
2024-10-15,CHF,0.9401
2024-10-15,GBP,0.83355
2024-10-15,INR,91.622
2024-10-15,JPY,162.85
2024-10-15,KRW,1482.73
2024-10-15,MXN,21.2097
2024-10-15,PHP,63.068
2024-10-15,PLN,4.2938
2024-10-15,SEK,11.301
2024-10-15,SGD,1.4271
2024-10-15,USD,1.0903
2024-10-15,ZAR,19.1651
2024-10-16,AUD,1.6291
2024-10-16,BRL,6.1432
2024-10-16,CAD,1.5013
2024-10-16,CHF,0.9397
2024-10-16,GBP,0.83605
2024-10-16,INR,91.55
2024-10-16,JPY,162.57
2024-10-16,KRW,1483.1
2024-10-16,MXN,21.4791
2024-10-16,PHP,62.947
2024-10-16,PLN,4.3
2024-10-16,SEK,11.346
2024-10-16,SGD,1.4264
2024-10-16,USD,1.0897
2024-10-16,ZAR,19.1283
2024-10-17,AUD,1.6228
2024-10-17,BRL,6.1749
2024-10-17,CAD,1.4975
2024-10-17,CHF,0.938
2024-10-17,GBP,0.83455
2024-10-17,INR,91.324
2024-10-17,JPY,162.5
2024-10-17,KRW,1488.83
2024-10-17,MXN,21.7135
2024-10-17,PHP,62.854
2024-10-17,PLN,4.3113
2024-10-17,SEK,11.418
2024-10-17,SGD,1.4261
2024-10-17,USD,1.0866
2024-10-17,ZAR,19.2606
2024-10-18,AUD,1.6165
2024-10-18,BRL,6.1328
2024-10-18,CAD,1.496
2024-10-18,CHF,0.9401
2024-10-18,GBP,0.83165
2024-10-18,INR,91.198
2024-10-18,JPY,162.75
2024-10-18,KRW,1488.05
2024-10-18,MXN,21.4076
2024-10-18,PHP,62.359
2024-10-18,PLN,4.3085
2024-10-18,SEK,11.4205
2024-10-18,SGD,1.4235
2024-10-18,USD,1.0847
2024-10-18,ZAR,19.0769
2024-10-21,AUD,1.623
2024-10-21,BRL,6.1953
2024-10-21,CAD,1.4998
2024-10-21,CHF,0.938
2024-10-21,GBP,0.83315
2024-10-21,INR,91.244
2024-10-21,JPY,162.79
2024-10-21,KRW,1495.73
2024-10-21,MXN,21.6539
2024-10-21,PHP,62.527
2024-10-21,PLN,4.3175
2024-10-21,SEK,11.4275
2024-10-21,SGD,1.4246
2024-10-21,USD,1.0853
2024-10-21,ZAR,19.1176
2024-10-22,AUD,1.6177
2024-10-22,BRL,6.1636
2024-10-22,CAD,1.4964
2024-10-22,CHF,0.9365
2024-10-22,GBP,0.8334
2024-10-22,INR,90.971
2024-10-22,JPY,163.22
2024-10-22,KRW,1491.66
2024-10-22,MXN,21.5202
2024-10-22,PHP,62.58
2024-10-22,PLN,4.317
2024-10-22,SEK,11.4005
2024-10-22,SGD,1.4231
2024-10-22,USD,1.0821
2024-10-22,ZAR,19.0184
2024-10-23,AUD,1.6233
2024-10-23,BRL,6.1583
2024-10-23,CAD,1.49
2024-10-23,CHF,0.934
2024-10-23,GBP,0.83148
2024-10-23,INR,90.537
2024-10-23,JPY,164.66
2024-10-23,KRW,1491.54
2024-10-23,MXN,21.6115
2024-10-23,PHP,62.513
2024-10-23,PLN,4.3433
2024-10-23,SEK,11.412
2024-10-23,SGD,1.4237
2024-10-23,USD,1.0767
2024-10-23,ZAR,19.0355
2024-10-24,AUD,1.6234
2024-10-24,BRL,6.1487
2024-10-24,CAD,1.4922
2024-10-24,CHF,0.9349
2024-10-24,GBP,0.8321
2024-10-24,INR,90.796
2024-10-24,JPY,164.12
2024-10-24,KRW,1489.82
2024-10-24,MXN,21.3667
2024-10-24,PHP,62.521
2024-10-24,PLN,4.3435
2024-10-24,SEK,11.419
2024-10-24,SGD,1.4249
2024-10-24,USD,1.0801
2024-10-24,ZAR,19.09
2024-10-25,AUD,1.6311
2024-10-25,BRL,6.142
2024-10-25,CAD,1.4989
2024-10-25,CHF,0.9382
2024-10-25,GBP,0.83358
2024-10-25,INR,91.027
2024-10-25,JPY,164.45
2024-10-25,KRW,1504.09
2024-10-25,MXN,21.4408
2024-10-25,PHP,63.118
2024-10-25,PLN,4.3478
2024-10-25,SEK,11.4475
2024-10-25,SGD,1.429
2024-10-25,USD,1.0825
2024-10-25,ZAR,19.0627
2024-10-28,AUD,1.6372
2024-10-28,BRL,6.155
2024-10-28,CAD,1.503
2024-10-28,CHF,0.9367
2024-10-28,GBP,0.8329
2024-10-28,INR,90.958
2024-10-28,JPY,165.18
2024-10-28,KRW,1496.45
2024-10-28,MXN,21.6223
2024-10-28,PHP,62.969
2024-10-28,PLN,4.35
2024-10-28,SEK,11.471
2024-10-28,SGD,1.4302
2024-10-28,USD,1.0818
2024-10-28,ZAR,19.1877
2024-10-29,AUD,1.6423
2024-10-29,BRL,6.1613
2024-10-29,CAD,1.4981
2024-10-29,CHF,0.9369
2024-10-29,GBP,0.8302
2024-10-29,INR,90.57
2024-10-29,JPY,165.66
2024-10-29,KRW,1496.4
2024-10-29,MXN,21.5719
2024-10-29,PHP,62.857
2024-10-29,PLN,4.348
2024-10-29,SEK,11.517
2024-10-29,SGD,1.4287
2024-10-29,USD,1.0774
2024-10-29,ZAR,19.1063
2024-10-30,AUD,1.646
2024-10-30,BRL,6.2564
2024-10-30,CAD,1.5072
2024-10-30,CHF,0.9393
2024-10-30,GBP,0.83425
2024-10-30,INR,90.943
2024-10-30,JPY,165.91
2024-10-30,KRW,1493.02
2024-10-30,MXN,21.8174
2024-10-30,PHP,63.01
2024-10-30,PLN,4.3463
2024-10-30,SEK,11.566
2024-10-30,SGD,1.4329
2024-10-30,USD,1.0815
2024-10-30,ZAR,19.1535
2024-10-31,AUD,1.6559
2024-10-31,BRL,6.2635
2024-10-31,CAD,1.5134
2024-10-31,CHF,0.9412
2024-10-31,GBP,0.83753
2024-10-31,INR,91.493
2024-10-31,JPY,166.3
2024-10-31,KRW,1500.05
2024-10-31,MXN,21.8087
2024-10-31,PHP,63.364
2024-10-31,PLN,4.3508
2024-10-31,SEK,11.6308
2024-10-31,SGD,1.4377
2024-10-31,USD,1.0882
2024-10-31,ZAR,19.1869
2024-11-01,AUD,1.653
2024-11-01,BRL,6.2813
2024-11-01,CAD,1.5144
2024-11-01,CHF,0.9427
2024-11-01,GBP,0.83998
2024-11-01,INR,91.4955
2024-11-01,JPY,165.54
2024-11-01,KRW,1498.21
2024-11-01,MXN,21.7247
2024-11-01,PHP,63.525
2024-11-01,PLN,4.3543
2024-11-01,SEK,11.6115
2024-11-01,SGD,1.4392
2024-11-01,USD,1.0885
2024-11-01,ZAR,19.1111
2024-11-04,AUD,1.6516
2024-11-04,BRL,6.3344
2024-11-04,CAD,1.5155
2024-11-04,CHF,0.941
2024-11-04,GBP,0.84063
2024-11-04,INR,91.718
2024-11-04,JPY,165.47
2024-11-04,KRW,1497.97
2024-11-04,MXN,21.9187
2024-11-04,PHP,63.762
2024-11-04,PLN,4.3423
2024-11-04,SEK,11.6445
2024-11-04,SGD,1.4356
2024-11-04,USD,1.0904
2024-11-04,ZAR,19.1248
2024-11-05,AUD,1.6452
2024-11-05,BRL,6.3039
2024-11-05,CAD,1.5128
2024-11-05,CHF,0.9402
2024-11-05,GBP,0.8392
2024-11-05,INR,91.6565
2024-11-05,JPY,165.93
2024-11-05,KRW,1503.71
2024-11-05,MXN,21.9579
2024-11-05,PHP,63.553
2024-11-05,PLN,4.358
2024-11-05,SEK,11.6665
2024-11-05,SGD,1.4351
2024-11-05,USD,1.0897
2024-11-05,ZAR,19.0277
2024-11-06,AUD,1.6301
2024-11-06,BRL,6.2127
2024-11-06,CAD,1.4893
2024-11-06,CHF,0.9368
2024-11-06,GBP,0.83223
2024-11-06,INR,90.181
2024-11-06,JPY,165.05
2024-11-06,KRW,1500.9
2024-11-06,MXN,22.0755
2024-11-06,PHP,62.949
2024-11-06,PLN,4.3493
2024-11-06,SEK,11.6515
2024-11-06,SGD,1.4281
2024-11-06,USD,1.0695
2024-11-06,ZAR,18.9842
2024-11-07,AUD,1.6196
2024-11-07,BRL,6.0988
2024-11-07,CAD,1.496
2024-11-07,CHF,0.9432
2024-11-07,GBP,0.83185
2024-11-07,INR,90.9355
2024-11-07,JPY,165.71
2024-11-07,KRW,1495.78
2024-11-07,MXN,21.3897
2024-11-07,PHP,63.1
2024-11-07,PLN,4.3253
2024-11-07,SEK,11.599
2024-11-07,SGD,1.4258
2024-11-07,USD,1.0785
2024-11-07,ZAR,18.7328
2024-11-08,AUD,1.6259
2024-11-08,BRL,6.2034
2024-11-08,CAD,1.4983
2024-11-08,CHF,0.9393
2024-11-08,GBP,0.83188
2024-11-08,INR,90.89
2024-11-08,JPY,164.18
2024-11-08,KRW,1495.41
2024-11-08,MXN,21.5349
2024-11-08,PHP,62.85
2024-11-08,PLN,4.3255
2024-11-08,SEK,11.59
2024-11-08,SGD,1.4251
2024-11-08,USD,1.0772
2024-11-08,ZAR,18.8777
2024-11-11,AUD,1.6186
2024-11-11,BRL,6.1877
2024-11-11,CAD,1.4848
2024-11-11,CHF,0.9369
2024-11-11,GBP,0.8268
2024-11-11,INR,89.8935
2024-11-11,JPY,163.82
2024-11-11,KRW,1489.97
2024-11-11,MXN,21.8559
2024-11-11,PHP,62.461
2024-11-11,PLN,4.344
2024-11-11,SEK,11.592
2024-11-11,SGD,1.4197
2024-11-11,USD,1.0651
2024-11-11,ZAR,19.0171
2024-11-12,AUD,1.6206
2024-11-12,BRL,6.1131
2024-11-12,CAD,1.4799
2024-11-12,CHF,0.9354
2024-11-12,GBP,0.82835
2024-11-12,INR,89.5888
2024-11-12,JPY,163.71
2024-11-12,KRW,1492.15
2024-11-12,MXN,21.6428
2024-11-12,PHP,62.273
2024-11-12,PLN,4.3503
2024-11-12,SEK,11.542
2024-11-12,SGD,1.4204
2024-11-12,USD,1.0617
2024-11-12,ZAR,19.1584
2024-11-13,AUD,1.6299
2024-11-13,BRL,6.1031
2024-11-13,CAD,1.484
2024-11-13,CHF,0.9379
2024-11-13,GBP,0.83413
2024-11-13,INR,89.6915
2024-11-13,JPY,164.71
2024-11-13,KRW,1487.4
2024-11-13,MXN,21.7942
2024-11-13,PHP,62.327
2024-11-13,PLN,4.3425
2024-11-13,SEK,11.5895
2024-11-13,SGD,1.4214
2024-11-13,USD,1.0629
2024-11-13,ZAR,19.1406
2024-11-14,AUD,1.6285
2024-11-14,BRL,6.1122
2024-11-14,CAD,1.4759
2024-11-14,CHF,0.9369
2024-11-14,GBP,0.83158
2024-11-14,INR,88.9645
2024-11-14,JPY,164.24
2024-11-14,KRW,1478.78
2024-11-14,MXN,21.7209
2024-11-14,PHP,61.972
2024-11-14,PLN,4.3383
2024-11-14,SEK,11.603
2024-11-14,SGD,1.4175
2024-11-14,USD,1.0533
2024-11-14,ZAR,19.3136
2024-11-15,AUD,1.6345
2024-11-15,BRL,6.1335
2024-11-15,CAD,1.4861
2024-11-15,CHF,0.9389
2024-11-15,GBP,0.83455
2024-11-15,INR,89.3465
2024-11-15,JPY,164.36
2024-11-15,KRW,1476.23
2024-11-15,MXN,21.5697
2024-11-15,PHP,62.162
2024-11-15,PLN,4.32
2024-11-15,SEK,11.5905
2024-11-15,SGD,1.4187
2024-11-15,USD,1.0583
2024-11-15,ZAR,19.2353
2024-11-18,AUD,1.6352
2024-11-18,BRL,6.103
2024-11-18,CAD,1.4873
2024-11-18,CHF,0.9364
2024-11-18,GBP,0.8356
2024-11-18,INR,89.0765
2024-11-18,JPY,163.74
2024-11-18,KRW,1474.49
2024-11-18,MXN,21.5023
2024-11-18,PHP,61.929
2024-11-18,PLN,4.3278
2024-11-18,SEK,11.6
2024-11-18,SGD,1.4186
2024-11-18,USD,1.0552
2024-11-18,ZAR,19.0768
2024-11-19,AUD,1.6264
2024-11-19,BRL,6.1212
2024-11-19,CAD,1.4833
2024-11-19,CHF,0.9329
2024-11-19,GBP,0.83638
2024-11-19,INR,89.2935
2024-11-19,JPY,162.71
2024-11-19,KRW,1472.84
2024-11-19,MXN,21.4956
2024-11-19,PHP,62.314
2024-11-19,PLN,4.3303
2024-11-19,SEK,11.584
2024-11-19,SGD,1.4163
2024-11-19,USD,1.0578
2024-11-19,ZAR,19.097
2024-11-20,AUD,1.6225
2024-11-20,BRL,6.0975
2024-11-20,CAD,1.4767
2024-11-20,CHF,0.9342
2024-11-20,GBP,0.8338
2024-11-20,INR,89.1025
2024-11-20,JPY,164.42
2024-11-20,KRW,1474.4
2024-11-20,MXN,21.3036
2024-11-20,PHP,62.282
2024-11-20,PLN,4.3308
2024-11-20,SEK,11.605
2024-11-20,SGD,1.4173
2024-11-20,USD,1.0562
2024-11-20,ZAR,19.1266
2024-11-21,AUD,1.6141
2024-11-21,BRL,6.1277
2024-11-21,CAD,1.47
2024-11-21,CHF,0.9294
2024-11-21,GBP,0.83273
2024-11-21,INR,88.9158
2024-11-21,JPY,162.53
2024-11-21,KRW,1471.6
2024-11-21,MXN,21.4444
2024-11-21,PHP,62.116
2024-11-21,PLN,4.3418
2024-11-21,SEK,11.607
2024-11-21,SGD,1.4144
2024-11-21,USD,1.0526
2024-11-21,ZAR,19.0284
2024-11-22,AUD,1.6018
2024-11-22,BRL,6.0483
2024-11-22,CAD,1.4561
2024-11-22,CHF,0.9272
2024-11-22,GBP,0.83205
2024-11-22,INR,87.929
2024-11-22,JPY,160.84
2024-11-22,KRW,1464.43
2024-11-22,MXN,21.2742
2024-11-22,PHP,61.368
2024-11-22,PLN,4.3373
2024-11-22,SEK,11.553
2024-11-22,SGD,1.4034
2024-11-22,USD,1.0412
2024-11-22,ZAR,18.7942
2024-11-25,AUD,1.6111
2024-11-25,BRL,6.0941
2024-11-25,CAD,1.4648
2024-11-25,CHF,0.9324
2024-11-25,GBP,0.83465
2024-11-25,INR,88.4595
2024-11-25,JPY,161.64
2024-11-25,KRW,1469.87
2024-11-25,MXN,21.3301
2024-11-25,PHP,61.936
2024-11-25,PLN,4.3185
2024-11-25,SEK,11.503
2024-11-25,SGD,1.4128
2024-11-25,USD,1.0495
2024-11-25,ZAR,18.9592
2024-11-26,AUD,1.6191
2024-11-26,BRL,6.1005
2024-11-26,CAD,1.4833
2024-11-26,CHF,0.9314
2024-11-26,GBP,0.8348
2024-11-26,INR,88.6999
2024-11-26,JPY,161.13
2024-11-26,KRW,1468.29
2024-11-26,MXN,21.5593
2024-11-26,PHP,62.04
2024-11-26,PLN,4.3105
2024-11-26,SEK,11.523
2024-11-26,SGD,1.4153
2024-11-26,USD,1.0522
2024-11-26,ZAR,19.0331
2024-11-27,AUD,1.6247
2024-11-27,BRL,6.1293
2024-11-27,CAD,1.4807
2024-11-27,CHF,0.9309
2024-11-27,GBP,0.834
2024-11-27,INR,88.894
2024-11-27,JPY,159.65
2024-11-27,KRW,1466.33
2024-11-27,MXN,21.8466
2024-11-27,PHP,61.87
2024-11-27,PLN,4.312
2024-11-27,SEK,11.529
2024-11-27,SGD,1.4147
2024-11-27,USD,1.0531
2024-11-27,ZAR,19.1091
2024-11-28,AUD,1.6228
2024-11-28,BRL,6.2891
2024-11-28,CAD,1.477
2024-11-28,CHF,0.9314
2024-11-28,GBP,0.8323
2024-11-28,INR,89.0495
2024-11-28,JPY,159.89
2024-11-28,KRW,1472.29
2024-11-28,MXN,21.4419
2024-11-28,PHP,61.872
2024-11-28,PLN,4.31
2024-11-28,SEK,11.5375
2024-11-28,SGD,1.4165
2024-11-28,USD,1.0542
2024-11-28,ZAR,19.136
2024-11-29,AUD,1.6245
2024-11-29,BRL,6.4361
2024-11-29,CAD,1.4796
2024-11-29,CHF,0.9309
2024-11-29,GBP,0.83205
2024-11-29,INR,89.3245
2024-11-29,JPY,158.64
2024-11-29,KRW,1476.11
2024-11-29,MXN,21.537
2024-11-29,PHP,61.939
2024-11-29,PLN,4.296
2024-11-29,SEK,11.518
2024-11-29,SGD,1.4159
2024-11-29,USD,1.0562
2024-11-29,ZAR,19.0777
2024-12-02,AUD,1.6211
2024-12-02,BRL,6.3323
2024-12-02,CAD,1.4748
2024-12-02,CHF,0.9316
2024-12-02,GBP,0.82898
2024-12-02,INR,89.001
2024-12-02,JPY,157.74
2024-12-02,KRW,1475.53
2024-12-02,MXN,21.5341
2024-12-02,PHP,61.655
2024-12-02,PLN,4.2905
2024-12-02,SEK,11.527
2024-12-02,SGD,1.4138
2024-12-02,USD,1.0507
2024-12-02,ZAR,19.1038
2024-12-03,AUD,1.622
2024-12-03,BRL,6.382
2024-12-03,CAD,1.4753
2024-12-03,CHF,0.9309
2024-12-03,GBP,0.83123
2024-12-03,INR,89.017
2024-12-03,JPY,157.3
2024-12-03,KRW,1474.9
2024-12-03,MXN,21.3906
2024-12-03,PHP,61.584
2024-12-03,PLN,4.2973
2024-12-03,SEK,11.5755
2024-12-03,SGD,1.414
2024-12-03,USD,1.0512
2024-12-03,ZAR,19.0304
2024-12-04,AUD,1.6384
2024-12-04,BRL,6.3472
2024-12-04,CAD,1.4755
2024-12-04,CHF,0.9305
2024-12-04,GBP,0.8283
2024-12-04,INR,88.9315
2024-12-04,JPY,158.59
2024-12-04,KRW,1487.28
2024-12-04,MXN,21.3067
2024-12-04,PHP,61.113
2024-12-04,PLN,4.2868
2024-12-04,SEK,11.548
2024-12-04,SGD,1.4135
2024-12-04,USD,1.0492
2024-12-04,ZAR,19.0679
2024-12-05,AUD,1.6377
2024-12-05,BRL,6.3219
2024-12-05,CAD,1.4809
2024-12-05,CHF,0.9305
2024-12-05,GBP,0.828
2024-12-05,INR,89.2543
2024-12-05,JPY,158.52
2024-12-05,KRW,1494.61
2024-12-05,MXN,21.386
2024-12-05,PHP,60.946
2024-12-05,PLN,4.2745
2024-12-05,SEK,11.5095
2024-12-05,SGD,1.4133
2024-12-05,USD,1.054
2024-12-05,ZAR,19.0427
2024-12-06,AUD,1.6506
2024-12-06,BRL,6.3546
2024-12-06,CAD,1.4882
2024-12-06,CHF,0.9284
2024-12-06,GBP,0.82855
2024-12-06,INR,89.613
2024-12-06,JPY,159.25
2024-12-06,KRW,1502.23
2024-12-06,MXN,21.3595
2024-12-06,PHP,61.215
2024-12-06,PLN,4.267
2024-12-06,SEK,11.523
2024-12-06,SGD,1.4174
2024-12-06,USD,1.0581
2024-12-06,ZAR,19.1076
2024-12-09,AUD,1.638
2024-12-09,BRL,6.3852
2024-12-09,CAD,1.4919
2024-12-09,CHF,0.9295
2024-12-09,GBP,0.82805
2024-12-09,INR,89.689
2024-12-09,JPY,159.4
2024-12-09,KRW,1513.49
2024-12-09,MXN,21.304
2024-12-09,PHP,61.297
2024-12-09,PLN,4.2593
2024-12-09,SEK,11.536
2024-12-09,SGD,1.4157
2024-12-09,USD,1.0568
2024-12-09,ZAR,18.8315
2024-12-10,AUD,1.6452
2024-12-10,BRL,6.3811
2024-12-10,CAD,1.4908
2024-12-10,CHF,0.9267
2024-12-10,GBP,0.82555
2024-12-10,INR,89.3525
2024-12-10,JPY,159.74
2024-12-10,KRW,1507.31
2024-12-10,MXN,21.2298
2024-12-10,PHP,61.05
2024-12-10,PLN,4.2678
2024-12-10,SEK,11.5335
2024-12-10,SGD,1.4118
2024-12-10,USD,1.0527
2024-12-10,ZAR,18.8204
2024-12-11,AUD,1.6525
2024-12-11,BRL,6.3431
2024-12-11,CAD,1.4905
2024-12-11,CHF,0.928
2024-12-11,GBP,0.82458
2024-12-11,INR,89.1495
2024-12-11,JPY,160.35
2024-12-11,KRW,1502.88
2024-12-11,MXN,21.2325
2024-12-11,PHP,61.266
2024-12-11,PLN,4.2643
2024-12-11,SEK,11.5165
2024-12-11,SGD,1.4114
2024-12-11,USD,1.0507
2024-12-11,ZAR,18.6794
2024-12-12,AUD,1.6413
2024-12-12,BRL,6.1975
2024-12-12,CAD,1.4865
2024-12-12,CHF,0.9319
2024-12-12,GBP,0.82428
2024-12-12,INR,89.044
2024-12-12,JPY,159.6
2024-12-12,KRW,1500.97
2024-12-12,MXN,21.1588
2024-12-12,PHP,61.185
2024-12-12,PLN,4.2758
2024-12-12,SEK,11.5
2024-12-12,SGD,1.4108
2024-12-12,USD,1.0491
2024-12-12,ZAR,18.5627
2024-12-13,AUD,1.6488
2024-12-13,BRL,6.3481
2024-12-13,CAD,1.4954
2024-12-13,CHF,0.9385
2024-12-13,GBP,0.83043
2024-12-13,INR,89.191
2024-12-13,JPY,161.45
2024-12-13,KRW,1507.58
2024-12-13,MXN,21.2438
2024-12-13,PHP,61.641
2024-12-13,PLN,4.2643
2024-12-13,SEK,11.515
2024-12-13,SGD,1.417
2024-12-13,USD,1.0518
2024-12-13,ZAR,18.8131
2024-12-16,AUD,1.651
2024-12-16,BRL,6.3397
2024-12-16,CAD,1.4959
2024-12-16,CHF,0.9372
2024-12-16,GBP,0.82945
2024-12-16,INR,89.123
2024-12-16,JPY,161.73
2024-12-16,KRW,1509.15
2024-12-16,MXN,21.1635
2024-12-16,PHP,61.706
2024-12-16,PLN,4.264
2024-12-16,SEK,11.4541
2024-12-16,SGD,1.4173
2024-12-16,USD,1.0498
2024-12-16,ZAR,18.7692
2024-12-17,AUD,1.6547
2024-12-17,BRL,6.4584
2024-12-17,CAD,1.4995
2024-12-17,CHF,0.9413
2024-12-17,GBP,0.82648
2024-12-17,INR,89.14
2024-12-17,JPY,161.63
2024-12-17,KRW,1508.13
2024-12-17,MXN,21.1368
2024-12-17,PHP,61.971
2024-12-17,PLN,4.2635
2024-12-17,SEK,11.472
2024-12-17,SGD,1.4181
2024-12-17,USD,1.0497
2024-12-17,ZAR,19.0296
2024-12-18,AUD,1.6602
2024-12-18,BRL,6.4544
2024-12-18,CAD,1.5022
2024-12-18,CHF,0.9382
2024-12-18,GBP,0.8252
2024-12-18,INR,89.161
2024-12-18,JPY,161.52
2024-12-18,KRW,1509.48
2024-12-18,MXN,21.1393
2024-12-18,PHP,61.855
2024-12-18,PLN,4.2578
2024-12-18,SEK,11.4895
2024-12-18,SGD,1.4177
2024-12-18,USD,1.0496
2024-12-18,ZAR,18.9602
2024-12-19,AUD,1.6631
2024-12-19,BRL,6.5335
2024-12-19,CAD,1.493
2024-12-19,CHF,0.9319
2024-12-19,GBP,0.82445
2024-12-19,INR,88.481
2024-12-19,JPY,163.07
2024-12-19,KRW,1505.3
2024-12-19,MXN,21.1339
2024-12-19,PHP,61.396
2024-12-19,PLN,4.25
2024-12-19,SEK,11.4625
2024-12-19,SGD,1.4131
2024-12-19,USD,1.0395
2024-12-19,ZAR,19.035
2024-12-20,AUD,1.6674
2024-12-20,BRL,6.3173
2024-12-20,CAD,1.4946
2024-12-20,CHF,0.9297
2024-12-20,GBP,0.82965
2024-12-20,INR,88.355
2024-12-20,JPY,162.89
2024-12-20,KRW,1502.7
2024-12-20,MXN,21.0194
2024-12-20,PHP,61.1
2024-12-20,PLN,4.2623
2024-12-20,SEK,11.476
2024-12-20,SGD,1.41
2024-12-20,USD,1.039
2024-12-20,ZAR,19.1104
2024-12-23,AUD,1.6667
2024-12-23,BRL,6.3916
2024-12-23,CAD,1.4978
2024-12-23,CHF,0.9336
2024-12-23,GBP,0.82995
2024-12-23,INR,88.4635
2024-12-23,JPY,163.36
2024-12-23,KRW,1510.56
2024-12-23,MXN,21.0069
2024-12-23,PHP,60.899
2024-12-23,PLN,4.2753
2024-12-23,SEK,11.484
2024-12-23,SGD,1.4103
2024-12-23,USD,1.0393
2024-12-23,ZAR,19.2042
2024-12-24,AUD,1.6681
2024-12-24,BRL,6.4384
2024-12-24,CAD,1.4988
2024-12-24,CHF,0.9358
2024-12-24,GBP,0.82805
2024-12-24,INR,88.5275
2024-12-24,JPY,163.25
2024-12-24,KRW,1515.98
2024-12-24,MXN,20.949
2024-12-24,PHP,60.787
2024-12-24,PLN,4.2715
2024-12-24,SEK,11.5335
2024-12-24,SGD,1.4129
2024-12-24,USD,1.0395
2024-12-24,ZAR,19.3293
2024-12-27,AUD,1.6777
2024-12-27,BRL,6.4586
2024-12-27,CAD,1.5002
2024-12-27,CHF,0.9396
2024-12-27,GBP,0.83098
2024-12-27,INR,89.21
2024-12-27,JPY,164.65
2024-12-27,KRW,1537.65
2024-12-27,MXN,21.1453
2024-12-27,PHP,60.683
2024-12-27,PLN,4.2753
2024-12-27,SEK,11.4795
2024-12-27,SGD,1.4174
2024-12-27,USD,1.0435
2024-12-27,ZAR,19.5259
2024-12-30,AUD,1.6756
2024-12-30,BRL,6.476
2024-12-30,CAD,1.5035
2024-12-30,CHF,0.9435
2024-12-30,GBP,0.8295
2024-12-30,INR,89.2685
2024-12-30,JPY,164.57
2024-12-30,KRW,1539.13
2024-12-30,MXN,21.2847
2024-12-30,PHP,60.411
2024-12-30,PLN,4.2655
2024-12-30,SEK,11.4865
2024-12-30,SGD,1.4166
2024-12-30,USD,1.0444
2024-12-30,ZAR,19.5691
2024-12-31,AUD,1.6772
2024-12-31,BRL,6.4253
2024-12-31,CAD,1.4948
2024-12-31,CHF,0.9412
2024-12-31,GBP,0.82918
2024-12-31,INR,88.9335
2024-12-31,JPY,163.06
2024-12-31,KRW,1532.15
2024-12-31,MXN,21.5504
2024-12-31,PHP,60.301
2024-12-31,PLN,4.275
2024-12-31,SEK,11.459
2024-12-31,SGD,1.4164
2024-12-31,USD,1.0389
2024-12-31,ZAR,19.6188
2025-01-02,AUD,1.6618
2025-01-02,BRL,6.42
2025-01-02,CAD,1.4885
2025-01-02,CHF,0.9371
2025-01-02,GBP,0.83118
2025-01-02,INR,88.507
2025-01-02,JPY,162.04
2025-01-02,KRW,1515.07
2025-01-02,MXN,21.4375
2025-01-02,PHP,59.769
2025-01-02,PLN,4.2753
2025-01-02,SEK,11.4223
2025-01-02,SGD,1.4091
2025-01-02,USD,1.0321
2025-01-02,ZAR,19.2719
2025-01-03,AUD,1.6556
2025-01-03,BRL,6.3478
2025-01-03,CAD,1.4842
2025-01-03,CHF,0.9362
2025-01-03,GBP,0.82993
2025-01-03,INR,88.3335
2025-01-03,JPY,161.77
2025-01-03,KRW,1512.7
2025-01-03,MXN,21.2331
2025-01-03,PHP,59.835
2025-01-03,PLN,4.2725
2025-01-03,SEK,11.4395
2025-01-03,SGD,1.4113
2025-01-03,USD,1.0299
2025-01-03,ZAR,19.2957
2025-01-06,AUD,1.6555
2025-01-06,BRL,6.3649
2025-01-06,CAD,1.4914
2025-01-06,CHF,0.9396
2025-01-06,GBP,0.83098
2025-01-06,INR,89.2605
2025-01-06,JPY,163.25
2025-01-06,KRW,1518.24
2025-01-06,MXN,21.1962
2025-01-06,PHP,60.369
2025-01-06,PLN,4.2518
2025-01-06,SEK,11.4645
2025-01-06,SGD,1.4168
2025-01-06,USD,1.0426
2025-01-06,ZAR,19.2724
2025-01-07,AUD,1.6557
2025-01-07,BRL,6.3134
2025-01-07,CAD,1.4878
2025-01-07,CHF,0.9426
2025-01-07,GBP,0.82915
2025-01-07,INR,89.112
2025-01-07,JPY,163.86
2025-01-07,KRW,1507.35
2025-01-07,MXN,21.1387
2025-01-07,PHP,60.378
2025-01-07,PLN,4.2583
2025-01-07,SEK,11.475
2025-01-07,SGD,1.415
2025-01-07,USD,1.0393
2025-01-07,ZAR,19.3216
2025-01-08,AUD,1.66
2025-01-08,BRL,6.3075
2025-01-08,CAD,1.4803
2025-01-08,CHF,0.9379
2025-01-08,GBP,0.83403
2025-01-08,INR,88.352
2025-01-08,JPY,162.94
2025-01-08,KRW,1503.5
2025-01-08,MXN,21.0093
2025-01-08,PHP,60.192
2025-01-08,PLN,4.2765
2025-01-08,SEK,11.5125
2025-01-08,SGD,1.4096
2025-01-08,USD,1.0286
2025-01-08,ZAR,19.4357
2025-01-09,AUD,1.663
2025-01-09,BRL,6.2991
2025-01-09,CAD,1.4831
2025-01-09,CHF,0.9397
2025-01-09,GBP,0.83808
2025-01-09,INR,88.474
2025-01-09,JPY,162.56
2025-01-09,KRW,1504.23
2025-01-09,MXN,21.1013
2025-01-09,PHP,60.281
2025-01-09,PLN,4.2723
2025-01-09,SEK,11.4945
2025-01-09,SGD,1.4102
2025-01-09,USD,1.0305
2025-01-09,ZAR,19.4534
2025-01-10,AUD,1.6655
2025-01-10,BRL,6.2397
2025-01-10,CAD,1.4845
2025-01-10,CHF,0.9416
2025-01-10,GBP,0.83693
2025-01-10,INR,88.6265
2025-01-10,JPY,162.86
2025-01-10,KRW,1511.32
2025-01-10,MXN,21.1258
2025-01-10,PHP,60.242
2025-01-10,PLN,4.266
2025-01-10,SEK,11.497
2025-01-10,SGD,1.4092
2025-01-10,USD,1.0304
2025-01-10,ZAR,19.6165
2025-01-13,AUD,1.6578
2025-01-13,BRL,6.2109
2025-01-13,CAD,1.4699
2025-01-13,CHF,0.9346
2025-01-13,GBP,0.8416
2025-01-13,INR,88.4165
2025-01-13,JPY,160.22
2025-01-13,KRW,1497.52
2025-01-13,MXN,21.1803
2025-01-13,PHP,59.851
2025-01-13,PLN,4.2715
2025-01-13,SEK,11.5055
2025-01-13,SGD,1.401
2025-01-13,USD,1.0198
2025-01-13,ZAR,19.5236
2025-01-14,AUD,1.6601
2025-01-14,BRL,6.2299
2025-01-14,CAD,1.4744
2025-01-14,CHF,0.9395
2025-01-14,GBP,0.84288
2025-01-14,INR,88.6925
2025-01-14,JPY,161.63
2025-01-14,KRW,1496.39
2025-01-14,MXN,21.1339
2025-01-14,PHP,60.196
2025-01-14,PLN,4.2683
2025-01-14,SEK,11.512
2025-01-14,SGD,1.4036
2025-01-14,USD,1.0245
2025-01-14,ZAR,19.4143
2025-01-15,AUD,1.6616
2025-01-15,BRL,6.2377
2025-01-15,CAD,1.4784
2025-01-15,CHF,0.9394
2025-01-15,GBP,0.84313
2025-01-15,INR,89.0145
2025-01-15,JPY,161.75
2025-01-15,KRW,1503.15
2025-01-15,MXN,21.09
2025-01-15,PHP,60.358
2025-01-15,PLN,4.2613
2025-01-15,SEK,11.5015
2025-01-15,SGD,1.4089
2025-01-15,USD,1.03
2025-01-15,ZAR,19.4319
2025-01-16,AUD,1.6574
2025-01-16,BRL,6.1984
2025-01-16,CAD,1.4776
2025-01-16,CHF,0.9376
2025-01-16,GBP,0.84258
2025-01-16,INR,88.943
2025-01-16,JPY,160.46
2025-01-16,KRW,1499.04
2025-01-16,MXN,21.1824
2025-01-16,PHP,60.157
2025-01-16,PLN,4.2688
2025-01-16,SEK,11.485
2025-01-16,SGD,1.4061
2025-01-16,USD,1.0272
2025-01-16,ZAR,19.4048
2025-01-17,AUD,1.6646
2025-01-17,BRL,6.2518
2025-01-17,CAD,1.4864
2025-01-17,CHF,0.9394
2025-01-17,GBP,0.84453
2025-01-17,INR,89.198
2025-01-17,JPY,160.23
2025-01-17,KRW,1502.05
2025-01-17,MXN,21.4193
2025-01-17,PHP,60.337
2025-01-17,PLN,4.2585
2025-01-17,SEK,11.506
2025-01-17,SGD,1.4083
2025-01-17,USD,1.0298
2025-01-17,ZAR,19.3288
2025-01-20,AUD,1.6627
2025-01-20,BRL,6.2688
2025-01-20,CAD,1.4924
2025-01-20,CHF,0.9429
2025-01-20,GBP,0.84588
2025-01-20,INR,89.2735
2025-01-20,JPY,161.36
2025-01-20,KRW,1497.2
2025-01-20,MXN,21.5304
2025-01-20,PHP,60.334
2025-01-20,PLN,4.2568
2025-01-20,SEK,11.4945
2025-01-20,SGD,1.4077
2025-01-20,USD,1.0316
2025-01-20,ZAR,19.3381
2025-01-21,AUD,1.6639
2025-01-21,BRL,6.2685
2025-01-21,CAD,1.4963
2025-01-21,CHF,0.9427
2025-01-21,GBP,0.84553
2025-01-21,INR,89.686
2025-01-21,JPY,161.26
2025-01-21,KRW,1493.41
2025-01-21,MXN,21.4878
2025-01-21,PHP,60.621
2025-01-21,PLN,4.2538
2025-01-21,SEK,11.475
2025-01-21,SGD,1.4078
2025-01-21,USD,1.0357
2025-01-21,ZAR,19.2676
2025-01-22,AUD,1.6603
2025-01-22,BRL,6.2738
2025-01-22,CAD,1.4972
2025-01-22,CHF,0.9449
2025-01-22,GBP,0.84466
2025-01-22,INR,90.209
2025-01-22,JPY,162.72
2025-01-22,KRW,1496.01
2025-01-22,MXN,21.4707
2025-01-22,PHP,61.003
2025-01-22,PLN,4.23
2025-01-22,SEK,11.467
2025-01-22,SGD,1.4126
2025-01-22,USD,1.0443
2025-01-22,ZAR,19.2877
2025-01-23,AUD,1.6594
2025-01-23,BRL,6.1921
2025-01-23,CAD,1.4984
2025-01-23,CHF,0.9442
2025-01-23,GBP,0.84468
2025-01-23,INR,89.9285
2025-01-23,JPY,162.58
2025-01-23,KRW,1494.9
2025-01-23,MXN,21.2962
2025-01-23,PHP,61.063
2025-01-23,PLN,4.211
2025-01-23,SEK,11.4685
2025-01-23,SGD,1.4114
2025-01-23,USD,1.0404
2025-01-23,ZAR,19.3143
2025-01-24,AUD,1.66
2025-01-24,BRL,6.1866
2025-01-24,CAD,1.5015
2025-01-24,CHF,0.9494
2025-01-24,GBP,0.84413
2025-01-24,INR,90.33
2025-01-24,JPY,163.9
2025-01-24,KRW,1501.6
2025-01-24,MXN,21.2056
2025-01-24,PHP,61.145
2025-01-24,PLN,4.2138
2025-01-24,SEK,11.459
2025-01-24,SGD,1.4129
2025-01-24,USD,1.0472
2025-01-24,ZAR,19.252
2025-01-27,AUD,1.67
2025-01-27,BRL,6.2375
2025-01-27,CAD,1.5096
2025-01-27,CHF,0.9453
2025-01-27,GBP,0.84106
2025-01-27,INR,90.88
2025-01-27,JPY,162.21
2025-01-27,KRW,1507.97
2025-01-27,MXN,21.5878
2025-01-27,PHP,61.408
2025-01-27,PLN,4.2193
2025-01-27,SEK,11.496
2025-01-27,SGD,1.4134
2025-01-27,USD,1.053
2025-01-27,ZAR,19.6537
2025-01-28,AUD,1.6698
2025-01-28,BRL,6.1535
2025-01-28,CAD,1.5019
2025-01-28,CHF,0.9441
2025-01-28,GBP,0.83868
2025-01-28,INR,90.1955
2025-01-28,JPY,161.86
2025-01-28,KRW,1506.81
2025-01-28,MXN,21.5381
2025-01-28,PHP,60.9
2025-01-28,PLN,4.2078
2025-01-28,SEK,11.478
2025-01-28,SGD,1.4087
2025-01-28,USD,1.0421
2025-01-28,ZAR,19.4839
2025-01-29,AUD,1.671
2025-01-29,BRL,6.0791
2025-01-29,CAD,1.5011
2025-01-29,CHF,0.943
2025-01-29,GBP,0.83723
2025-01-29,INR,89.9945
2025-01-29,JPY,161.5
2025-01-29,KRW,1504.02
2025-01-29,MXN,21.2947
2025-01-29,PHP,60.723
2025-01-29,PLN,4.2135
2025-01-29,SEK,11.4555
2025-01-29,SGD,1.4051
2025-01-29,USD,1.0396
2025-01-29,ZAR,19.405
2025-01-30,AUD,1.6705
2025-01-30,BRL,6.1496
2025-01-30,CAD,1.4997
2025-01-30,CHF,0.9441
2025-01-30,GBP,0.83685
2025-01-30,INR,90.097
2025-01-30,JPY,160.32
2025-01-30,KRW,1500.02
2025-01-30,MXN,21.3551
2025-01-30,PHP,60.693
2025-01-30,PLN,4.2063
2025-01-30,SEK,11.47
2025-01-30,SGD,1.4048
2025-01-30,USD,1.0403
2025-01-30,ZAR,19.2738
2025-01-31,AUD,1.6702
2025-01-31,BRL,6.0677
2025-01-31,CAD,1.5035
2025-01-31,CHF,0.9449
2025-01-31,GBP,0.83608
2025-01-31,INR,89.9945
2025-01-31,JPY,160.99
2025-01-31,KRW,1506.62
2025-01-31,MXN,21.4769
2025-01-31,PHP,60.682
2025-01-31,PLN,4.213
2025-01-31,SEK,11.474
2025-01-31,SGD,1.4091
2025-01-31,USD,1.0393
2025-01-31,ZAR,19.3588
2025-02-03,AUD,1.6671
2025-02-03,BRL,6.0119
2025-02-03,CAD,1.5051
2025-02-03,CHF,0.9393
2025-02-03,GBP,0.83136
2025-02-03,INR,89.4513
2025-02-03,JPY,158.87
2025-02-03,KRW,1504.01
2025-02-03,MXN,21.5073
2025-02-03,PHP,60.158
2025-02-03,PLN,4.2255
2025-02-03,SEK,11.481
2025-02-03,SGD,1.4024
2025-02-03,USD,1.0274
2025-02-03,ZAR,19.3445
2025-02-04,AUD,1.6629
2025-02-04,BRL,6.0138
2025-02-04,CAD,1.4894
2025-02-04,CHF,0.9396
2025-02-04,GBP,0.83188
2025-02-04,INR,90.011
2025-02-04,JPY,160.52
2025-02-04,KRW,1504.21
2025-02-04,MXN,21.1322
2025-02-04,PHP,60.222
2025-02-04,PLN,4.2193
2025-02-04,SEK,11.418
2025-02-04,SGD,1.4015
2025-02-04,USD,1.0335
2025-02-04,ZAR,19.4072
2025-02-05,AUD,1.658
2025-02-05,BRL,6.0327
2025-02-05,CAD,1.4876
2025-02-05,CHF,0.9395
2025-02-05,GBP,0.83085
2025-02-05,INR,91.0595
2025-02-05,JPY,159.25
2025-02-05,KRW,1507.59
2025-02-05,MXN,21.4775
2025-02-05,PHP,60.44
2025-02-05,PLN,4.1968
2025-02-05,SEK,11.3583
2025-02-05,SGD,1.4053
2025-02-05,USD,1.0422
2025-02-05,ZAR,19.3507
2025-02-06,AUD,1.6547
2025-02-06,BRL,6.0127
2025-02-06,CAD,1.4865
2025-02-06,CHF,0.9385
2025-02-06,GBP,0.83688
2025-02-06,INR,90.76
2025-02-06,JPY,157.95
2025-02-06,KRW,1502.98
2025-02-06,MXN,21.3713
2025-02-06,PHP,60.202
2025-02-06,PLN,4.2065
2025-02-06,SEK,11.321
2025-02-06,SGD,1.4027
2025-02-06,USD,1.036
2025-02-06,ZAR,19.2822
2025-02-07,AUD,1.6525
2025-02-07,BRL,5.9857
2025-02-07,CAD,1.4883
2025-02-07,CHF,0.9418
2025-02-07,GBP,0.83353
2025-02-07,INR,90.8135
2025-02-07,JPY,157.77
2025-02-07,KRW,1501.65
2025-02-07,MXN,21.2827
2025-02-07,PHP,60.19
2025-02-07,PLN,4.1985
2025-02-07,SEK,11.2865
2025-02-07,SGD,1.4021
2025-02-07,USD,1.0377
2025-02-07,ZAR,19.1225
2025-02-10,AUD,1.6448
2025-02-10,BRL,5.9622
2025-02-10,CAD,1.4798
2025-02-10,CHF,0.9396
2025-02-10,GBP,0.83283
2025-02-10,INR,90.274
2025-02-10,JPY,156.92
2025-02-10,KRW,1496.81
2025-02-10,MXN,21.2378
2025-02-10,PHP,60.011
2025-02-10,PLN,4.1758
2025-02-10,SEK,11.2765
2025-02-10,SGD,1.3972
2025-02-10,USD,1.032
2025-02-10,ZAR,19.0069
2025-02-11,AUD,1.6442
2025-02-11,BRL,5.9898
2025-02-11,CAD,1.4789
2025-02-11,CHF,0.9429
2025-02-11,GBP,0.83355
2025-02-11,INR,89.548
2025-02-11,JPY,157.28
2025-02-11,KRW,1500.7
2025-02-11,MXN,21.2848
2025-02-11,PHP,60.05
2025-02-11,PLN,4.1785
2025-02-11,SEK,11.2525
2025-02-11,SGD,1.3995
2025-02-11,USD,1.0324
2025-02-11,ZAR,19.0894
2025-02-12,AUD,1.6525
2025-02-12,BRL,5.9812
2025-02-12,CAD,1.483
2025-02-12,CHF,0.9457
2025-02-12,GBP,0.83338
2025-02-12,INR,90.101
2025-02-12,JPY,159.22
2025-02-12,KRW,1505.97
2025-02-12,MXN,21.3163
2025-02-12,PHP,60.291
2025-02-12,PLN,4.1713
2025-02-12,SEK,11.2895
2025-02-12,SGD,1.4031
2025-02-12,USD,1.037
2025-02-12,ZAR,19.1398
2025-02-13,AUD,1.6591
2025-02-13,BRL,6.0084
2025-02-13,CAD,1.4844
2025-02-13,CHF,0.9421
2025-02-13,GBP,0.83313
2025-02-13,INR,90.3771
2025-02-13,JPY,159.79
2025-02-13,KRW,1507.52
2025-02-13,MXN,21.4383
2025-02-13,PHP,60.312
2025-02-13,PLN,4.1688
2025-02-13,SEK,11.2815
2025-02-13,SGD,1.4033
2025-02-13,USD,1.039
2025-02-13,ZAR,19.2471
2025-02-14,AUD,1.6514
2025-02-14,BRL,6.0127
2025-02-14,CAD,1.4856
2025-02-14,CHF,0.9442
2025-02-14,GBP,0.83215
2025-02-14,INR,90.81
2025-02-14,JPY,160.09
2025-02-14,KRW,1509.5
2025-02-14,MXN,21.3146
2025-02-14,PHP,60.487
2025-02-14,PLN,4.1653
2025-02-14,SEK,11.2445
2025-02-14,SGD,1.4052
2025-02-14,USD,1.0478
2025-02-14,ZAR,19.2555
2025-02-17,AUD,1.6456
2025-02-17,BRL,5.9756
2025-02-17,CAD,1.4861
2025-02-17,CHF,0.944
2025-02-17,GBP,0.83133
2025-02-17,INR,90.992
2025-02-17,JPY,158.67
2025-02-17,KRW,1511.85
2025-02-17,MXN,21.351
2025-02-17,PHP,60.757
2025-02-17,PLN,4.1605
2025-02-17,SEK,11.216
2025-02-17,SGD,1.405
2025-02-17,USD,1.0473
2025-02-17,ZAR,19.3112
2025-02-18,AUD,1.6466
2025-02-18,BRL,5.9576
2025-02-18,CAD,1.4844
2025-02-18,CHF,0.9425
2025-02-18,GBP,0.83025
2025-02-18,INR,90.85
2025-02-18,JPY,158.55
2025-02-18,KRW,1506.32
2025-02-18,MXN,21.1919
2025-02-18,PHP,60.846
2025-02-18,PLN,4.166
2025-02-18,SEK,11.2115
2025-02-18,SGD,1.4036
2025-02-18,USD,1.0447
2025-02-18,ZAR,19.2608
2025-02-19,AUD,1.6419
2025-02-19,BRL,5.9775
2025-02-19,CAD,1.4821
2025-02-19,CHF,0.9435
2025-02-19,GBP,0.82838
2025-02-19,INR,90.642
2025-02-19,JPY,158.41
2025-02-19,KRW,1504.72
2025-02-19,MXN,21.1954
2025-02-19,PHP,60.651
2025-02-19,PLN,4.174
2025-02-19,SEK,11.214
2025-02-19,SGD,1.4008
2025-02-19,USD,1.0434
2025-02-19,ZAR,19.3298
2025-02-20,AUD,1.6382
2025-02-20,BRL,5.9526
2025-02-20,CAD,1.4841
2025-02-20,CHF,0.9423
2025-02-20,GBP,0.82823
2025-02-20,INR,90.426
2025-02-20,JPY,156.6
2025-02-20,KRW,1500.62
2025-02-20,MXN,21.2619
2025-02-20,PHP,60.462
2025-02-20,PLN,4.1605
2025-02-20,SEK,11.166
2025-02-20,SGD,1.3966
2025-02-20,USD,1.0443
2025-02-20,ZAR,19.248
2025-02-21,AUD,1.6394
2025-02-21,BRL,5.9751
2025-02-21,CAD,1.4856
2025-02-21,CHF,0.942
2025-02-21,GBP,0.8276
2025-02-21,INR,90.6598
2025-02-21,JPY,157.46
2025-02-21,KRW,1500.16
2025-02-21,MXN,21.2714
2025-02-21,PHP,60.64
2025-02-21,PLN,4.1683
2025-02-21,SEK,11.1425
2025-02-21,SGD,1.3994
2025-02-21,USD,1.0465
2025-02-21,ZAR,19.245
2025-02-24,AUD,1.6434
2025-02-24,BRL,5.9857
2025-02-24,CAD,1.4876
2025-02-24,CHF,0.9415
2025-02-24,GBP,0.8283
2025-02-24,INR,90.7663
2025-02-24,JPY,156.81
2025-02-24,KRW,1494.52
2025-02-24,MXN,21.3703
2025-02-24,PHP,60.581
2025-02-24,PLN,4.1445
2025-02-24,SEK,11.153
2025-02-24,SGD,1.4002
2025-02-24,USD,1.0466
2025-02-24,ZAR,19.2037
2025-02-25,AUD,1.6538
2025-02-25,BRL,6.0839
2025-02-25,CAD,1.4969
2025-02-25,CHF,0.9386
2025-02-25,GBP,0.82908
2025-02-25,INR,91.5198
2025-02-25,JPY,157.19
2025-02-25,KRW,1505.11
2025-02-25,MXN,21.494
2025-02-25,PHP,60.832
2025-02-25,PLN,4.1393
2025-02-25,SEK,11.1455
2025-02-25,SGD,1.4047
2025-02-25,USD,1.0497
2025-02-25,ZAR,19.2862
2025-02-26,AUD,1.6622
2025-02-26,BRL,6.0329
2025-02-26,CAD,1.5054
2025-02-26,CHF,0.9392
2025-02-26,GBP,0.82868
2025-02-26,INR,91.3495
2025-02-26,JPY,156.7
2025-02-26,KRW,1504.35
2025-02-26,MXN,21.4685
2025-02-26,PHP,60.733
2025-02-26,PLN,4.144
2025-02-26,SEK,11.143
2025-02-26,SGD,1.4035
2025-02-26,USD,1.0487
2025-02-26,ZAR,19.2857
2025-02-27,AUD,1.6638
2025-02-27,BRL,6.0825
2025-02-27,CAD,1.504
2025-02-27,CHF,0.9407
2025-02-27,GBP,0.82673
2025-02-27,INR,91.311
2025-02-27,JPY,156.73
2025-02-27,KRW,1511.87
2025-02-27,MXN,21.3501
2025-02-27,PHP,60.632
2025-02-27,PLN,4.1308
2025-02-27,SEK,11.159
2025-02-27,SGD,1.4049
2025-02-27,USD,1.0477
2025-02-27,ZAR,19.2947
2025-02-28,AUD,1.6741
2025-02-28,BRL,6.0712
2025-02-28,CAD,1.5019
2025-02-28,CHF,0.9394
2025-02-28,GBP,0.82608
2025-02-28,INR,90.971
2025-02-28,JPY,156.96
2025-02-28,KRW,1519.92
2025-02-28,MXN,21.2191
2025-02-28,PHP,60.355
2025-02-28,PLN,4.1503
2025-02-28,SEK,11.188
2025-02-28,SGD,1.4037
2025-02-28,USD,1.0411
2025-02-28,ZAR,19.1917
2025-03-03,AUD,1.6811
2025-03-03,BRL,6.159
2025-03-03,CAD,1.5104
2025-03-03,CHF,0.9428
2025-03-03,GBP,0.8253
2025-03-03,INR,91.353
2025-03-03,JPY,158.33
2025-03-03,KRW,1526.42
2025-03-03,MXN,21.4253
2025-03-03,PHP,60.436
2025-03-03,PLN,4.1708
2025-03-03,SEK,11.15
2025-03-03,SGD,1.4106
2025-03-03,USD,1.0465
2025-03-03,ZAR,19.5068
2025-03-04,AUD,1.6919
2025-03-04,BRL,6.2132
2025-03-04,CAD,1.5224
2025-03-04,CHF,0.9371
2025-03-04,GBP,0.82788
2025-03-04,INR,91.9903
2025-03-04,JPY,156.5
2025-03-04,KRW,1537.13
2025-03-04,MXN,21.9418
2025-03-04,PHP,60.797
2025-03-04,PLN,4.1593
2025-03-04,SEK,11.0995
2025-03-04,SGD,1.4151
2025-03-04,USD,1.0557
2025-03-04,ZAR,19.5569
2025-03-05,AUD,1.703
2025-03-05,BRL,6.2938
2025-03-05,CAD,1.5398
2025-03-05,CHF,0.9514
2025-03-05,GBP,0.835
2025-03-05,INR,93.0873
2025-03-05,JPY,160.09
2025-03-05,KRW,1551.65
2025-03-05,MXN,22.0091
2025-03-05,PHP,61.383
2025-03-05,PLN,4.15
2025-03-05,SEK,11.0125
2025-03-05,SGD,1.4301
2025-03-05,USD,1.0694
2025-03-05,ZAR,19.7222
2025-03-06,AUD,1.7037
2025-03-06,BRL,6.2088
2025-03-06,CAD,1.5509
2025-03-06,CHF,0.9565
2025-03-06,GBP,0.8379
2025-03-06,INR,94.008
2025-03-06,JPY,159.24
2025-03-06,KRW,1563.53
2025-03-06,MXN,22.0272
2025-03-06,PHP,61.924
2025-03-06,PLN,4.177
2025-03-06,SEK,10.962
2025-03-06,SGD,1.4387
2025-03-06,USD,1.0796
2025-03-06,ZAR,19.7579
2025-03-07,AUD,1.7258
2025-03-07,BRL,6.2617
2025-03-07,CAD,1.5566
2025-03-07,CHF,0.9557
2025-03-07,GBP,0.84088
2025-03-07,INR,94.4435
2025-03-07,JPY,160.35
2025-03-07,KRW,1570.47
2025-03-07,MXN,22.049
2025-03-07,PHP,62.129
2025-03-07,PLN,4.1788
2025-03-07,SEK,10.9715
2025-03-07,SGD,1.4448
2025-03-07,USD,1.0857
2025-03-07,ZAR,19.7306
2025-03-10,AUD,1.7158
2025-03-10,BRL,6.2887
2025-03-10,CAD,1.5642
2025-03-10,CHF,0.9512
2025-03-10,GBP,0.83849
2025-03-10,INR,94.6938
2025-03-10,JPY,159.39
2025-03-10,KRW,1578.91
2025-03-10,MXN,21.9075
2025-03-10,PHP,62.261
2025-03-10,PLN,4.196
2025-03-10,SEK,10.9695
2025-03-10,SGD,1.4436
2025-03-10,USD,1.0845
2025-03-10,ZAR,19.7829
2025-03-11,AUD,1.7357
2025-03-11,BRL,6.3688
2025-03-11,CAD,1.5731
2025-03-11,CHF,0.9608
2025-03-11,GBP,0.84374
2025-03-11,INR,95.1455
2025-03-11,JPY,161.52
2025-03-11,KRW,1586.56
2025-03-11,MXN,22.2142
2025-03-11,PHP,62.518
2025-03-11,PLN,4.2003
2025-03-11,SEK,10.9815
2025-03-11,SGD,1.4535
2025-03-11,USD,1.0912
2025-03-11,ZAR,19.9287
2025-03-12,AUD,1.7297
2025-03-12,BRL,6.3587
2025-03-12,CAD,1.5684
2025-03-12,CHF,0.9619
2025-03-12,GBP,0.84078
2025-03-12,INR,94.9275
2025-03-12,JPY,162.23
2025-03-12,KRW,1580.65
2025-03-12,MXN,22.0364
2025-03-12,PHP,62.449
2025-03-12,PLN,4.1955
2025-03-12,SEK,10.9765
2025-03-12,SGD,1.4527
2025-03-12,USD,1.0886
2025-03-12,ZAR,20.0248
2025-03-13,AUD,1.7264
2025-03-13,BRL,6.3032
2025-03-13,CAD,1.5591
2025-03-13,CHF,0.9579
2025-03-13,GBP,0.83778
2025-03-13,INR,94.27
2025-03-13,JPY,160.64
2025-03-13,KRW,1577.63
2025-03-13,MXN,21.8318
2025-03-13,PHP,62.238
2025-03-13,PLN,4.1965
2025-03-13,SEK,11.07
2025-03-13,SGD,1.4484
2025-03-13,USD,1.083
2025-03-13,ZAR,19.9578
2025-03-14,AUD,1.7237
2025-03-14,BRL,6.2683
2025-03-14,CAD,1.5691
2025-03-14,CHF,0.9641
2025-03-14,GBP,0.84183
2025-03-14,INR,94.6655
2025-03-14,JPY,161.88
2025-03-14,KRW,1582.87
2025-03-14,MXN,21.7571
2025-03-14,PHP,62.372
2025-03-14,PLN,4.1723
2025-03-14,SEK,11.0538
2025-03-14,SGD,1.4536
2025-03-14,USD,1.0889
2025-03-14,ZAR,19.7832
2025-03-17,AUD,1.716
2025-03-17,BRL,6.2238
2025-03-17,CAD,1.5625
2025-03-17,CHF,0.9616
2025-03-17,GBP,0.84026
2025-03-17,INR,94.631
2025-03-17,JPY,162.26
2025-03-17,KRW,1579.07
2025-03-17,MXN,21.6851
2025-03-17,PHP,62.479
2025-03-17,PLN,4.1863
2025-03-17,SEK,11.0225
2025-03-17,SGD,1.4522
2025-03-17,USD,1.0903
2025-03-17,ZAR,19.7797
2025-03-18,AUD,1.7147
2025-03-18,BRL,6.2091
2025-03-18,CAD,1.5599
2025-03-18,CHF,0.9601
2025-03-18,GBP,0.84173
2025-03-18,INR,94.5045
2025-03-18,JPY,163.5
2025-03-18,KRW,1586.67
2025-03-18,MXN,21.8986
2025-03-18,PHP,62.541
2025-03-18,PLN,4.175
2025-03-18,SEK,10.997
2025-03-18,SGD,1.4544
2025-03-18,USD,1.0918
2025-03-18,ZAR,19.7084
2025-03-19,AUD,1.7208
2025-03-19,BRL,6.1929
2025-03-19,CAD,1.5606
2025-03-19,CHF,0.9583
2025-03-19,GBP,0.84078
2025-03-19,INR,94.0605
2025-03-19,JPY,163.27
2025-03-19,KRW,1589.71
2025-03-19,MXN,21.7258
2025-03-19,PHP,62.351
2025-03-19,PLN,4.1885
2025-03-19,SEK,11.0025
2025-03-19,SGD,1.4526
2025-03-19,USD,1.0897
2025-03-19,ZAR,19.745
2025-03-20,AUD,1.7242
2025-03-20,BRL,6.1272
2025-03-20,CAD,1.5592
2025-03-20,CHF,0.9564
2025-03-20,GBP,0.8369
2025-03-20,INR,93.551
2025-03-20,JPY,160.85
2025-03-20,KRW,1591.96
2025-03-20,MXN,21.8986
2025-03-20,PHP,62.008
2025-03-20,PLN,4.2003
2025-03-20,SEK,11.0295
2025-03-20,SGD,1.4476
2025-03-20,USD,1.0833
2025-03-20,ZAR,19.7062
2025-03-21,AUD,1.724
2025-03-21,BRL,6.1911
2025-03-21,CAD,1.5551
2025-03-21,CHF,0.9547
2025-03-21,GBP,0.83765
2025-03-21,INR,93.14
2025-03-21,JPY,160.99
2025-03-21,KRW,1585.51
2025-03-21,MXN,21.9337
2025-03-21,PHP,62.004
2025-03-21,PLN,4.2023
2025-03-21,SEK,10.933
2025-03-21,SGD,1.4452
2025-03-21,USD,1.0827
2025-03-21,ZAR,19.6831
2025-03-24,AUD,1.7223
2025-03-24,BRL,6.2314
2025-03-24,CAD,1.552
2025-03-24,CHF,0.9544
2025-03-24,GBP,0.83663
2025-03-24,INR,92.6195
2025-03-24,JPY,162.15
2025-03-24,KRW,1588.2
2025-03-24,MXN,21.8324
2025-03-24,PHP,62.067
2025-03-24,PLN,4.176
2025-03-24,SEK,10.957
2025-03-24,SGD,1.448
2025-03-24,USD,1.0824
2025-03-24,ZAR,19.6168
2025-03-25,AUD,1.7123
2025-03-25,BRL,6.2051
2025-03-25,CAD,1.5459
2025-03-25,CHF,0.9539
2025-03-25,GBP,0.83565
2025-03-25,INR,92.7728
2025-03-25,JPY,162.32
2025-03-25,KRW,1587.16
2025-03-25,MXN,21.654
2025-03-25,PHP,62.276
2025-03-25,PLN,4.1635
2025-03-25,SEK,10.7975
2025-03-25,SGD,1.4459
2025-03-25,USD,1.0825
2025-03-25,ZAR,19.6632
2025-03-26,AUD,1.7077
2025-03-26,BRL,6.177
2025-03-26,CAD,1.5387
2025-03-26,CHF,0.9532
2025-03-26,GBP,0.83623
2025-03-26,INR,92.4014
2025-03-26,JPY,162.2
2025-03-26,KRW,1580.86
2025-03-26,MXN,21.6498
2025-03-26,PHP,62.26
2025-03-26,PLN,4.1755
2025-03-26,SEK,10.8395
2025-03-26,SGD,1.4439
2025-03-26,USD,1.0788
2025-03-26,ZAR,19.6974
2025-03-27,AUD,1.7101
2025-03-27,BRL,6.2154
2025-03-27,CAD,1.5425
2025-03-27,CHF,0.9524
2025-03-27,GBP,0.83318
2025-03-27,INR,92.462
2025-03-27,JPY,162.55
2025-03-27,KRW,1580.16
2025-03-27,MXN,21.8876
2025-03-27,PHP,61.911
2025-03-27,PLN,4.1968
2025-03-27,SEK,10.8235
2025-03-27,SGD,1.445
2025-03-27,USD,1.0785
2025-03-27,ZAR,19.7061
2025-03-28,AUD,1.712
2025-03-28,BRL,6.2252
2025-03-28,CAD,1.5444
2025-03-28,CHF,0.9525
2025-03-28,GBP,0.83358
2025-03-28,INR,92.346
2025-03-28,JPY,162.64
2025-03-28,KRW,1585.65
2025-03-28,MXN,21.9676
2025-03-28,PHP,61.947
2025-03-28,PLN,4.1775
2025-03-28,SEK,10.82
2025-03-28,SGD,1.4481
2025-03-28,USD,1.0797
2025-03-28,ZAR,19.6113
2025-03-31,AUD,1.7318
2025-03-31,BRL,6.2507
2025-03-31,CAD,1.5533
2025-03-31,CHF,0.9531
2025-03-31,GBP,0.83536
2025-03-31,INR,92.3955
2025-03-31,JPY,161.6
2025-03-31,KRW,1594.71
2025-03-31,MXN,22.0627
2025-03-31,PHP,61.919
2025-03-31,PLN,4.184
2025-03-31,SEK,10.849
2025-03-31,SGD,1.4519
2025-03-31,USD,1.0815
2025-03-31,ZAR,19.8782
2025-04-01,AUD,1.7255
2025-04-01,BRL,6.1679
2025-04-01,CAD,1.5529
2025-04-01,CHF,0.952
2025-04-01,GBP,0.83665
2025-04-01,INR,92.384
2025-04-01,JPY,160.93
2025-04-01,KRW,1588.43
2025-04-01,MXN,22.138
2025-04-01,PHP,61.794
2025-04-01,PLN,4.1863
2025-04-01,SEK,10.816
2025-04-01,SGD,1.4492
2025-04-01,USD,1.0788
2025-04-01,ZAR,19.7741
2025-04-02,AUD,1.7146
2025-04-02,BRL,6.1212
2025-04-02,CAD,1.5479
2025-04-02,CHF,0.9543
2025-04-02,GBP,0.83455
2025-04-02,INR,92.362
2025-04-02,JPY,161.22
2025-04-02,KRW,1579.27
2025-04-02,MXN,21.9953
2025-04-02,PHP,61.806
2025-04-02,PLN,4.1775
2025-04-02,SEK,10.764
2025-04-02,SGD,1.4508
2025-04-02,USD,1.0803
2025-04-02,ZAR,20.1042
2025-04-03,AUD,1.7448
2025-04-03,BRL,6.2411
2025-04-03,CAD,1.5636
2025-04-03,CHF,0.9538
2025-04-03,GBP,0.84163
2025-04-03,INR,94.6325
2025-04-03,JPY,162.17
2025-04-03,KRW,1615.11
2025-04-03,MXN,22.223
2025-04-03,PHP,63.295
2025-04-03,PLN,4.196
2025-04-03,SEK,10.7205
2025-04-03,SGD,1.4804
2025-04-03,USD,1.1097
2025-04-03,ZAR,20.9522
2025-04-04,AUD,1.8098
2025-04-04,BRL,6.3407
2025-04-04,CAD,1.5696
2025-04-04,CHF,0.9407
2025-04-04,GBP,0.84985
2025-04-04,INR,94.426
2025-04-04,JPY,160.56
2025-04-04,KRW,1601.11
2025-04-04,MXN,22.5386
2025-04-04,PHP,63.294
2025-04-04,PLN,4.2625
2025-04-04,SEK,10.974
2025-04-04,SGD,1.4804
2025-04-04,USD,1.1057
2025-04-04,ZAR,21.0789
2025-04-07,AUD,1.8174
2025-04-07,BRL,6.4415
2025-04-07,CAD,1.5657
2025-04-07,CHF,0.9377
2025-04-07,GBP,0.85588
2025-04-07,INR,94.059
2025-04-07,JPY,160.58
2025-04-07,KRW,1606.51
2025-04-07,MXN,22.6772
2025-04-07,PHP,62.94
2025-04-07,PLN,4.294
2025-04-07,SEK,11.078
2025-04-07,SGD,1.4767
2025-04-07,USD,1.0967
2025-04-07,ZAR,21.2745
2025-04-08,AUD,1.8073
2025-04-08,BRL,6.4211
2025-04-08,CAD,1.5512
2025-04-08,CHF,0.9349
2025-04-08,GBP,0.85644
2025-04-08,INR,94.4125
2025-04-08,JPY,160.65
2025-04-08,KRW,1618.79
2025-04-08,MXN,22.4776
2025-04-08,PHP,62.776
2025-04-08,PLN,4.269
2025-04-08,SEK,10.9775
2025-04-08,SGD,1.4766
2025-04-08,USD,1.095
2025-04-08,ZAR,21.1803
2025-04-09,AUD,1.8391
2025-04-09,BRL,6.6875
2025-04-09,CAD,1.5671
2025-04-09,CHF,0.9278
2025-04-09,GBP,0.86435
2025-04-09,INR,95.733
2025-04-09,JPY,159.61
2025-04-09,KRW,1631.05
2025-04-09,MXN,23.1597
2025-04-09,PHP,63.441
2025-04-09,PLN,4.2953
2025-04-09,SEK,11.0715
2025-04-09,SGD,1.4883
2025-04-09,USD,1.1045
2025-04-09,ZAR,21.7765
2025-04-10,AUD,1.7905
2025-04-10,BRL,6.4887
2025-04-10,CAD,1.5607
2025-04-10,CHF,0.9299
2025-04-10,GBP,0.85755
2025-04-10,INR,95.484
2025-04-10,JPY,161.28
2025-04-10,KRW,1612.93
2025-04-10,MXN,22.6437
2025-04-10,PHP,63.551
2025-04-10,PLN,4.2543
2025-04-10,SEK,11.019
2025-04-10,SGD,1.481
2025-04-10,USD,1.1082
2025-04-10,ZAR,21.527
2025-04-11,AUD,1.8201
2025-04-11,BRL,6.6159
2025-04-11,CAD,1.5736
2025-04-11,CHF,0.9252
2025-04-11,GBP,0.86678
2025-04-11,INR,97.685
2025-04-11,JPY,162.07
2025-04-11,KRW,1624.38
2025-04-11,MXN,23.123
2025-04-11,PHP,64.746
2025-04-11,PLN,4.2953
2025-04-11,SEK,11.1198
2025-04-11,SGD,1.4992
2025-04-11,USD,1.1346
2025-04-11,ZAR,21.8788
2025-04-14,AUD,1.8034
2025-04-14,BRL,6.6488
2025-04-14,CAD,1.5786
2025-04-14,CHF,0.9329
2025-04-14,GBP,0.86383
2025-04-14,INR,97.8348
2025-04-14,JPY,162.97
2025-04-14,KRW,1617.29
2025-04-14,MXN,22.972
2025-04-14,PHP,64.868
2025-04-14,PLN,4.286
2025-04-14,SEK,11.0065
2025-04-14,SGD,1.4971
2025-04-14,USD,1.1377
2025-04-14,ZAR,21.5332
2025-04-15,AUD,1.7794
2025-04-15,BRL,6.6207
2025-04-15,CAD,1.5711
2025-04-15,CHF,0.9242
2025-04-15,GBP,0.8557
2025-04-15,INR,97.2557
2025-04-15,JPY,161.85
2025-04-15,KRW,1615.76
2025-04-15,MXN,22.7215
2025-04-15,PHP,64.537
2025-04-15,PLN,4.2844
2025-04-15,SEK,11.0611
2025-04-15,SGD,1.4915
2025-04-15,USD,1.1324
2025-04-15,ZAR,21.4541
2025-04-16,AUD,1.7816
2025-04-16,BRL,6.6671
2025-04-16,CAD,1.5807
2025-04-16,CHF,0.926
2025-04-16,GBP,0.85618
2025-04-16,INR,97.2595
2025-04-16,JPY,162.09
2025-04-16,KRW,1610.21
2025-04-16,MXN,22.7237
2025-04-16,PHP,64.421
2025-04-16,PLN,4.2933
2025-04-16,SEK,11.155
2025-04-16,SGD,1.4926
2025-04-16,USD,1.1355
2025-04-16,ZAR,21.4054
2025-04-17,AUD,1.7845
2025-04-17,BRL,6.681
2025-04-17,CAD,1.5773
2025-04-17,CHF,0.9291
2025-04-17,GBP,0.85873
2025-04-17,INR,97.0185
2025-04-17,JPY,161.98
2025-04-17,KRW,1609.12
2025-04-17,MXN,22.6247
2025-04-17,PHP,64.387
2025-04-17,PLN,4.2743
2025-04-17,SEK,11.0278
2025-04-17,SGD,1.4905
2025-04-17,USD,1.136
2025-04-17,ZAR,21.3927
2025-04-22,AUD,1.7945
2025-04-22,BRL,6.6516
2025-04-22,CAD,1.5891
2025-04-22,CHF,0.9318
2025-04-22,GBP,0.85858
2025-04-22,INR,97.785
2025-04-22,JPY,161.05
2025-04-22,KRW,1635.54
2025-04-22,MXN,22.559
2025-04-22,PHP,64.963
2025-04-22,PLN,4.28
2025-04-22,SEK,10.9153
2025-04-22,SGD,1.5011
2025-04-22,USD,1.1476
2025-04-22,ZAR,21.3719
2025-04-23,AUD,1.7814
2025-04-23,BRL,6.5127
2025-04-23,CAD,1.5789
2025-04-23,CHF,0.9382
2025-04-23,GBP,0.85793
2025-04-23,INR,97.4838
2025-04-23,JPY,161.68
2025-04-23,KRW,1623.36
2025-04-23,MXN,22.3248
2025-04-23,PHP,64.56
2025-04-23,PLN,4.2915
2025-04-23,SEK,10.9395
2025-04-23,SGD,1.4961
2025-04-23,USD,1.1415
2025-04-23,ZAR,21.2326
2025-04-24,AUD,1.7823
2025-04-24,BRL,6.4678
2025-04-24,CAD,1.5769
2025-04-24,CHF,0.9392
2025-04-24,GBP,0.855
2025-04-24,INR,97.0793
2025-04-24,JPY,162.16
2025-04-24,KRW,1632.79
2025-04-24,MXN,22.2856
2025-04-24,PHP,64.222
2025-04-24,PLN,4.2748
2025-04-24,SEK,10.911
2025-04-24,SGD,1.4924
2025-04-24,USD,1.1376
2025-04-24,ZAR,21.2838
2025-04-25,AUD,1.7797
2025-04-25,BRL,6.4566
2025-04-25,CAD,1.5754
2025-04-25,CHF,0.9421
2025-04-25,GBP,0.8531
2025-04-25,INR,97.0205
2025-04-25,JPY,162.8
2025-04-25,KRW,1634.83
2025-04-25,MXN,22.2874
2025-04-25,PHP,63.918
2025-04-25,PLN,4.2683
2025-04-25,SEK,11.0015
2025-04-25,SGD,1.493
2025-04-25,USD,1.1357
2025-04-25,ZAR,21.3608
2025-04-28,AUD,1.7759
2025-04-28,BRL,6.4691
2025-04-28,CAD,1.5744
2025-04-28,CHF,0.942
2025-04-28,GBP,0.8514
2025-04-28,INR,96.5725
2025-04-28,JPY,162.8
2025-04-28,KRW,1640.53
2025-04-28,MXN,22.1708
2025-04-28,PHP,64.013
2025-04-28,PLN,4.2755
2025-04-28,SEK,10.997
2025-04-28,SGD,1.4923
2025-04-28,USD,1.1358
2025-04-28,ZAR,21.1585
2025-04-29,AUD,1.7754
2025-04-29,BRL,6.4326
2025-04-29,CAD,1.5746
2025-04-29,CHF,0.9392
2025-04-29,GBP,0.8498
2025-04-29,INR,96.8227
2025-04-29,JPY,162.28
2025-04-29,KRW,1632.79
2025-04-29,MXN,22.2948
2025-04-29,PHP,63.802
2025-04-29,PLN,4.2708
2025-04-29,SEK,10.962
2025-04-29,SGD,1.4894
2025-04-29,USD,1.1373
2025-04-29,ZAR,21.0942
2025-04-30,AUD,1.7798
2025-04-30,BRL,6.3839
2025-04-30,CAD,1.5728
2025-04-30,CHF,0.9389
2025-04-30,GBP,0.8518
2025-04-30,INR,96.136
2025-04-30,JPY,162.68
2025-04-30,KRW,1618.39
2025-04-30,MXN,22.202
2025-04-30,PHP,63.538
2025-04-30,PLN,4.2753
2025-04-30,SEK,10.9715
2025-04-30,SGD,1.4859
2025-04-30,USD,1.1373
2025-04-30,ZAR,21.1095
2025-05-02,AUD,1.762
2025-05-02,BRL,6.4264
2025-05-02,CAD,1.5675
2025-05-02,CHF,0.9343
2025-05-02,GBP,0.8533
2025-05-02,INR,95.6221
2025-05-02,JPY,163.93
2025-05-02,KRW,1585.45
2025-05-02,MXN,22.3319
2025-05-02,PHP,63.009
2025-05-02,PLN,4.275
2025-05-02,SEK,10.9375
2025-05-02,SGD,1.4694
2025-05-02,USD,1.1343
2025-05-02,ZAR,20.8458
2025-05-05,AUD,1.7492
2025-05-05,BRL,6.4019
2025-05-05,CAD,1.566
2025-05-05,CHF,0.9336
2025-05-05,GBP,0.8515
2025-05-05,INR,95.6155
2025-05-05,JPY,163.19
2025-05-05,KRW,1555.49
2025-05-05,MXN,22.2177
2025-05-05,PHP,63.114
2025-05-05,PLN,4.2733
2025-05-05,SEK,10.9355
2025-05-05,SGD,1.4619
2025-05-05,USD,1.1343
2025-05-05,ZAR,20.7679
2025-05-06,AUD,1.7522
2025-05-06,BRL,6.4538
2025-05-06,CAD,1.5629
2025-05-06,CHF,0.9346
2025-05-06,GBP,0.8469
2025-05-06,INR,95.5585
2025-05-06,JPY,161.64
2025-05-06,KRW,1564.07
2025-05-06,MXN,22.3265
2025-05-06,PHP,63.034
2025-05-06,PLN,4.2748
2025-05-06,SEK,10.88
2025-05-06,SGD,1.46
2025-05-06,USD,1.1325
2025-05-06,ZAR,20.6847
2025-05-07,AUD,1.7553
2025-05-07,BRL,6.4763
2025-05-07,CAD,1.5673
2025-05-07,CHF,0.9359
2025-05-07,GBP,0.8511
2025-05-07,INR,96.2925
2025-05-07,JPY,162.89
2025-05-07,KRW,1580.35
2025-05-07,MXN,22.3014
2025-05-07,PHP,62.889
2025-05-07,PLN,4.2753
2025-05-07,SEK,10.903
2025-05-07,SGD,1.467
2025-05-07,USD,1.136
2025-05-07,ZAR,20.7755
2025-05-08,AUD,1.7605
2025-05-08,BRL,6.4915
2025-05-08,CAD,1.5694
2025-05-08,CHF,0.9325
2025-05-08,GBP,0.8476
2025-05-08,INR,96.592
2025-05-08,JPY,163.45
2025-05-08,KRW,1580.13
2025-05-08,MXN,22.1113
2025-05-08,PHP,62.902
2025-05-08,PLN,4.27
2025-05-08,SEK,10.903
2025-05-08,SGD,1.4645
2025-05-08,USD,1.1297
2025-05-08,ZAR,20.504
2025-05-09,AUD,1.7572
2025-05-09,BRL,6.3647
2025-05-09,CAD,1.5658
2025-05-09,CHF,0.9353
2025-05-09,GBP,0.8477
2025-05-09,INR,96.0755
2025-05-09,JPY,163.36
2025-05-09,KRW,1575.72
2025-05-09,MXN,21.9473
2025-05-09,PHP,62.413
2025-05-09,PLN,4.2393
2025-05-09,SEK,10.92
2025-05-09,SGD,1.46
2025-05-09,USD,1.1252
2025-05-09,ZAR,20.4835
2025-05-12,AUD,1.7384
2025-05-12,BRL,6.3002
2025-05-12,CAD,1.5531
2025-05-12,CHF,0.9369
2025-05-12,GBP,0.8429
2025-05-12,INR,94.242
2025-05-12,JPY,164.46
2025-05-12,KRW,1576.03
2025-05-12,MXN,21.7015
2025-05-12,PHP,61.885
2025-05-12,PLN,4.2403
2025-05-12,SEK,10.8845
2025-05-12,SGD,1.4507
2025-05-12,USD,1.1106
2025-05-12,ZAR,20.3368
2025-05-13,AUD,1.7341
2025-05-13,BRL,6.295
2025-05-13,CAD,1.5552
2025-05-13,CHF,0.9358
2025-05-13,GBP,0.8406
2025-05-13,INR,94.829
2025-05-13,JPY,164.61
2025-05-13,KRW,1582.85
2025-05-13,MXN,21.7534
2025-05-13,PHP,62.016
2025-05-13,PLN,4.2518
2025-05-13,SEK,10.8255
2025-05-13,SGD,1.4501
2025-05-13,USD,1.1112
2025-05-13,ZAR,20.427
2025-05-14,AUD,1.734
2025-05-14,BRL,6.2927
2025-05-14,CAD,1.5632
2025-05-14,CHF,0.939
2025-05-14,GBP,0.8415
2025-05-14,INR,95.7558
2025-05-14,JPY,164.01
2025-05-14,KRW,1567.22
2025-05-14,MXN,21.7282
2025-05-14,PHP,62.64
2025-05-14,PLN,4.2425
2025-05-14,SEK,10.854
2025-05-14,SGD,1.4563
2025-05-14,USD,1.1214
2025-05-14,ZAR,20.4644
2025-05-15,AUD,1.7457
2025-05-15,BRL,6.2954
2025-05-15,CAD,1.5645
2025-05-15,CHF,0.9377
2025-05-15,GBP,0.8424
2025-05-15,INR,95.647
2025-05-15,JPY,163.3
2025-05-15,KRW,1563.75
2025-05-15,MXN,21.636
2025-05-15,PHP,62.433
2025-05-15,PLN,4.2423
2025-05-15,SEK,10.8875
2025-05-15,SGD,1.4528
2025-05-15,USD,1.1185
2025-05-15,ZAR,20.2209
2025-05-16,AUD,1.7458
2025-05-16,BRL,6.365
2025-05-16,CAD,1.564
2025-05-16,CHF,0.9381
2025-05-16,GBP,0.8427
2025-05-16,INR,95.82
2025-05-16,JPY,163.05
2025-05-16,KRW,1563.17
2025-05-16,MXN,21.8169
2025-05-16,PHP,62.362
2025-05-16,PLN,4.26
2025-05-16,SEK,10.9327
2025-05-16,SGD,1.4539
2025-05-16,USD,1.1194
2025-05-16,ZAR,20.2668
2025-05-19,AUD,1.7471
2025-05-19,BRL,6.3853
2025-05-19,CAD,1.5707
2025-05-19,CHF,0.9394
2025-05-19,GBP,0.8419
2025-05-19,INR,96.2175
2025-05-19,JPY,163.26
2025-05-19,KRW,1564.04
2025-05-19,MXN,21.9137
2025-05-19,PHP,62.727
2025-05-19,PLN,4.2688
2025-05-19,SEK,10.9015
2025-05-19,SGD,1.4577
2025-05-19,USD,1.1262
2025-05-19,ZAR,20.3248
2025-05-20,AUD,1.7538
2025-05-20,BRL,6.3444
2025-05-20,CAD,1.5683
2025-05-20,CHF,0.9366
2025-05-20,GBP,0.8418
2025-05-20,INR,96.184
2025-05-20,JPY,162.59
2025-05-20,KRW,1567.69
2025-05-20,MXN,21.6729
2025-05-20,PHP,62.674
2025-05-20,PLN,4.2488
2025-05-20,SEK,10.8835
2025-05-20,SGD,1.4568
2025-05-20,USD,1.1241
2025-05-20,ZAR,20.2073
2025-05-21,AUD,1.7569
2025-05-21,BRL,6.419
2025-05-21,CAD,1.5721
2025-05-21,CHF,0.9352
2025-05-21,GBP,0.8446
2025-05-21,INR,96.8675
2025-05-21,JPY,162.76
2025-05-21,KRW,1556.99
2025-05-21,MXN,21.8591
2025-05-21,PHP,62.988
2025-05-21,PLN,4.242
2025-05-21,SEK,10.8445
2025-05-21,SGD,1.4603
2025-05-21,USD,1.1321
2025-05-21,ZAR,20.2806
2025-05-22,AUD,1.7608
2025-05-22,BRL,6.4025
2025-05-22,CAD,1.568
2025-05-22,CHF,0.9343
2025-05-22,GBP,0.8427
2025-05-22,INR,97.2295
2025-05-22,JPY,162.19
2025-05-22,KRW,1562.67
2025-05-22,MXN,21.9464
2025-05-22,PHP,62.948
2025-05-22,PLN,4.246
2025-05-22,SEK,10.8485
2025-05-22,SGD,1.4601
2025-05-22,USD,1.1309
2025-05-22,ZAR,20.3859
2025-05-23,AUD,1.7569
2025-05-23,BRL,6.4721
2025-05-23,CAD,1.563
2025-05-23,CHF,0.9299
2025-05-23,GBP,0.8382
2025-05-23,INR,96.552
2025-05-23,JPY,161.13
2025-05-23,KRW,1555.77
2025-05-23,MXN,21.854
2025-05-23,PHP,62.531
2025-05-23,PLN,4.2603
2025-05-23,SEK,10.8348
2025-05-23,SGD,1.4555
2025-05-23,USD,1.1301
2025-05-23,ZAR,20.3253
2025-05-26,AUD,1.7488
2025-05-26,BRL,6.429
2025-05-26,CAD,1.5614
2025-05-26,CHF,0.9356
2025-05-26,GBP,0.8392
2025-05-26,INR,96.839
2025-05-26,JPY,162.63
2025-05-26,KRW,1558.61
2025-05-26,MXN,21.8434
2025-05-26,PHP,63.089
2025-05-26,PLN,4.2445
2025-05-26,SEK,10.8335
2025-05-26,SGD,1.461
2025-05-26,USD,1.1381
2025-05-26,ZAR,20.313
2025-05-27,AUD,1.7624
2025-05-27,BRL,6.4331
2025-05-27,CAD,1.5642
2025-05-27,CHF,0.9386
2025-05-27,GBP,0.8381
2025-05-27,INR,96.9785
2025-05-27,JPY,163.72
2025-05-27,KRW,1560.6
2025-05-27,MXN,21.8643
2025-05-27,PHP,63.067
2025-05-27,PLN,4.2475
2025-05-27,SEK,10.8785
2025-05-27,SGD,1.4623
2025-05-27,USD,1.1356
2025-05-27,ZAR,20.344
2025-05-28,AUD,1.758
2025-05-28,BRL,6.3982
2025-05-28,CAD,1.5649
2025-05-28,CHF,0.9364
2025-05-28,GBP,0.8398
2025-05-28,INR,96.6375
2025-05-28,JPY,163.43
2025-05-28,KRW,1554.23
2025-05-28,MXN,21.8363
2025-05-28,PHP,62.805
2025-05-28,PLN,4.2415
2025-05-28,SEK,10.8735
2025-05-28,SGD,1.4587
2025-05-28,USD,1.1317
2025-05-28,ZAR,20.2713
2025-05-29,AUD,1.7513
2025-05-29,BRL,6.4136
2025-05-29,CAD,1.5594
2025-05-29,CHF,0.9339
2025-05-29,GBP,0.8377
2025-05-29,INR,96.4173
2025-05-29,JPY,163.47
2025-05-29,KRW,1550.97
2025-05-29,MXN,21.8855
2025-05-29,PHP,62.838
2025-05-29,PLN,4.236
2025-05-29,SEK,10.8695
2025-05-29,SGD,1.4547
2025-05-29,USD,1.1281
2025-05-29,ZAR,20.1379
2025-05-30,AUD,1.7647
2025-05-30,BRL,6.4405
2025-05-30,CAD,1.5656
2025-05-30,CHF,0.9341
2025-05-30,GBP,0.8412
2025-05-30,INR,97.0248
2025-05-30,JPY,162.96
2025-05-30,KRW,1563.09
2025-05-30,MXN,21.8766
2025-05-30,PHP,63.209
2025-05-30,PLN,4.2498
2025-05-30,SEK,10.8735
2025-05-30,SGD,1.4633
2025-05-30,USD,1.1339
2025-05-30,ZAR,20.2939
2025-06-02,AUD,1.7606
2025-06-02,BRL,6.5015
2025-06-02,CAD,1.5643
2025-06-02,CHF,0.9336
2025-06-02,GBP,0.8434
2025-06-02,INR,97.4995
2025-06-02,JPY,162.98
2025-06-02,KRW,1572.2
2025-06-02,MXN,22.0066
2025-06-02,PHP,63.553
2025-06-02,PLN,4.2578
2025-06-02,SEK,10.8535
2025-06-02,SGD,1.4686
2025-06-02,USD,1.1419
2025-06-02,ZAR,20.4734
2025-06-03,AUD,1.764
2025-06-03,BRL,6.4638
2025-06-03,CAD,1.5643
2025-06-03,CHF,0.9358
2025-06-03,GBP,0.8436
2025-06-03,INR,97.4915
2025-06-03,JPY,163
2025-06-03,KRW,1567.6
2025-06-03,MXN,21.9076
2025-06-03,PHP,63.402
2025-06-03,PLN,4.2798
2025-06-03,SEK,10.9245
2025-06-03,SGD,1.4674
2025-06-03,USD,1.1386
2025-06-03,ZAR,20.3913
2025-06-04,AUD,1.7552
2025-06-04,BRL,6.4002
2025-06-04,CAD,1.5601
2025-06-04,CHF,0.937
2025-06-04,GBP,0.8421
2025-06-04,INR,97.779
2025-06-04,JPY,164.15
2025-06-04,KRW,1555.42
2025-06-04,MXN,21.8646
2025-06-04,PHP,63.499
2025-06-04,PLN,4.283
2025-06-04,SEK,10.9475
2025-06-04,SGD,1.4678
2025-06-04,USD,1.1384
2025-06-04,ZAR,20.3178
2025-06-05,AUD,1.755
2025-06-05,BRL,6.4325
2025-06-05,CAD,1.5603
2025-06-05,CHF,0.9365
2025-06-05,GBP,0.8419
2025-06-05,INR,98.04
2025-06-05,JPY,163.66
2025-06-05,KRW,1550.55
2025-06-05,MXN,21.957
2025-06-05,PHP,63.515
2025-06-05,PLN,4.284
2025-06-05,SEK,10.943
2025-06-05,SGD,1.4676
2025-06-05,USD,1.1423
2025-06-05,ZAR,20.2755
2025-06-06,AUD,1.7592
2025-06-06,BRL,6.3685
2025-06-06,CAD,1.563
2025-06-06,CHF,0.9383
2025-06-06,GBP,0.8426
2025-06-06,INR,97.836
2025-06-06,JPY,164.62
2025-06-06,KRW,1551.09
2025-06-06,MXN,21.8225
2025-06-06,PHP,63.631
2025-06-06,PLN,4.287
2025-06-06,SEK,10.959
2025-06-06,SGD,1.4683
2025-06-06,USD,1.1411
2025-06-06,ZAR,20.2736
2025-06-09,AUD,1.7514
2025-06-09,BRL,6.3404
2025-06-09,CAD,1.5615
2025-06-09,CHF,0.9369
2025-06-09,GBP,0.8424
2025-06-09,INR,97.744
2025-06-09,JPY,164.88
2025-06-09,KRW,1547.7
2025-06-09,MXN,21.7507
2025-06-09,PHP,63.688
2025-06-09,PLN,4.27
2025-06-09,SEK,10.97
2025-06-09,SGD,1.4676
2025-06-09,USD,1.141
2025-06-09,ZAR,20.241
2025-06-10,AUD,1.7529
2025-06-10,BRL,6.3549
2025-06-10,CAD,1.5647
2025-06-10,CHF,0.9389
2025-06-10,GBP,0.8464
2025-06-10,INR,97.8069
2025-06-10,JPY,165.23
2025-06-10,KRW,1561.83
2025-06-10,MXN,21.7568
2025-06-10,PHP,63.819
2025-06-10,PLN,4.2533
2025-06-10,SEK,10.946
2025-06-10,SGD,1.4695
2025-06-10,USD,1.1429
2025-06-10,ZAR,20.1984
2025-06-11,AUD,1.7578
2025-06-11,BRL,6.3772
2025-06-11,CAD,1.5647
2025-06-11,CHF,0.9405
2025-06-11,GBP,0.8476
2025-06-11,INR,97.796
2025-06-11,JPY,166.17
2025-06-11,KRW,1572.7
2025-06-11,MXN,21.7313
2025-06-11,PHP,63.865
2025-06-11,PLN,4.2605
2025-06-11,SEK,10.9845
2025-06-11,SGD,1.4714
2025-06-11,USD,1.1433
2025-06-11,ZAR,20.308
2025-06-12,AUD,1.7799
2025-06-12,BRL,6.4188
2025-06-12,CAD,1.5807
2025-06-12,CHF,0.9427
2025-06-12,GBP,0.8538
2025-06-12,INR,99.1718
2025-06-12,JPY,166.64
2025-06-12,KRW,1569.57
2025-06-12,MXN,21.9082
2025-06-12,PHP,64.609
2025-06-12,PLN,4.269
2025-06-12,SEK,10.9355
2025-06-12,SGD,1.4828
2025-06-12,USD,1.1594
2025-06-12,ZAR,20.6489
2025-06-13,AUD,1.7777
2025-06-13,BRL,6.4007
2025-06-13,CAD,1.569
2025-06-13,CHF,0.9359
2025-06-13,GBP,0.8505
2025-06-13,INR,99.11
2025-06-13,JPY,165.94
2025-06-13,KRW,1577.42
2025-06-13,MXN,21.8807
2025-06-13,PHP,64.706
2025-06-13,PLN,4.2745
2025-06-13,SEK,10.9635
2025-06-13,SGD,1.4777
2025-06-13,USD,1.1512
2025-06-13,ZAR,20.736
2025-06-16,AUD,1.7732
2025-06-16,BRL,6.4033
2025-06-16,CAD,1.5701
2025-06-16,CHF,0.9393
2025-06-16,GBP,0.8523
2025-06-16,INR,99.5785
2025-06-16,JPY,166.89
2025-06-16,KRW,1573.46
2025-06-16,MXN,21.886
2025-06-16,PHP,65.215
2025-06-16,PLN,4.2643
2025-06-16,SEK,10.9615
2025-06-16,SGD,1.4816
2025-06-16,USD,1.1574
2025-06-16,ZAR,20.5796
2025-06-17,AUD,1.7693
2025-06-17,BRL,6.347
2025-06-17,CAD,1.5688
2025-06-17,CHF,0.9406
2025-06-17,GBP,0.8525
2025-06-17,INR,99.777
2025-06-17,JPY,167.35
2025-06-17,KRW,1579.42
2025-06-17,MXN,21.8965
2025-06-17,PHP,65.143
2025-06-17,PLN,4.2778
2025-06-17,SEK,10.948
2025-06-17,SGD,1.4817
2025-06-17,USD,1.1568
2025-06-17,ZAR,20.6113
2025-06-18,AUD,1.7703
2025-06-18,BRL,6.3065
2025-06-18,CAD,1.5714
2025-06-18,CHF,0.9403
2025-06-18,GBP,0.8552
2025-06-18,INR,99.456
2025-06-18,JPY,166.67
2025-06-18,KRW,1583.1
2025-06-18,MXN,21.8075
2025-06-18,PHP,65.855
2025-06-18,PLN,4.2733
2025-06-18,SEK,11.027
2025-06-18,SGD,1.4787
2025-06-18,USD,1.1508
2025-06-18,ZAR,20.8021
2025-06-19,AUD,1.7744
2025-06-19,BRL,6.3032
2025-06-19,CAD,1.5735
2025-06-19,CHF,0.9389
2025-06-19,GBP,0.8541
2025-06-19,INR,99.5585
2025-06-19,JPY,167.2
2025-06-19,KRW,1584.1
2025-06-19,MXN,21.8938
2025-06-19,PHP,65.862
2025-06-19,PLN,4.2773
2025-06-19,SEK,11.067
2025-06-19,SGD,1.4787
2025-06-19,USD,1.1478
2025-06-19,ZAR,20.7627
2025-06-20,AUD,1.7754
2025-06-20,BRL,6.3145
2025-06-20,CAD,1.5793
2025-06-20,CHF,0.9415
2025-06-20,GBP,0.8537
2025-06-20,INR,99.7375
2025-06-20,JPY,167.67
2025-06-20,KRW,1573.8
2025-06-20,MXN,21.924
2025-06-20,PHP,65.831
2025-06-20,PLN,4.2656
2025-06-20,SEK,11.125
2025-06-20,SGD,1.4797
2025-06-20,USD,1.1515
2025-06-20,ZAR,20.715
2025-06-23,AUD,1.7963
2025-06-23,BRL,6.3581
2025-06-23,CAD,1.5818
2025-06-23,CHF,0.9387
2025-06-23,GBP,0.8567
2025-06-23,INR,99.535
2025-06-23,JPY,169.27
2025-06-23,KRW,1592.49
2025-06-23,MXN,22.0862
2025-06-23,PHP,66.095
2025-06-23,PLN,4.2755
2025-06-23,SEK,11.1635
2025-06-23,SGD,1.4829
2025-06-23,USD,1.1472
2025-06-23,ZAR,20.7729
2025-06-24,AUD,1.7834
2025-06-24,BRL,6.3613
2025-06-24,CAD,1.5915
2025-06-24,CHF,0.9387
2025-06-24,GBP,0.8527
2025-06-24,INR,99.8517
2025-06-24,JPY,168.27
2025-06-24,KRW,1578.75
2025-06-24,MXN,22.0972
2025-06-24,PHP,66.288
2025-06-24,PLN,4.2538
2025-06-24,SEK,11.063
2025-06-24,SGD,1.4855
2025-06-24,USD,1.1607
2025-06-24,ZAR,20.5836
2025-06-25,AUD,1.7854
2025-06-25,BRL,6.417
2025-06-25,CAD,1.5928
2025-06-25,CHF,0.9361
2025-06-25,GBP,0.8526
2025-06-25,INR,99.859
2025-06-25,JPY,169.07
2025-06-25,KRW,1581.45
2025-06-25,MXN,22.0357
2025-06-25,PHP,65.794
2025-06-25,PLN,4.2478
2025-06-25,SEK,11.06
2025-06-25,SGD,1.4853
2025-06-25,USD,1.1598
2025-06-25,ZAR,20.6388
2025-06-26,AUD,1.7906
2025-06-26,BRL,6.497
2025-06-26,CAD,1.6008
2025-06-26,CHF,0.9379
2025-06-26,GBP,0.8535
2025-06-26,INR,100.276
2025-06-26,JPY,168.92
2025-06-26,KRW,1587.13
2025-06-26,MXN,22.0696
2025-06-26,PHP,66.189
2025-06-26,PLN,4.2468
2025-06-26,SEK,11.091
2025-06-26,SGD,1.4918
2025-06-26,USD,1.1695
2025-06-26,ZAR,20.8169
2025-06-27,AUD,1.7912
2025-06-27,BRL,6.4119
2025-06-27,CAD,1.5977
2025-06-27,CHF,0.9359
2025-06-27,GBP,0.8529
2025-06-27,INR,100.078
2025-06-27,JPY,169.24
2025-06-27,KRW,1592.7
2025-06-27,MXN,22.0764
2025-06-27,PHP,66.196
2025-06-27,PLN,4.2378
2025-06-27,SEK,11.1183
2025-06-27,SGD,1.4933
2025-06-27,USD,1.1704
2025-06-27,ZAR,20.8363
2025-06-30,AUD,1.7948
2025-06-30,BRL,6.4384
2025-06-30,CAD,1.6027
2025-06-30,CHF,0.9347
2025-06-30,GBP,0.8555
2025-06-30,INR,100.5605
2025-06-30,JPY,169.17
2025-06-30,KRW,1588.21
2025-06-30,MXN,22.0899
2025-06-30,PHP,66.161
2025-06-30,PLN,4.2423
2025-06-30,SEK,11.1465
2025-06-30,SGD,1.4941
2025-06-30,USD,1.172
2025-06-30,ZAR,20.8411
2025-07-01,AUD,1.7935
2025-07-01,BRL,6.4115
2025-07-01,CAD,1.6076
2025-07-01,CHF,0.9324
2025-07-01,GBP,0.8588
2025-07-01,INR,101.0525
2025-07-01,JPY,168.7
2025-07-01,KRW,1598.18
2025-07-01,MXN,22.0635
2025-07-01,PHP,66.525
2025-07-01,PLN,4.2443
2025-07-01,SEK,11.159
2025-07-01,SGD,1.5009
2025-07-01,USD,1.181
2025-07-01,ZAR,20.7666
2025-07-02,AUD,1.7934
2025-07-02,BRL,6.4355
2025-07-02,CAD,1.6041
2025-07-02,CHF,0.933
2025-07-02,GBP,0.8605
2025-07-02,INR,100.7005
2025-07-02,JPY,169.45
2025-07-02,KRW,1598.57
2025-07-02,MXN,22.0357
2025-07-02,PHP,66.262
2025-07-02,PLN,4.2493
2025-07-02,SEK,11.2005
2025-07-02,SGD,1.4982
2025-07-02,USD,1.1755
2025-07-02,ZAR,20.7569
2025-07-03,AUD,1.7928
2025-07-03,BRL,6.3992
2025-07-03,CAD,1.601
2025-07-03,CHF,0.9351
2025-07-03,GBP,0.8629
2025-07-03,INR,100.5915
2025-07-03,JPY,169.58
2025-07-03,KRW,1604.8
2025-07-03,MXN,22.1402
2025-07-03,PHP,66.374
2025-07-03,PLN,4.2485
2025-07-03,SEK,11.2515
2025-07-03,SGD,1.5003
2025-07-03,USD,1.1782
2025-07-03,ZAR,20.6505
2025-07-04,AUD,1.7948
2025-07-04,BRL,6.3733
2025-07-04,CAD,1.5995
2025-07-04,CHF,0.9346
2025-07-04,GBP,0.8625
2025-07-04,INR,100.498
2025-07-04,JPY,169.92
2025-07-04,KRW,1604.3
2025-07-04,MXN,21.9344
2025-07-04,PHP,66.542
2025-07-04,PLN,4.2458
2025-07-04,SEK,11.2505
2025-07-04,SGD,1.4992
2025-07-04,USD,1.1767
2025-07-04,ZAR,20.7358
2025-07-07,AUD,1.8043
2025-07-07,BRL,6.3827
2025-07-07,CAD,1.6016
2025-07-07,CHF,0.9354
2025-07-07,GBP,0.8611
2025-07-07,INR,100.7765
2025-07-07,JPY,170.71
2025-07-07,KRW,1603.56
2025-07-07,MXN,21.9707
2025-07-07,PHP,66.449
2025-07-07,PLN,4.2493
2025-07-07,SEK,11.1645
2025-07-07,SGD,1.4998
2025-07-07,USD,1.1728
2025-07-07,ZAR,20.8187
2025-07-08,AUD,1.7925
2025-07-08,BRL,6.4029
2025-07-08,CAD,1.6006
2025-07-08,CHF,0.9351
2025-07-08,GBP,0.8632
2025-07-08,INR,100.3895
2025-07-08,JPY,171.7
2025-07-08,KRW,1605.91
2025-07-08,MXN,21.8547
2025-07-08,PHP,66.197
2025-07-08,PLN,4.2438
2025-07-08,SEK,11.1695
2025-07-08,SGD,1.4991
2025-07-08,USD,1.1718
2025-07-08,ZAR,20.8398
2025-07-09,AUD,1.7938
2025-07-09,BRL,6.3894
2025-07-09,CAD,1.603
2025-07-09,CHF,0.9325
2025-07-09,GBP,0.8613
2025-07-09,INR,100.27
2025-07-09,JPY,171.63
2025-07-09,KRW,1610.58
2025-07-09,MXN,21.7536
2025-07-09,PHP,66.177
2025-07-09,PLN,4.2395
2025-07-09,SEK,11.1645
2025-07-09,SGD,1.4989
2025-07-09,USD,1.1698
2025-07-09,ZAR,20.8686
2025-07-10,AUD,1.7873
2025-07-10,BRL,6.569
2025-07-10,CAD,1.6028
2025-07-10,CHF,0.932
2025-07-10,GBP,0.8627
2025-07-10,INR,100.4195
2025-07-10,JPY,171.33
2025-07-10,KRW,1607.94
2025-07-10,MXN,21.842
2025-07-10,PHP,66.196
2025-07-10,PLN,4.2475
2025-07-10,SEK,11.152
2025-07-10,SGD,1.4989
2025-07-10,USD,1.1709
2025-07-10,ZAR,20.8105
2025-07-11,AUD,1.7777
2025-07-11,BRL,6.5021
2025-07-11,CAD,1.6007
2025-07-11,CHF,0.931
2025-07-11,GBP,0.8657
2025-07-11,INR,100.266
2025-07-11,JPY,171.81
2025-07-11,KRW,1606.41
2025-07-11,MXN,21.8904
2025-07-11,PHP,65.993
2025-07-11,PLN,4.2575
2025-07-11,SEK,11.148
2025-07-11,SGD,1.4961
2025-07-11,USD,1.1683
2025-07-11,ZAR,20.9845
2025-07-14,AUD,1.7806
2025-07-14,BRL,6.5013
2025-07-14,CAD,1.5984
2025-07-14,CHF,0.9307
2025-07-14,GBP,0.8667
2025-07-14,INR,100.536
2025-07-14,JPY,172.27
2025-07-14,KRW,1613.98
2025-07-14,MXN,21.8404
2025-07-14,PHP,66.25
2025-07-14,PLN,4.2585
2025-07-14,SEK,11.205
2025-07-14,SGD,1.4973
2025-07-14,USD,1.169
2025-07-14,ZAR,20.8891
2025-07-15,AUD,1.7785
2025-07-15,BRL,6.5327
2025-07-15,CAD,1.5973
2025-07-15,CHF,0.9299
2025-07-15,GBP,0.8679
2025-07-15,INR,100.1605
2025-07-15,JPY,172.58
2025-07-15,KRW,1611.01
2025-07-15,MXN,21.8193
2025-07-15,PHP,66.135
2025-07-15,PLN,4.255
2025-07-15,SEK,11.27
2025-07-15,SGD,1.4955
2025-07-15,USD,1.1665
2025-07-15,ZAR,20.7782
2025-07-16,AUD,1.7794
2025-07-16,BRL,6.4549
2025-07-16,CAD,1.5924
2025-07-16,CHF,0.9326
2025-07-16,GBP,0.8659
2025-07-16,INR,99.7735
2025-07-16,JPY,172.56
2025-07-16,KRW,1614.05
2025-07-16,MXN,21.8247
2025-07-16,PHP,66.243
2025-07-16,PLN,4.2593
2025-07-16,SEK,11.3195
2025-07-16,SGD,1.491
2025-07-16,USD,1.1602
2025-07-16,ZAR,20.7818
2025-07-17,AUD,1.7923
2025-07-17,BRL,6.4624
2025-07-17,CAD,1.5937
2025-07-17,CHF,0.9323
2025-07-17,GBP,0.8644
2025-07-17,INR,99.6725
2025-07-17,JPY,172.28
2025-07-17,KRW,1614.66
2025-07-17,MXN,21.7782
2025-07-17,PHP,66.312
2025-07-17,PLN,4.2544
2025-07-17,SEK,11.311
2025-07-17,SGD,1.4904
2025-07-17,USD,1.1579
2025-07-17,ZAR,20.7253
2025-07-18,AUD,1.7852
2025-07-18,BRL,6.4699
2025-07-18,CAD,1.5984
2025-07-18,CHF,0.9324
2025-07-18,GBP,0.8656
2025-07-18,INR,100.351
2025-07-18,JPY,172.94
2025-07-18,KRW,1619.52
2025-07-18,MXN,21.8089
2025-07-18,PHP,66.431
2025-07-18,PLN,4.2493
2025-07-18,SEK,11.2505
2025-07-18,SGD,1.4943
2025-07-18,USD,1.165
2025-07-18,ZAR,20.6351
2025-07-21,AUD,1.7883
2025-07-21,BRL,6.5189
2025-07-21,CAD,1.599
2025-07-21,CHF,0.9325
2025-07-21,GBP,0.8656
2025-07-21,INR,100.666
2025-07-21,JPY,172.02
2025-07-21,KRW,1614.64
2025-07-21,MXN,21.778
2025-07-21,PHP,66.68
2025-07-21,PLN,4.2425
2025-07-21,SEK,11.212
2025-07-21,SGD,1.4945
2025-07-21,USD,1.1667
2025-07-21,ZAR,20.6669
2025-07-22,AUD,1.7944
2025-07-22,BRL,6.5193
2025-07-22,CAD,1.5993
2025-07-22,CHF,0.9326
2025-07-22,GBP,0.8675
2025-07-22,INR,101.1091
2025-07-22,JPY,172.17
2025-07-22,KRW,1621.6
2025-07-22,MXN,21.8257
2025-07-22,PHP,66.638
2025-07-22,PLN,4.2565
2025-07-22,SEK,11.211
2025-07-22,SGD,1.4991
2025-07-22,USD,1.1699
2025-07-22,ZAR,20.5644
2025-07-23,AUD,1.7776
2025-07-23,BRL,6.5298
2025-07-23,CAD,1.5928
2025-07-23,CHF,0.9306
2025-07-23,GBP,0.8665
2025-07-23,INR,101.3375
2025-07-23,JPY,171.53
2025-07-23,KRW,1612.26
2025-07-23,MXN,21.879
2025-07-23,PHP,66.598
2025-07-23,PLN,4.2545
2025-07-23,SEK,11.164
2025-07-23,SGD,1.4977
2025-07-23,USD,1.1726
2025-07-23,ZAR,20.5925
2025-07-24,AUD,1.7771
2025-07-24,BRL,6.4923
2025-07-24,CAD,1.6009
2025-07-24,CHF,0.9341
2025-07-24,GBP,0.8675
2025-07-24,INR,101.563
2025-07-24,JPY,172.22
2025-07-24,KRW,1610.08
2025-07-24,MXN,21.8211
2025-07-24,PHP,66.61
2025-07-24,PLN,4.2553
2025-07-24,SEK,11.185
2025-07-24,SGD,1.5011
2025-07-24,USD,1.1756
2025-07-24,ZAR,20.6866
2025-07-25,AUD,1.7852
2025-07-25,BRL,6.4757
2025-07-25,CAD,1.6035
2025-07-25,CHF,0.9343
2025-07-25,GBP,0.8715
2025-07-25,INR,101.424
2025-07-25,JPY,173.11
2025-07-25,KRW,1619.4
2025-07-25,MXN,21.7647
2025-07-25,PHP,66.972
2025-07-25,PLN,4.2543
2025-07-25,SEK,11.1665
2025-07-25,SGD,1.502
2025-07-25,USD,1.1724
2025-07-25,ZAR,20.7906
2025-07-28,AUD,1.7853
2025-07-28,BRL,6.5018
2025-07-28,CAD,1.5992
2025-07-28,CHF,0.9334
2025-07-28,GBP,0.8679
2025-07-28,INR,101.0355
2025-07-28,JPY,172.65
2025-07-28,KRW,1614.6
2025-07-28,MXN,21.7137
2025-07-28,PHP,66.684
2025-07-28,PLN,4.2595
2025-07-28,SEK,11.1545
2025-07-28,SGD,1.4967
2025-07-28,USD,1.1654
2025-07-28,ZAR,20.8002
2025-07-29,AUD,1.7753
2025-07-29,BRL,6.451
2025-07-29,CAD,1.5887
2025-07-29,CHF,0.9305
2025-07-29,GBP,0.865
2025-07-29,INR,100.163
2025-07-29,JPY,171.58
2025-07-29,KRW,1607.8
2025-07-29,MXN,21.6946
2025-07-29,PHP,66.149
2025-07-29,PLN,4.2805
2025-07-29,SEK,11.156
2025-07-29,SGD,1.4862
2025-07-29,USD,1.1533
2025-07-29,ZAR,20.719
2025-07-30,AUD,1.7775
2025-07-30,BRL,6.4402
2025-07-30,CAD,1.59
2025-07-30,CHF,0.9301
2025-07-30,GBP,0.8622
2025-07-30,INR,100.848
2025-07-30,JPY,170.96
2025-07-30,KRW,1595.6
2025-07-30,MXN,21.6193
2025-07-30,PHP,66.347
2025-07-30,PLN,4.2675
2025-07-30,SEK,11.1435
2025-07-30,SGD,1.4865
2025-07-30,USD,1.1527
2025-07-30,ZAR,20.5966
2025-07-31,AUD,1.7762
2025-07-31,BRL,6.3899
2025-07-31,CAD,1.5838
2025-07-31,CHF,0.9297
2025-07-31,GBP,0.8649
2025-07-31,INR,100.295
2025-07-31,JPY,171.52
2025-07-31,KRW,1596.29
2025-07-31,MXN,21.5455
2025-07-31,PHP,66.77
2025-07-31,PLN,4.2728
2025-07-31,SEK,11.1575
2025-07-31,SGD,1.4845
2025-07-31,USD,1.1446
2025-07-31,ZAR,20.739
2025-08-01,AUD,1.7756
2025-08-01,BRL,6.4129
2025-08-01,CAD,1.5822
2025-08-01,CHF,0.9312
2025-08-01,GBP,0.8665
2025-08-01,INR,99.79
2025-08-01,JPY,171.61
2025-08-01,KRW,1601.83
2025-08-01,MXN,21.6158
2025-08-01,PHP,66.317
2025-08-01,PLN,4.2755
2025-08-01,SEK,11.1965
2025-08-01,SGD,1.4811
2025-08-01,USD,1.1404
2025-08-01,ZAR,20.8958
2025-08-04,AUD,1.7846
2025-08-04,BRL,6.4024
2025-08-04,CAD,1.5934
2025-08-04,CHF,0.9344
2025-08-04,GBP,0.8704
2025-08-04,INR,101.3745
2025-08-04,JPY,170.45
2025-08-04,KRW,1600.27
2025-08-04,MXN,21.797
2025-08-04,PHP,66.325
2025-08-04,PLN,4.2758
2025-08-04,SEK,11.1825
2025-08-04,SGD,1.4889
2025-08-04,USD,1.1565
2025-08-04,ZAR,20.8422
2025-08-05,AUD,1.786
2025-08-05,BRL,6.375
2025-08-05,CAD,1.5928
2025-08-05,CHF,0.9347
2025-08-05,GBP,0.8693
2025-08-05,INR,101.3495
2025-08-05,JPY,170.42
2025-08-05,KRW,1606.19
2025-08-05,MXN,21.8147
2025-08-05,PHP,66.579
2025-08-05,PLN,4.2765
2025-08-05,SEK,11.173
2025-08-05,SGD,1.4875
2025-08-05,USD,1.1546
2025-08-05,ZAR,20.8098
2025-08-06,AUD,1.7844
2025-08-06,BRL,6.3895
2025-08-06,CAD,1.5967
2025-08-06,CHF,0.9369
2025-08-06,GBP,0.8717
2025-08-06,INR,101.7935
2025-08-06,JPY,171.22
2025-08-06,KRW,1611.01
2025-08-06,MXN,21.7397
2025-08-06,PHP,66.706
2025-08-06,PLN,4.278
2025-08-06,SEK,11.1955
2025-08-06,SGD,1.4928
2025-08-06,USD,1.1604
2025-08-06,ZAR,20.6708
2025-08-07,AUD,1.7852
2025-08-07,BRL,6.3583
2025-08-07,CAD,1.6001
2025-08-07,CHF,0.9413
2025-08-07,GBP,0.8673
2025-08-07,INR,101.8715
2025-08-07,JPY,171.6
2025-08-07,KRW,1610.96
2025-08-07,MXN,21.6964
2025-08-07,PHP,66.598
2025-08-07,PLN,4.2593
2025-08-07,SEK,11.1945
2025-08-07,SGD,1.4952
2025-08-07,USD,1.1643
2025-08-07,ZAR,20.6372
2025-08-08,AUD,1.7857
2025-08-08,BRL,6.3227
2025-08-08,CAD,1.6003
2025-08-08,CHF,0.941
2025-08-08,GBP,0.8671
2025-08-08,INR,102.0605
2025-08-08,JPY,172.18
2025-08-08,KRW,1619.93
2025-08-08,MXN,21.6653
2025-08-08,PHP,66.291
2025-08-08,PLN,4.251
2025-08-08,SEK,11.178
2025-08-08,SGD,1.4969
2025-08-08,USD,1.1648
2025-08-08,ZAR,20.6285
2025-08-11,AUD,1.7858
2025-08-11,BRL,6.3297
2025-08-11,CAD,1.602
2025-08-11,CHF,0.943
2025-08-11,GBP,0.8656
2025-08-11,INR,101.9695
2025-08-11,JPY,171.86
2025-08-11,KRW,1617.61
2025-08-11,MXN,21.6389
2025-08-11,PHP,66.308
2025-08-11,PLN,4.2535
2025-08-11,SEK,11.182
2025-08-11,SGD,1.4951
2025-08-11,USD,1.1622
2025-08-11,ZAR,20.6483
2025-08-12,AUD,1.7887
2025-08-12,BRL,6.3116
2025-08-12,CAD,1.6015
2025-08-12,CHF,0.9418
2025-08-12,GBP,0.8621
2025-08-12,INR,101.7913
2025-08-12,JPY,172.3
2025-08-12,KRW,1613.43
2025-08-12,MXN,21.6733
2025-08-12,PHP,66.257
2025-08-12,PLN,4.2603
2025-08-12,SEK,11.192
2025-08-12,SGD,1.4931
2025-08-12,USD,1.1606
2025-08-12,ZAR,20.5601
2025-08-13,AUD,1.7872
2025-08-13,BRL,6.3128
2025-08-13,CAD,1.6114
2025-08-13,CHF,0.9409
2025-08-13,GBP,0.8631
2025-08-13,INR,102.4105
2025-08-13,JPY,172.47
2025-08-13,KRW,1614.2
2025-08-13,MXN,21.7134
2025-08-13,PHP,66.34
2025-08-13,PLN,4.26
2025-08-13,SEK,11.1575
2025-08-13,SGD,1.499
2025-08-13,USD,1.1711
2025-08-13,ZAR,20.5126
2025-08-14,AUD,1.7918
2025-08-14,BRL,6.31
2025-08-14,CAD,1.6113
2025-08-14,CHF,0.9415
2025-08-14,GBP,0.861
2025-08-14,INR,102.371
2025-08-14,JPY,171.3
2025-08-14,KRW,1620.32
2025-08-14,MXN,21.8417
2025-08-14,PHP,66.504
2025-08-14,PLN,4.2605
2025-08-14,SEK,11.182
2025-08-14,SGD,1.4975
2025-08-14,USD,1.169
2025-08-14,ZAR,20.5484
2025-08-15,AUD,1.7947
2025-08-15,BRL,6.3127
2025-08-15,CAD,1.612
2025-08-15,CHF,0.9418
2025-08-15,GBP,0.8622
2025-08-15,INR,102.225
2025-08-15,JPY,171.81
2025-08-15,KRW,1623.42
2025-08-15,MXN,21.9115
2025-08-15,PHP,66.743
2025-08-15,PLN,4.2588
2025-08-15,SEK,11.1775
2025-08-15,SGD,1.4988
2025-08-15,USD,1.1688
2025-08-15,ZAR,20.5545
2025-08-18,AUD,1.7931
2025-08-18,BRL,6.3128
2025-08-18,CAD,1.6098
2025-08-18,CHF,0.9423
2025-08-18,GBP,0.8621
2025-08-18,INR,101.9985
2025-08-18,JPY,172.27
2025-08-18,KRW,1618.17
2025-08-18,MXN,21.9597
2025-08-18,PHP,66.522
2025-08-18,PLN,4.25
2025-08-18,SEK,11.157
2025-08-18,SGD,1.4972
2025-08-18,USD,1.1673
2025-08-18,ZAR,20.5604
2025-08-19,AUD,1.7994
2025-08-19,BRL,6.3563
2025-08-19,CAD,1.6133
2025-08-19,CHF,0.9409
2025-08-19,GBP,0.864
2025-08-19,INR,101.7358
2025-08-19,JPY,172.67
2025-08-19,KRW,1622.4
2025-08-19,MXN,21.9599
2025-08-19,PHP,66.76
2025-08-19,PLN,4.2448
2025-08-19,SEK,11.158
2025-08-19,SGD,1.4989
2025-08-19,USD,1.1682
2025-08-19,ZAR,20.5788
2025-08-20,AUD,1.8094
2025-08-20,BRL,6.3888
2025-08-20,CAD,1.6156
2025-08-20,CHF,0.9403
2025-08-20,GBP,0.8645
2025-08-20,INR,101.4305
2025-08-20,JPY,171.77
2025-08-20,KRW,1629.72
2025-08-20,MXN,21.8735
2025-08-20,PHP,66.44
2025-08-20,PLN,4.2483
2025-08-20,SEK,11.177
2025-08-20,SGD,1.4974
2025-08-20,USD,1.1651
2025-08-20,ZAR,20.6249
2025-08-21,AUD,1.8118
2025-08-21,BRL,6.3851
2025-08-21,CAD,1.6164
2025-08-21,CHF,0.9389
2025-08-21,GBP,0.8654
2025-08-21,INR,101.566
2025-08-21,JPY,172.09
2025-08-21,KRW,1627.94
2025-08-21,MXN,21.832
2025-08-21,PHP,66.451
2025-08-21,PLN,4.2518
2025-08-21,SEK,11.164
2025-08-21,SGD,1.4983
2025-08-21,USD,1.1639
2025-08-21,ZAR,20.604
2025-08-22,AUD,1.8068
2025-08-22,BRL,6.3462
2025-08-22,CAD,1.6151
2025-08-22,CHF,0.9383
2025-08-22,GBP,0.8653
2025-08-22,INR,101.613
2025-08-22,JPY,172.6
2025-08-22,KRW,1614.06
2025-08-22,MXN,21.732
2025-08-22,PHP,66.091
2025-08-22,PLN,4.2628
2025-08-22,SEK,11.1775
2025-08-22,SGD,1.4956
2025-08-22,USD,1.1608
2025-08-22,ZAR,20.4635
2025-08-25,AUD,1.8005
2025-08-25,BRL,6.3504
2025-08-25,CAD,1.6171
2025-08-25,CHF,0.9385
2025-08-25,GBP,0.8659
2025-08-25,INR,102.4185
2025-08-25,JPY,172.36
2025-08-25,KRW,1622.7
2025-08-25,MXN,21.8024
2025-08-25,PHP,66.273
2025-08-25,PLN,4.2616
2025-08-25,SEK,11.1345
2025-08-25,SGD,1.5009
2025-08-25,USD,1.1697
2025-08-25,ZAR,20.5342
2025-08-26,AUD,1.7956
2025-08-26,BRL,6.2992
2025-08-26,CAD,1.6137
2025-08-26,CHF,0.9376
2025-08-26,GBP,0.8642
2025-08-26,INR,102.127
2025-08-26,JPY,171.77
2025-08-26,KRW,1625.27
2025-08-26,MXN,21.7269
2025-08-26,PHP,66.395
2025-08-26,PLN,4.2608
2025-08-26,SEK,11.1565
2025-08-26,SGD,1.4977
2025-08-26,USD,1.1656
2025-08-26,ZAR,20.5608
2025-08-27,AUD,1.7916
2025-08-27,BRL,6.3051
2025-08-27,CAD,1.6056
2025-08-27,CHF,0.935
2025-08-27,GBP,0.8626
2025-08-27,INR,101.739
2025-08-27,JPY,171.63
2025-08-27,KRW,1620.49
2025-08-27,MXN,21.7128
2025-08-27,PHP,66.375
2025-08-27,PLN,4.2698
2025-08-27,SEK,11.116
2025-08-27,SGD,1.4943
2025-08-27,USD,1.1593
2025-08-27,ZAR,20.5917
2025-08-28,AUD,1.788
2025-08-28,BRL,6.3147
2025-08-28,CAD,1.6062
2025-08-28,CHF,0.9353
2025-08-28,GBP,0.8637
2025-08-28,INR,102.2535
2025-08-28,JPY,171.48
2025-08-28,KRW,1618.06
2025-08-28,MXN,21.7283
2025-08-28,PHP,66.535
2025-08-28,PLN,4.2618
2025-08-28,SEK,11.0735
2025-08-28,SGD,1.498
2025-08-28,USD,1.1676
2025-08-28,ZAR,20.5817
2025-08-29,AUD,1.7865
2025-08-29,BRL,6.3253
2025-08-29,CAD,1.6031
2025-08-29,CHF,0.9364
2025-08-29,GBP,0.8668
2025-08-29,INR,102.8035
2025-08-29,JPY,171.72
2025-08-29,KRW,1622.26
2025-08-29,MXN,21.7935
2025-08-29,PHP,66.687
2025-08-29,PLN,4.2665
2025-08-29,SEK,11.055
2025-08-29,SGD,1.4987
2025-08-29,USD,1.1658
2025-08-29,ZAR,20.6758
2025-09-01,AUD,1.7885
2025-09-01,BRL,6.3587
2025-09-01,CAD,1.6105
2025-09-01,CHF,0.9383
2025-09-01,GBP,0.8662
2025-09-01,INR,103.3225
2025-09-01,JPY,172.47
2025-09-01,KRW,1632.32
2025-09-01,MXN,21.8009
2025-09-01,PHP,66.985
2025-09-01,PLN,4.2553
2025-09-01,SEK,11.012
2025-09-01,SGD,1.504
2025-09-01,USD,1.1715
2025-09-01,ZAR,20.5948
2025-09-02,AUD,1.7897
2025-09-02,BRL,6.3757
2025-09-02,CAD,1.6056
2025-09-02,CHF,0.9366
2025-09-02,GBP,0.8702
2025-09-02,INR,102.5795
2025-09-02,JPY,173.1
2025-09-02,KRW,1625.01
2025-09-02,MXN,21.8726
2025-09-02,PHP,66.762
2025-09-02,PLN,4.2653
2025-09-02,SEK,11.003
2025-09-02,SGD,1.5006
2025-09-02,USD,1.1646
2025-09-02,ZAR,20.6439
2025-09-03,AUD,1.7823
2025-09-03,BRL,6.355
2025-09-03,CAD,1.6079
2025-09-03,CHF,0.9374
2025-09-03,GBP,0.8687
2025-09-03,INR,102.582
2025-09-03,JPY,173.17
2025-09-03,KRW,1619.1
2025-09-03,MXN,21.7972
2025-09-03,PHP,66.787
2025-09-03,PLN,4.2523
2025-09-03,SEK,11.0015
2025-09-03,SGD,1.5015
2025-09-03,USD,1.1653
2025-09-03,ZAR,20.5442
2025-09-04,AUD,1.787
2025-09-04,BRL,6.3585
2025-09-04,CAD,1.6094
2025-09-04,CHF,0.9383
2025-09-04,GBP,0.8663
2025-09-04,INR,102.6255
2025-09-04,JPY,172.76
2025-09-04,KRW,1622.79
2025-09-04,MXN,21.8626
2025-09-04,PHP,66.503
2025-09-04,PLN,4.251
2025-09-04,SEK,11.0185
2025-09-04,SGD,1.5013
2025-09-04,USD,1.1647
2025-09-04,ZAR,20.722
2025-09-05,AUD,1.787
2025-09-05,BRL,6.346
2025-09-05,CAD,1.6138
2025-09-05,CHF,0.939
2025-09-05,GBP,0.8678
2025-09-05,INR,103.221
2025-09-05,JPY,173.09
2025-09-05,KRW,1626.8
2025-09-05,MXN,21.8523
2025-09-05,PHP,66.49
2025-09-05,PLN,4.2505
2025-09-05,SEK,11.001
2025-09-05,SGD,1.5045
2025-09-05,USD,1.1697
2025-09-05,ZAR,20.6644
2025-09-08,AUD,1.7799
2025-09-08,BRL,6.34
2025-09-08,CAD,1.619
2025-09-08,CHF,0.9328
2025-09-08,GBP,0.8669
2025-09-08,INR,103.2455
2025-09-08,JPY,173.39
2025-09-08,KRW,1627.71
2025-09-08,MXN,21.8835
2025-09-08,PHP,66.555
2025-09-08,PLN,4.2495
2025-09-08,SEK,11.0005
2025-09-08,SGD,1.5062
2025-09-08,USD,1.1728
2025-09-08,ZAR,20.6029
2025-09-09,AUD,1.7771
2025-09-09,BRL,6.3665
2025-09-09,CAD,1.622
2025-09-09,CHF,0.9331
2025-09-09,GBP,0.8663
2025-09-09,INR,103.5465
2025-09-09,JPY,172.36
2025-09-09,KRW,1628.55
2025-09-09,MXN,21.8728
2025-09-09,PHP,66.821
2025-09-09,PLN,4.2558
2025-09-09,SEK,11.0018
2025-09-09,SGD,1.5049
2025-09-09,USD,1.1744
2025-09-09,ZAR,20.5339
2025-09-10,AUD,1.772
2025-09-10,BRL,6.3582
2025-09-10,CAD,1.6224
2025-09-10,CHF,0.9338
2025-09-10,GBP,0.865
2025-09-10,INR,103.1625
2025-09-10,JPY,172.67
2025-09-10,KRW,1625.93
2025-09-10,MXN,21.8069
2025-09-10,PHP,66.875
2025-09-10,PLN,4.2645
2025-09-10,SEK,10.951
2025-09-10,SGD,1.5017
2025-09-10,USD,1.1707
2025-09-10,ZAR,20.57
2025-09-11,AUD,1.7697
2025-09-11,BRL,6.3299
2025-09-11,CAD,1.6222
2025-09-11,CHF,0.9346
2025-09-11,GBP,0.8647
2025-09-11,INR,103.331
2025-09-11,JPY,172.88
2025-09-11,KRW,1627.67
2025-09-11,MXN,21.7808
2025-09-11,PHP,66.812
2025-09-11,PLN,4.2653
2025-09-11,SEK,10.9515
2025-09-11,SGD,1.5015
2025-09-11,USD,1.1685
2025-09-11,ZAR,20.5023
2025-09-12,AUD,1.7646
2025-09-12,BRL,6.326
2025-09-12,CAD,1.6227
2025-09-12,CHF,0.9347
2025-09-12,GBP,0.8653
2025-09-12,INR,103.4388
2025-09-12,JPY,173.33
2025-09-12,KRW,1630.98
2025-09-12,MXN,21.6643
2025-09-12,PHP,66.943
2025-09-12,PLN,4.2575
2025-09-12,SEK,10.9485
2025-09-12,SGD,1.5042
2025-09-12,USD,1.1718
2025-09-12,ZAR,20.3726
2025-09-15,AUD,1.7659
2025-09-15,BRL,6.2769
2025-09-15,CAD,1.6262
2025-09-15,CHF,0.9353
2025-09-15,GBP,0.8641
2025-09-15,INR,103.7145
2025-09-15,JPY,173.38
2025-09-15,KRW,1633.1
2025-09-15,MXN,21.6677
2025-09-15,PHP,67.272
2025-09-15,PLN,4.2505
2025-09-15,SEK,10.9115
2025-09-15,SGD,1.5069
2025-09-15,USD,1.1766
2025-09-15,ZAR,20.3814
2025-09-16,AUD,1.7698
2025-09-16,BRL,6.2689
2025-09-16,CAD,1.6233
2025-09-16,CHF,0.9336
2025-09-16,GBP,0.8656
2025-09-16,INR,103.9615
2025-09-16,JPY,173.55
2025-09-16,KRW,1631.64
2025-09-16,MXN,21.6651
2025-09-16,PHP,67.207
2025-09-16,PLN,4.2513
2025-09-16,SEK,10.9305
2025-09-16,SGD,1.5089
2025-09-16,USD,1.1807
2025-09-16,ZAR,20.4949
2025-09-17,AUD,1.7728
2025-09-17,BRL,6.2714
2025-09-17,CAD,1.6281
2025-09-17,CHF,0.9317
2025-09-17,GBP,0.8675
2025-09-17,INR,103.9895
2025-09-17,JPY,173.28
2025-09-17,KRW,1631.8
2025-09-17,MXN,21.6532
2025-09-17,PHP,67.3
2025-09-17,PLN,4.2525
2025-09-17,SEK,10.9635
2025-09-17,SGD,1.5111
2025-09-17,USD,1.1837
2025-09-17,ZAR,20.5797
2025-09-18,AUD,1.7781
2025-09-18,BRL,6.2316
2025-09-18,CAD,1.6288
2025-09-18,CHF,0.9331
2025-09-18,GBP,0.868
2025-09-18,INR,104.1335
2025-09-18,JPY,174.24
2025-09-18,KRW,1638.56
2025-09-18,MXN,21.5449
2025-09-18,PHP,67.441
2025-09-18,PLN,4.256
2025-09-18,SEK,10.998
2025-09-18,SGD,1.5125
2025-09-18,USD,1.1818
2025-09-18,ZAR,20.5083
2025-09-19,AUD,1.7802
2025-09-19,BRL,6.2567
2025-09-19,CAD,1.6214
2025-09-19,CHF,0.9344
2025-09-19,GBP,0.8708
2025-09-19,INR,103.465
2025-09-19,JPY,173.79
2025-09-19,KRW,1640.88
2025-09-19,MXN,21.6277
2025-09-19,PHP,67.032
2025-09-19,PLN,4.263
2025-09-19,SEK,11.0705
2025-09-19,SGD,1.5081
2025-09-19,USD,1.1736
2025-09-19,ZAR,20.4038
2025-09-22,AUD,1.7865
2025-09-22,BRL,6.2943
2025-09-22,CAD,1.6272
2025-09-22,CHF,0.9348
2025-09-22,GBP,0.8729
2025-09-22,INR,103.998
2025-09-22,JPY,174.17
2025-09-22,KRW,1639.08
2025-09-22,MXN,21.6687
2025-09-22,PHP,67.024
2025-09-22,PLN,4.259
2025-09-22,SEK,11.0495
2025-09-22,SGD,1.5113
2025-09-22,USD,1.1781
2025-09-22,ZAR,20.3855
2025-09-23,AUD,1.7854
2025-09-23,BRL,6.2967
2025-09-23,CAD,1.6307
2025-09-23,CHF,0.9344
2025-09-23,GBP,0.8729
2025-09-23,INR,104.6918
2025-09-23,JPY,174.3
2025-09-23,KRW,1644.59
2025-09-23,MXN,21.6265
2025-09-23,PHP,67.526
2025-09-23,PLN,4.2553
2025-09-23,SEK,10.9887
2025-09-23,SGD,1.5137
2025-09-23,USD,1.1793
2025-09-23,ZAR,20.4235
2025-09-24,AUD,1.7791
2025-09-24,BRL,6.224
2025-09-24,CAD,1.6302
2025-09-24,CHF,0.9335
2025-09-24,GBP,0.8731
2025-09-24,INR,104.2845
2025-09-24,JPY,174.51
2025-09-24,KRW,1644.99
2025-09-24,MXN,21.6342
2025-09-24,PHP,67.568
2025-09-24,PLN,4.2673
2025-09-24,SEK,11.035
2025-09-24,SGD,1.5128
2025-09-24,USD,1.1756
2025-09-24,ZAR,20.3339
2025-09-25,AUD,1.7832
2025-09-25,BRL,6.2437
2025-09-25,CAD,1.631
2025-09-25,CHF,0.9344
2025-09-25,GBP,0.8748
2025-09-25,INR,104.1115
2025-09-25,JPY,174.7
2025-09-25,KRW,1648.07
2025-09-25,MXN,21.6512
2025-09-25,PHP,68.299
2025-09-25,PLN,4.2638
2025-09-25,SEK,11.0485
2025-09-25,SGD,1.5132
2025-09-25,USD,1.1739
2025-09-25,ZAR,20.3646
2025-09-26,AUD,1.7881
2025-09-26,BRL,6.2552
2025-09-26,CAD,1.628
2025-09-26,CHF,0.9332
2025-09-26,GBP,0.874
2025-09-26,INR,103.5495
2025-09-26,JPY,174.79
2025-09-26,KRW,1645.54
2025-09-26,MXN,21.5753
2025-09-26,PHP,67.884
2025-09-26,PLN,4.2705
2025-09-26,SEK,11.037
2025-09-26,SGD,1.5098
2025-09-26,USD,1.1672
2025-09-26,ZAR,20.368
2025-09-29,AUD,1.7859
2025-09-29,BRL,6.2515
2025-09-29,CAD,1.6333
2025-09-29,CHF,0.9357
2025-09-29,GBP,0.8723
2025-09-29,INR,104.0423
2025-09-29,JPY,174.38
2025-09-29,KRW,1643.31
2025-09-29,MXN,21.4979
2025-09-29,PHP,68.199
2025-09-29,PLN,4.2695
2025-09-29,SEK,11.03
2025-09-29,SGD,1.5128
2025-09-29,USD,1.1723
2025-09-29,ZAR,20.267
2025-09-30,AUD,1.776
2025-09-30,BRL,6.2432
2025-09-30,CAD,1.6346
2025-09-30,CHF,0.9364
2025-09-30,GBP,0.8734
2025-09-30,INR,104.2548
2025-09-30,JPY,173.76
2025-09-30,KRW,1648.05
2025-09-30,MXN,21.5314
2025-09-30,PHP,68.375
2025-09-30,PLN,4.2698
2025-09-30,SEK,11.0565
2025-09-30,SGD,1.5145
2025-09-30,USD,1.1741
2025-09-30,ZAR,20.282
2025-10-01,AUD,1.7741
2025-10-01,BRL,6.2264
2025-10-01,CAD,1.6337
2025-10-01,CHF,0.9365
2025-10-01,GBP,0.8704
2025-10-01,INR,104.022
2025-10-01,JPY,172.47
2025-10-01,KRW,1647.52
2025-10-01,MXN,21.4137
2025-10-01,PHP,68.146
2025-10-01,PLN,4.2583
2025-10-01,SEK,11.0355
2025-10-01,SGD,1.5114
2025-10-01,USD,1.1724
2025-10-01,ZAR,20.1455
2025-10-02,AUD,1.7786
2025-10-02,BRL,6.2442
2025-10-02,CAD,1.6387
2025-10-02,CHF,0.935
2025-10-02,GBP,0.8721
2025-10-02,INR,104.2798
2025-10-02,JPY,172.53
2025-10-02,KRW,1647.21
2025-10-02,MXN,21.5927
2025-10-02,PHP,68.314
2025-10-02,PLN,4.2565
2025-10-02,SEK,11.0025
2025-10-02,SGD,1.5127
2025-10-02,USD,1.1754
2025-10-02,ZAR,20.1999
2025-10-03,AUD,1.7771
2025-10-03,BRL,6.2672
2025-10-03,CAD,1.6387
2025-10-03,CHF,0.9343
2025-10-03,GBP,0.8726
2025-10-03,INR,104.183
2025-10-03,JPY,172.9
2025-10-03,KRW,1649.29
2025-10-03,MXN,21.5994
2025-10-03,PHP,67.955
2025-10-03,PLN,4.2555
2025-10-03,SEK,11.003
2025-10-03,SGD,1.5129
2025-10-03,USD,1.1734
2025-10-03,ZAR,20.249
2025-10-06,AUD,1.7698
2025-10-06,BRL,6.2387
2025-10-06,CAD,1.6304
2025-10-06,CHF,0.9314
2025-10-06,GBP,0.8695
2025-10-06,INR,103.678
2025-10-06,JPY,175.22
2025-10-06,KRW,1649.2
2025-10-06,MXN,21.5069
2025-10-06,PHP,68.115
2025-10-06,PLN,4.2528
2025-10-06,SEK,10.988
2025-10-06,SGD,1.5104
2025-10-06,USD,1.1678
2025-10-06,ZAR,20.1428
2025-10-07,AUD,1.7708
2025-10-07,BRL,6.216
2025-10-07,CAD,1.628
2025-10-07,CHF,0.9314
2025-10-07,GBP,0.8703
2025-10-07,INR,103.5425
2025-10-07,JPY,176.05
2025-10-07,KRW,1648.64
2025-10-07,MXN,21.4265
2025-10-07,PHP,67.817
2025-10-07,PLN,4.2535
2025-10-07,SEK,10.9495
2025-10-07,SGD,1.5085
2025-10-07,USD,1.1666
2025-10-07,ZAR,20.0635
2025-10-08,AUD,1.7689
2025-10-08,BRL,6.2288
2025-10-08,CAD,1.621
2025-10-08,CHF,0.9305
2025-10-08,GBP,0.8671
2025-10-08,INR,103.1975
2025-10-08,JPY,177.53
2025-10-08,KRW,1656.07
2025-10-08,MXN,21.3818
2025-10-08,PHP,67.458
2025-10-08,PLN,4.2508
2025-10-08,SEK,10.9635
2025-10-08,SGD,1.5062
2025-10-08,USD,1.1627
2025-10-08,ZAR,19.983
2025-10-09,AUD,1.76
2025-10-09,BRL,6.1877
2025-10-09,CAD,1.6198
2025-10-09,CHF,0.9309
2025-10-09,GBP,0.8683
2025-10-09,INR,103.1025
2025-10-09,JPY,177.4
2025-10-09,KRW,1647.8
2025-10-09,MXN,21.2683
2025-10-09,PHP,67.553
2025-10-09,PLN,4.2548
2025-10-09,SEK,10.987
2025-10-09,SGD,1.5048
2025-10-09,USD,1.1611
2025-10-09,ZAR,19.8575
2025-10-10,AUD,1.765
2025-10-10,BRL,6.2082
2025-10-10,CAD,1.6218
2025-10-10,CHF,0.9324
2025-10-10,GBP,0.8709
2025-10-10,INR,102.6203
2025-10-10,JPY,176.46
2025-10-10,KRW,1643.85
2025-10-10,MXN,21.2565
2025-10-10,PHP,67.419
2025-10-10,PLN,4.2576
2025-10-10,SEK,11.008
2025-10-10,SGD,1.501
2025-10-10,USD,1.1568
2025-10-10,ZAR,19.9122
2025-10-13,AUD,1.7775
2025-10-13,BRL,6.3344
2025-10-13,CAD,1.6207
2025-10-13,CHF,0.9304
2025-10-13,GBP,0.8677
2025-10-13,INR,102.606
2025-10-13,JPY,175.98
2025-10-13,KRW,1651.59
2025-10-13,MXN,21.4137
2025-10-13,PHP,67.435
2025-10-13,PLN,4.2615
2025-10-13,SEK,11.013
2025-10-13,SGD,1.5025
2025-10-13,USD,1.1569
2025-10-13,ZAR,20.0875
2025-10-14,AUD,1.7906
2025-10-14,BRL,6.3536
2025-10-14,CAD,1.6249
2025-10-14,CHF,0.9296
2025-10-14,GBP,0.8712
2025-10-14,INR,102.5828
2025-10-14,JPY,175.72
2025-10-14,KRW,1657.52
2025-10-14,MXN,21.4926
2025-10-14,PHP,67.288
2025-10-14,PLN,4.2625
2025-10-14,SEK,11.038
2025-10-14,SGD,1.5037
2025-10-14,USD,1.1553
2025-10-14,ZAR,20.1751
2025-10-15,AUD,1.7839
2025-10-15,BRL,6.35
2025-10-15,CAD,1.6323
2025-10-15,CHF,0.9305
2025-10-15,GBP,0.8705
2025-10-15,INR,102.3415
2025-10-15,JPY,176.13
2025-10-15,KRW,1654.5
2025-10-15,MXN,21.45
2025-10-15,PHP,67.58
2025-10-15,PLN,4.256
2025-10-15,SEK,11.0195
2025-10-15,SGD,1.5067
2025-10-15,USD,1.1622
2025-10-15,ZAR,20.1304
2025-10-16,AUD,1.7926
2025-10-16,BRL,6.3464
2025-10-16,CAD,1.637
2025-10-16,CHF,0.9302
2025-10-16,GBP,0.8676
2025-10-16,INR,102.4265
2025-10-16,JPY,176.23
2025-10-16,KRW,1651.69
2025-10-16,MXN,21.475
2025-10-16,PHP,67.642
2025-10-16,PLN,4.2513
2025-10-16,SEK,11.013
2025-10-16,SGD,1.5099
2025-10-16,USD,1.1649
2025-10-16,ZAR,20.1723
2025-10-17,AUD,1.7995
2025-10-17,BRL,6.3457
2025-10-17,CAD,1.6393
2025-10-17,CHF,0.9257
2025-10-17,GBP,0.8695
2025-10-17,INR,102.787
2025-10-17,JPY,175.7
2025-10-17,KRW,1659.38
2025-10-17,MXN,21.5054
2025-10-17,PHP,67.931
2025-10-17,PLN,4.245
2025-10-17,SEK,11.03
2025-10-17,SGD,1.5125
2025-10-17,USD,1.1681
2025-10-17,ZAR,20.2996
2025-10-20,AUD,1.7965
2025-10-20,BRL,6.3012
2025-10-20,CAD,1.6368
2025-10-20,CHF,0.9239
2025-10-20,GBP,0.8691
2025-10-20,INR,102.4515
2025-10-20,JPY,175.71
2025-10-20,KRW,1659.14
2025-10-20,MXN,21.4351
2025-10-20,PHP,67.798
2025-10-20,PLN,4.2468
2025-10-20,SEK,10.99
2025-10-20,SGD,1.5088
2025-10-20,USD,1.1655
2025-10-20,ZAR,20.1876
2025-10-21,AUD,1.7885
2025-10-21,BRL,6.2526
2025-10-21,CAD,1.6301
2025-10-21,CHF,0.923
2025-10-21,GBP,0.8678
2025-10-21,INR,102.1073
2025-10-21,JPY,176.45
2025-10-21,KRW,1660.38
2025-10-21,MXN,21.4006
2025-10-21,PHP,67.761
2025-10-21,PLN,4.2393
2025-10-21,SEK,10.9345
2025-10-21,SGD,1.5061
2025-10-21,USD,1.1607
2025-10-21,ZAR,20.1148
2025-10-22,AUD,1.7864
2025-10-22,BRL,6.2411
2025-10-22,CAD,1.6254
2025-10-22,CHF,0.9228
2025-10-22,GBP,0.8689
2025-10-22,INR,102.4452
2025-10-22,JPY,175.92
2025-10-22,KRW,1660.02
2025-10-22,MXN,21.324
2025-10-22,PHP,67.477
2025-10-22,PLN,4.2312
2025-10-22,SEK,10.916
2025-10-22,SGD,1.5052
2025-10-22,USD,1.1587
2025-10-22,ZAR,20.2312
2025-10-23,AUD,1.7825
2025-10-23,BRL,6.2434
2025-10-23,CAD,1.6221
2025-10-23,CHF,0.9249
2025-10-23,GBP,0.8691
2025-10-23,INR,101.8109
2025-10-23,JPY,176.94
2025-10-23,KRW,1669.89
2025-10-23,MXN,21.354
2025-10-23,PHP,67.96
2025-10-23,PLN,4.2327
2025-10-23,SEK,10.9193
2025-10-23,SGD,1.5066
2025-10-23,USD,1.1593
2025-10-23,ZAR,20.1115
2025-10-24,AUD,1.7862
2025-10-24,BRL,6.257
2025-10-24,CAD,1.6286
2025-10-24,CHF,0.9248
2025-10-24,GBP,0.8726
2025-10-24,INR,101.958
2025-10-24,JPY,177.55
2025-10-24,KRW,1671.49
2025-10-24,MXN,21.372
2025-10-24,PHP,68.083
2025-10-24,PLN,4.2408
2025-10-24,SEK,10.904
2025-10-24,SGD,1.5089
2025-10-24,USD,1.1612
2025-10-24,ZAR,20.1215
2025-10-27,AUD,1.7747
2025-10-27,BRL,6.2477
2025-10-27,CAD,1.6276
2025-10-27,CHF,0.9264
2025-10-27,GBP,0.8721
2025-10-27,INR,102.717
2025-10-27,JPY,177.93
2025-10-27,KRW,1667.22
2025-10-27,MXN,21.409
2025-10-27,PHP,68.542
2025-10-27,PLN,4.235
2025-10-27,SEK,10.912
2025-10-27,SGD,1.5088
2025-10-27,USD,1.164
2025-10-27,ZAR,20.0053
2025-10-28,AUD,1.7745
2025-10-28,BRL,6.2534
2025-10-28,CAD,1.6284
2025-10-28,CHF,0.9262
2025-10-28,GBP,0.876
2025-10-28,INR,102.7108
2025-10-28,JPY,177.11
2025-10-28,KRW,1670.51
2025-10-28,MXN,21.4507
2025-10-28,PHP,68.834
2025-10-28,PLN,4.2375
2025-10-28,SEK,10.921
2025-10-28,SGD,1.5075
2025-10-28,USD,1.163
2025-10-28,ZAR,20.0624
2025-10-29,AUD,1.7631
2025-10-29,BRL,6.222
2025-10-29,CAD,1.6207
2025-10-29,CHF,0.9278
2025-10-29,GBP,0.8807
2025-10-29,INR,102.666
2025-10-29,JPY,177.07
2025-10-29,KRW,1655.74
2025-10-29,MXN,21.4634
2025-10-29,PHP,68.316
2025-10-29,PLN,4.2418
2025-10-29,SEK,10.896
2025-10-29,SGD,1.5062
2025-10-29,USD,1.1636
2025-10-29,ZAR,19.9043
2025-10-30,AUD,1.7672
2025-10-30,BRL,6.2288
2025-10-30,CAD,1.6179
2025-10-30,CHF,0.9281
2025-10-30,GBP,0.8801
2025-10-30,INR,102.4688
2025-10-30,JPY,178.37
2025-10-30,KRW,1657.41
2025-10-30,MXN,21.4824
2025-10-30,PHP,68.081
2025-10-30,PLN,4.245
2025-10-30,SEK,10.94
2025-10-30,SGD,1.5047
2025-10-30,USD,1.155
2025-10-30,ZAR,20.0421
2025-10-31,AUD,1.7672
2025-10-31,BRL,6.2171
2025-10-31,CAD,1.6207
2025-10-31,CHF,0.9287
2025-10-31,GBP,0.8816
2025-10-31,INR,102.507
2025-10-31,JPY,178.14
2025-10-31,KRW,1650.07
2025-10-31,MXN,21.4286
2025-10-31,PHP,67.835
2025-10-31,PLN,4.256
2025-10-31,SEK,10.925
2025-10-31,SGD,1.5039
2025-10-31,USD,1.1554
2025-10-31,ZAR,20.0452
2025-11-03,AUD,1.7597
2025-11-03,BRL,6.1704
2025-11-03,CAD,1.617
2025-11-03,CHF,0.9298
2025-11-03,GBP,0.8765
2025-11-03,INR,102.2145
2025-11-03,JPY,177.57
2025-11-03,KRW,1646.53
2025-11-03,MXN,21.3102
2025-11-03,PHP,67.758
2025-11-03,PLN,4.254
2025-11-03,SEK,10.935
2025-11-03,SGD,1.5013
2025-11-03,USD,1.1514
2025-11-03,ZAR,19.9293
2025-11-04,AUD,1.7691
2025-11-04,BRL,6.1873
2025-11-04,CAD,1.6178
2025-11-04,CHF,0.9295
2025-11-04,GBP,0.8795
2025-11-04,INR,101.9355
2025-11-04,JPY,176.39
2025-11-04,KRW,1653.78
2025-11-04,MXN,21.3976
2025-11-04,PHP,67.352
2025-11-04,PLN,4.257
2025-11-04,SEK,10.9865
2025-11-04,SGD,1.5012
2025-11-04,USD,1.1491
2025-11-04,ZAR,20.0745
2025-11-05,AUD,1.7724
2025-11-05,BRL,6.2067
2025-11-05,CAD,1.6238
2025-11-05,CHF,0.9307
2025-11-05,GBP,0.881
2025-11-05,INR,101.867
2025-11-05,JPY,176.67
2025-11-05,KRW,1659.45
2025-11-05,MXN,21.4323
2025-11-05,PHP,67.572
2025-11-05,PLN,4.2583
2025-11-05,SEK,11.0175
2025-11-05,SGD,1.5018
2025-11-05,USD,1.1492
2025-11-05,ZAR,20.0458
2025-11-06,AUD,1.7697
2025-11-06,BRL,6.1567
2025-11-06,CAD,1.6252
2025-11-06,CHF,0.9316
2025-11-06,GBP,0.8807
2025-11-06,INR,102.1525
2025-11-06,JPY,177.15
2025-11-06,KRW,1667.4
2025-11-06,MXN,21.4201
2025-11-06,PHP,67.838
2025-11-06,PLN,4.2528
2025-11-06,SEK,10.99
2025-11-06,SGD,1.5041
2025-11-06,USD,1.1533
2025-11-06,ZAR,20.0037
2025-11-07,AUD,1.7838
2025-11-07,BRL,6.2007
2025-11-07,CAD,1.6311
2025-11-07,CHF,0.9312
2025-11-07,GBP,0.8811
2025-11-07,INR,102.518
2025-11-07,JPY,176.99
2025-11-07,KRW,1687.49
2025-11-07,MXN,21.459
2025-11-07,PHP,68.379
2025-11-07,PLN,4.248
2025-11-07,SEK,11.046
2025-11-07,SGD,1.5053
2025-11-07,USD,1.1561
2025-11-07,ZAR,20.056
2025-11-10,AUD,1.771
2025-11-10,BRL,6.1488
2025-11-10,CAD,1.6213
2025-11-10,CHF,0.9318
2025-11-10,GBP,0.8778
2025-11-10,INR,102.611
2025-11-10,JPY,178.31
2025-11-10,KRW,1682.57
2025-11-10,MXN,21.2938
2025-11-10,PHP,68.204
2025-11-10,PLN,4.234
2025-11-10,SEK,10.987
2025-11-10,SGD,1.5074
2025-11-10,USD,1.1571
2025-11-10,ZAR,19.8864
2025-11-11,AUD,1.7738
2025-11-11,BRL,6.1196
2025-11-11,CAD,1.6234
2025-11-11,CHF,0.9278
2025-11-11,GBP,0.8804
2025-11-11,INR,102.43
2025-11-11,JPY,178.46
2025-11-11,KRW,1695.85
2025-11-11,MXN,21.2582
2025-11-11,PHP,68.255
2025-11-11,PLN,4.23
2025-11-11,SEK,10.973
2025-11-11,SGD,1.5067
2025-11-11,USD,1.1575
2025-11-11,ZAR,19.8699
2025-11-12,AUD,1.7696
2025-11-12,BRL,6.0993
2025-11-12,CAD,1.6216
2025-11-12,CHF,0.925
2025-11-12,GBP,0.8823
2025-11-12,INR,102.5675
2025-11-12,JPY,179.19
2025-11-12,KRW,1696.9
2025-11-12,MXN,21.1634
2025-11-12,PHP,68.476
2025-11-12,PLN,4.228
2025-11-12,SEK,10.9395
2025-11-12,SGD,1.5081
2025-11-12,USD,1.1576
2025-11-12,ZAR,19.7327
2025-11-13,AUD,1.7722
2025-11-13,BRL,6.1383
2025-11-13,CAD,1.6272
2025-11-13,CHF,0.9244
2025-11-13,GBP,0.8819
2025-11-13,INR,103.0475
2025-11-13,JPY,179.57
2025-11-13,KRW,1700.42
2025-11-13,MXN,21.2252
2025-11-13,PHP,68.418
2025-11-13,PLN,4.228
2025-11-13,SEK,10.9405
2025-11-13,SGD,1.5109
2025-11-13,USD,1.1619
2025-11-13,ZAR,19.7556
2025-11-14,AUD,1.7847
2025-11-14,BRL,6.1764
2025-11-14,CAD,1.6331
2025-11-14,CHF,0.9185
2025-11-14,GBP,0.8846
2025-11-14,INR,103.2865
2025-11-14,JPY,179.22
2025-11-14,KRW,1690.71
2025-11-14,MXN,21.4017
2025-11-14,PHP,68.695
2025-11-14,PLN,4.2328
2025-11-14,SEK,10.9835
2025-11-14,SGD,1.5129
2025-11-14,USD,1.1648
2025-11-14,ZAR,19.9561
2025-11-17,AUD,1.7798
2025-11-17,BRL,6.1493
2025-11-17,CAD,1.627
2025-11-17,CHF,0.9225
2025-11-17,GBP,0.8795
2025-11-17,INR,102.7195
2025-11-17,JPY,179.57
2025-11-17,KRW,1694.27
2025-11-17,MXN,21.2546
2025-11-17,PHP,68.355
2025-11-17,PLN,4.2228
2025-11-17,SEK,10.9635
2025-11-17,SGD,1.5099
2025-11-17,USD,1.1593
2025-11-17,ZAR,19.7978
2025-11-18,AUD,1.783
2025-11-18,BRL,6.1893
2025-11-18,CAD,1.6257
2025-11-18,CHF,0.9233
2025-11-18,GBP,0.8821
2025-11-18,INR,102.644
2025-11-18,JPY,179.94
2025-11-18,KRW,1695.61
2025-11-18,MXN,21.3761
2025-11-18,PHP,68.182
2025-11-18,PLN,4.244
2025-11-18,SEK,10.997
2025-11-18,SGD,1.5093
2025-11-18,USD,1.159
2025-11-18,ZAR,19.9751
2025-11-19,AUD,1.7853
2025-11-19,BRL,6.18
2025-11-19,CAD,1.623
2025-11-19,CHF,0.9284
2025-11-19,GBP,0.8827
2025-11-19,INR,102.5145
2025-11-19,JPY,180.85
2025-11-19,KRW,1698.08
2025-11-19,MXN,21.2283
2025-11-19,PHP,68.206
2025-11-19,PLN,4.2283
2025-11-19,SEK,10.992
2025-11-19,SGD,1.5104
2025-11-19,USD,1.1583
2025-11-19,ZAR,19.8728
2025-11-20,AUD,1.7773
2025-11-20,BRL,6.1382
2025-11-20,CAD,1.6194
2025-11-20,CHF,0.9294
2025-11-20,GBP,0.8815
2025-11-20,INR,102.144
2025-11-20,JPY,181.47
2025-11-20,KRW,1691.81
2025-11-20,MXN,21.1527
2025-11-20,PHP,67.988
2025-11-20,PLN,4.232
2025-11-20,SEK,10.9995
2025-11-20,SGD,1.5055
2025-11-20,USD,1.1514
2025-11-20,ZAR,19.8488
2025-11-21,AUD,1.7873
2025-11-21,BRL,6.1879
2025-11-21,CAD,1.6226
2025-11-21,CHF,0.9289
2025-11-21,GBP,0.8803
2025-11-21,INR,103.2628
2025-11-21,JPY,180.56
2025-11-21,KRW,1698.38
2025-11-21,MXN,21.2561
2025-11-21,PHP,67.817
2025-11-21,PLN,4.2448
2025-11-21,SEK,11.026
2025-11-21,SGD,1.5065
2025-11-21,USD,1.152
2025-11-21,ZAR,19.997
2025-11-24,AUD,1.7878
2025-11-24,BRL,6.2137
2025-11-24,CAD,1.6279
2025-11-24,CHF,0.9324
2025-11-24,GBP,0.8804
2025-11-24,INR,102.914
2025-11-24,JPY,181.22
2025-11-24,KRW,1700.74
2025-11-24,MXN,21.2393
2025-11-24,PHP,67.804
2025-11-24,PLN,4.2303
2025-11-24,SEK,11.006
2025-11-24,SGD,1.5026
2025-11-24,USD,1.1544
2025-11-24,ZAR,19.9482
2025-11-25,AUD,1.7877
2025-11-25,BRL,6.1977
2025-11-25,CAD,1.6301
2025-11-25,CHF,0.9345
2025-11-25,GBP,0.8788
2025-11-25,INR,103.0343
2025-11-25,JPY,180.42
2025-11-25,KRW,1692.08
2025-11-25,MXN,21.3083
2025-11-25,PHP,67.974
2025-11-25,PLN,4.2228
2025-11-25,SEK,11.048
2025-11-25,SGD,1.5038
2025-11-25,USD,1.1551
2025-11-25,ZAR,19.8881
2025-11-26,AUD,1.7818
2025-11-26,BRL,6.2242
2025-11-26,CAD,1.6309
2025-11-26,CHF,0.9341
2025-11-26,GBP,0.8776
2025-11-26,INR,103.2665
2025-11-26,JPY,181.09
2025-11-26,KRW,1706.8
2025-11-26,MXN,21.2644
2025-11-26,PHP,68.103
2025-11-26,PLN,4.2313
2025-11-26,SEK,11.0345
2025-11-26,SGD,1.5029
2025-11-26,USD,1.1577
2025-11-26,ZAR,19.8458
2025-11-27,AUD,1.7753
2025-11-27,BRL,6.1958
2025-11-27,CAD,1.6273
2025-11-27,CHF,0.9337
2025-11-27,GBP,0.8754
2025-11-27,INR,103.5815
2025-11-27,JPY,181.11
2025-11-27,KRW,1694.15
2025-11-27,MXN,21.2564
2025-11-27,PHP,68.089
2025-11-27,PLN,4.2345
2025-11-27,SEK,10.9945
2025-11-27,SGD,1.5039
2025-11-27,USD,1.1586
2025-11-27,ZAR,19.8968
2025-11-28,AUD,1.7721
2025-11-28,BRL,6.1752
2025-11-28,CAD,1.621
2025-11-28,CHF,0.9318
2025-11-28,GBP,0.8752
2025-11-28,INR,103.4905
2025-11-28,JPY,180.57
2025-11-28,KRW,1699.81
2025-11-28,MXN,21.2168
2025-11-28,PHP,67.853
2025-11-28,PLN,4.239
2025-11-28,SEK,10.9695
2025-11-28,SGD,1.5008
2025-11-28,USD,1.1566
2025-11-28,ZAR,19.7962
2025-12-01,AUD,1.774
2025-12-01,BRL,6.2267
2025-12-01,CAD,1.6259
2025-12-01,CHF,0.9323
2025-12-01,GBP,0.8778
2025-12-01,INR,104.2823
2025-12-01,JPY,180.28
2025-12-01,KRW,1706.31
2025-12-01,MXN,21.2868
2025-12-01,PHP,68.11
2025-12-01,PLN,4.2283
2025-12-01,SEK,10.963
2025-12-01,SGD,1.5065
2025-12-01,USD,1.1646
2025-12-01,ZAR,19.8862
2025-12-02,AUD,1.7723
2025-12-02,BRL,6.223
2025-12-02,CAD,1.6264
2025-12-02,CHF,0.9346
2025-12-02,GBP,0.8796
2025-12-02,INR,104.4705
2025-12-02,JPY,181.26
2025-12-02,KRW,1704.82
2025-12-02,MXN,21.2661
2025-12-02,PHP,68.14
2025-12-02,PLN,4.238
2025-12-02,SEK,10.9865
2025-12-02,SGD,1.5072
2025-12-02,USD,1.1614
2025-12-02,ZAR,19.8642
2025-12-03,AUD,1.77
2025-12-03,BRL,6.2057
2025-12-03,CAD,1.627
2025-12-03,CHF,0.9336
2025-12-03,GBP,0.8766
2025-12-03,INR,105.2075
2025-12-03,JPY,181.28
2025-12-03,KRW,1708.78
2025-12-03,MXN,21.2967
2025-12-03,PHP,68.8
2025-12-03,PLN,4.2318
2025-12-03,SEK,10.955
2025-12-03,SGD,1.5101
2025-12-03,USD,1.1668
2025-12-03,ZAR,19.9304
2025-12-04,AUD,1.7657
2025-12-04,BRL,6.1892
2025-12-04,CAD,1.6299
2025-12-04,CHF,0.934
2025-12-04,GBP,0.8745
2025-12-04,INR,104.843
2025-12-04,JPY,180.55
2025-12-04,KRW,1716.69
2025-12-04,MXN,21.3149
2025-12-04,PHP,68.868
2025-12-04,PLN,4.2313
2025-12-04,SEK,10.967
2025-12-04,SGD,1.5115
2025-12-04,USD,1.1666
2025-12-04,ZAR,19.8099
2025-12-05,AUD,1.7546
2025-12-05,BRL,6.185
2025-12-05,CAD,1.623
2025-12-05,CHF,0.9365
2025-12-05,GBP,0.8727
2025-12-05,INR,104.733
2025-12-05,JPY,180.76
2025-12-05,KRW,1714.82
2025-12-05,MXN,21.1912
2025-12-05,PHP,68.719
2025-12-05,PLN,4.2323
2025-12-05,SEK,10.959
2025-12-05,SGD,1.5084
2025-12-05,USD,1.1645
2025-12-05,ZAR,19.7169
2025-12-08,AUD,1.7549
2025-12-08,BRL,6.3136
2025-12-08,CAD,1.609
2025-12-08,CHF,0.9388
2025-12-08,GBP,0.8746
2025-12-08,INR,104.945
2025-12-08,JPY,181.29
2025-12-08,KRW,1708.85
2025-12-08,MXN,21.1985
2025-12-08,PHP,68.92
2025-12-08,PLN,4.2305
2025-12-08,SEK,10.9495
2025-12-08,SGD,1.5107
2025-12-08,USD,1.1655
2025-12-08,ZAR,19.7718
2025-12-09,AUD,1.7532
2025-12-09,BRL,6.3588
2025-12-09,CAD,1.6114
2025-12-09,CHF,0.9385
2025-12-09,GBP,0.8735
2025-12-09,INR,104.55
2025-12-09,JPY,181.96
2025-12-09,KRW,1708.91
2025-12-09,MXN,21.2691
2025-12-09,PHP,69.043
2025-12-09,PLN,4.2303
2025-12-09,SEK,10.9015
2025-12-09,SGD,1.5091
2025-12-09,USD,1.1637
2025-12-09,ZAR,19.8661
2025-12-10,AUD,1.7513
2025-12-10,BRL,6.3488
2025-12-10,CAD,1.6108
2025-12-10,CHF,0.9356
2025-12-10,GBP,0.8741
2025-12-10,INR,104.6008
2025-12-10,JPY,182.32
2025-12-10,KRW,1710.16
2025-12-10,MXN,21.1794
2025-12-10,PHP,68.972
2025-12-10,PLN,4.2248
2025-12-10,SEK,10.858
2025-12-10,SGD,1.5079
2025-12-10,USD,1.1634
2025-12-10,ZAR,19.8097
2025-12-11,AUD,1.7601
2025-12-11,BRL,6.3789
2025-12-11,CAD,1.6164
2025-12-11,CHF,0.9333
2025-12-11,GBP,0.8751
2025-12-11,INR,105.8005
2025-12-11,JPY,182.25
2025-12-11,KRW,1723.29
2025-12-11,MXN,21.2933
2025-12-11,PHP,69.115
2025-12-11,PLN,4.227
2025-12-11,SEK,10.845
2025-12-11,SGD,1.5147
2025-12-11,USD,1.1714
2025-12-11,ZAR,19.8446
2025-12-12,AUD,1.7594
2025-12-12,BRL,6.3365
2025-12-12,CAD,1.6139
2025-12-12,CHF,0.9333
2025-12-12,GBP,0.8767
2025-12-12,INR,106.1955
2025-12-12,JPY,182.99
2025-12-12,KRW,1732.81
2025-12-12,MXN,21.1598
2025-12-12,PHP,69.281
2025-12-12,PLN,4.2225
2025-12-12,SEK,10.8865
2025-12-12,SGD,1.5152
2025-12-12,USD,1.1731
2025-12-12,ZAR,19.7736
2025-12-15,AUD,1.7669
2025-12-15,BRL,6.3322
2025-12-15,CAD,1.6169
2025-12-15,CHF,0.9355
2025-12-15,GBP,0.8779
2025-12-15,INR,106.653
2025-12-15,JPY,182.32
2025-12-15,KRW,1721.99
2025-12-15,MXN,21.1322
2025-12-15,PHP,69.3
2025-12-15,PLN,4.2215
2025-12-15,SEK,10.9155
2025-12-15,SGD,1.5148
2025-12-15,USD,1.1753
2025-12-15,ZAR,19.7182
2025-12-16,AUD,1.7737
2025-12-16,BRL,6.3965
2025-12-16,CAD,1.6206
2025-12-16,CHF,0.9351
2025-12-16,GBP,0.8764
2025-12-16,INR,107.069
2025-12-16,JPY,182.07
2025-12-16,KRW,1734.89
2025-12-16,MXN,21.1527
2025-12-16,PHP,69.049
2025-12-16,PLN,4.2208
2025-12-16,SEK,10.942
2025-12-16,SGD,1.5176
2025-12-16,USD,1.1776
2025-12-16,ZAR,19.7365
2025-12-17,AUD,1.7704
2025-12-17,BRL,6.4498
2025-12-17,CAD,1.6165
2025-12-17,CHF,0.9332
2025-12-17,GBP,0.8785
2025-12-17,INR,105.9275
2025-12-17,JPY,182.38
2025-12-17,KRW,1734.13
2025-12-17,MXN,21.0827
2025-12-17,PHP,68.772
2025-12-17,PLN,4.21
2025-12-17,SEK,10.936
2025-12-17,SGD,1.5142
2025-12-17,USD,1.1722
2025-12-17,ZAR,19.6148
2025-12-18,AUD,1.7734
2025-12-18,BRL,6.5012
2025-12-18,CAD,1.6161
2025-12-18,CHF,0.9316
2025-12-18,GBP,0.8746
2025-12-18,INR,105.7785
2025-12-18,JPY,182.55
2025-12-18,KRW,1731.18
2025-12-18,MXN,21.0966
2025-12-18,PHP,68.681
2025-12-18,PLN,4.2053
2025-12-18,SEK,10.9015
2025-12-18,SGD,1.5129
2025-12-18,USD,1.1719
2025-12-18,ZAR,19.6613
2025-12-19,AUD,1.7739
2025-12-19,BRL,6.4762
2025-12-19,CAD,1.6155
2025-12-19,CHF,0.9318
2025-12-19,GBP,0.876
2025-12-19,INR,105.054
2025-12-19,JPY,184.15
2025-12-19,KRW,1731.88
2025-12-19,MXN,21.0992
2025-12-19,PHP,68.746
2025-12-19,PLN,4.2105
2025-12-19,SEK,10.904
2025-12-19,SGD,1.5143
2025-12-19,USD,1.1712
2025-12-19,ZAR,19.6485
2025-12-22,AUD,1.7667
2025-12-22,BRL,6.4943
2025-12-22,CAD,1.6168
2025-12-22,CHF,0.9316
2025-12-22,GBP,0.8742
2025-12-22,INR,105.29
2025-12-22,JPY,184.77
2025-12-22,KRW,1738.72
2025-12-22,MXN,21.1438
2025-12-22,PHP,68.963
2025-12-22,PLN,4.2138
2025-12-22,SEK,10.856
2025-12-22,SGD,1.515
2025-12-22,USD,1.1745
2025-12-22,ZAR,19.6133
2025-12-23,AUD,1.7607
2025-12-23,BRL,6.5851
2025-12-23,CAD,1.6148
2025-12-23,CHF,0.9287
2025-12-23,GBP,0.8729
2025-12-23,INR,105.5479
2025-12-23,JPY,183.89
2025-12-23,KRW,1745.36
2025-12-23,MXN,21.1489
2025-12-23,PHP,69.33
2025-12-23,PLN,4.232
2025-12-23,SEK,10.82
2025-12-23,SGD,1.5153
2025-12-23,USD,1.1786
2025-12-23,ZAR,19.6054
2025-12-24,AUD,1.7587
2025-12-24,BRL,6.5076
2025-12-24,CAD,1.6128
2025-12-24,CHF,0.9284
2025-12-24,GBP,0.8729
2025-12-24,INR,105.7755
2025-12-24,JPY,183.83
2025-12-24,KRW,1707.04
2025-12-24,MXN,21.1015
2025-12-24,PHP,69.269
2025-12-24,PLN,4.2135
2025-12-24,SEK,10.8055
2025-12-24,SGD,1.5135
2025-12-24,USD,1.1787
2025-12-24,ZAR,19.6091
2025-12-29,AUD,1.7583
2025-12-29,BRL,6.5545
2025-12-29,CAD,1.6106
2025-12-29,CHF,0.9293
2025-12-29,GBP,0.8726
2025-12-29,INR,105.776
2025-12-29,JPY,183.97
2025-12-29,KRW,1690.95
2025-12-29,MXN,21.0997
2025-12-29,PHP,69.26
2025-12-29,PLN,4.2295
2025-12-29,SEK,10.816
2025-12-29,SGD,1.5122
2025-12-29,USD,1.1766
2025-12-29,ZAR,19.597
2025-12-30,AUD,1.7543
2025-12-30,BRL,6.4929
2025-12-30,CAD,1.6104
2025-12-30,CHF,0.9293
2025-12-30,GBP,0.8712
2025-12-30,INR,105.58
2025-12-30,JPY,183.48
2025-12-30,KRW,1697.65
2025-12-30,MXN,21.1208
2025-12-30,PHP,69.166
2025-12-30,PLN,4.2263
2025-12-30,SEK,10.818
2025-12-30,SGD,1.5095
2025-12-30,USD,1.1757
2025-12-30,ZAR,19.5571
2025-12-31,AUD,1.7581
2025-12-31,BRL,6.4364
2025-12-31,CAD,1.6088
2025-12-31,CHF,0.9314
2025-12-31,GBP,0.8726
2025-12-31,INR,105.5965
2025-12-31,JPY,184.09
2025-12-31,KRW,1696.94
2025-12-31,MXN,21.118
2025-12-31,PHP,69.266
2025-12-31,PLN,4.221
2025-12-31,SEK,10.8215
2025-12-31,SGD,1.5105
2025-12-31,USD,1.175
2025-12-31,ZAR,19.4439
2026-01-02,AUD,1.7508
2026-01-02,BRL,6.3743
2026-01-02,CAD,1.6097
2026-01-02,CHF,0.9296
2026-01-02,GBP,0.8719
2026-01-02,INR,105.719
2026-01-02,JPY,183.94
2026-01-02,KRW,1693.53
2026-01-02,MXN,21.0274
2026-01-02,PHP,68.975
2026-01-02,PLN,4.2123
2026-01-02,SEK,10.8085
2026-01-02,SGD,1.5077
2026-01-02,USD,1.1721
2026-01-02,ZAR,19.3561
2026-01-05,AUD,1.7492
2026-01-05,BRL,6.347
2026-01-05,CAD,1.6087
2026-01-05,CHF,0.9289
2026-01-05,GBP,0.8676
2026-01-05,INR,105.316
2026-01-05,JPY,182.93
2026-01-05,KRW,1690.44
2026-01-05,MXN,21.0067
2026-01-05,PHP,68.91
2026-01-05,PLN,4.2178
2026-01-05,SEK,10.787
2026-01-05,SGD,1.5018
2026-01-05,USD,1.1664
2026-01-05,ZAR,19.2268
2026-01-06,AUD,1.7422
2026-01-06,BRL,6.3201
2026-01-06,CAD,1.6129
2026-01-06,CHF,0.9287
2026-01-06,GBP,0.8663
2026-01-06,INR,105.5405
2026-01-06,JPY,183.14
2026-01-06,KRW,1695.93
2026-01-06,MXN,21.0227
2026-01-06,PHP,69.317
2026-01-06,PLN,4.2105
2026-01-06,SEK,10.765
2026-01-06,SGD,1.4984
2026-01-06,USD,1.1707
2026-01-06,ZAR,19.1951
2026-01-07,AUD,1.7367
2026-01-07,BRL,6.2995
2026-01-07,CAD,1.6135
2026-01-07,CHF,0.9304
2026-01-07,GBP,0.8664
2026-01-07,INR,104.9835
2026-01-07,JPY,182.91
2026-01-07,KRW,1691.47
2026-01-07,MXN,21.009
2026-01-07,PHP,69.305
2026-01-07,PLN,4.2148
2026-01-07,SEK,10.7365
2026-01-07,SGD,1.4972
2026-01-07,USD,1.1684
2026-01-07,ZAR,19.2252
2026-01-08,AUD,1.7433
2026-01-08,BRL,6.2811
2026-01-08,CAD,1.6183
2026-01-08,CHF,0.9312
2026-01-08,GBP,0.8687
2026-01-08,INR,104.988
2026-01-08,JPY,182.97
2026-01-08,KRW,1695.57
2026-01-08,MXN,20.9729
2026-01-08,PHP,69.073
2026-01-08,PLN,4.2093
2026-01-08,SEK,10.766
2026-01-08,SGD,1.4995
2026-01-08,USD,1.1675
2026-01-08,ZAR,19.2811
2026-01-09,AUD,1.7441
2026-01-09,BRL,6.2733
2026-01-09,CAD,1.6163
2026-01-09,CHF,0.9314
2026-01-09,GBP,0.8677
2026-01-09,INR,105.0335
2026-01-09,JPY,183.52
2026-01-09,KRW,1699.55
2026-01-09,MXN,20.9879
2026-01-09,PHP,68.935
2026-01-09,PLN,4.2138
2026-01-09,SEK,10.748
2026-01-09,SGD,1.4984
2026-01-09,USD,1.1642
2026-01-09,ZAR,19.2966
2026-01-12,AUD,1.7409
2026-01-12,BRL,6.2863
2026-01-12,CAD,1.6219
2026-01-12,CHF,0.9313
2026-01-12,GBP,0.8674
2026-01-12,INR,105.419
2026-01-12,JPY,184.42
2026-01-12,KRW,1715.11
2026-01-12,MXN,20.932
2026-01-12,PHP,69.38
2026-01-12,PLN,4.2093
2026-01-12,SEK,10.7008
2026-01-12,SGD,1.5019
2026-01-12,USD,1.1692
2026-01-12,ZAR,19.1618
2026-01-13,AUD,1.7394
2026-01-13,BRL,6.2736
2026-01-13,CAD,1.6172
2026-01-13,CHF,0.9311
2026-01-13,GBP,0.866
2026-01-13,INR,105.1478
2026-01-13,JPY,185.12
2026-01-13,KRW,1717.89
2026-01-13,MXN,20.8587
2026-01-13,PHP,69.291
2026-01-13,PLN,4.2118
2026-01-13,SEK,10.7135
2026-01-13,SGD,1.5006
2026-01-13,USD,1.1654
2026-01-13,ZAR,19.1755
2026-01-14,AUD,1.745
2026-01-14,BRL,6.2544
2026-01-14,CAD,1.6169
2026-01-14,CHF,0.9333
2026-01-14,GBP,0.8668
2026-01-14,INR,105.2118
2026-01-14,JPY,184.82
2026-01-14,KRW,1719
2026-01-14,MXN,20.7518
2026-01-14,PHP,69.282
2026-01-14,PLN,4.218
2026-01-14,SEK,10.723
2026-01-14,SGD,1.5007
2026-01-14,USD,1.1651
2026-01-14,ZAR,19.102
2026-01-15,AUD,1.7382
2026-01-15,BRL,6.2557
2026-01-15,CAD,1.6162
2026-01-15,CHF,0.9314
2026-01-15,GBP,0.8674
2026-01-15,INR,104.9647
2026-01-15,JPY,184.31
2026-01-15,KRW,1706.77
2026-01-15,MXN,20.6776
2026-01-15,PHP,69.182
2026-01-15,PLN,4.2093
2026-01-15,SEK,10.6985
2026-01-15,SGD,1.4969
2026-01-15,USD,1.1624
2026-01-15,ZAR,19.0309
2026-01-16,AUD,1.7344
2026-01-16,BRL,6.2411
2026-01-16,CAD,1.6135
2026-01-16,CHF,0.9313
2026-01-16,GBP,0.867
2026-01-16,INR,105.397
2026-01-16,JPY,183.67
2026-01-16,KRW,1711.1
2026-01-16,MXN,20.5333
2026-01-16,PHP,68.995
2026-01-16,PLN,4.2248
2026-01-16,SEK,10.719
2026-01-16,SGD,1.4962
2026-01-16,USD,1.1617
2026-01-16,ZAR,19.0382
2026-01-19,AUD,1.7342
2026-01-19,BRL,6.242
2026-01-19,CAD,1.6149
2026-01-19,CHF,0.9282
2026-01-19,GBP,0.8671
2026-01-19,INR,105.6965
2026-01-19,JPY,183.69
2026-01-19,KRW,1713.48
2026-01-19,MXN,20.5049
2026-01-19,PHP,69.139
2026-01-19,PLN,4.2253
2026-01-19,SEK,10.73
2026-01-19,SGD,1.4946
2026-01-19,USD,1.1631
2026-01-19,ZAR,19.0951
2026-01-20,AUD,1.742
2026-01-20,BRL,6.3209
2026-01-20,CAD,1.6215
2026-01-20,CHF,0.9268
2026-01-20,GBP,0.8722
2026-01-20,INR,106.677
2026-01-20,JPY,185.18
2026-01-20,KRW,1731.99
2026-01-20,MXN,20.6693
2026-01-20,PHP,69.527
2026-01-20,PLN,4.2273
2026-01-20,SEK,10.708
2026-01-20,SGD,1.5045
2026-01-20,USD,1.1728
2026-01-20,ZAR,19.2821
2026-01-21,AUD,1.734
2026-01-21,BRL,6.2773
2026-01-21,CAD,1.6192
2026-01-21,CHF,0.9268
2026-01-21,GBP,0.8744
2026-01-21,INR,107.5775
2026-01-21,JPY,185.23
2026-01-21,KRW,1719.32
2026-01-21,MXN,20.5175
2026-01-21,PHP,69.537
2026-01-21,PLN,4.2275
2026-01-21,SEK,10.661
2026-01-21,SGD,1.5045
2026-01-21,USD,1.1739
2026-01-21,ZAR,19.147
2026-01-22,AUD,1.7197
2026-01-22,BRL,6.2218
2026-01-22,CAD,1.6171
2026-01-22,CHF,0.9283
2026-01-22,GBP,0.8722
2026-01-22,INR,107.216
2026-01-22,JPY,185.88
2026-01-22,KRW,1718.11
2026-01-22,MXN,20.4678
2026-01-22,PHP,69.227
2026-01-22,PLN,4.2063
2026-01-22,SEK,10.594
2026-01-22,SGD,1.5026
2026-01-22,USD,1.1706
2026-01-22,ZAR,18.9855
2026-01-23,AUD,1.7104
2026-01-23,BRL,6.2011
2026-01-23,CAD,1.6161
2026-01-23,CHF,0.9277
2026-01-23,GBP,0.8681
2026-01-23,INR,107.864
2026-01-23,JPY,185.71
2026-01-23,KRW,1723.2
2026-01-23,MXN,20.4816
2026-01-23,PHP,69.368
2026-01-23,PLN,4.2035
2026-01-23,SEK,10.5705
2026-01-23,SGD,1.5016
2026-01-23,USD,1.1742
2026-01-23,ZAR,18.9582
2026-01-26,AUD,1.7133
2026-01-26,BRL,6.2569
2026-01-26,CAD,1.623
2026-01-26,CHF,0.9223
2026-01-26,GBP,0.8675
2026-01-26,INR,108.6115
2026-01-26,JPY,182.52
2026-01-26,KRW,1713.58
2026-01-26,MXN,20.5826
2026-01-26,PHP,70.017
2026-01-26,PLN,4.2085
2026-01-26,SEK,10.6265
2026-01-26,SGD,1.5044
2026-01-26,USD,1.1836
2026-01-26,ZAR,19.0243
2026-01-27,AUD,1.7167
2026-01-27,BRL,6.2692
2026-01-27,CAD,1.6316
2026-01-27,CHF,0.9197
2026-01-27,GBP,0.8683
2026-01-27,INR,109.288
2026-01-27,JPY,182.92
2026-01-27,KRW,1719.21
2026-01-27,MXN,20.6353
2026-01-27,PHP,70.434
2026-01-27,PLN,4.2023
2026-01-27,SEK,10.582
2026-01-27,SGD,1.5096
2026-01-27,USD,1.1929
2026-01-27,ZAR,19.0714
2026-01-28,AUD,1.7107
2026-01-28,BRL,6.1949
2026-01-28,CAD,1.6242
2026-01-28,CHF,0.9188
2026-01-28,GBP,0.8685
2026-01-28,INR,110.093
2026-01-28,JPY,182.76
2026-01-28,KRW,1710.88
2026-01-28,MXN,20.5413
2026-01-28,PHP,70.353
2026-01-28,PLN,4.2028
2026-01-28,SEK,10.5885
2026-01-28,SGD,1.5108
2026-01-28,USD,1.1974
2026-01-28,ZAR,19.0178
2026-01-29,AUD,1.6935
2026-01-29,BRL,6.2011
2026-01-29,CAD,1.6186
2026-01-29,CHF,0.9182
2026-01-29,GBP,0.8662
2026-01-29,INR,110.007
2026-01-29,JPY,183.48
2026-01-29,KRW,1712.42
2026-01-29,MXN,20.5261
2026-01-29,PHP,70.606
2026-01-29,PLN,4.2033
2026-01-29,SEK,10.5645
2026-01-29,SGD,1.5128
2026-01-29,USD,1.1968
2026-01-29,ZAR,18.7584
2026-01-30,AUD,1.7001
2026-01-30,BRL,6.2233
2026-01-30,CAD,1.612
2026-01-30,CHF,0.9157
2026-01-30,GBP,0.8662
2026-01-30,INR,109.5825
2026-01-30,JPY,183.59
2026-01-30,KRW,1719.47
2026-01-30,MXN,20.5979
2026-01-30,PHP,70.211
2026-01-30,PLN,4.2073
2026-01-30,SEK,10.5205
2026-01-30,SGD,1.5111
2026-01-30,USD,1.1919
2026-01-30,ZAR,18.9906
2026-02-02,AUD,1.7042
2026-02-02,BRL,6.2222
2026-02-02,CAD,1.6157
2026-02-02,CHF,0.9199
2026-02-02,GBP,0.8658
2026-02-02,INR,108.417
2026-02-02,JPY,183.59
2026-02-02,KRW,1719.74
2026-02-02,MXN,20.6131
2026-02-02,PHP,69.754
2026-02-02,PLN,4.2173
2026-02-02,SEK,10.5935
2026-02-02,SGD,1.5055
2026-02-02,USD,1.184
2026-02-02,ZAR,18.9774
2026-02-03,AUD,1.683
2026-02-03,BRL,6.1685
2026-02-03,CAD,1.6116
2026-02-03,CHF,0.9173
2026-02-03,GBP,0.8623
2026-02-03,INR,106.371
2026-02-03,JPY,183.92
2026-02-03,KRW,1709.44
2026-02-03,MXN,20.4245
2026-02-03,PHP,69.732
2026-02-03,PLN,4.2205
2026-02-03,SEK,10.5485
2026-02-03,SGD,1.4994
2026-02-03,USD,1.1801
2026-02-03,ZAR,18.8218
2026-02-04,AUD,1.6814
2026-02-04,BRL,6.1707
2026-02-04,CAD,1.6138
2026-02-04,CHF,0.9168
2026-02-04,GBP,0.8616
2026-02-04,INR,106.8698
2026-02-04,JPY,185.15
2026-02-04,KRW,1720.7
2026-02-04,MXN,20.3808
2026-02-04,PHP,69.721
2026-02-04,PLN,4.2235
2026-02-04,SEK,10.577
2026-02-04,SGD,1.5027
2026-02-04,USD,1.182
2026-02-04,ZAR,18.8381
2026-02-05,AUD,1.6922
2026-02-05,BRL,6.2059
2026-02-05,CAD,1.6144
2026-02-05,CHF,0.9161
2026-02-05,GBP,0.8691
2026-02-05,INR,106.546
2026-02-05,JPY,185.11
2026-02-05,KRW,1728.58
2026-02-05,MXN,20.5112
2026-02-05,PHP,69.299
2026-02-05,PLN,4.2205
2026-02-05,SEK,10.641
2026-02-05,SGD,1.5021
2026-02-05,USD,1.1798
2026-02-05,ZAR,19.0889
2026-02-06,AUD,1.688
2026-02-06,BRL,6.1767
2026-02-06,CAD,1.6118
2026-02-06,CHF,0.9175
2026-02-06,GBP,0.8679
2026-02-06,INR,106.9265
2026-02-06,JPY,185.27
2026-02-06,KRW,1730.68
2026-02-06,MXN,20.4787
2026-02-06,PHP,69.047
2026-02-06,PLN,4.2185
2026-02-06,SEK,10.6735
2026-02-06,SGD,1.5016
2026-02-06,USD,1.1794
2026-02-06,ZAR,19.017
2026-02-09,AUD,1.6843
2026-02-09,BRL,6.1725
2026-02-09,CAD,1.6174
2026-02-09,CHF,0.915
2026-02-09,GBP,0.8701
2026-02-09,INR,107.8375
2026-02-09,JPY,185.65
2026-02-09,KRW,1737.79
2026-02-09,MXN,20.4582
2026-02-09,PHP,69.516
2026-02-09,PLN,4.2118
2026-02-09,SEK,10.6505
2026-02-09,SGD,1.5067
2026-02-09,USD,1.1886
2026-02-09,ZAR,18.9883
2026-02-10,AUD,1.683
2026-02-10,BRL,6.1929
2026-02-10,CAD,1.6141
2026-02-10,CHF,0.9123
2026-02-10,GBP,0.8695
2026-02-10,INR,107.6878
2026-02-10,JPY,184.51
2026-02-10,KRW,1738.48
2026-02-10,MXN,20.4998
2026-02-10,PHP,69.605
2026-02-10,PLN,4.217
2026-02-10,SEK,10.6135
2026-02-10,SGD,1.5061
2026-02-10,USD,1.1894
2026-02-10,ZAR,18.9797
2026-02-11,AUD,1.6737
2026-02-11,BRL,6.1753
2026-02-11,CAD,1.6138
2026-02-11,CHF,0.9136
2026-02-11,GBP,0.8699
2026-02-11,INR,107.9515
2026-02-11,JPY,182.79
2026-02-11,KRW,1727.84
2026-02-11,MXN,20.4719
2026-02-11,PHP,69.347
2026-02-11,PLN,4.2135
2026-02-11,SEK,10.564
2026-02-11,SGD,1.5027
2026-02-11,USD,1.19
2026-02-11,ZAR,18.8989
2026-02-12,AUD,1.6678
2026-02-12,BRL,6.1461
2026-02-12,CAD,1.6128
2026-02-12,CHF,0.9142
2026-02-12,GBP,0.8711
2026-02-12,INR,107.565
2026-02-12,JPY,182.52
2026-02-12,KRW,1707.82
2026-02-12,MXN,20.3934
2026-02-12,PHP,68.894
2026-02-12,PLN,4.2158
2026-02-12,SEK,10.567
2026-02-12,SGD,1.4984
2026-02-12,USD,1.1874
2026-02-12,ZAR,18.874
2026-02-13,AUD,1.6824
2026-02-13,BRL,6.1916
2026-02-13,CAD,1.6161
2026-02-13,CHF,0.9121
2026-02-13,GBP,0.8716
2026-02-13,INR,107.481
2026-02-13,JPY,181.83
2026-02-13,KRW,1715.78
2026-02-13,MXN,20.4269
2026-02-13,PHP,68.63
2026-02-13,PLN,4.215
2026-02-13,SEK,10.6254
2026-02-13,SGD,1.4992
2026-02-13,USD,1.1862
2026-02-13,ZAR,19.019
2026-02-16,AUD,1.6731
2026-02-16,BRL,6.1935
2026-02-16,CAD,1.6155
2026-02-16,CHF,0.9129
2026-02-16,GBP,0.869
2026-02-16,INR,107.5625
2026-02-16,JPY,181.79
2026-02-16,KRW,1708.8
2026-02-16,MXN,20.3378
2026-02-16,PHP,68.722
2026-02-16,PLN,4.2105
2026-02-16,SEK,10.6205
2026-02-16,SGD,1.4962
2026-02-16,USD,1.1855
2026-02-16,ZAR,18.9092
2026-02-17,AUD,1.6776
2026-02-17,BRL,6.1788
2026-02-17,CAD,1.6149
2026-02-17,CHF,0.9116
2026-02-17,GBP,0.8733
2026-02-17,INR,107.2565
2026-02-17,JPY,181.06
2026-02-17,KRW,1709.83
2026-02-17,MXN,20.3572
2026-02-17,PHP,68.395
2026-02-17,PLN,4.2138
2026-02-17,SEK,10.648
2026-02-17,SGD,1.4946
2026-02-17,USD,1.1826
2026-02-17,ZAR,19.032
2026-02-18,AUD,1.6748
2026-02-18,BRL,6.1865
2026-02-18,CAD,1.6164
2026-02-18,CHF,0.9124
2026-02-18,GBP,0.8724
2026-02-18,INR,107.425
2026-02-18,JPY,181.99
2026-02-18,KRW,1712.66
2026-02-18,MXN,20.2709
2026-02-18,PHP,68.551
2026-02-18,PLN,4.2165
2026-02-18,SEK,10.616
2026-02-18,SGD,1.4971
2026-02-18,USD,1.1845
2026-02-18,ZAR,18.9794
2026-02-19,AUD,1.6698
2026-02-19,BRL,6.1519
2026-02-19,CAD,1.6107
2026-02-19,CHF,0.9119
2026-02-19,GBP,0.8738
2026-02-19,INR,107.183
2026-02-19,JPY,182.05
2026-02-19,KRW,1703.81
2026-02-19,MXN,20.3086
2026-02-19,PHP,68.225
2026-02-19,PLN,4.2215
2026-02-19,SEK,10.6915
2026-02-19,SGD,1.4916
2026-02-19,USD,1.1753
2026-02-19,ZAR,19.062
2026-02-20,AUD,1.6697
2026-02-20,BRL,6.1358
2026-02-20,CAD,1.6112
2026-02-20,CHF,0.9132
2026-02-20,GBP,0.8728
2026-02-20,INR,107.0155
2026-02-20,JPY,182.63
2026-02-20,KRW,1705.81
2026-02-20,MXN,20.2402
2026-02-20,PHP,68.428
2026-02-20,PLN,4.2238
2026-02-20,SEK,10.6745
2026-02-20,SGD,1.4931
2026-02-20,USD,1.1767
2026-02-20,ZAR,18.9417
2026-02-23,AUD,1.6669
2026-02-23,BRL,6.1059
2026-02-23,CAD,1.6132
2026-02-23,CHF,0.9145
2026-02-23,GBP,0.8734
2026-02-23,INR,107.115
2026-02-23,JPY,182.44
2026-02-23,KRW,1701.08
2026-02-23,MXN,20.2649
2026-02-23,PHP,67.913
2026-02-23,PLN,4.2173
2026-02-23,SEK,10.6955
2026-02-23,SGD,1.4923
2026-02-23,USD,1.1784
2026-02-23,ZAR,18.8679
2026-02-24,AUD,1.6718
2026-02-24,BRL,6.0968
2026-02-24,CAD,1.6148
2026-02-24,CHF,0.912
2026-02-24,GBP,0.8731
2026-02-24,INR,107.0865
2026-02-24,JPY,183.53
2026-02-24,KRW,1699.77
2026-02-24,MXN,20.3539
2026-02-24,PHP,68.027
2026-02-24,PLN,4.2203
2026-02-24,SEK,10.688
2026-02-24,SGD,1.4925
2026-02-24,USD,1.1777
2026-02-24,ZAR,18.853
2026-02-25,AUD,1.6617
2026-02-25,BRL,6.0437
2026-02-25,CAD,1.6133
2026-02-25,CHF,0.913
2026-02-25,GBP,0.8714
2026-02-25,INR,107.167
2026-02-25,JPY,184.7
2026-02-25,KRW,1682.64
2026-02-25,MXN,20.2079
2026-02-25,PHP,67.83
2026-02-25,PLN,4.2233
2026-02-25,SEK,10.6765
2026-02-25,SGD,1.4906
2026-02-25,USD,1.1784
2026-02-25,ZAR,18.6898
2026-02-26,AUD,1.6592
2026-02-26,BRL,6.0556
2026-02-26,CAD,1.6155
2026-02-26,CHF,0.914
2026-02-26,GBP,0.8719
2026-02-26,INR,107.421
2026-02-26,JPY,184.37
2026-02-26,KRW,1684.25
2026-02-26,MXN,20.2926
2026-02-26,PHP,68.073
2026-02-26,PLN,4.2225
2026-02-26,SEK,10.673
2026-02-26,SGD,1.4922
2026-02-26,USD,1.1814
2026-02-26,ZAR,18.7563
2026-02-27,AUD,1.6612
2026-02-27,BRL,6.0862
2026-02-27,CAD,1.6139
2026-02-27,CHF,0.9104
2026-02-27,GBP,0.8763
2026-02-27,INR,107.5205
2026-02-27,JPY,184.13
2026-02-27,KRW,1702.25
2026-02-27,MXN,20.3189
2026-02-27,PHP,68.095
2026-02-27,PLN,4.2243
2026-02-27,SEK,10.6643
2026-02-27,SGD,1.4942
2026-02-27,USD,1.1805
2026-02-27,ZAR,18.8178
2026-03-02,AUD,1.6579
2026-03-02,BRL,6.0908
2026-03-02,CAD,1.5991
2026-03-02,CHF,0.9117
2026-03-02,GBP,0.8739
2026-03-02,INR,107.317
2026-03-02,JPY,184.19
2026-03-02,KRW,1710.38
2026-03-02,MXN,20.2947
2026-03-02,PHP,68.135
2026-03-02,PLN,4.244
2026-03-02,SEK,10.708
2026-03-02,SGD,1.49
2026-03-02,USD,1.1698
2026-03-02,ZAR,18.9055
2026-03-03,AUD,1.6534
2026-03-03,BRL,6.0855
2026-03-03,CAD,1.5883
2026-03-03,CHF,0.9107
2026-03-03,GBP,0.8717
2026-03-03,INR,106.9525
2026-03-03,JPY,182.98
2026-03-03,KRW,1715.95
2026-03-03,MXN,20.3277
2026-03-03,PHP,67.853
2026-03-03,PLN,4.2865
2026-03-03,SEK,10.7265
2026-03-03,SGD,1.4833
2026-03-03,USD,1.1606
2026-03-03,ZAR,19.0262
2026-03-04,AUD,1.6503
2026-03-04,BRL,6.0805
2026-03-04,CAD,1.591
2026-03-04,CHF,0.9082
2026-03-04,GBP,0.8705
2026-03-04,INR,107.2678
2026-03-04,JPY,183.02
2026-03-04,KRW,1706.34
2026-03-04,MXN,20.4415
2026-03-04,PHP,68.111
2026-03-04,PLN,4.2588
2026-03-04,SEK,10.6785
2026-03-04,SGD,1.4844
2026-03-04,USD,1.1649
2026-03-04,ZAR,19.0098
2026-03-05,AUD,1.649
2026-03-05,BRL,6.0976
2026-03-05,CAD,1.5828
2026-03-05,CHF,0.9064
2026-03-05,GBP,0.8695
2026-03-05,INR,106.4773
2026-03-05,JPY,183.03
2026-03-05,KRW,1714.57
2026-03-05,MXN,20.4869
2026-03-05,PHP,68.11
2026-03-05,PLN,4.2725
2026-03-05,SEK,10.6885
2026-03-05,SGD,1.4839
2026-03-05,USD,1.1618
2026-03-05,ZAR,19.173
2026-03-06,AUD,1.6501
2026-03-06,BRL,6.1002
2026-03-06,CAD,1.5782
2026-03-06,CHF,0.9045
2026-03-06,GBP,0.86693
2026-03-06,INR,106.1745
2026-03-06,JPY,182.57
2026-03-06,KRW,1717.02
2026-03-06,MXN,20.5624
2026-03-06,PHP,68.525
2026-03-06,PLN,4.2875
2026-03-06,SEK,10.693
2026-03-06,SGD,1.481
2026-03-06,USD,1.1561
2026-03-06,ZAR,19.3277
2026-03-09,AUD,1.6465
2026-03-09,BRL,6.0435
2026-03-09,CAD,1.568
2026-03-09,CHF,0.9008
2026-03-09,GBP,0.8653
2026-03-09,INR,106.65
2026-03-09,JPY,183.15
2026-03-09,KRW,1716.06
2026-03-09,MXN,20.6231
2026-03-09,PHP,68.779
2026-03-09,PLN,4.2785
2026-03-09,SEK,10.6945
2026-03-09,SGD,1.4792
2026-03-09,USD,1.1555
2026-03-09,ZAR,19.27
2026-03-10,AUD,1.6355
2026-03-10,BRL,6.0276
2026-03-10,CAD,1.5777
2026-03-10,CHF,0.9027
2026-03-10,GBP,0.86545
2026-03-10,INR,107.05
2026-03-10,JPY,183.67
2026-03-10,KRW,1711.37
2026-03-10,MXN,20.4409
2026-03-10,PHP,68.703
2026-03-10,PLN,4.2548
2026-03-10,SEK,10.606
2026-03-10,SGD,1.481
2026-03-10,USD,1.1641
2026-03-10,ZAR,18.9618
2026-03-11,AUD,1.6195
2026-03-11,BRL,5.9887
2026-03-11,CAD,1.5742
2026-03-11,CHF,0.9031
2026-03-11,GBP,0.86363
2026-03-11,INR,106.629
2026-03-11,JPY,183.63
2026-03-11,KRW,1710.64
2026-03-11,MXN,20.4403
2026-03-11,PHP,68.622
2026-03-11,PLN,4.2523
2026-03-11,SEK,10.6543
2026-03-11,SGD,1.4757
2026-03-11,USD,1.1581
2026-03-11,ZAR,18.9949
2026-03-12,AUD,1.619
2026-03-12,BRL,5.9607
2026-03-12,CAD,1.5706
2026-03-12,CHF,0.9028
2026-03-12,GBP,0.86243
2026-03-12,INR,106.4745
2026-03-12,JPY,183.43
2026-03-12,KRW,1709.93
2026-03-12,MXN,20.4526
2026-03-12,PHP,68.622
2026-03-12,PLN,4.2578
2026-03-12,SEK,10.7108
2026-03-12,SGD,1.4726
2026-03-12,USD,1.1547
2026-03-12,ZAR,19.1007
2026-03-13,AUD,1.6293
2026-03-13,BRL,6.0172
2026-03-13,CAD,1.5726
2026-03-13,CHF,0.9034
2026-03-13,GBP,0.86503
2026-03-13,INR,106.0205
2026-03-13,JPY,182.85
2026-03-13,KRW,1711.87
2026-03-13,MXN,20.4517
2026-03-13,PHP,68.301
2026-03-13,PLN,4.2675
2026-03-13,SEK,10.7545
2026-03-13,SGD,1.4685
2026-03-13,USD,1.1476
2026-03-13,ZAR,19.2754
2026-03-16,AUD,1.6272
2026-03-16,BRL,6.0492
2026-03-16,CAD,1.5703
2026-03-16,CHF,0.9041
2026-03-16,GBP,0.86408
2026-03-16,INR,105.8818
2026-03-16,JPY,182.66
2026-03-16,KRW,1711.08
2026-03-16,MXN,20.4306
2026-03-16,PHP,68.579
2026-03-16,PLN,4.2683
2026-03-16,SEK,10.769
2026-03-16,SGD,1.4676
2026-03-16,USD,1.1478
2026-03-16,ZAR,19.2461
2026-03-17,AUD,1.6227
2026-03-17,BRL,6.0064
2026-03-17,CAD,1.5804
2026-03-17,CHF,0.9068
2026-03-17,GBP,0.8643
2026-03-17,INR,106.5055
2026-03-17,JPY,183.29
2026-03-17,KRW,1714.87
2026-03-17,MXN,20.3662
2026-03-17,PHP,68.677
2026-03-17,PLN,4.2593
2026-03-17,SEK,10.7055
2026-03-17,SGD,1.4723
2026-03-17,USD,1.1531
2026-03-17,ZAR,19.2092
2026-03-18,AUD,1.6305
2026-03-18,BRL,6.0079
2026-03-18,CAD,1.5774
2026-03-18,CHF,0.9073
2026-03-18,GBP,0.86393
2026-03-18,INR,106.83
2026-03-18,JPY,183.49
2026-03-18,KRW,1729.08
2026-03-18,MXN,20.3942
2026-03-18,PHP,69.001
2026-03-18,PLN,4.2713
2026-03-18,SEK,10.7778
2026-03-18,SGD,1.4734
2026-03-18,USD,1.15
2026-03-18,ZAR,19.4174
2026-03-19,AUD,1.6403
2026-03-19,BRL,6.0877
2026-03-19,CAD,1.577
2026-03-19,CHF,0.9121
2026-03-19,GBP,0.86388
2026-03-19,INR,107.133
2026-03-19,JPY,182.46
2026-03-19,KRW,1725.2
2026-03-19,MXN,20.5858
2026-03-19,PHP,69.112
2026-03-19,PLN,4.2853
2026-03-19,SEK,10.8065
2026-03-19,SGD,1.4744
2026-03-19,USD,1.1489
2026-03-19,ZAR,19.6105
2026-03-20,AUD,1.6351
2026-03-20,BRL,6.0724
2026-03-20,CAD,1.5849
2026-03-20,CHF,0.9096
2026-03-20,GBP,0.86438
2026-03-20,INR,108.175
2026-03-20,JPY,183.46
2026-03-20,KRW,1734.17
2026-03-20,MXN,20.5875
2026-03-20,PHP,69.18
2026-03-20,PLN,4.2783
2026-03-20,SEK,10.7825
2026-03-20,SGD,1.4793
2026-03-20,USD,1.1555
2026-03-20,ZAR,19.5117
2026-03-23,AUD,1.6519
2026-03-23,BRL,6.0989
2026-03-23,CAD,1.5896
2026-03-23,CHF,0.9124
2026-03-23,GBP,0.8642
2026-03-23,INR,108.099
2026-03-23,JPY,183.86
2026-03-23,KRW,1724.93
2026-03-23,MXN,20.6021
2026-03-23,PHP,69.162
2026-03-23,PLN,4.2643
2026-03-23,SEK,10.8328
2026-03-23,SGD,1.4791
2026-03-23,USD,1.1596
2026-03-23,ZAR,19.4939
2026-03-24,AUD,1.6652
2026-03-24,BRL,6.0949
2026-03-24,CAD,1.591
2026-03-24,CHF,0.9145
2026-03-24,GBP,0.86541
2026-03-24,INR,108.597
2026-03-24,JPY,183.91
2026-03-24,KRW,1734.48
2026-03-24,MXN,20.6974
2026-03-24,PHP,69.395
2026-03-24,PLN,4.2743
2026-03-24,SEK,10.8238
2026-03-24,SGD,1.4819
2026-03-24,USD,1.1572
2026-03-24,ZAR,19.7903
2026-03-25,AUD,1.6647
2026-03-25,BRL,6.0661
2026-03-25,CAD,1.5977
2026-03-25,CHF,0.9153
2026-03-25,GBP,0.86558
2026-03-25,INR,108.9005
2026-03-25,JPY,184.27
2026-03-25,KRW,1735.94
2026-03-25,MXN,20.5936
2026-03-25,PHP,69.626
2026-03-25,PLN,4.2718
2026-03-25,SEK,10.7715
2026-03-25,SGD,1.4829
2026-03-25,USD,1.1592
2026-03-25,ZAR,19.6061
2026-03-26,AUD,1.6693
2026-03-26,BRL,6.0425
2026-03-26,CAD,1.5964
2026-03-26,CHF,0.9151
2026-03-26,GBP,0.86515
2026-03-26,INR,108.6045
2026-03-26,JPY,184.19
2026-03-26,KRW,1738.14
2026-03-26,MXN,20.5603
2026-03-26,PHP,69.482
2026-03-26,PLN,4.2743
2026-03-26,SEK,10.8405
2026-03-26,SGD,1.4821
2026-03-26,USD,1.1539
2026-03-26,ZAR,19.6829
2026-03-27,AUD,1.6731
2026-03-27,BRL,6.0535
2026-03-27,CAD,1.5974
2026-03-27,CHF,0.9178
2026-03-27,GBP,0.8672
2026-03-27,INR,109.1945
2026-03-27,JPY,184.16
2026-03-27,KRW,1740.79
2026-03-27,MXN,20.7971
2026-03-27,PHP,69.752
2026-03-27,PLN,4.2875
2026-03-27,SEK,10.878
2026-03-27,SGD,1.4831
2026-03-27,USD,1.1517
2026-03-27,ZAR,19.7984
2026-03-30,AUD,1.674
2026-03-30,BRL,6.0179
2026-03-30,CAD,1.5987
2026-03-30,CHF,0.9187
2026-03-30,GBP,0.86803
2026-03-30,INR,108.7686
2026-03-30,JPY,183.12
2026-03-30,KRW,1742.93
2026-03-30,MXN,20.7784
2026-03-30,PHP,69.718
2026-03-30,PLN,4.2883
2026-03-30,SEK,10.906
2026-03-30,SGD,1.4812
2026-03-30,USD,1.1484
2026-03-30,ZAR,19.7347
2026-03-31,AUD,1.6693
2026-03-31,BRL,6.0065
2026-03-31,CAD,1.6022
2026-03-31,CHF,0.9194
2026-03-31,GBP,0.86833
2026-03-31,INR,107.8788
2026-03-31,JPY,183.39
2026-03-31,KRW,1753.22
2026-03-31,MXN,20.7101
2026-03-31,PHP,69.78
2026-03-31,PLN,4.289
2026-03-31,SEK,10.943
2026-03-31,SGD,1.4811
2026-03-31,USD,1.1498
2026-03-31,ZAR,19.6271
2026-04-01,AUD,1.6689
2026-04-01,BRL,5.9879
2026-04-01,CAD,1.6124
2026-04-01,CHF,0.9191
2026-04-01,GBP,0.87113
2026-04-01,INR,108.424
2026-04-01,JPY,183.73
2026-04-01,KRW,1746.33
2026-04-01,MXN,20.7188
2026-04-01,PHP,69.845
2026-04-01,PLN,4.2793
2026-04-01,SEK,10.888
2026-04-01,SGD,1.4875
2026-04-01,USD,1.1605
2026-04-01,ZAR,19.4745
2026-04-02,AUD,1.6771
2026-04-02,BRL,5.972
2026-04-02,CAD,1.603
2026-04-02,CHF,0.9213
2026-04-02,GBP,0.87253
2026-04-02,INR,107.3
2026-04-02,JPY,183.94
2026-04-02,KRW,1747.94
2026-04-02,MXN,20.6749
2026-04-02,PHP,69.86
2026-04-02,PLN,4.2855
2026-04-02,SEK,10.948
2026-04-02,SGD,1.4834
2026-04-02,USD,1.1525
2026-04-02,ZAR,19.6061
2026-04-07,AUD,1.6665
2026-04-07,BRL,5.9506
2026-04-07,CAD,1.6078
2026-04-07,CHF,0.9242
2026-04-07,GBP,0.87258
2026-04-07,INR,107.4895
2026-04-07,JPY,184.73
2026-04-07,KRW,1730.56
2026-04-07,MXN,20.5167
2026-04-07,PHP,69.628
2026-04-07,PLN,4.2753
2026-04-07,SEK,10.99
2026-04-07,SGD,1.4847
2026-04-07,USD,1.1557
2026-04-07,ZAR,19.5192
2026-04-08,AUD,1.6589
2026-04-08,BRL,5.9488
2026-04-08,CAD,1.6225
2026-04-08,CHF,0.9223
2026-04-08,GBP,0.86893
2026-04-08,INR,107.9533
2026-04-08,JPY,185.13
2026-04-08,KRW,1725.73
2026-04-08,MXN,20.3696
2026-04-08,PHP,69.531
2026-04-08,PLN,4.2538
2026-04-08,SEK,10.784
2026-04-08,SGD,1.49
2026-04-08,USD,1.1706
2026-04-08,ZAR,19.093
2026-04-09,AUD,1.6593
2026-04-09,BRL,5.9584
2026-04-09,CAD,1.6175
2026-04-09,CHF,0.924
2026-04-09,GBP,0.87053
2026-04-09,INR,108.2738
2026-04-09,JPY,185.7
2026-04-09,KRW,1728.78
2026-04-09,MXN,20.3739
2026-04-09,PHP,69.883
2026-04-09,PLN,4.2558
2026-04-09,SEK,10.8765
2026-04-09,SGD,1.4891
2026-04-09,USD,1.1685
2026-04-09,ZAR,19.2009
2026-04-10,AUD,1.6561
2026-04-10,BRL,5.9191
2026-04-10,CAD,1.6187
2026-04-10,CHF,0.9241
2026-04-10,GBP,0.87105
2026-04-10,INR,108.7795
2026-04-10,JPY,186.43
2026-04-10,KRW,1737.06
2026-04-10,MXN,20.3184
2026-04-10,PHP,70.088
2026-04-10,PLN,4.2435
2026-04-10,SEK,10.836
2026-04-10,SGD,1.4919
2026-04-10,USD,1.1711
2026-04-10,ZAR,19.2389
2026-04-13,AUD,1.661
2026-04-13,BRL,5.874
2026-04-13,CAD,1.6177
2026-04-13,CHF,0.9242
2026-04-13,GBP,0.87058
2026-04-13,INR,109.047
2026-04-13,JPY,186.75
2026-04-13,KRW,1740.86
2026-04-13,MXN,20.3203
2026-04-13,PHP,70.356
2026-04-13,PLN,4.2543
2026-04-13,SEK,10.892
2026-04-13,SGD,1.4912
2026-04-13,USD,1.1684
2026-04-13,ZAR,19.3849
2026-04-14,AUD,1.6558
2026-04-14,BRL,5.8747
2026-04-14,CAD,1.6225
2026-04-14,CHF,0.921
2026-04-14,GBP,0.86913
2026-04-14,INR,109.7765
2026-04-14,JPY,187.33
2026-04-14,KRW,1734.18
2026-04-14,MXN,20.3173
2026-04-14,PHP,70.578
2026-04-14,PLN,4.2425
2026-04-14,SEK,10.798
2026-04-14,SGD,1.4993
2026-04-14,USD,1.1793
2026-04-14,ZAR,19.2845
2026-04-15,AUD,1.6507
2026-04-15,BRL,5.8878
2026-04-15,CAD,1.6235
2026-04-15,CHF,0.922
2026-04-15,GBP,0.86935
2026-04-15,INR,110.0695
2026-04-15,JPY,187.41
2026-04-15,KRW,1740.02
2026-04-15,MXN,20.3859
2026-04-15,PHP,70.794
2026-04-15,PLN,4.2413
2026-04-15,SEK,10.85
2026-04-15,SGD,1.4991
2026-04-15,USD,1.178
2026-04-15,ZAR,19.3368
2026-04-16,AUD,1.6425
2026-04-16,BRL,5.8771
2026-04-16,CAD,1.6174
2026-04-16,CHF,0.923
2026-04-16,GBP,0.86993
2026-04-16,INR,109.8595
2026-04-16,JPY,187.31
2026-04-16,KRW,1739.62
2026-04-16,MXN,20.3467
2026-04-16,PHP,70.666
2026-04-16,PLN,4.2423
2026-04-16,SEK,10.804
2026-04-16,SGD,1.4985
2026-04-16,USD,1.1782
2026-04-16,ZAR,19.3046
2026-04-17,AUD,1.6438
2026-04-17,BRL,5.8707
2026-04-17,CAD,1.6129
2026-04-17,CHF,0.9231
2026-04-17,GBP,0.87168
2026-04-17,INR,109.5025
2026-04-17,JPY,187.72
2026-04-17,KRW,1744.76
2026-04-17,MXN,20.3144
2026-04-17,PHP,70.865
2026-04-17,PLN,4.2328
2026-04-17,SEK,10.803
2026-04-17,SGD,1.5009
2026-04-17,USD,1.1797
2026-04-17,ZAR,19.3293
2026-04-20,AUD,1.6432
2026-04-20,BRL,5.8601
2026-04-20,CAD,1.6105
2026-04-20,CHF,0.9189
2026-04-20,GBP,0.87045
2026-04-20,INR,109.4525
2026-04-20,JPY,186.88
2026-04-20,KRW,1729.01
2026-04-20,MXN,20.4036
2026-04-20,PHP,70.411
2026-04-20,PLN,4.2335
2026-04-20,SEK,10.7685
2026-04-20,SGD,1.4952
2026-04-20,USD,1.176
2026-04-20,ZAR,19.2275
2026-04-21,AUD,1.6423
2026-04-21,BRL,5.841
2026-04-21,CAD,1.607
2026-04-21,CHF,0.9172
2026-04-21,GBP,0.87035
2026-04-21,INR,110.0275
2026-04-21,JPY,187.14
2026-04-21,KRW,1729.57
2026-04-21,MXN,20.3666
2026-04-21,PHP,70.407
2026-04-21,PLN,4.2295
2026-04-21,SEK,10.7495
2026-04-21,SGD,1.4961
2026-04-21,USD,1.1767
2026-04-21,ZAR,19.262
2026-04-22,AUD,1.6404
2026-04-22,BRL,5.8333
2026-04-22,CAD,1.6034
2026-04-22,CHF,0.9175
2026-04-22,GBP,0.86903
2026-04-22,INR,110.0605
2026-04-22,JPY,186.81
2026-04-22,KRW,1734.2
2026-04-22,MXN,20.3207
2026-04-22,PHP,70.578
2026-04-22,PLN,4.2468
2026-04-22,SEK,10.776
2026-04-22,SGD,1.4945
2026-04-22,USD,1.1733
2026-04-22,ZAR,19.323
2026-04-23,AUD,1.6347
2026-04-23,BRL,5.8037
2026-04-23,CAD,1.5986
2026-04-23,CHF,0.9177
2026-04-23,GBP,0.86575
2026-04-23,INR,110.052
2026-04-23,JPY,186.5
2026-04-23,KRW,1729.96
2026-04-23,MXN,20.291
2026-04-23,PHP,70.651
2026-04-23,PLN,4.2428
2026-04-23,SEK,10.7795
2026-04-23,SGD,1.4919
2026-04-23,USD,1.1694
2026-04-23,ZAR,19.2576
2026-04-24,AUD,1.6393
2026-04-24,BRL,5.8567
2026-04-24,CAD,1.6023
2026-04-24,CHF,0.9199
2026-04-24,GBP,0.86803
2026-04-24,INR,110.3885
2026-04-24,JPY,186.71
2026-04-24,KRW,1729.91
2026-04-24,MXN,20.3646
2026-04-24,PHP,71.039
2026-04-24,PLN,4.2403
2026-04-24,SEK,10.82
2026-04-24,SGD,1.4949
2026-04-24,USD,1.1712
2026-04-24,ZAR,19.3974
2026-04-27,AUD,1.6337
2026-04-27,BRL,5.837
2026-04-27,CAD,1.5979
2026-04-27,CHF,0.921
2026-04-27,GBP,0.8658
2026-04-27,INR,110.6745
2026-04-27,JPY,187.06
2026-04-27,KRW,1728.54
2026-04-27,MXN,20.3899
2026-04-27,PHP,71.385
2026-04-27,PLN,4.2443
2026-04-27,SEK,10.7885
2026-04-27,SGD,1.4954
2026-04-27,USD,1.1749
2026-04-27,ZAR,19.3608
2026-04-28,AUD,1.6327
2026-04-28,BRL,5.842
2026-04-28,CAD,1.5974
2026-04-28,CHF,0.9238
2026-04-28,GBP,0.86715
2026-04-28,INR,110.426
2026-04-28,JPY,186.58
2026-04-28,KRW,1725.01
2026-04-28,MXN,20.3893
2026-04-28,PHP,71.58
2026-04-28,PLN,4.2478
2026-04-28,SEK,10.8485
2026-04-28,SGD,1.493
2026-04-28,USD,1.168
2026-04-28,ZAR,19.4289
2026-04-29,AUD,1.6344
2026-04-29,BRL,5.8359
2026-04-29,CAD,1.6007
2026-04-29,CHF,0.9236
2026-04-29,GBP,0.86643
2026-04-29,INR,111.0315
2026-04-29,JPY,187.05
2026-04-29,KRW,1730.59
2026-04-29,MXN,20.367
2026-04-29,PHP,72.111
2026-04-29,PLN,4.2518
2026-04-29,SEK,10.8405
2026-04-29,SGD,1.4952
2026-04-29,USD,1.1706
2026-04-29,ZAR,19.4303
2026-04-30,AUD,1.6371
2026-04-30,BRL,5.8292
2026-04-30,CAD,1.5994
2026-04-30,CHF,0.919
2026-04-30,GBP,0.86625
2026-04-30,INR,111.0695
2026-04-30,JPY,183.21
2026-04-30,KRW,1728.39
2026-04-30,MXN,20.4973
2026-04-30,PHP,71.918
2026-04-30,PLN,4.2605
2026-04-30,SEK,10.8555
2026-04-30,SGD,1.4934
2026-04-30,USD,1.1702
2026-04-30,ZAR,19.648
2026-05-04,AUD,1.6289
2026-05-04,BRL,5.8103
2026-05-04,CAD,1.593
2026-05-04,CHF,0.9173
2026-05-04,GBP,0.86358
2026-05-04,INR,111.2585
2026-05-04,JPY,183.83
2026-05-04,KRW,1722.28
2026-05-04,MXN,20.4637
2026-05-04,PHP,72.123
2026-05-04,PLN,4.257
2026-05-04,SEK,10.835
2026-05-04,SGD,1.4927
2026-05-04,USD,1.17
2026-05-04,ZAR,19.568
2026-05-05,AUD,1.6299
2026-05-05,BRL,5.7875
2026-05-05,CAD,1.591
2026-05-05,CHF,0.9165
2026-05-05,GBP,0.86343
2026-05-05,INR,111.35
2026-05-05,JPY,184.42
2026-05-05,KRW,1721.29
2026-05-05,MXN,20.3819
2026-05-05,PHP,71.995
2026-05-05,PLN,4.2543
2026-05-05,SEK,10.84
2026-05-05,SGD,1.4925
2026-05-05,USD,1.1686
2026-05-05,ZAR,19.5044
2026-05-06,AUD,1.6238
2026-05-06,BRL,5.7742
2026-05-06,CAD,1.5999
2026-05-06,CHF,0.9165
2026-05-06,GBP,0.8637
2026-05-06,INR,111.2865
2026-05-06,JPY,183.74
2026-05-06,KRW,1703.26
2026-05-06,MXN,20.3017
2026-05-06,PHP,71.463
2026-05-06,PLN,4.233
2026-05-06,SEK,10.8335
2026-05-06,SGD,1.4917
2026-05-06,USD,1.1762
2026-05-06,ZAR,19.2959
2026-05-07,AUD,1.6219
2026-05-07,BRL,5.787
2026-05-07,CAD,1.604
2026-05-07,CHF,0.9157
2026-05-07,GBP,0.8641
2026-05-07,INR,110.938
2026-05-07,JPY,184.07
2026-05-07,KRW,1707.4
2026-05-07,MXN,20.2473
2026-05-07,PHP,71.061
2026-05-07,PLN,4.227
2026-05-07,SEK,10.825
2026-05-07,SGD,1.4898
2026-05-07,USD,1.177
2026-05-07,ZAR,19.1354
2026-05-08,AUD,1.6259
2026-05-08,BRL,5.7794
2026-05-08,CAD,1.6063
2026-05-08,CHF,0.9156
2026-05-08,GBP,0.8641
2026-05-08,INR,111.1285
2026-05-08,JPY,184.37
2026-05-08,KRW,1725.08
2026-05-08,MXN,20.2716
2026-05-08,PHP,71.136
2026-05-08,PLN,4.2318
2026-05-08,SEK,10.842
2026-05-08,SGD,1.4911
2026-05-08,USD,1.1761
2026-05-08,ZAR,19.3109
2026-05-11,AUD,1.6249
2026-05-11,BRL,5.7671
2026-05-11,CAD,1.6079
2026-05-11,CHF,0.9163
2026-05-11,GBP,0.86488
2026-05-11,INR,112.1385
2026-05-11,JPY,184.87
2026-05-11,KRW,1732.87
2026-05-11,MXN,20.2592
2026-05-11,PHP,71.683
2026-05-11,PLN,4.2398
2026-05-11,SEK,10.8765
2026-05-11,SGD,1.4938
2026-05-11,USD,1.1765
2026-05-11,ZAR,19.3488
2026-05-12,AUD,1.6252
2026-05-12,BRL,5.7561
2026-05-12,CAD,1.6088
2026-05-12,CHF,0.9172
2026-05-12,GBP,0.86803
2026-05-12,INR,112.2585
2026-05-12,JPY,184.98
2026-05-12,KRW,1747.64
2026-05-12,MXN,20.2454
2026-05-12,PHP,72.152
2026-05-12,PLN,4.248
2026-05-12,SEK,10.8935
2026-05-12,SGD,1.4937
2026-05-12,USD,1.1738
2026-05-12,ZAR,19.399
2026-05-13,AUD,1.6158
2026-05-13,BRL,5.7449
2026-05-13,CAD,1.6039
2026-05-13,CHF,0.9155
2026-05-13,GBP,0.86713
2026-05-13,INR,112.0793
2026-05-13,JPY,184.83
2026-05-13,KRW,1743.87
2026-05-13,MXN,20.1774
2026-05-13,PHP,71.925
2026-05-13,PLN,4.2513
2026-05-13,SEK,10.915
2026-05-13,SGD,1.4904
2026-05-13,USD,1.1715
2026-05-13,ZAR,19.2712
2026-05-14,AUD,1.6162
2026-05-14,BRL,5.8475
2026-05-14,CAD,1.606
2026-05-14,CHF,0.915
2026-05-14,GBP,0.86618
2026-05-14,INR,112.0675
2026-05-14,JPY,184.83
2026-05-14,KRW,1745.62
2026-05-14,MXN,20.1255
2026-05-14,PHP,71.998
2026-05-14,PLN,4.2378
2026-05-14,SEK,10.9145
2026-05-14,SGD,1.4901
2026-05-14,USD,1.1702
2026-05-14,ZAR,19.1994
2026-05-15,AUD,1.6265
2026-05-15,BRL,5.8517
2026-05-15,CAD,1.5995
2026-05-15,CHF,0.9144
2026-05-15,GBP,0.8705
2026-05-15,INR,111.594
2026-05-15,JPY,184.36
2026-05-15,KRW,1743.76
2026-05-15,MXN,20.2024
2026-05-15,PHP,71.738
2026-05-15,PLN,4.2465
2026-05-15,SEK,10.982
2026-05-15,SGD,1.4884
2026-05-15,USD,1.1628
2026-05-15,ZAR,19.3739
2026-05-18,AUD,1.6256
2026-05-18,BRL,5.8697
2026-05-18,CAD,1.6006
2026-05-18,CHF,0.9144
2026-05-18,GBP,0.8702
2026-05-18,INR,112.2285
2026-05-18,JPY,184.93
2026-05-18,KRW,1744.64
2026-05-18,MXN,20.1417
2026-05-18,PHP,71.851
2026-05-18,PLN,4.2443
2026-05-18,SEK,10.9465
2026-05-18,SGD,1.4895
2026-05-18,USD,1.1648
2026-05-18,ZAR,19.3632
2026-05-19,AUD,1.6327
2026-05-19,BRL,5.837
2026-05-19,CAD,1.5985
2026-05-19,CHF,0.915
2026-05-19,GBP,0.86671
2026-05-19,INR,112.1815
2026-05-19,JPY,184.89
2026-05-19,KRW,1753.17
2026-05-19,MXN,20.152
2026-05-19,PHP,71.72
2026-05-19,PLN,4.2435
2026-05-19,SEK,10.909
2026-05-19,SGD,1.4887
2026-05-19,USD,1.162
2026-05-19,ZAR,19.3449
2026-05-20,AUD,1.6271
2026-05-20,BRL,5.8347
2026-05-20,CAD,1.5959
2026-05-20,CHF,0.9165
2026-05-20,GBP,0.86555
2026-05-20,INR,112.317
2026-05-20,JPY,184.48
2026-05-20,KRW,1746.31
2026-05-20,MXN,20.1472
2026-05-20,PHP,71.568
2026-05-20,PLN,4.255
2026-05-20,SEK,10.8775
2026-05-20,SGD,1.4852
2026-05-20,USD,1.16
2026-05-20,ZAR,19.2485
2026-05-21,AUD,1.6273
2026-05-21,BRL,5.8134
2026-05-21,CAD,1.5972
2026-05-21,CHF,0.9145
2026-05-21,GBP,0.86433
2026-05-21,INR,111.5885
2026-05-21,JPY,184.59
2026-05-21,KRW,1749.99
2026-05-21,MXN,20.1257
2026-05-21,PHP,71.447
2026-05-21,PLN,4.2483
2026-05-21,SEK,10.8615
2026-05-21,SGD,1.4848
2026-05-21,USD,1.1599
2026-05-21,ZAR,19.2009
2026-05-22,AUD,1.6283
2026-05-22,BRL,5.8165
2026-05-22,CAD,1.6002
2026-05-22,CHF,0.9119
2026-05-22,GBP,0.86418
2026-05-22,INR,110.9585
2026-05-22,JPY,184.53
2026-05-22,KRW,1759.6
2026-05-22,MXN,20.1045
2026-05-22,PHP,71.45
2026-05-22,PLN,4.242
2026-05-22,SEK,10.8695
2026-05-22,SGD,1.4846
2026-05-22,USD,1.1595
2026-05-22,ZAR,19.1045
2026-05-25,AUD,1.624
2026-05-25,BRL,5.8245
2026-05-25,CAD,1.6082
2026-05-25,CHF,0.9099
2026-05-25,GBP,0.86255
2026-05-25,INR,110.887
2026-05-25,JPY,185.04
2026-05-25,KRW,1762.46
2026-05-25,MXN,20.1052
2026-05-25,PHP,71.355
2026-05-25,PLN,4.2345
2026-05-25,SEK,10.7965
2026-05-25,SGD,1.4873
2026-05-25,USD,1.1643
2026-05-25,ZAR,19.0121
2026-05-26,AUD,1.6236
2026-05-26,BRL,5.8404
2026-05-26,CAD,1.6069
2026-05-26,CHF,0.9136
2026-05-26,GBP,0.86375
2026-05-26,INR,111.32
2026-05-26,JPY,185.22
2026-05-26,KRW,1751.27
2026-05-26,MXN,20.1134
2026-05-26,PHP,71.607
2026-05-26,PLN,4.2315
2026-05-26,SEK,10.8245
2026-05-26,SGD,1.4866
2026-05-26,USD,1.1634
2026-05-26,ZAR,19.03
2026-05-27,AUD,1.6321
2026-05-27,BRL,5.8718
2026-05-27,CAD,1.6099
2026-05-27,CHF,0.9153
2026-05-27,GBP,0.86618
2026-05-27,INR,111.365
2026-05-27,JPY,185.52
2026-05-27,KRW,1745.2
2026-05-27,MXN,20.1544
2026-05-27,PHP,71.515
2026-05-27,PLN,4.2365
2026-05-27,SEK,10.7895
2026-05-27,SGD,1.4869
2026-05-27,USD,1.1637
2026-05-27,ZAR,19.0375
2026-05-28,AUD,1.6318
2026-05-28,BRL,5.8928
2026-05-28,CAD,1.6094
2026-05-28,CHF,0.9167
2026-05-28,GBP,0.86665
2026-05-28,INR,111.1705
2026-05-28,JPY,185.24
2026-05-28,KRW,1745.84
2026-05-28,MXN,20.2002
2026-05-28,PHP,71.51
2026-05-28,PLN,4.2335
2026-05-28,SEK,10.8215
2026-05-28,SGD,1.4865
2026-05-28,USD,1.1617
2026-05-28,ZAR,18.9939
2026-05-29,AUD,1.6238
2026-05-29,BRL,5.8747
2026-05-29,CAD,1.6074
2026-05-29,CHF,0.9111
2026-05-29,GBP,0.86723
2026-05-29,INR,110.6195
2026-05-29,JPY,185.45
2026-05-29,KRW,1753.9
2026-05-29,MXN,20.1905
2026-05-29,PHP,71.694
2026-05-29,PLN,4.2275
2026-05-29,SEK,10.772
2026-05-29,SGD,1.487
2026-05-29,USD,1.1644
2026-05-29,ZAR,18.8913
2026-06-01,AUD,1.6234
2026-06-01,BRL,5.8515
2026-06-01,CAD,1.6106
2026-06-01,CHF,0.9128
2026-06-01,GBP,0.86493
2026-06-01,INR,110.629
2026-06-01,JPY,185.74
2026-06-01,KRW,1756.96
2026-06-01,MXN,20.1794
2026-06-01,PHP,71.916
2026-06-01,PLN,4.233
2026-06-01,SEK,10.789
2026-06-01,SGD,1.4881
2026-06-01,USD,1.1646
2026-06-01,ZAR,18.9289
2026-06-02,AUD,1.6221
2026-06-02,BRL,5.831
2026-06-02,CAD,1.6119
2026-06-02,CHF,0.9149
2026-06-02,GBP,0.86465
2026-06-02,INR,110.9845
2026-06-02,JPY,186.09
2026-06-02,KRW,1767.33
2026-06-02,MXN,20.1334
2026-06-02,PHP,71.832
2026-06-02,PLN,4.2345
2026-06-02,SEK,10.825
2026-06-02,SGD,1.4892
2026-06-02,USD,1.1649
2026-06-02,ZAR,18.8756
2026-06-03,AUD,1.6218
2026-06-03,BRL,5.8284
2026-06-03,CAD,1.6094
2026-06-03,CHF,0.9167
2026-06-03,GBP,0.8637
2026-06-03,INR,111.1575
2026-06-03,JPY,185.66
2026-06-03,KRW,1778.09
2026-06-03,MXN,20.0818
2026-06-03,PHP,71.737
2026-06-03,PLN,4.2383
2026-06-03,SEK,10.884
2026-06-03,SGD,1.489
2026-06-03,USD,1.1614
2026-06-03,ZAR,18.8963
2026-06-04,AUD,1.6297
2026-06-04,BRL,5.8951
2026-06-04,CAD,1.6176
2026-06-04,CHF,0.9168
2026-06-04,GBP,0.8649
2026-06-04,INR,111.4945
2026-06-04,JPY,186.01
2026-06-04,KRW,1783.85
2026-06-04,MXN,20.1172
2026-06-04,PHP,71.687
2026-06-04,PLN,4.2368
2026-06-04,SEK,10.8803
2026-06-04,SGD,1.4929
2026-06-04,USD,1.164
2026-06-04,ZAR,18.9027
2026-06-05,AUD,1.6301
2026-06-05,BRL,5.8897
2026-06-05,CAD,1.6159
2026-06-05,CHF,0.9175
2026-06-05,GBP,0.86433
2026-06-05,INR,110.5215
2026-06-05,JPY,186.08
2026-06-05,KRW,1793.64
2026-06-05,MXN,20.1029
2026-06-05,PHP,71.532
2026-06-05,PLN,4.2338
2026-06-05,SEK,10.8675
2026-06-05,SGD,1.4939
2026-06-05,USD,1.164
2026-06-05,ZAR,18.9389
2026-06-08,AUD,1.6311
2026-06-08,BRL,5.9353
2026-06-08,CAD,1.6083
2026-06-08,CHF,0.9187
2026-06-08,GBP,0.8636
2026-06-08,INR,110.4475
2026-06-08,JPY,184.6
2026-06-08,KRW,1763.26
2026-06-08,MXN,20.0945
2026-06-08,PHP,71.193
2026-06-08,PLN,4.2423
2026-06-08,SEK,10.876
2026-06-08,SGD,1.4855
2026-06-08,USD,1.154
2026-06-08,ZAR,18.9991
2026-06-09,AUD,1.6391
2026-06-09,BRL,5.9751
2026-06-09,CAD,1.6111
2026-06-09,CHF,0.9206
2026-06-09,GBP,0.8634
2026-06-09,INR,110.3495
2026-06-09,JPY,185.35
2026-06-09,KRW,1765.44
2026-06-09,MXN,20.1157
2026-06-09,PHP,71.157
2026-06-09,PLN,4.2373
2026-06-09,SEK,10.885
2026-06-09,SGD,1.4873
2026-06-09,USD,1.1573
2026-06-09,ZAR,19.0416
2026-06-10,AUD,1.6475
2026-06-10,BRL,5.9896
2026-06-10,CAD,1.6073
2026-06-10,CHF,0.9222
2026-06-10,GBP,0.86228
2026-06-10,INR,109.9275
2026-06-10,JPY,185.19
2026-06-10,KRW,1759.12
2026-06-10,MXN,20.1688
2026-06-10,PHP,70.832
2026-06-10,PLN,4.249
2026-06-10,SEK,10.9655
2026-06-10,SGD,1.4866
2026-06-10,USD,1.1539
2026-06-10,ZAR,19.1568
2026-06-11,AUD,1.6487
2026-06-11,BRL,5.9536
2026-06-11,CAD,1.6127
2026-06-11,CHF,0.9221
2026-06-11,GBP,0.8633
2026-06-11,INR,110.484
2026-06-11,JPY,185.21
2026-06-11,KRW,1764.62
2026-06-11,MXN,20.0653
2026-06-11,PHP,70.76
2026-06-11,PLN,4.2518
2026-06-11,SEK,10.9935
2026-06-11,SGD,1.4857
2026-06-11,USD,1.1537
2026-06-11,ZAR,19.0392
2026-06-12,AUD,1.6442
2026-06-12,BRL,5.9076
2026-06-12,CAD,1.618
2026-06-12,CHF,0.9217
2026-06-12,GBP,0.86305
2026-06-12,INR,110.0195
2026-06-12,JPY,185.3
2026-06-12,KRW,1758.43
2026-06-12,MXN,19.9234
2026-06-12,PHP,70.315
2026-06-12,PLN,4.248
2026-06-12,SEK,10.928
2026-06-12,SGD,1.4854
2026-06-12,USD,1.1567
2026-06-12,ZAR,18.8571
2026-06-15,AUD,1.6424
2026-06-15,BRL,5.8613
2026-06-15,CAD,1.6228
2026-06-15,CHF,0.9212
2026-06-15,GBP,0.86483
2026-06-15,INR,109.9355
2026-06-15,JPY,185.93
2026-06-15,KRW,1757.65
2026-06-15,MXN,19.9772
2026-06-15,PHP,70.028
2026-06-15,PLN,4.246
2026-06-15,SEK,10.8975
2026-06-15,SGD,1.4882
2026-06-15,USD,1.1607
2026-06-15,ZAR,18.8194
2026-06-16,AUD,1.6411
2026-06-16,BRL,5.8669
2026-06-16,CAD,1.6248
2026-06-16,CHF,0.9224
2026-06-16,GBP,0.86471
2026-06-16,INR,109.6335
2026-06-16,JPY,185.94
2026-06-16,KRW,1749.36
2026-06-16,MXN,19.9448
2026-06-16,PHP,69.925
2026-06-16,PLN,4.2429
2026-06-16,SEK,10.897
2026-06-16,SGD,1.4866
2026-06-16,USD,1.1594
2026-06-16,ZAR,18.7702
2026-06-17,AUD,1.6418
2026-06-17,BRL,5.8929
2026-06-17,CAD,1.6241
2026-06-17,CHF,0.9193
2026-06-17,GBP,0.86463
2026-06-17,INR,109.5745
2026-06-17,JPY,185.82
2026-06-17,KRW,1758.45
2026-06-17,MXN,19.9487
2026-06-17,PHP,70.054
2026-06-17,PLN,4.241
2026-06-17,SEK,10.891
2026-06-17,SGD,1.4876
2026-06-17,USD,1.1591
2026-06-17,ZAR,18.8026
2026-06-18,AUD,1.6362
2026-06-18,BRL,5.8989
2026-06-18,CAD,1.6189
2026-06-18,CHF,0.9218
2026-06-18,GBP,0.86638
2026-06-18,INR,108.1155
2026-06-18,JPY,184.44
2026-06-18,KRW,1763.72
2026-06-18,MXN,19.9323
2026-06-18,PHP,69.492
2026-06-18,PLN,4.258
2026-06-18,SEK,10.9845
2026-06-18,SGD,1.4795
2026-06-18,USD,1.1461
2026-06-18,ZAR,18.8311
2026-06-19,AUD,1.6348
2026-06-19,BRL,5.9173
2026-06-19,CAD,1.6228
2026-06-19,CHF,0.9248
2026-06-19,GBP,0.86653
2026-06-19,INR,108.1675
2026-06-19,JPY,184.88
2026-06-19,KRW,1757.1
2026-06-19,MXN,19.8796
2026-06-19,PHP,69.645
2026-06-19,PLN,4.2615
2026-06-19,SEK,10.974
2026-06-19,SGD,1.4804
2026-06-19,USD,1.1467
2026-06-19,ZAR,18.8907
2026-06-22,AUD,1.6346
2026-06-22,BRL,5.902
2026-06-22,CAD,1.6223
2026-06-22,CHF,0.9257
2026-06-22,GBP,0.86468
2026-06-22,INR,108.473
2026-06-22,JPY,185.33
2026-06-22,KRW,1760.88
2026-06-22,MXN,19.8545
2026-06-22,PHP,69.924
2026-06-22,PLN,4.268
2026-06-22,SEK,10.998
2026-06-22,SGD,1.481
2026-06-22,USD,1.1456
2026-06-22,ZAR,18.8014
2026-06-23,AUD,1.6423
2026-06-23,BRL,5.8925
2026-06-23,CAD,1.6162
2026-06-23,CHF,0.9225
2026-06-23,GBP,0.862
2026-06-23,INR,107.928
2026-06-23,JPY,184.02
2026-06-23,KRW,1749.98
2026-06-23,MXN,19.9201
2026-06-23,PHP,69.551
2026-06-23,PLN,4.2825
2026-06-23,SEK,11.0585
2026-06-23,SGD,1.4763
2026-06-23,USD,1.1392
2026-06-23,ZAR,18.7785
2026-06-24,AUD,1.6436
2026-06-24,BRL,5.8963
2026-06-24,CAD,1.614
2026-06-24,CHF,0.9216
2026-06-24,GBP,0.86165
2026-06-24,INR,107.3605
2026-06-24,JPY,183.35
2026-06-24,KRW,1753.65
2026-06-24,MXN,19.9807
2026-06-24,PHP,69.605
2026-06-24,PLN,4.2878
2026-06-24,SEK,11.085
2026-06-24,SGD,1.4722
2026-06-24,USD,1.134
2026-06-24,ZAR,18.8398
2026-06-25,AUD,1.6454
2026-06-25,BRL,5.9
2026-06-25,CAD,1.6151
2026-06-25,CHF,0.9223
2026-06-25,GBP,0.86183
2026-06-25,INR,107.0635
2026-06-25,JPY,183.57
2026-06-25,KRW,1749.98
2026-06-25,MXN,20.006
2026-06-25,PHP,69.395
2026-06-25,PLN,4.2875
2026-06-25,SEK,11.069
2026-06-25,SGD,1.4719
2026-06-25,USD,1.1342
2026-06-25,ZAR,18.7841
2026-06-26,AUD,1.6518
2026-06-26,BRL,5.901
2026-06-26,CAD,1.6169
2026-06-26,CHF,0.9218
2026-06-26,GBP,0.86253
2026-06-26,INR,107.6305
2026-06-26,JPY,184.3
2026-06-26,KRW,1751.73
2026-06-26,MXN,19.9695
2026-06-26,PHP,69.895
2026-06-26,PLN,4.2868
2026-06-26,SEK,11.0775
2026-06-26,SGD,1.4755
2026-06-26,USD,1.1401
2026-06-26,ZAR,18.7666
2026-06-29,AUD,1.6531
2026-06-29,BRL,5.8899
2026-06-29,CAD,1.6201
2026-06-29,CHF,0.9222
2026-06-29,GBP,0.86215
2026-06-29,INR,107.838
2026-06-29,JPY,184.62
2026-06-29,KRW,1760.8
2026-06-29,MXN,19.9324
2026-06-29,PHP,69.786
2026-06-29,PLN,4.2873
2026-06-29,SEK,11.0865
2026-06-29,SGD,1.4754
2026-06-29,USD,1.1406
2026-06-29,ZAR,18.7233
2026-06-30,AUD,1.6544
2026-06-30,BRL,5.9003
2026-06-30,CAD,1.622
2026-06-30,CHF,0.9224
2026-06-30,GBP,0.86178
2026-06-30,INR,107.8565
2026-06-30,JPY,185.08
2026-06-30,KRW,1767.08
2026-06-30,MXN,19.903
2026-06-30,PHP,69.911
2026-06-30,PLN,4.2955
2026-06-30,SEK,11.0935
2026-06-30,SGD,1.4754
2026-06-30,USD,1.1394
2026-06-30,ZAR,18.6544
2026-07-01,AUD,1.6518
2026-07-01,BRL,5.9048
2026-07-01,CAD,1.6191
2026-07-01,CHF,0.9234
2026-07-01,GBP,0.85973
2026-07-01,INR,108.4215
2026-07-01,JPY,185.21
2026-07-01,KRW,1773.57
2026-07-01,MXN,19.9591
2026-07-01,PHP,70.17
2026-07-01,PLN,4.2958
2026-07-01,SEK,11.0955
2026-07-01,SGD,1.4762
2026-07-01,USD,1.1383
2026-07-01,ZAR,18.7064
2026-07-02,AUD,1.6546
2026-07-02,BRL,5.9286
2026-07-02,CAD,1.6203
2026-07-02,CHF,0.92
2026-07-02,GBP,0.85665
2026-07-02,INR,108.7435
2026-07-02,JPY,184.19
2026-07-02,KRW,1765.53
2026-07-02,MXN,20.0153
2026-07-02,PHP,70.191
2026-07-02,PLN,4.29
2026-07-02,SEK,11.0775
2026-07-02,SGD,1.4756
2026-07-02,USD,1.1399
2026-07-02,ZAR,18.6687
2026-07-03,AUD,1.65
2026-07-03,BRL,5.9486
2026-07-03,CAD,1.6258
2026-07-03,CHF,0.919
2026-07-03,GBP,0.8572
2026-07-03,INR,109.002
2026-07-03,JPY,184.48
2026-07-03,KRW,1752.95
2026-07-03,MXN,19.9736
2026-07-03,PHP,70.339
2026-07-03,PLN,4.2848
2026-07-03,SEK,11.0315
2026-07-03,SGD,1.4774
2026-07-03,USD,1.1448
2026-07-03,ZAR,18.5606
2026-07-06,AUD,1.6462
2026-07-06,BRL,5.913
2026-07-06,CAD,1.6236
2026-07-06,CHF,0.9201
2026-07-06,GBP,0.85538
2026-07-06,INR,108.9035
2026-07-06,JPY,185.31
2026-07-06,KRW,1747.72
2026-07-06,MXN,19.9586
2026-07-06,PHP,70.227
2026-07-06,PLN,4.2883
2026-07-06,SEK,11.015
2026-07-06,SGD,1.4765
2026-07-06,USD,1.1415
2026-07-06,ZAR,18.5318
2026-07-07,AUD,1.6455
2026-07-07,BRL,5.8781
2026-07-07,CAD,1.6255
2026-07-07,CHF,0.9218
2026-07-07,GBP,0.85411
2026-07-07,INR,108.582
2026-07-07,JPY,185.09
2026-07-07,KRW,1731.47
2026-07-07,MXN,19.9206
2026-07-07,PHP,70.236
2026-07-07,PLN,4.2928
2026-07-07,SEK,11.0443
2026-07-07,SGD,1.4764
2026-07-07,USD,1.1433
2026-07-07,ZAR,18.5647
2026-07-08,AUD,1.6471
2026-07-08,BRL,5.8802
2026-07-08,CAD,1.6176
2026-07-08,CHF,0.9222
2026-07-08,GBP,0.85435
2026-07-08,INR,108.9765
2026-07-08,JPY,185.3
2026-07-08,KRW,1720.95
2026-07-08,MXN,20.0428
2026-07-08,PHP,70.199
2026-07-08,PLN,4.3095
2026-07-08,SEK,11.0565
2026-07-08,SGD,1.4757
2026-07-08,USD,1.1404
2026-07-08,ZAR,18.6831
2026-07-09,AUD,1.6478
2026-07-09,BRL,5.8837
2026-07-09,CAD,1.6202
2026-07-09,CHF,0.9227
2026-07-09,GBP,0.85363
2026-07-09,INR,109.0765
2026-07-09,JPY,185.72
2026-07-09,KRW,1729.49
2026-07-09,MXN,20.0686
2026-07-09,PHP,70.438
2026-07-09,PLN,4.3085
2026-07-09,SEK,11.062
2026-07-09,SGD,1.4784
2026-07-09,USD,1.1435
2026-07-09,ZAR,18.7213
2026-07-10,AUD,1.6447
2026-07-10,BRL,5.8505
2026-07-10,CAD,1.6177
2026-07-10,CHF,0.9223
2026-07-10,GBP,0.85155
2026-07-10,INR,108.9665
2026-07-10,JPY,185.02
2026-07-10,KRW,1720.12
2026-07-10,MXN,20.034
2026-07-10,PHP,70.378
2026-07-10,PLN,4.3475
2026-07-10,SEK,11.0145
2026-07-10,SGD,1.4757
2026-07-10,USD,1.143
2026-07-10,ZAR,18.6557
2026-07-13,AUD,1.6454
2026-07-13,BRL,5.8439
2026-07-13,CAD,1.6148
2026-07-13,CHF,0.9253
2026-07-13,GBP,0.8533
2026-07-13,INR,109.2375
2026-07-13,JPY,185.23
2026-07-13,KRW,1706.85
2026-07-13,MXN,19.9815
2026-07-13,PHP,70.348
2026-07-13,PLN,4.3238
2026-07-13,SEK,11.027
2026-07-13,SGD,1.4765
2026-07-13,USD,1.1424
2026-07-13,ZAR,18.6938
2026-07-14,AUD,1.6428
2026-07-14,BRL,5.8431
2026-07-14,CAD,1.6095
2026-07-14,CHF,0.9257
2026-07-14,GBP,0.85215
2026-07-14,INR,109.7215
2026-07-14,JPY,185.01
2026-07-14,KRW,1705.61
2026-07-14,MXN,19.9587
2026-07-14,PHP,70.362
2026-07-14,PLN,4.3383
2026-07-14,SEK,11.036
2026-07-14,SGD,1.4743
2026-07-14,USD,1.1405
2026-07-14,ZAR,18.7748
2026-07-15,AUD,1.6335
2026-07-15,BRL,5.7954
2026-07-15,CAD,1.6053
2026-07-15,CHF,0.9256
2026-07-15,GBP,0.85093
2026-07-15,INR,109.794
2026-07-15,JPY,185.22
2026-07-15,KRW,1701.97
2026-07-15,MXN,19.881
2026-07-15,PHP,70.361
2026-07-15,PLN,4.3258
2026-07-15,SEK,11.0473
2026-07-15,SGD,1.4739
2026-07-15,USD,1.1406
2026-07-15,ZAR,18.686
2026-07-16,AUD,1.6362
2026-07-16,BRL,5.8318
2026-07-16,CAD,1.6082
2026-07-16,CHF,0.925
2026-07-16,GBP,0.84873
2026-07-16,INR,110.4895
2026-07-16,JPY,185.99
2026-07-16,KRW,1696.49
2026-07-16,MXN,19.9829
2026-07-16,PHP,70.667
2026-07-16,PLN,4.3285
2026-07-16,SEK,11.0285
2026-07-16,SGD,1.4782
2026-07-16,USD,1.1467
2026-07-16,ZAR,18.7727
2026-07-17,AUD,1.6394
2026-07-17,BRL,5.8499
2026-07-17,CAD,1.6035
2026-07-17,CHF,0.9228
2026-07-17,GBP,0.85098
2026-07-17,INR,110.102
2026-07-17,JPY,185.65
2026-07-17,KRW,1698.46
2026-07-17,MXN,19.9926
2026-07-17,PHP,70.441
2026-07-17,PLN,4.3473
2026-07-17,SEK,11.0405
2026-07-17,SGD,1.4765
2026-07-17,USD,1.1435
2026-07-17,ZAR,18.8768
2026-07-20,AUD,1.6307
2026-07-20,BRL,5.8322
2026-07-20,CAD,1.6032
2026-07-20,CHF,0.9236
2026-07-20,GBP,0.84888
2026-07-20,INR,110.1985
2026-07-20,JPY,185.54
2026-07-20,KRW,1692.4
2026-07-20,MXN,19.984
2026-07-20,PHP,70.48
2026-07-20,PLN,4.332
2026-07-20,SEK,11.045
2026-07-20,SGD,1.4749
2026-07-20,USD,1.1426
2026-07-20,ZAR,18.8412
2026-07-21,AUD,1.6276
2026-07-21,BRL,5.7997
2026-07-21,CAD,1.6069
2026-07-21,CHF,0.9259
2026-07-21,GBP,0.85205
2026-07-21,INR,109.882
2026-07-21,JPY,185.82
2026-07-21,KRW,1688.04
2026-07-21,MXN,19.8608
2026-07-21,PHP,70.496
2026-07-21,PLN,4.3305
2026-07-21,SEK,11.0485
2026-07-21,SGD,1.4734
2026-07-21,USD,1.1418
2026-07-21,ZAR,18.7763
2026-07-22,AUD,1.6312
2026-07-22,BRL,5.7949
2026-07-22,CAD,1.6071
2026-07-22,CHF,0.9268
2026-07-22,GBP,0.8534
2026-07-22,INR,110.167
2026-07-22,JPY,186.03
2026-07-22,KRW,1688.78
2026-07-22,MXN,19.8767
2026-07-22,PHP,70.459
2026-07-22,PLN,4.33
2026-07-22,SEK,11.0775
2026-07-22,SGD,1.473
2026-07-22,USD,1.1408
2026-07-22,ZAR,18.7952
2026-07-23,AUD,1.6291
2026-07-23,BRL,5.7775
2026-07-23,CAD,1.6034
2026-07-23,CHF,0.9295
2026-07-23,GBP,0.85318
2026-07-23,INR,110.0255
2026-07-23,JPY,186.23
2026-07-23,KRW,1677.72
2026-07-23,MXN,19.8905
2026-07-23,PHP,70.369
2026-07-23,PLN,4.327
2026-07-23,SEK,11.0955
2026-07-23,SGD,1.4711
2026-07-23,USD,1.1392
2026-07-23,ZAR,18.7282
2026-07-24,AUD,1.6281
2026-07-24,BRL,5.7826
2026-07-24,CAD,1.6026
2026-07-24,CHF,0.9302
2026-07-24,GBP,0.85388
2026-07-24,INR,109.865
2026-07-24,JPY,186.38
2026-07-24,KRW,1662.18
2026-07-24,MXN,19.8873
2026-07-24,PHP,70.35
2026-07-24,PLN,4.3155
2026-07-24,SEK,11.055
2026-07-24,SGD,1.4687
2026-07-24,USD,1.1377
2026-07-24,ZAR,19.1704
2026-07-27,AUD,1.6271
2026-07-27,BRL,5.7885
2026-07-27,CAD,1.6064
2026-07-27,CHF,0.9284
2026-07-27,GBP,0.85524
2026-07-27,INR,109.2425
2026-07-27,JPY,186.37
2026-07-27,KRW,1674.31
2026-07-27,MXN,19.8817
2026-07-27,PHP,70.278
2026-07-27,PLN,4.322
2026-07-27,SEK,11.0445
2026-07-27,SGD,1.4696
2026-07-27,USD,1.1389
2026-07-27,ZAR,19.0664
2026-07-28,AUD,1.6312
2026-07-28,BRL,5.8158
2026-07-28,CAD,1.6036
2026-07-28,CHF,0.9319
2026-07-28,GBP,0.8555
2026-07-28,INR,108.961
2026-07-28,JPY,186.32
2026-07-28,KRW,1658.96
2026-07-28,MXN,19.8629
2026-07-28,PHP,70.059
2026-07-28,PLN,4.3265
2026-07-28,SEK,11.0625
2026-07-28,SGD,1.4702
2026-07-28,USD,1.1367
2026-07-28,ZAR,19.0797
2026-07-29,AUD,1.6397
2026-07-29,BRL,5.8268
2026-07-29,CAD,1.6051
2026-07-29,CHF,0.9332
2026-07-29,GBP,0.85635
2026-07-29,INR,108.8475
2026-07-29,JPY,186.27
2026-07-29,KRW,1652.77
2026-07-29,MXN,19.8871
2026-07-29,PHP,69.878
2026-07-29,PLN,4.327
2026-07-29,SEK,11.053
2026-07-29,SGD,1.471
2026-07-29,USD,1.138
2026-07-29,ZAR,19.0614
2026-07-30,AUD,1.6439
2026-07-30,BRL,5.8535
2026-07-30,CAD,1.6119
2026-07-30,CHF,0.9324
2026-07-30,GBP,0.85715
2026-07-30,INR,109.808
2026-07-30,JPY,186.99
2026-07-30,KRW,1645.31
2026-07-30,MXN,19.9684
2026-07-30,PHP,70.623
2026-07-30,PLN,4.3078
2026-07-30,SEK,11.0098
2026-07-30,SGD,1.4775
2026-07-30,USD,1.1476
2026-07-30,ZAR,19.03
2026-07-31,AUD,1.6365
2026-07-31,BRL,5.8095
2026-07-31,CAD,1.6126
2026-07-31,CHF,0.9304
2026-07-31,GBP,0.85573
2026-07-31,INR,109.5495
2026-07-31,JPY,184.03
2026-07-31,KRW,1657.99
2026-07-31,MXN,19.9512
2026-07-31,PHP,70.367
2026-07-31,PLN,4.3135
2026-07-31,SEK,10.9855
2026-07-31,SGD,1.4757
2026-07-31,USD,1.1485
2026-07-31,ZAR,19.0364
2026-08-03,AUD,1.6463
2026-08-03,BRL,5.8454
2026-08-03,CAD,1.6181
2026-08-03,CHF,0.932
2026-08-03,GBP,0.85633
2026-08-03,INR,109.9725
2026-08-03,JPY,180.73
2026-08-03,KRW,1646.1
2026-08-03,MXN,19.9794
2026-08-03,PHP,70.279
2026-08-03,PLN,4.3033
2026-08-03,SEK,10.9845
2026-08-03,SGD,1.4783
2026-08-03,USD,1.1535
2026-08-03,ZAR,18.9979
2026-08-04,AUD,1.6377
2026-08-04,BRL,5.8503
2026-08-04,CAD,1.6191
2026-08-04,CHF,0.9319
2026-08-04,GBP,0.85639
2026-08-04,INR,109.8285
2026-08-04,JPY,181.26
2026-08-04,KRW,1643.32
2026-08-04,MXN,19.9072
2026-08-04,PHP,70.243
2026-08-04,PLN,4.3063
2026-08-04,SEK,10.9925
2026-08-04,SGD,1.4767
2026-08-04,USD,1.1515
2026-08-04,ZAR,18.9316
2026-08-05,AUD,1.6385
2026-08-05,BRL,5.9102
2026-08-05,CAD,1.623
2026-08-05,CHF,0.9345
2026-08-05,GBP,0.8572
2026-08-05,INR,109.9045
2026-08-05,JPY,182.08
2026-08-05,KRW,1644.97
2026-08-05,MXN,19.8867
2026-08-05,PHP,70.192
2026-08-05,PLN,4.306
2026-08-05,SEK,10.9635
2026-08-05,SGD,1.4806
2026-08-05,USD,1.1554
2026-08-05,ZAR,18.8869
2026-08-06,AUD,1.639
2026-08-06,BRL,5.9138
2026-08-06,CAD,1.6156
2026-08-06,CHF,0.9346
2026-08-06,GBP,0.85705
2026-08-06,INR,109.9085
2026-08-06,JPY,182.17
2026-08-06,KRW,1643.09
2026-08-06,MXN,19.9117
2026-08-06,PHP,70.165
2026-08-06,PLN,4.299
2026-08-06,SEK,10.924
2026-08-06,SGD,1.4798
2026-08-06,USD,1.1542
2026-08-06,ZAR,18.8244
2026-08-07,AUD,1.6384
2026-08-07,BRL,5.8826
2026-08-07,CAD,1.616
2026-08-07,CHF,0.9347
2026-08-07,GBP,0.85765
2026-08-07,INR,109.8275
2026-08-07,JPY,182.64
2026-08-07,KRW,1633.3
2026-08-07,MXN,19.7884
2026-08-07,PHP,70.21
2026-08-07,PLN,4.2983
2026-08-07,SEK,10.9455
2026-08-07,SGD,1.4775
2026-08-07,USD,1.1535
2026-08-07,ZAR,18.7136
2026-08-10,AUD,1.6359
2026-08-10,BRL,5.8764
2026-08-10,CAD,1.6108
2026-08-10,CHF,0.934
2026-08-10,GBP,0.85565
2026-08-10,INR,110.1228
2026-08-10,JPY,183.31
2026-08-10,KRW,1636.9
2026-08-10,MXN,19.8182
2026-08-10,PHP,70.197
2026-08-10,PLN,4.2993
2026-08-10,SEK,10.9655
2026-08-10,SGD,1.4785
2026-08-10,USD,1.1555
2026-08-10,ZAR,18.6928
2026-08-11,AUD,1.6336
2026-08-11,BRL,5.891
2026-08-11,CAD,1.6084
2026-08-11,CHF,0.9351
2026-08-11,GBP,0.85483
2026-08-11,INR,110.1375
2026-08-11,JPY,183.72
2026-08-11,KRW,1629.64
2026-08-11,MXN,19.7591
2026-08-11,PHP,70.599
2026-08-11,PLN,4.2965
2026-08-11,SEK,10.9635
2026-08-11,SGD,1.4773
2026-08-11,USD,1.154
2026-08-11,ZAR,18.6706
2026-08-12,AUD,1.6327
2026-08-12,BRL,5.9523
2026-08-12,CAD,1.6077
2026-08-12,CHF,0.9366
2026-08-12,GBP,0.85358
2026-08-12,INR,110.069
2026-08-12,JPY,183.67
2026-08-12,KRW,1636.08
2026-08-12,MXN,19.6974
2026-08-12,PHP,70.681
2026-08-12,PLN,4.3043
2026-08-12,SEK,10.9965
2026-08-12,SGD,1.4766
2026-08-12,USD,1.1545
2026-08-12,ZAR,18.627
2026-08-13,AUD,1.6356
2026-08-13,BRL,5.9759
2026-08-13,CAD,1.6089
2026-08-13,CHF,0.9373
2026-08-13,GBP,0.8549
2026-08-13,INR,110.0815
2026-08-13,JPY,183.77
2026-08-13,KRW,1638.16
2026-08-13,MXN,19.6694
2026-08-13,PHP,70.732
2026-08-13,PLN,4.3048
2026-08-13,SEK,11.0285
2026-08-13,SGD,1.4765
2026-08-13,USD,1.1534
2026-08-13,ZAR,18.5914
2026-08-14,AUD,1.6333
2026-08-14,BRL,5.9873
2026-08-14,CAD,1.6049
2026-08-14,CHF,0.939
2026-08-14,GBP,0.8545
2026-08-14,INR,110.3818
2026-08-14,JPY,183.93
2026-08-14,KRW,1632.42
2026-08-14,MXN,19.6592
2026-08-14,PHP,71.008
2026-08-14,PLN,4.3068
2026-08-14,SEK,10.999
2026-08-14,SGD,1.4784
2026-08-14,USD,1.1567
2026-08-14,ZAR,18.6978
2026-08-17,AUD,1.6271
2026-08-17,BRL,6.0402
2026-08-17,CAD,1.6067
2026-08-17,CHF,0.9389
2026-08-17,GBP,0.855
2026-08-17,INR,110.8375
2026-08-17,JPY,184.59
2026-08-17,KRW,1636.83
2026-08-17,MXN,19.7186
2026-08-17,PHP,71.307
2026-08-17,PLN,4.3063
2026-08-17,SEK,11.001
2026-08-17,SGD,1.4797
2026-08-17,USD,1.1593
2026-08-17,ZAR,18.7536
2026-08-18,AUD,1.6278
2026-08-18,BRL,6.0281
2026-08-18,CAD,1.606
2026-08-18,CHF,0.9406
2026-08-18,GBP,0.85585
2026-08-18,INR,110.7673
2026-08-18,JPY,184.87
2026-08-18,KRW,1632.3
2026-08-18,MXN,19.7411
2026-08-18,PHP,71.517
2026-08-18,PLN,4.319
2026-08-18,SEK,11.026
2026-08-18,SGD,1.4791
2026-08-18,USD,1.1576
2026-08-18,ZAR,18.7758
2026-08-19,AUD,1.6401
2026-08-19,BRL,6.0394
2026-08-19,CAD,1.6098
2026-08-19,CHF,0.9402
2026-08-19,GBP,0.85608
2026-08-19,INR,111.1265
2026-08-19,JPY,184.62
2026-08-19,KRW,1614.81
2026-08-19,MXN,19.7709
2026-08-19,PHP,71.743
2026-08-19,PLN,4.3245
2026-08-19,SEK,11.0385
2026-08-19,SGD,1.481
2026-08-19,USD,1.1605
2026-08-19,ZAR,18.8515
2026-08-20,AUD,1.6438
2026-08-20,BRL,6.0666
2026-08-20,CAD,1.6085
2026-08-20,CHF,0.9333
2026-08-20,GBP,0.85725
2026-08-20,INR,111.7985
2026-08-20,JPY,185.45
2026-08-20,KRW,1631.08
2026-08-20,MXN,19.8467
2026-08-20,PHP,72.104
2026-08-20,PLN,4.3188
2026-08-20,SEK,11.0875
2026-08-20,SGD,1.486
2026-08-20,USD,1.1681
2026-08-20,ZAR,18.8929
2026-08-21,AUD,1.6321
2026-08-21,BRL,6.0518
2026-08-21,CAD,1.6074
2026-08-21,CHF,0.9353
2026-08-21,GBP,0.8567
2026-08-21,INR,111.9595
2026-08-21,JPY,185.66
2026-08-21,KRW,1619.41
2026-08-21,MXN,19.769
2026-08-21,PHP,72.136
2026-08-21,PLN,4.3078
2026-08-21,SEK,11.0625
2026-08-21,SGD,1.4838
2026-08-21,USD,1.1699
2026-08-21,ZAR,18.7236
2026-08-24,AUD,1.6287
2026-08-24,BRL,6.0068
2026-08-24,CAD,1.6154
2026-08-24,CHF,0.9362
2026-08-24,GBP,0.8555
2026-08-24,INR,111.6875
2026-08-24,JPY,185.6
2026-08-24,KRW,1614.6
2026-08-24,MXN,19.7451
2026-08-24,PHP,71.989
2026-08-24,PLN,4.3078
2026-08-24,SEK,11.0805
2026-08-24,SGD,1.4819
2026-08-24,USD,1.1664
2026-08-24,ZAR,18.6658
2026-08-25,AUD,1.6303
2026-08-25,BRL,6.0153
2026-08-25,CAD,1.6163
2026-08-25,CHF,0.9361
2026-08-25,GBP,0.8555
2026-08-25,INR,111.276
2026-08-25,JPY,185.7
2026-08-25,KRW,1612.94
2026-08-25,MXN,19.7632
2026-08-25,PHP,71.974
2026-08-25,PLN,4.3055
2026-08-25,SEK,11.0668
2026-08-25,SGD,1.4814
2026-08-25,USD,1.1662
2026-08-25,ZAR,18.645
2026-08-26,AUD,1.6241
2026-08-26,BRL,6.0055
2026-08-26,CAD,1.6176
2026-08-26,CHF,0.938
2026-08-26,GBP,0.85613
2026-08-26,INR,111.3475
2026-08-26,JPY,185.62
2026-08-26,KRW,1614.39
2026-08-26,MXN,19.7567
2026-08-26,PHP,71.952
2026-08-26,PLN,4.2955
2026-08-26,SEK,11.0785
2026-08-26,SGD,1.4817
2026-08-26,USD,1.1669
2026-08-26,ZAR,18.5724
2026-08-27,AUD,1.6196
2026-08-27,BRL,5.9879
2026-08-27,CAD,1.6151
2026-08-27,CHF,0.9376
2026-08-27,GBP,0.8574
2026-08-27,INR,111.2575
2026-08-27,JPY,185.61
2026-08-27,KRW,1607.45
2026-08-27,MXN,19.7653
2026-08-27,PHP,72.085
2026-08-27,PLN,4.3268
2026-08-27,SEK,11.0835
2026-08-27,SGD,1.4804
2026-08-27,USD,1.1645
2026-08-27,ZAR,18.6155
2026-08-28,AUD,1.6183
2026-08-28,BRL,6.0126
2026-08-28,CAD,1.613
2026-08-28,CHF,0.9364
2026-08-28,GBP,0.8572
2026-08-28,INR,111.0585
2026-08-28,JPY,185.92
2026-08-28,KRW,1600.39
2026-08-28,MXN,19.7327
2026-08-28,PHP,72.482
2026-08-28,PLN,4.3365
2026-08-28,SEK,11.0885
2026-08-28,SGD,1.4802
2026-08-28,USD,1.1643
2026-08-28,ZAR,18.6309
2026-08-31,AUD,1.6191
2026-08-31,BRL,5.9972
2026-08-31,CAD,1.6102
2026-08-31,CHF,0.9376
2026-08-31,GBP,0.85648
2026-08-31,INR,110.361
2026-08-31,JPY,185.22
2026-08-31,KRW,1586.37
2026-08-31,MXN,19.7228
2026-08-31,PHP,72.355
2026-08-31,PLN,4.328
2026-08-31,SEK,11.11
2026-08-31,SGD,1.4758
2026-08-31,USD,1.1596
2026-08-31,ZAR,18.6885
2026-09-01,AUD,1.623
2026-09-01,BRL,6.0255
2026-09-01,CAD,1.6096
2026-09-01,CHF,0.9394
2026-09-01,GBP,0.85655
2026-09-01,INR,110.0485
2026-09-01,JPY,185.63
2026-09-01,KRW,1593.17
2026-09-01,MXN,19.704
2026-09-01,PHP,72.355
2026-09-01,PLN,4.3313
2026-09-01,SEK,11.1145
2026-09-01,SGD,1.4759
2026-09-01,USD,1.159
2026-09-01,ZAR,18.7246
2026-09-02,AUD,1.6199
2026-09-02,BRL,5.9635
2026-09-02,CAD,1.6122
2026-09-02,CHF,0.9424
2026-09-02,GBP,0.8587
2026-09-02,INR,109.962
2026-09-02,JPY,184.78
2026-09-02,KRW,1577.57
2026-09-02,MXN,19.6835
2026-09-02,PHP,72.415
2026-09-02,PLN,4.3265
2026-09-02,SEK,11.1575
2026-09-02,SGD,1.4741
2026-09-02,USD,1.1578
2026-09-02,ZAR,18.6341
2026-09-03,AUD,1.6147
2026-09-03,BRL,5.8935
2026-09-03,CAD,1.6019
2026-09-03,CHF,0.939
2026-09-03,GBP,0.86055
2026-09-03,INR,109.75
2026-09-03,JPY,181.21
2026-09-03,KRW,1576.49
2026-09-03,MXN,19.7593
2026-09-03,PHP,72.605
2026-09-03,PLN,4.3265
2026-09-03,SEK,11.1245
2026-09-03,SGD,1.4725
2026-09-03,USD,1.1615
2026-09-03,ZAR,18.6273
2026-09-04,AUD,1.6134
2026-09-04,BRL,5.9405
2026-09-04,CAD,1.6038
2026-09-04,CHF,0.9405
2026-09-04,GBP,0.85898
2026-09-04,INR,109.8165
2026-09-04,JPY,181.59
2026-09-04,KRW,1569.38
2026-09-04,MXN,19.6401
2026-09-04,PHP,72.812
2026-09-04,PLN,4.3148
2026-09-04,SEK,11.1005
2026-09-04,SGD,1.4724
2026-09-04,USD,1.1622
2026-09-04,ZAR,18.5571
2026-09-07,AUD,1.6109
2026-09-07,BRL,5.9576
2026-09-07,CAD,1.6062
2026-09-07,CHF,0.9405
2026-09-07,GBP,0.85894
2026-09-07,INR,109.821
2026-09-07,JPY,179.85
2026-09-07,KRW,1566.56
2026-09-07,MXN,19.6552
2026-09-07,PHP,72.801
2026-09-07,PLN,4.3103
2026-09-07,SEK,11.162
2026-09-07,SGD,1.4716
2026-09-07,USD,1.1622
2026-09-07,ZAR,18.5856
2026-09-08,AUD,1.6098
2026-09-08,BRL,5.936
2026-09-08,CAD,1.6033
2026-09-08,CHF,0.9425
2026-09-08,GBP,0.8574
2026-09-08,INR,110.1315
2026-09-08,JPY,179.2
2026-09-08,KRW,1558.22
2026-09-08,MXN,19.6869
2026-09-08,PHP,72.597
2026-09-08,PLN,4.3178
2026-09-08,SEK,11.152
2026-09-08,SGD,1.4701
2026-09-08,USD,1.1614
2026-09-08,ZAR,18.6103
2026-09-09,AUD,1.6128
2026-09-09,BRL,5.9296
2026-09-09,CAD,1.6043
2026-09-09,CHF,0.9404
2026-09-09,GBP,0.85898
2026-09-09,INR,110.8225
2026-09-09,JPY,178.59
2026-09-09,KRW,1556.94
2026-09-09,MXN,19.6948
2026-09-09,PHP,72.815
2026-09-09,PLN,4.3153
2026-09-09,SEK,11.1495
2026-09-09,SGD,1.4721
2026-09-09,USD,1.1652
2026-09-09,ZAR,18.6896
2026-09-10,AUD,1.6167
2026-09-10,BRL,5.9528
2026-09-10,CAD,1.6049
2026-09-10,CHF,0.9432
2026-09-10,GBP,0.85915
2026-09-10,INR,110.8645
2026-09-10,JPY,179.09
2026-09-10,KRW,1560.96
2026-09-10,MXN,19.6816
2026-09-10,PHP,72.688
2026-09-10,PLN,4.322
2026-09-10,SEK,11.1995
2026-09-10,SGD,1.4711
2026-09-10,USD,1.1616
2026-09-10,ZAR,18.7559
2026-09-11,AUD,1.6161
2026-09-11,BRL,5.9244
2026-09-11,CAD,1.6064
2026-09-11,CHF,0.9451
2026-09-11,GBP,0.85815
2026-09-11,INR,110.7675
2026-09-11,JPY,178.56
2026-09-11,KRW,1556.56
2026-09-11,MXN,19.6798
2026-09-11,PHP,72.6
2026-09-11,PLN,4.325
2026-09-11,SEK,11.2373
2026-09-11,SGD,1.4697
2026-09-11,USD,1.1592
2026-09-11,ZAR,18.7312
2026-09-14,AUD,1.6202
2026-09-14,BRL,5.9564
2026-09-14,CAD,1.6041
2026-09-14,CHF,0.9431
2026-09-14,GBP,0.85598
2026-09-14,INR,110.3755
2026-09-14,JPY,178.52
2026-09-14,KRW,1555.04
2026-09-14,MXN,19.72
2026-09-14,PHP,72.619
2026-09-14,PLN,4.3418
2026-09-14,SEK,11.281
2026-09-14,SGD,1.4676
2026-09-14,USD,1.1551
2026-09-14,ZAR,18.7695
