worker_id,original_hire_date,termination_date,termination_type,worker_type,is_executive_officer
W100001,2015-01-27,2024-02-15,Involuntary,Regular Employee,False
W100002,2022-02-01,2024-07-24,Voluntary,Regular Employee,False
W100003,2020-11-24,,,Regular Employee,False
W100004,2016-06-05,,,Regular Employee,False
W100005,2022-03-21,,,Regular Employee,False
W100006,2019-10-13,2026-06-09,Voluntary,Regular Employee,False
W100007,2020-04-10,2024-11-17,Involuntary,Regular Employee,False
W100008,2002-06-30,,,Regular Employee,False
W100009,2021-04-17,,,Regular Employee,False
W100010,2021-03-12,2023-05-08,Voluntary,Regular Employee,False
W100011,2022-01-20,,,Regular Employee,False
W100012,2002-06-30,,,Regular Employee,False
W100013,2018-05-28,,,Regular Employee,False
W100014,2018-09-19,2022-08-27,Voluntary,Regular Employee,False
W100015,2021-05-26,2026-05-08,Involuntary,Regular Employee,False
W100016,2019-08-11,,,Regular Employee,False
W100017,2018-03-15,,,Regular Employee,False
W100018,2019-06-23,,,Regular Employee,False
W100019,2022-01-30,2025-12-04,Voluntary,Regular Employee,False
W100020,2020-10-24,,,Regular Employee,False
W100021,2022-04-10,,,Regular Employee,False
W100022,2017-05-02,,,Regular Employee,False
W100023,2017-01-24,2024-10-08,Voluntary,Regular Employee,False
W100024,2021-04-13,,,Regular Employee,False
W100025,2020-01-21,2024-12-08,Voluntary,Regular Employee,False
W100026,2016-05-20,,,Regular Employee,False
W100027,2019-05-07,,,Regular Employee,False
W100028,2002-06-30,,,Regular Employee,False
W100029,2018-05-03,,,Regular Employee,False
W100030,2022-01-16,2022-09-16,Voluntary,Regular Employee,False
W100031,2021-01-20,2023-09-13,Voluntary,Regular Employee,False
W100032,2015-11-07,,,Regular Employee,False
W100033,2016-04-27,,,Regular Employee,False
W100034,2004-09-01,,,Regular Employee,False
W100035,2014-12-22,2026-02-06,Voluntary,Regular Employee,False
W100036,2022-02-05,2022-07-24,Voluntary,Regular Employee,False
W100037,2021-10-17,2025-02-27,Involuntary,Regular Employee,False
W100038,2022-03-05,,,Regular Employee,False
W100039,2014-09-12,,,Regular Employee,False
W100040,2019-07-21,,,Regular Employee,False
W100041,2022-03-24,,,Regular Employee,False
W100042,2016-09-15,,,Regular Employee,False
W100043,2019-12-23,,,Regular Employee,False
W100044,2020-04-26,2025-07-26,Voluntary,Regular Employee,False
W100045,2019-07-05,2022-10-06,Voluntary,Regular Employee,False
W100046,2014-11-16,,,Regular Employee,False
W100047,2019-02-03,,,Regular Employee,False
W100048,2014-01-11,2023-01-10,Voluntary,Regular Employee,False
W100049,2013-05-24,,,Regular Employee,False
W100050,2019-08-10,2023-01-18,Voluntary,Regular Employee,False
W100051,2019-12-19,,,Regular Employee,False
W100052,2013-02-12,,,Regular Employee,False
W100053,2013-04-08,,,Regular Employee,False
W100054,2021-06-06,2025-02-24,Voluntary,Regular Employee,False
W100055,2019-03-08,,,Regular Employee,False
W100056,2017-09-19,,,Regular Employee,False
W100057,2021-01-29,,,Regular Employee,False
W100058,2021-10-30,,,Regular Employee,False
W100059,2021-12-15,,,Regular Employee,False
W100060,2021-01-30,,,Regular Employee,False
W100061,2022-04-15,2023-08-23,Voluntary,Regular Employee,False
W100062,2019-10-27,,,Regular Employee,False
W100063,2018-04-16,2024-02-26,Voluntary,Regular Employee,False
W100064,2016-03-15,,,Regular Employee,False
W100065,2019-07-19,,,Regular Employee,False
W100066,2014-12-24,,,Regular Employee,False
W100067,2020-07-12,,,Regular Employee,False
W100068,2009-06-21,2023-09-14,Voluntary,Regular Employee,False
W100069,2019-10-29,,,Regular Employee,False
W100070,2014-04-17,,,Regular Employee,False
W100071,2020-11-24,,,Regular Employee,False
W100072,2022-03-12,,,Regular Employee,False
W100073,2018-08-19,,,Regular Employee,False
W100074,2017-02-21,,,Regular Employee,False
W100075,2016-02-02,,,Regular Employee,False
W100076,2015-04-20,2025-04-09,Voluntary,Regular Employee,False
W100077,2013-07-30,,,Regular Employee,False
W100078,2021-04-07,2024-10-16,Voluntary,Regular Employee,False
W100079,2011-04-08,,,Regular Employee,False
W100080,2020-01-07,2022-07-13,Voluntary,Regular Employee,False
W100081,2015-06-27,2023-02-10,Voluntary,Regular Employee,False
W100082,2017-04-02,,,Regular Employee,False
W100083,2020-02-22,,,Regular Employee,False
W100084,2018-08-13,,,Regular Employee,False
W100085,2011-01-10,2023-03-04,Voluntary,Regular Employee,False
W100086,2022-04-21,,,Regular Employee,False
W100087,2020-04-01,,,Regular Employee,False
W100088,2020-10-06,2024-07-20,Involuntary,Regular Employee,False
W100089,2018-02-22,,,Regular Employee,False
W100090,2021-02-05,2022-10-19,Voluntary,Regular Employee,False
W100091,2021-01-23,,,Regular Employee,False
W100092,2016-03-24,,,Regular Employee,False
W100093,2021-05-28,2023-04-23,Voluntary,Regular Employee,False
W100094,2022-01-13,2022-11-17,Involuntary,Regular Employee,False
W100095,2022-01-31,,,Regular Employee,False
W100096,2021-01-27,2023-02-24,Voluntary,Regular Employee,False
W100097,2019-09-12,2024-05-16,Involuntary,Regular Employee,False
W100098,2016-12-02,,,Regular Employee,False
W100099,2021-11-13,,,Regular Employee,False
W100100,2021-08-18,2024-10-13,Voluntary,Regular Employee,False
W100101,2021-11-12,2026-02-09,Voluntary,Regular Employee,False
W100102,2020-12-12,,,Regular Employee,False
W100103,2009-12-11,,,Regular Employee,False
W100104,2021-05-07,,,Regular Employee,False
W100105,2021-06-14,,,Regular Employee,False
W100106,2009-08-08,,,Regular Employee,False
W100107,2015-05-11,,,Regular Employee,False
W100108,2019-12-29,2024-09-25,Voluntary,Regular Employee,False
W100109,2013-08-10,,,Regular Employee,False
W100110,2021-03-22,2024-05-23,Voluntary,Regular Employee,False
W100111,2009-07-08,2023-07-31,Voluntary,Regular Employee,False
W100112,2021-07-04,,,Regular Employee,False
W100113,2022-05-04,,,Regular Employee,False
W100114,2017-12-23,2023-11-23,Voluntary,Regular Employee,False
W100115,2022-06-12,,,Regular Employee,False
W100116,2009-09-07,2024-02-15,Involuntary,Regular Employee,False
W100117,2016-11-02,2024-12-13,Voluntary,Regular Employee,False
W100118,2016-03-03,,,Regular Employee,False
W100119,2021-02-12,2025-06-11,Involuntary,Regular Employee,False
W100120,2021-04-03,2024-02-14,Voluntary,Regular Employee,False
W100121,2013-11-24,,,Regular Employee,False
W100122,2021-01-05,,,Regular Employee,False
W100123,2022-03-31,2023-09-04,Involuntary,Regular Employee,False
W100124,2021-02-01,,,Regular Employee,False
W100125,2018-05-24,,,Regular Employee,False
W100126,2016-10-26,,,Regular Employee,False
W100127,2014-09-02,2024-06-30,Voluntary,Regular Employee,False
W100128,2012-09-14,2026-03-07,Voluntary,Regular Employee,False
W100129,2021-08-04,2022-07-24,Voluntary,Regular Employee,False
W100130,2020-09-12,2022-09-23,Voluntary,Regular Employee,False
W100131,2022-01-27,2023-09-14,Voluntary,Regular Employee,False
W100132,2021-08-12,,,Regular Employee,False
W100133,2011-05-26,,,Regular Employee,False
W100134,2017-06-01,,,Regular Employee,False
W100135,2022-03-06,2025-10-31,Involuntary,Regular Employee,False
W100136,2016-03-18,,,Regular Employee,False
W100137,2022-03-04,,,Regular Employee,False
W100138,2022-05-17,2024-01-17,Voluntary,Regular Employee,False
W100139,2021-02-24,2023-09-15,Voluntary,Regular Employee,False
W100140,2021-07-30,,,Regular Employee,False
W100141,2017-10-25,2025-01-21,Voluntary,Regular Employee,False
W100142,2017-07-18,,,Regular Employee,False
W100143,2016-05-08,,,Regular Employee,False
W100144,2019-04-06,,,Regular Employee,False
W100145,2022-05-26,2022-09-10,Voluntary,Regular Employee,False
W100146,2016-08-04,2022-12-28,Voluntary,Regular Employee,False
W100147,2021-04-16,2025-03-09,Involuntary,Regular Employee,False
W100148,2017-06-20,2023-03-22,Voluntary,Regular Employee,False
W100149,2014-08-09,,,Regular Employee,False
W100150,2018-01-31,2025-09-06,Voluntary,Regular Employee,False
W100151,2009-07-27,2024-01-13,Voluntary,Regular Employee,False
W100152,2020-04-26,2023-02-02,Involuntary,Regular Employee,False
W100153,2015-12-31,,,Regular Employee,False
W100154,2003-01-16,,,Regular Employee,False
W100155,2022-06-12,,,Regular Employee,False
W100156,2017-03-22,,,Regular Employee,False
W100157,2021-06-12,2025-06-22,Voluntary,Regular Employee,False
W100158,2021-06-06,2025-01-17,Voluntary,Regular Employee,False
W100159,2021-11-13,,,Regular Employee,False
W100160,2018-12-19,,,Regular Employee,False
W100161,2017-05-11,2022-12-26,Involuntary,Regular Employee,False
W100162,2016-06-15,,,Regular Employee,False
W100163,2012-03-28,2024-02-25,Voluntary,Regular Employee,False
W100164,2018-01-23,2022-12-05,Involuntary,Regular Employee,False
W100165,2020-12-03,2024-06-12,Voluntary,Regular Employee,False
W100166,2022-02-12,,,Regular Employee,False
W100167,2020-02-13,,,Regular Employee,False
W100168,2013-05-17,2025-03-30,Voluntary,Regular Employee,False
W100169,2018-08-30,,,Regular Employee,False
W100170,2012-02-28,2025-12-01,Voluntary,Regular Employee,False
W100171,2020-04-13,,,Regular Employee,False
W100172,2018-06-23,,,Regular Employee,False
W100173,2008-09-02,,,Regular Employee,False
W100174,2010-03-25,,,Regular Employee,False
W100175,2021-12-23,,,Regular Employee,False
W100176,2019-10-31,2022-07-25,Voluntary,Regular Employee,False
W100177,2021-09-14,,,Regular Employee,False
W100178,2021-11-18,,,Regular Employee,False
W100179,2018-03-26,,,Regular Employee,False
W100180,2019-11-27,2025-05-19,Voluntary,Regular Employee,False
W100181,2019-08-14,,,Regular Employee,False
W100182,2014-12-31,,,Regular Employee,False
W100183,2022-02-26,,,Regular Employee,False
W100184,2022-06-12,2023-05-22,Voluntary,Regular Employee,False
W100185,2021-09-30,,,Regular Employee,False
W100186,2021-12-09,2023-05-16,Voluntary,Regular Employee,False
W100187,2015-10-12,,,Regular Employee,False
W100188,2022-04-09,2022-07-02,Voluntary,Regular Employee,False
W100189,2022-04-05,,,Regular Employee,False
W100190,2021-11-04,,,Regular Employee,False
W100191,2021-11-21,,,Regular Employee,False
W100192,2010-03-10,2022-07-02,Voluntary,Regular Employee,False
W100193,2021-08-21,2024-08-04,Voluntary,Regular Employee,False
W100194,2018-08-09,,,Regular Employee,False
W100195,2020-08-25,2023-01-05,Voluntary,Regular Employee,False
W100196,2019-02-06,2024-06-14,Voluntary,Regular Employee,False
W100197,2018-11-07,,,Regular Employee,False
W100198,2012-11-22,,,Regular Employee,False
W100199,2018-09-18,2024-04-30,Voluntary,Regular Employee,False
W100200,2018-05-23,2022-07-07,Voluntary,Regular Employee,False
W100201,2017-12-14,,,Regular Employee,False
W100202,2019-06-09,2022-11-06,Voluntary,Regular Employee,False
W100203,2018-04-08,,,Regular Employee,False
W100204,2022-06-12,,,Regular Employee,False
W100205,2021-09-29,,,Regular Employee,False
W100206,2016-09-27,,,Regular Employee,False
W100207,2014-11-02,,,Regular Employee,False
W100208,2022-02-23,2023-08-12,Voluntary,Regular Employee,False
W100209,2007-06-06,,,Regular Employee,False
W100210,2019-08-24,2023-04-26,Involuntary,Regular Employee,False
W100211,2010-01-09,2024-01-08,Voluntary,Regular Employee,False
W100212,2020-04-16,,,Regular Employee,False
W100213,2020-09-14,,,Regular Employee,False
W100214,2013-08-30,,,Regular Employee,False
W100215,2006-03-10,,,Regular Employee,False
W100216,2022-01-30,,,Regular Employee,False
W100217,2019-09-23,,,Regular Employee,False
W100218,2019-05-12,2022-10-31,Voluntary,Regular Employee,False
W100219,2012-03-09,,,Regular Employee,False
W100220,2022-01-24,,,Regular Employee,False
W100221,2021-04-18,,,Regular Employee,False
W100222,2014-09-16,,,Regular Employee,False
W100223,2015-07-23,2022-08-28,Voluntary,Regular Employee,False
W100224,2012-03-01,2025-11-28,Voluntary,Regular Employee,False
W100225,2017-06-24,2022-10-23,Voluntary,Regular Employee,False
W100226,2018-03-20,2025-04-17,Voluntary,Regular Employee,False
W100227,2006-05-27,,,Regular Employee,False
W100228,2012-12-31,2022-10-05,Voluntary,Regular Employee,False
W100229,2022-03-15,,,Regular Employee,False
W100230,2020-06-21,,,Regular Employee,False
W100231,2014-06-27,2025-08-31,Voluntary,Regular Employee,False
W100232,2016-04-18,,,Regular Employee,False
W100233,2014-07-12,2024-12-17,Voluntary,Regular Employee,False
W100234,2019-09-21,2023-07-12,Voluntary,Regular Employee,False
W100235,2020-06-07,2022-11-08,Voluntary,Regular Employee,False
W100236,2019-05-01,,,Regular Employee,False
W100237,2020-07-22,,,Regular Employee,False
W100238,2021-12-22,,,Regular Employee,False
W100239,2018-11-02,2023-11-26,Involuntary,Regular Employee,False
W100240,2020-10-08,,,Regular Employee,False
W100241,2021-04-21,2025-10-26,Voluntary,Regular Employee,False
W100242,2021-08-03,,,Regular Employee,False
W100243,2020-02-28,,,Regular Employee,False
W100244,2021-12-06,2024-12-15,Involuntary,Regular Employee,False
W100245,2021-02-21,,,Regular Employee,False
W100246,2018-10-15,,,Regular Employee,False
W100247,2014-08-29,,,Regular Employee,False
W100248,2017-06-15,,,Regular Employee,False
W100249,2021-09-22,2023-04-14,Involuntary,Regular Employee,False
W100250,2022-02-09,,,Regular Employee,False
W100251,2019-02-24,,,Regular Employee,False
W100252,2022-06-12,2024-12-02,Voluntary,Regular Employee,False
W100253,2021-02-18,2024-03-23,Voluntary,Regular Employee,False
W100254,2022-01-09,2024-12-17,Voluntary,Regular Employee,False
W100255,2021-01-08,2023-07-17,Involuntary,Regular Employee,False
W100256,2018-08-17,2024-02-15,Involuntary,Regular Employee,False
W100257,2021-05-07,2022-12-22,Voluntary,Regular Employee,False
W100258,2017-05-21,,,Regular Employee,False
W100259,2022-05-11,,,Regular Employee,False
W100260,2018-04-20,,,Regular Employee,False
W100261,2017-11-08,,,Regular Employee,False
W100262,2012-02-29,,,Regular Employee,False
W100263,2019-09-23,2023-10-27,Voluntary,Regular Employee,False
W100264,2014-12-08,,,Regular Employee,False
W100265,2020-07-25,2023-03-21,Voluntary,Regular Employee,False
W100266,2019-05-04,,,Regular Employee,False
W100267,2017-05-18,2024-03-11,Voluntary,Regular Employee,False
W100268,2022-03-31,2025-03-24,Involuntary,Regular Employee,False
W100269,2018-04-03,,,Regular Employee,False
W100270,2021-04-10,2023-01-01,Voluntary,Regular Employee,False
W100271,2013-07-21,,,Regular Employee,False
W100272,2010-10-09,,,Regular Employee,False
W100273,2010-12-12,,,Regular Employee,False
W100274,2019-07-26,2023-01-17,Involuntary,Regular Employee,False
W100275,2022-03-12,2025-07-21,Voluntary,Regular Employee,False
W100276,2018-06-17,,,Regular Employee,False
W100277,2018-10-19,,,Regular Employee,False
W100278,2017-06-19,2025-05-06,Voluntary,Regular Employee,False
W100279,2020-08-22,,,Regular Employee,False
W100280,2015-09-15,,,Regular Employee,False
W100281,2020-04-11,,,Regular Employee,False
W100282,2017-10-02,,,Regular Employee,False
W100283,2018-04-28,2024-12-30,Voluntary,Regular Employee,False
W100284,2021-02-15,,,Regular Employee,False
W100285,2011-04-28,2026-02-13,Voluntary,Regular Employee,False
W100286,2018-04-24,,,Regular Employee,False
W100287,2019-12-30,2026-05-13,Voluntary,Regular Employee,False
W100288,2020-11-01,,,Regular Employee,False
W100289,2021-02-07,,,Regular Employee,False
W100290,2018-06-14,,,Regular Employee,False
W100291,2018-04-16,,,Regular Employee,False
W100292,2021-07-02,,,Regular Employee,False
W100293,2021-11-01,,,Regular Employee,False
W100294,2020-08-24,2025-12-10,Voluntary,Regular Employee,False
W100295,2010-04-01,,,Regular Employee,False
W100296,2018-10-11,,,Regular Employee,False
W100297,2013-06-03,,,Regular Employee,False
W100298,2021-07-14,,,Regular Employee,False
W100299,2016-09-25,2024-05-04,Voluntary,Regular Employee,False
W100300,2021-04-06,2026-04-03,Voluntary,Regular Employee,False
W100301,2020-09-28,,,Regular Employee,False
W100302,2013-12-01,,,Regular Employee,False
W100303,2013-05-30,2023-03-27,Voluntary,Regular Employee,False
W100304,2016-04-07,,,Regular Employee,False
W100305,2020-10-10,2022-08-03,Voluntary,Regular Employee,False
W100306,2022-02-18,2024-09-21,Voluntary,Regular Employee,False
W100307,2016-05-09,,,Regular Employee,False
W100308,2018-05-27,,,Regular Employee,False
W100309,2014-11-17,2025-01-24,Involuntary,Regular Employee,False
W100310,2019-11-09,2023-05-30,Voluntary,Regular Employee,False
W100311,2019-01-04,2023-08-10,Voluntary,Regular Employee,False
W100312,2021-11-21,,,Regular Employee,False
W100313,2021-12-31,,,Regular Employee,False
W100314,2014-09-29,,,Regular Employee,False
W100315,2016-07-09,,,Regular Employee,False
W100316,2022-04-26,2023-01-05,Voluntary,Regular Employee,False
W100317,2019-12-22,,,Regular Employee,False
W100318,2020-06-12,2025-08-25,Voluntary,Regular Employee,False
W100319,2022-04-20,,,Regular Employee,False
W100320,2022-03-25,2022-08-20,Voluntary,Regular Employee,False
W100321,2021-04-03,2024-10-02,Voluntary,Regular Employee,False
W100322,2017-06-22,,,Regular Employee,False
W100323,2015-08-18,,,Regular Employee,False
W100324,2021-06-25,2026-06-21,Voluntary,Regular Employee,False
W100325,2018-12-21,2023-01-18,Involuntary,Regular Employee,False
W100326,2021-07-17,2024-02-21,Voluntary,Regular Employee,False
W100327,2017-10-25,,,Regular Employee,False
W100328,2017-12-24,,,Regular Employee,False
W100329,2014-03-08,2026-01-02,Involuntary,Regular Employee,False
W100330,2020-07-23,,,Regular Employee,False
W100331,2020-06-07,2022-11-16,Voluntary,Regular Employee,False
W100332,2018-04-14,2024-03-28,Voluntary,Regular Employee,False
W100333,2018-11-28,,,Regular Employee,False
W100334,2020-04-05,,,Regular Employee,False
W100335,2021-07-06,2023-09-11,Voluntary,Regular Employee,False
W100336,2002-06-30,2024-02-06,Voluntary,Regular Employee,False
W100337,2022-01-10,2026-01-05,Voluntary,Regular Employee,False
W100338,2021-03-31,2023-05-19,Voluntary,Regular Employee,False
W100339,2020-04-15,,,Regular Employee,False
W100340,2002-06-30,,,Regular Employee,False
W100341,2018-10-08,,,Regular Employee,False
W100342,2007-08-04,2024-10-14,Voluntary,Regular Employee,False
W100343,2018-10-20,,,Regular Employee,False
W100344,2013-09-10,2024-03-23,Involuntary,Regular Employee,False
W100345,2018-05-15,2022-08-31,Voluntary,Regular Employee,False
W100346,2020-12-21,,,Regular Employee,False
W100347,2014-10-13,,,Regular Employee,False
W100348,2022-05-07,2025-12-02,Voluntary,Regular Employee,False
W100349,2019-09-29,,,Regular Employee,False
W100350,2019-02-22,,,Regular Employee,False
W100351,2017-03-20,,,Regular Employee,False
W100352,2002-06-30,2026-04-17,Voluntary,Regular Employee,False
W100353,2017-10-10,2024-10-15,Involuntary,Regular Employee,False
W100354,2020-09-27,,,Regular Employee,False
W100355,2021-04-03,2025-02-04,Voluntary,Regular Employee,False
W100356,2018-04-09,2023-07-09,Involuntary,Regular Employee,False
W100357,2018-04-05,,,Regular Employee,False
W100358,2016-05-20,2026-01-13,Voluntary,Regular Employee,False
W100359,2015-10-06,2024-11-01,Voluntary,Regular Employee,False
W100360,2016-11-02,2023-03-16,Voluntary,Regular Employee,False
W100361,2018-11-15,2024-10-21,Voluntary,Regular Employee,False
W100362,2014-01-10,,,Regular Employee,False
W100363,2016-03-29,,,Regular Employee,False
W100364,2019-01-28,,,Regular Employee,False
W100365,2016-03-20,,,Regular Employee,False
W100366,2021-10-05,,,Regular Employee,False
W100367,2022-04-23,,,Regular Employee,False
W100368,2012-07-27,2025-08-29,Voluntary,Regular Employee,False
W100369,2005-05-05,2023-11-23,Voluntary,Regular Employee,False
W100370,2016-10-08,,,Regular Employee,False
W100371,2009-02-06,,,Regular Employee,False
W100372,2020-01-15,,,Regular Employee,False
W100373,2022-02-12,,,Regular Employee,False
W100374,2013-02-01,2023-08-04,Voluntary,Regular Employee,False
W100375,2021-11-17,,,Regular Employee,False
W100376,2019-01-25,2023-01-06,Involuntary,Regular Employee,False
W100377,2018-07-10,,,Regular Employee,False
W100378,2021-11-28,2022-09-11,Voluntary,Regular Employee,False
W100379,2016-11-28,,,Regular Employee,False
W100380,2019-09-06,2022-09-05,Voluntary,Regular Employee,False
W100381,2009-11-28,,,Regular Employee,False
W100382,2020-09-20,,,Regular Employee,False
W100383,2020-04-26,2025-07-23,Voluntary,Regular Employee,False
W100384,2014-11-24,2026-02-05,Voluntary,Regular Employee,False
W100385,2020-10-25,2025-01-16,Voluntary,Regular Employee,False
W100386,2016-07-14,,,Regular Employee,False
W100387,2014-12-23,,,Regular Employee,False
W100388,2017-02-26,,,Regular Employee,False
W100389,2020-09-17,2026-02-08,Voluntary,Regular Employee,False
W100390,2012-12-13,,,Regular Employee,False
W100391,2017-09-22,,,Regular Employee,False
W100392,2013-07-29,,,Regular Employee,False
W100393,2016-01-15,2025-10-31,Involuntary,Regular Employee,False
W100394,2013-05-03,,,Regular Employee,False
W100395,2020-06-15,2023-04-07,Voluntary,Regular Employee,False
W100396,2020-09-26,,,Regular Employee,False
W100397,2022-03-09,2024-12-08,Voluntary,Regular Employee,False
W100398,2020-11-25,2026-03-04,Voluntary,Regular Employee,False
W100399,2019-10-30,,,Regular Employee,False
W100400,2016-12-24,2024-04-02,Involuntary,Regular Employee,False
W100401,2017-06-02,,,Regular Employee,False
W100402,2019-02-07,2023-07-04,Voluntary,Regular Employee,False
W100403,2020-04-30,,,Regular Employee,False
W100404,2018-06-09,,,Regular Employee,False
W100405,2002-06-30,,,Regular Employee,False
W100406,2009-01-28,,,Regular Employee,False
W100407,2016-11-01,,,Regular Employee,False
W100408,2019-09-07,,,Regular Employee,False
W100409,2015-07-06,,,Regular Employee,False
W100410,2020-08-03,,,Regular Employee,False
W100411,2018-04-27,,,Regular Employee,False
W100412,2021-10-02,2022-09-18,Voluntary,Regular Employee,False
W100413,2012-09-14,,,Regular Employee,False
W100414,2021-04-12,,,Regular Employee,False
W100415,2012-08-09,2026-02-06,Involuntary,Regular Employee,False
W100416,2021-01-15,,,Regular Employee,False
W100417,2020-06-10,,,Regular Employee,False
W100418,2022-03-31,,,Regular Employee,False
W100419,2018-11-06,2022-10-16,Voluntary,Regular Employee,False
W100420,2020-03-08,2024-10-02,Voluntary,Regular Employee,False
W100421,2021-07-10,,,Regular Employee,False
W100422,2021-01-14,2026-05-18,Voluntary,Regular Employee,False
W100423,2022-04-12,,,Regular Employee,False
W100424,2019-01-04,2024-12-27,Involuntary,Regular Employee,False
W100425,2015-08-18,,,Regular Employee,False
W100426,2010-04-06,2025-09-13,Voluntary,Regular Employee,False
W100427,2021-10-14,,,Regular Employee,False
W100428,2019-05-26,2023-08-05,Voluntary,Regular Employee,False
W100429,2022-06-07,,,Regular Employee,False
W100430,2018-11-12,2024-09-09,Voluntary,Regular Employee,False
W100431,2021-01-26,,,Regular Employee,False
W100432,2010-05-08,,,Regular Employee,False
W100433,2021-07-27,,,Regular Employee,False
W100434,2022-03-21,,,Regular Employee,False
W100435,2022-04-21,2024-01-26,Voluntary,Regular Employee,False
W100436,2018-12-21,2022-08-25,Involuntary,Regular Employee,False
W100437,2019-07-27,2023-06-02,Voluntary,Regular Employee,False
W100438,2020-06-11,,,Regular Employee,False
W100439,2019-12-08,,,Regular Employee,False
W100440,2019-05-24,,,Regular Employee,False
W100441,2018-07-17,2024-01-06,Voluntary,Regular Employee,False
W100442,2021-05-28,2025-11-04,Voluntary,Regular Employee,False
W100443,2020-12-07,2024-10-10,Voluntary,Regular Employee,False
W100444,2017-02-19,2024-11-21,Voluntary,Regular Employee,False
W100445,2019-07-13,,,Regular Employee,False
W100446,2020-05-01,,,Regular Employee,False
W100447,2022-03-03,2023-08-28,Voluntary,Regular Employee,False
W100448,2012-08-31,,,Regular Employee,False
W100449,2022-04-30,,,Regular Employee,False
W100450,2010-12-10,2022-09-17,Voluntary,Regular Employee,False
W100451,2019-02-10,,,Regular Employee,False
W100452,2022-04-02,,,Regular Employee,False
W100453,2019-06-27,,,Regular Employee,False
W100454,2008-07-27,2025-12-13,Voluntary,Regular Employee,False
W100455,2018-11-13,,,Regular Employee,False
W100456,2018-02-02,,,Regular Employee,False
W100457,2020-04-21,2025-03-28,Voluntary,Regular Employee,False
W100458,2003-12-02,,,Regular Employee,False
W100459,2021-04-14,2024-06-13,Involuntary,Regular Employee,False
W100460,2016-07-08,,,Regular Employee,False
W100461,2020-09-07,2023-05-15,Voluntary,Regular Employee,False
W100462,2021-12-19,,,Regular Employee,False
W100463,2018-08-16,,,Regular Employee,False
W100464,2015-06-03,,,Regular Employee,False
W100465,2021-05-26,2025-04-27,Voluntary,Regular Employee,False
W100466,2021-07-26,2023-02-04,Voluntary,Regular Employee,False
W100467,2014-04-30,,,Regular Employee,False
W100468,2019-02-22,,,Regular Employee,False
W100469,2007-11-04,2024-02-15,Involuntary,Regular Employee,False
W100470,2021-07-23,,,Regular Employee,False
W100471,2020-07-14,,,Regular Employee,False
W100472,2015-11-29,,,Regular Employee,False
W100473,2015-10-28,,,Regular Employee,False
W100474,2014-11-17,,,Regular Employee,False
W100475,2016-12-21,2025-03-06,Voluntary,Regular Employee,False
W100476,2020-11-04,,,Regular Employee,False
W100477,2021-04-18,2023-01-08,Voluntary,Regular Employee,False
W100478,2021-11-19,2024-02-15,Involuntary,Regular Employee,False
W100479,2020-11-02,2023-01-05,Voluntary,Regular Employee,False
W100480,2010-10-27,2025-02-03,Voluntary,Regular Employee,False
W100481,2018-03-08,2026-04-18,Voluntary,Regular Employee,False
W100482,2019-08-30,,,Regular Employee,False
W100483,2019-05-11,,,Regular Employee,False
W100484,2012-10-25,,,Regular Employee,False
W100485,2017-05-23,2025-04-21,Voluntary,Regular Employee,False
W100486,2019-07-28,2024-06-24,Voluntary,Regular Employee,False
W100487,2020-10-22,,,Regular Employee,False
W100488,2022-04-26,,,Regular Employee,False
W100489,2012-11-02,2024-03-27,Voluntary,Regular Employee,False
W100490,2020-07-14,2023-05-29,Voluntary,Regular Employee,False
W100491,2020-01-12,,,Regular Employee,False
W100492,2019-11-02,,,Regular Employee,False
W100493,2020-06-01,,,Regular Employee,False
W100494,2019-08-04,2026-03-05,Voluntary,Regular Employee,False
W100495,2019-12-14,,,Regular Employee,False
W100496,2015-02-25,2025-01-14,Involuntary,Regular Employee,False
W100497,2015-03-16,,,Regular Employee,False
W100498,2009-03-04,2025-01-30,Voluntary,Regular Employee,False
W100499,2011-02-10,,,Regular Employee,False
W100500,2021-11-07,,,Regular Employee,False
W100501,2019-10-30,2025-06-06,Voluntary,Regular Employee,False
W100502,2006-04-19,,,Regular Employee,False
W100503,2016-06-23,,,Regular Employee,False
W100504,2019-11-02,2024-03-07,Voluntary,Regular Employee,False
W100505,2012-05-16,,,Regular Employee,False
W100506,2015-12-31,,,Regular Employee,False
W100507,2019-03-27,,,Regular Employee,False
W100508,2020-02-25,,,Regular Employee,False
W100509,2013-10-19,,,Regular Employee,False
W100510,2020-03-03,2025-09-29,Voluntary,Regular Employee,False
W100511,2019-08-29,2025-10-20,Voluntary,Regular Employee,False
W100512,2021-08-16,2023-11-15,Involuntary,Regular Employee,False
W100513,2013-09-11,,,Regular Employee,False
W100514,2019-03-08,2025-03-12,Voluntary,Regular Employee,False
W100515,2019-10-08,,,Regular Employee,False
W100516,2021-08-02,,,Regular Employee,False
W100517,2017-04-24,2024-02-18,Voluntary,Regular Employee,False
W100518,2015-05-09,,,Regular Employee,False
W100519,2013-07-20,,,Regular Employee,False
W100520,2016-08-16,2022-11-29,Voluntary,Regular Employee,False
W100521,2021-03-16,,,Regular Employee,False
W100522,2021-06-28,2023-05-29,Voluntary,Regular Employee,False
W100523,2013-02-16,,,Regular Employee,False
W100524,2020-10-31,2026-04-16,Voluntary,Regular Employee,False
W100525,2021-10-17,2026-06-25,Voluntary,Regular Employee,False
W100526,2002-06-30,2023-09-17,Voluntary,Regular Employee,False
W100527,2017-06-13,2025-12-07,Voluntary,Regular Employee,False
W100528,2016-09-10,2026-04-06,Involuntary,Regular Employee,False
W100529,2021-07-07,2025-09-06,Voluntary,Regular Employee,False
W100530,2021-04-02,,,Regular Employee,False
W100531,2016-12-25,,,Regular Employee,False
W100532,2019-05-31,2025-12-26,Voluntary,Regular Employee,False
W100533,2022-02-17,2025-02-14,Voluntary,Regular Employee,False
W100534,2017-11-14,,,Regular Employee,False
W100535,2013-04-10,,,Regular Employee,False
W100536,2018-01-30,2023-12-10,Voluntary,Regular Employee,False
W100537,2018-02-06,,,Regular Employee,False
W100538,2017-05-01,2025-12-27,Voluntary,Regular Employee,False
W100539,2021-09-15,,,Regular Employee,False
W100540,2017-11-14,2022-09-27,Voluntary,Regular Employee,False
W100541,2022-03-31,2024-10-26,Voluntary,Regular Employee,False
W100542,2019-06-30,,,Regular Employee,False
W100543,2022-01-21,,,Regular Employee,False
W100544,2021-03-08,2026-03-08,Voluntary,Regular Employee,False
W100545,2021-08-01,,,Regular Employee,False
W100546,2013-09-04,2023-07-20,Involuntary,Regular Employee,False
W100547,2021-07-08,2024-07-22,Voluntary,Regular Employee,False
W100548,2021-06-06,,,Regular Employee,False
W100549,2022-03-28,,,Regular Employee,False
W100550,2021-02-10,,,Regular Employee,False
W100551,2022-01-30,2024-01-13,Voluntary,Regular Employee,False
W100552,2018-09-06,,,Regular Employee,False
W100553,2021-03-15,,,Regular Employee,False
W100554,2019-10-30,,,Regular Employee,False
W100555,2022-01-03,,,Regular Employee,False
W100556,2012-08-31,2022-12-04,Voluntary,Regular Employee,False
W100557,2017-09-29,2026-02-19,Voluntary,Regular Employee,False
W100558,2014-09-13,,,Regular Employee,False
W100559,2021-01-16,,,Regular Employee,False
W100560,2014-11-24,,,Regular Employee,False
W100561,2018-03-14,2024-11-19,Voluntary,Regular Employee,False
W100562,2016-03-11,,,Regular Employee,False
W100563,2015-11-17,,,Regular Employee,False
W100564,2021-03-24,,,Regular Employee,False
W100565,2021-02-03,,,Regular Employee,False
W100566,2017-12-12,,,Regular Employee,False
W100567,2020-03-29,,,Regular Employee,False
W100568,2019-12-13,2026-04-08,Voluntary,Regular Employee,False
W100569,2020-04-23,,,Regular Employee,False
W100570,2021-08-13,,,Regular Employee,False
W100571,2021-04-20,2026-05-03,Involuntary,Regular Employee,False
W100572,2020-07-21,,,Regular Employee,False
W100573,2014-08-03,2023-06-28,Voluntary,Regular Employee,False
W100574,2003-02-15,2026-05-16,Voluntary,Regular Employee,False
W100575,2019-11-03,,,Regular Employee,False
W100576,2022-02-14,2022-08-10,Voluntary,Regular Employee,False
W100577,2019-03-17,,,Regular Employee,False
W100578,2018-09-26,2023-11-15,Voluntary,Regular Employee,False
W100579,2005-10-21,2023-09-21,Voluntary,Regular Employee,False
W100580,2012-12-31,,,Regular Employee,False
W100581,2021-05-28,2023-07-26,Voluntary,Regular Employee,False
W100582,2022-02-20,2025-02-17,Voluntary,Regular Employee,False
W100583,2021-05-23,2024-11-14,Voluntary,Regular Employee,False
W100584,2019-12-20,,,Regular Employee,False
W100585,2010-12-10,,,Regular Employee,False
W100586,2014-08-23,,,Regular Employee,False
W100587,2016-01-03,2023-02-21,Involuntary,Regular Employee,False
W100588,2017-04-09,,,Regular Employee,False
W100589,2015-03-27,,,Regular Employee,False
W100590,2011-03-28,,,Regular Employee,False
W100591,2019-01-01,,,Regular Employee,False
W100592,2015-03-13,,,Regular Employee,False
W100593,2015-04-07,,,Regular Employee,False
W100594,2020-07-26,2023-04-04,Voluntary,Regular Employee,False
W100595,2018-04-11,2023-04-08,Voluntary,Regular Employee,False
W100596,2015-04-14,,,Regular Employee,False
W100597,2022-05-04,,,Regular Employee,False
W100598,2016-08-09,,,Regular Employee,False
W100599,2018-05-21,,,Regular Employee,False
W100600,2015-01-18,2022-07-06,Voluntary,Regular Employee,False
W100601,2016-11-25,,,Regular Employee,False
W100602,2008-01-06,2022-09-09,Involuntary,Regular Employee,False
W100603,2018-03-27,2022-12-13,Voluntary,Regular Employee,False
W100604,2014-04-01,,,Regular Employee,False
W100605,2018-09-23,,,Regular Employee,False
W100606,2016-03-02,,,Regular Employee,False
W100607,2015-08-21,,,Regular Employee,False
W100608,2021-02-24,,,Regular Employee,False
W100609,2020-10-22,2023-12-04,Voluntary,Regular Employee,False
W100610,2020-10-06,,,Regular Employee,False
W100611,2018-01-14,,,Regular Employee,False
W100612,2021-05-13,,,Regular Employee,False
W100613,2021-06-26,,,Regular Employee,False
W100614,2019-08-03,,,Regular Employee,False
W100615,2019-02-23,,,Regular Employee,False
W100616,2022-02-10,,,Regular Employee,False
W100617,2022-04-14,,,Regular Employee,False
W100618,2017-01-15,,,Regular Employee,False
W100619,2004-04-07,,,Regular Employee,False
W100620,2018-01-14,,,Regular Employee,False
W100621,2015-10-08,,,Regular Employee,False
W100622,2022-04-02,,,Regular Employee,False
W100623,2013-02-23,,,Regular Employee,False
W100624,2012-05-08,,,Regular Employee,False
W100625,2020-08-13,2024-03-24,Voluntary,Regular Employee,False
W100626,2018-04-27,,,Regular Employee,False
W100627,2017-04-07,,,Regular Employee,False
W100628,2019-05-29,,,Regular Employee,False
W100629,2014-09-07,2025-01-13,Voluntary,Regular Employee,False
W100630,2018-10-02,2024-02-15,Voluntary,Regular Employee,False
W100631,2021-12-22,2022-11-21,Voluntary,Regular Employee,False
W100632,2013-04-04,,,Regular Employee,False
W100633,2017-07-22,2023-12-15,Voluntary,Regular Employee,False
W100634,2017-04-17,,,Regular Employee,False
W100635,2018-10-29,,,Regular Employee,False
W100636,2019-01-18,,,Regular Employee,False
W100637,2020-12-13,,,Regular Employee,False
W100638,2021-10-31,,,Regular Employee,False
W100639,2018-02-19,2022-11-07,Voluntary,Regular Employee,False
W100640,2015-11-26,2023-06-08,Voluntary,Regular Employee,False
W100641,2015-06-29,,,Regular Employee,False
W100642,2021-10-23,2022-10-15,Voluntary,Regular Employee,False
W100643,2021-01-17,,,Regular Employee,False
W100644,2016-02-29,2025-05-14,Voluntary,Regular Employee,False
W100645,2002-06-30,,,Regular Employee,False
W100646,2021-07-13,,,Regular Employee,False
W100647,2018-08-29,,,Regular Employee,False
W100648,2021-10-23,,,Regular Employee,False
W100649,2020-04-18,2023-11-09,Involuntary,Regular Employee,False
W100650,2017-12-24,,,Regular Employee,False
W100651,2015-02-10,2025-03-03,Voluntary,Regular Employee,False
W100652,2011-11-21,2025-09-04,Voluntary,Regular Employee,False
W100653,2018-06-07,,,Regular Employee,False
W100654,2018-09-18,,,Regular Employee,False
W100655,2021-10-22,,,Regular Employee,False
W100656,2020-06-28,,,Regular Employee,False
W100657,2020-12-10,,,Regular Employee,False
W100658,2018-12-04,2025-03-21,Voluntary,Regular Employee,False
W100659,2021-10-06,,,Regular Employee,False
W100660,2017-09-25,,,Regular Employee,False
W100661,2018-07-21,,,Regular Employee,False
W100662,2020-12-13,,,Regular Employee,False
W100663,2021-10-01,2022-07-21,Involuntary,Regular Employee,False
W100664,2019-12-12,,,Regular Employee,False
W100665,2022-04-10,,,Regular Employee,False
W100666,2020-04-22,2025-10-07,Voluntary,Regular Employee,False
W100667,2018-01-17,,,Regular Employee,False
W100668,2020-11-23,,,Regular Employee,False
W100669,2019-08-17,2022-07-11,Voluntary,Regular Employee,False
W100670,2021-09-08,,,Regular Employee,False
W100671,2021-07-16,2025-01-26,Involuntary,Regular Employee,False
W100672,2009-12-06,2025-07-20,Involuntary,Regular Employee,False
W100673,2002-06-30,,,Regular Employee,False
W100674,2021-01-01,,,Regular Employee,False
W100675,2017-08-08,,,Regular Employee,False
W100676,2019-09-08,,,Regular Employee,False
W100677,2020-12-08,,,Regular Employee,False
W100678,2018-02-17,2026-02-06,Voluntary,Regular Employee,False
W100679,2002-06-30,2023-07-01,Voluntary,Regular Employee,False
W100680,2022-03-13,2023-08-25,Voluntary,Regular Employee,False
W100681,2020-04-05,,,Regular Employee,False
W100682,2016-12-08,,,Regular Employee,False
W100683,2015-05-02,,,Regular Employee,False
W100684,2022-02-05,2023-10-19,Involuntary,Regular Employee,False
W100685,2019-05-30,2024-02-25,Voluntary,Regular Employee,False
W100686,2009-09-12,,,Regular Employee,False
W100687,2020-06-12,,,Regular Employee,False
W100688,2018-11-26,,,Regular Employee,False
W100689,2017-11-05,,,Regular Employee,False
W100690,2020-06-13,2026-06-01,Voluntary,Regular Employee,False
W100691,2017-03-11,2023-05-26,Involuntary,Regular Employee,False
W100692,2018-05-26,2026-04-23,Voluntary,Regular Employee,False
W100693,2020-07-15,2023-03-14,Involuntary,Regular Employee,False
W100694,2020-11-05,,,Regular Employee,False
W100695,2020-06-16,2025-08-17,Voluntary,Regular Employee,False
W100696,2022-06-12,,,Regular Employee,False
W100697,2021-06-19,,,Regular Employee,False
W100698,2021-01-20,,,Regular Employee,False
W100699,2021-05-08,2025-03-13,Voluntary,Regular Employee,False
W100700,2014-11-23,,,Regular Employee,False
W100701,2021-03-13,2022-12-28,Voluntary,Regular Employee,False
W100702,2014-06-24,,,Regular Employee,False
W100703,2018-07-07,,,Regular Employee,False
W100704,2017-10-17,,,Regular Employee,False
W100705,2022-03-03,,,Regular Employee,False
W100706,2021-07-16,2024-02-15,Involuntary,Regular Employee,False
W100707,2019-07-20,,,Regular Employee,False
W100708,2020-04-09,2024-04-08,Voluntary,Regular Employee,False
W100709,2017-09-05,,,Regular Employee,False
W100710,2021-12-20,,,Regular Employee,False
W100711,2022-01-30,,,Regular Employee,False
W100712,2018-03-10,,,Regular Employee,False
W100713,2018-09-04,2022-08-23,Voluntary,Regular Employee,False
W100714,2022-03-19,,,Regular Employee,False
W100715,2022-04-04,,,Regular Employee,False
W100716,2021-11-23,,,Regular Employee,False
W100717,2022-05-06,2025-09-10,Voluntary,Regular Employee,False
W100718,2015-08-29,,,Regular Employee,False
W100719,2021-05-17,,,Regular Employee,False
W100720,2014-04-28,2023-06-08,Voluntary,Regular Employee,False
W100721,2022-04-10,2025-05-26,Voluntary,Regular Employee,False
W100722,2018-02-18,2024-02-20,Involuntary,Regular Employee,False
W100723,2015-02-11,,,Regular Employee,False
W100724,2018-09-19,,,Regular Employee,False
W100725,2022-02-11,2022-09-03,Voluntary,Regular Employee,False
W100726,2020-07-10,,,Regular Employee,False
W100727,2016-04-04,,,Regular Employee,False
W100728,2022-02-17,2022-09-12,Voluntary,Regular Employee,False
W100729,2015-12-13,,,Regular Employee,False
W100730,2015-02-20,,,Regular Employee,False
W100731,2021-12-05,,,Regular Employee,False
W100732,2019-11-22,2024-12-10,Voluntary,Regular Employee,False
W100733,2013-09-08,,,Regular Employee,False
W100734,2017-08-07,,,Regular Employee,False
W100735,2013-12-21,2022-10-07,Voluntary,Regular Employee,False
W100736,2021-11-28,,,Regular Employee,False
W100737,2015-09-20,2023-03-22,Voluntary,Regular Employee,False
W100738,2017-03-24,2022-11-10,Voluntary,Regular Employee,False
W100739,2014-04-06,2022-11-23,Voluntary,Regular Employee,False
W100740,2021-02-10,2023-05-21,Voluntary,Regular Employee,False
W100741,2021-06-22,,,Regular Employee,False
W100742,2013-05-16,,,Regular Employee,False
W100743,2022-05-26,,,Regular Employee,False
W100744,2022-05-29,,,Regular Employee,False
W100745,2009-06-13,2026-04-04,Involuntary,Regular Employee,False
W100746,2019-10-03,2025-02-27,Voluntary,Regular Employee,False
W100747,2020-07-18,,,Regular Employee,False
W100748,2022-04-22,,,Regular Employee,False
W100749,2018-09-24,2022-09-18,Voluntary,Regular Employee,False
W100750,2015-02-11,,,Regular Employee,False
W100751,2022-03-09,2023-11-09,Voluntary,Regular Employee,False
W100752,2021-06-03,2025-05-26,Voluntary,Regular Employee,False
W100753,2011-02-07,,,Regular Employee,False
W100754,2017-02-07,2023-11-09,Voluntary,Regular Employee,False
W100755,2019-01-06,2023-03-24,Voluntary,Regular Employee,False
W100756,2015-11-24,,,Regular Employee,False
W100757,2017-03-21,2023-11-13,Involuntary,Regular Employee,False
W100758,2011-02-13,2026-03-07,Voluntary,Regular Employee,False
W100759,2020-12-23,2022-12-31,Voluntary,Regular Employee,False
W100760,2017-09-28,2025-09-24,Voluntary,Regular Employee,False
W100761,2018-11-20,,,Regular Employee,False
W100762,2010-02-11,,,Regular Employee,False
W100763,2021-03-16,2025-02-09,Voluntary,Regular Employee,False
W100764,2022-04-03,2025-05-14,Voluntary,Regular Employee,False
W100765,2020-11-21,2024-02-15,Involuntary,Regular Employee,False
W100766,2018-10-24,,,Regular Employee,False
W100767,2020-03-19,,,Regular Employee,False
W100768,2005-06-30,2025-05-23,Voluntary,Regular Employee,False
W100769,2022-01-03,,,Regular Employee,False
W100770,2015-04-08,2023-12-16,Voluntary,Regular Employee,False
W100771,2018-09-11,,,Regular Employee,False
W100772,2018-07-08,,,Regular Employee,False
W100773,2021-12-10,,,Regular Employee,False
W100774,2016-10-09,,,Regular Employee,False
W100775,2022-01-31,,,Regular Employee,False
W100776,2020-06-15,,,Regular Employee,False
W100777,2012-11-22,,,Regular Employee,False
W100778,2019-08-01,2023-11-12,Voluntary,Regular Employee,False
W100779,2022-03-06,2026-03-29,Voluntary,Regular Employee,False
W100780,2020-09-01,2024-09-21,Voluntary,Regular Employee,False
W100781,2019-07-01,2023-08-02,Voluntary,Regular Employee,False
W100782,2012-04-29,,,Regular Employee,False
W100783,2012-12-21,,,Regular Employee,False
W100784,2019-02-24,,,Regular Employee,False
W100785,2014-05-28,,,Regular Employee,False
W100786,2017-11-24,,,Regular Employee,False
W100787,2011-08-21,2025-01-31,Involuntary,Regular Employee,False
W100788,2006-04-11,,,Regular Employee,False
W100789,2012-12-28,,,Regular Employee,False
W100790,2022-06-12,,,Regular Employee,False
W100791,2019-12-01,,,Regular Employee,False
W100792,2021-11-26,2024-10-25,Voluntary,Regular Employee,False
W100793,2019-01-01,,,Regular Employee,False
W100794,2015-08-04,,,Regular Employee,False
W100795,2021-07-01,2025-04-07,Voluntary,Regular Employee,False
W100796,2017-03-06,,,Regular Employee,False
W100797,2012-05-26,,,Regular Employee,False
W100798,2020-09-05,,,Regular Employee,False
W100799,2018-01-23,,,Regular Employee,False
W100800,2008-05-12,,,Regular Employee,False
W100801,2020-04-18,,,Regular Employee,False
W100802,2021-05-03,2023-05-26,Involuntary,Regular Employee,False
W100803,2018-09-18,2022-09-23,Voluntary,Regular Employee,False
W100804,2021-03-19,2025-10-17,Voluntary,Regular Employee,False
W100805,2017-07-09,,,Regular Employee,False
W100806,2021-02-28,2023-07-10,Voluntary,Regular Employee,False
W100807,2021-10-15,,,Regular Employee,False
W100808,2020-05-16,,,Regular Employee,False
W100809,2020-05-27,,,Regular Employee,False
W100810,2010-08-12,2024-03-13,Voluntary,Regular Employee,False
W100811,2004-05-26,,,Regular Employee,False
W100812,2019-04-25,,,Regular Employee,False
W100813,2009-07-06,2026-03-30,Involuntary,Regular Employee,False
W100814,2011-04-21,,,Regular Employee,False
W100815,2020-07-04,2025-02-16,Voluntary,Regular Employee,False
W100816,2011-11-15,,,Regular Employee,False
W100817,2017-10-02,,,Regular Employee,False
W100818,2016-01-11,,,Regular Employee,False
W100819,2022-05-22,,,Regular Employee,False
W100820,2015-11-21,,,Regular Employee,False
W100821,2022-03-13,,,Regular Employee,False
W100822,2021-07-02,2022-09-12,Voluntary,Regular Employee,False
W100823,2018-06-09,2024-02-15,Involuntary,Regular Employee,False
W100824,2022-01-10,,,Regular Employee,False
W100825,2017-07-29,2022-10-25,Voluntary,Regular Employee,False
W100826,2022-06-12,2022-11-16,Voluntary,Regular Employee,False
W100827,2013-02-19,,,Regular Employee,False
W100828,2021-06-10,,,Regular Employee,False
W100829,2012-07-16,2022-09-28,Involuntary,Regular Employee,False
W100830,2019-07-30,2022-08-02,Involuntary,Regular Employee,False
W100831,2020-02-13,2024-02-15,Involuntary,Regular Employee,False
W100832,2011-05-19,,,Regular Employee,False
W100833,2020-12-04,,,Regular Employee,False
W100834,2020-10-10,,,Regular Employee,False
W100835,2019-04-19,,,Regular Employee,False
W100836,2020-03-16,,,Regular Employee,False
W100837,2020-06-01,,,Regular Employee,False
W100838,2018-08-14,2024-09-11,Involuntary,Regular Employee,False
W100839,2018-12-09,,,Regular Employee,False
W100840,2005-12-05,2023-05-11,Voluntary,Regular Employee,False
W100841,2020-05-12,2023-07-07,Voluntary,Regular Employee,False
W100842,2018-07-18,2022-07-10,Voluntary,Regular Employee,False
W100843,2022-06-03,,,Regular Employee,False
W100844,2020-09-18,2025-02-10,Voluntary,Regular Employee,False
W100845,2018-11-02,,,Regular Employee,False
W100846,2021-06-25,,,Regular Employee,False
W100847,2016-04-20,2024-12-19,Voluntary,Regular Employee,False
W100848,2021-03-03,,,Regular Employee,False
W100849,2020-10-28,,,Regular Employee,False
W100850,2021-05-21,2024-02-15,Involuntary,Regular Employee,False
W100851,2022-06-11,2022-10-24,Involuntary,Regular Employee,False
W100852,2022-03-05,,,Regular Employee,False
W100853,2020-07-31,,,Regular Employee,False
W100854,2008-06-08,,,Regular Employee,False
W100855,2018-11-21,2026-05-26,Voluntary,Regular Employee,False
W100856,2022-02-12,2026-02-22,Involuntary,Regular Employee,False
W100857,2002-06-30,,,Regular Employee,False
W100858,2018-04-29,2023-05-02,Voluntary,Regular Employee,False
W100859,2018-08-15,2024-01-17,Voluntary,Regular Employee,False
W100860,2019-12-27,,,Regular Employee,False
W100861,2020-02-12,2025-03-11,Involuntary,Regular Employee,False
W100862,2021-12-22,,,Regular Employee,False
W100863,2022-06-12,2023-03-11,Voluntary,Regular Employee,False
W100864,2021-03-31,,,Regular Employee,False
W100865,2021-07-07,,,Regular Employee,False
W100866,2020-07-06,,,Regular Employee,False
W100867,2011-03-30,,,Regular Employee,False
W100868,2010-01-31,,,Regular Employee,False
W100869,2019-11-18,2023-11-30,Involuntary,Regular Employee,False
W100870,2020-06-24,2022-10-13,Voluntary,Regular Employee,False
W100871,2014-11-28,2024-02-15,Involuntary,Regular Employee,False
W100872,2017-01-11,2024-02-15,Involuntary,Regular Employee,False
W100873,2019-12-14,,,Regular Employee,False
W100874,2020-02-11,,,Regular Employee,False
W100875,2021-06-07,2023-05-04,Involuntary,Regular Employee,False
W100876,2022-02-24,,,Regular Employee,False
W100877,2016-12-21,,,Regular Employee,False
W100878,2017-12-08,2024-02-15,Involuntary,Regular Employee,False
W100879,2021-02-18,2025-02-10,Voluntary,Regular Employee,False
W100880,2021-12-30,,,Regular Employee,False
W100881,2007-07-10,2023-02-26,Voluntary,Regular Employee,False
W100882,2022-06-12,2022-11-23,Voluntary,Regular Employee,False
W100883,2013-07-18,,,Regular Employee,False
W100884,2020-08-23,2026-04-18,Voluntary,Regular Employee,False
W100885,2008-01-28,,,Regular Employee,False
W100886,2011-03-20,,,Regular Employee,False
W100887,2019-01-23,2023-02-04,Voluntary,Regular Employee,False
W100888,2020-04-01,,,Regular Employee,False
W100889,2013-11-07,,,Regular Employee,False
W100890,2017-08-06,,,Regular Employee,False
W100891,2018-07-31,,,Regular Employee,False
W100892,2022-01-18,,,Regular Employee,False
W100893,2022-04-24,,,Regular Employee,False
W100894,2021-02-28,,,Regular Employee,False
W100895,2015-12-02,,,Regular Employee,False
W100896,2017-01-13,,,Regular Employee,False
W100897,2021-09-12,2025-07-24,Voluntary,Regular Employee,False
W100898,2019-11-23,,,Regular Employee,False
W100899,2019-03-14,2025-02-15,Voluntary,Regular Employee,False
W100900,2018-01-18,2022-10-23,Voluntary,Regular Employee,False
W100901,2002-08-05,,,Regular Employee,False
W100902,2014-11-02,,,Regular Employee,False
W100903,2021-05-02,2023-01-27,Voluntary,Regular Employee,False
W100904,2020-09-17,2024-02-15,Involuntary,Regular Employee,False
W100905,2021-12-28,,,Regular Employee,False
W100906,2010-04-01,2024-09-02,Voluntary,Regular Employee,False
W100907,2021-10-15,,,Regular Employee,False
W100908,2018-10-10,,,Regular Employee,False
W100909,2016-02-18,,,Regular Employee,False
W100910,2020-10-13,,,Regular Employee,False
W100911,2019-12-11,,,Regular Employee,False
W100912,2019-05-07,,,Regular Employee,False
W100913,2017-09-27,,,Regular Employee,False
W100914,2018-06-20,,,Regular Employee,False
W100915,2014-04-12,,,Regular Employee,False
W100916,2022-04-11,,,Regular Employee,False
W100917,2022-02-21,,,Regular Employee,False
W100918,2019-12-03,,,Regular Employee,False
W100919,2015-06-28,2025-10-28,Involuntary,Regular Employee,False
W100920,2021-08-12,,,Regular Employee,False
W100921,2016-07-21,,,Regular Employee,False
W100922,2012-04-29,2023-03-03,Voluntary,Regular Employee,False
W100923,2015-10-09,,,Regular Employee,False
W100924,2022-05-08,,,Regular Employee,False
W100925,2019-01-17,,,Regular Employee,False
W100926,2011-10-07,,,Regular Employee,False
W100927,2014-02-25,2023-01-20,Voluntary,Regular Employee,False
W100928,2006-09-17,2022-07-19,Voluntary,Regular Employee,False
W100929,2022-01-13,,,Regular Employee,False
W100930,2022-02-07,,,Regular Employee,False
W100931,2019-10-07,2026-05-29,Voluntary,Regular Employee,False
W100932,2020-06-27,2024-01-09,Voluntary,Regular Employee,False
W100933,2012-01-30,,,Regular Employee,False
W100934,2015-06-27,,,Regular Employee,False
W100935,2016-12-18,,,Regular Employee,False
W100936,2020-12-23,2022-08-17,Voluntary,Regular Employee,False
W100937,2016-09-16,,,Regular Employee,False
W100938,2006-09-03,,,Regular Employee,False
W100939,2021-11-28,2025-06-17,Voluntary,Regular Employee,False
W100940,2008-12-11,,,Regular Employee,False
W100941,2016-08-19,2024-06-04,Voluntary,Regular Employee,False
W100942,2020-01-06,,,Regular Employee,False
W100943,2012-11-06,,,Regular Employee,False
W100944,2019-10-22,,,Regular Employee,False
W100945,2018-05-09,2025-08-21,Voluntary,Regular Employee,False
W100946,2021-12-02,,,Regular Employee,False
W100947,2020-07-14,2023-03-06,Voluntary,Regular Employee,False
W100948,2016-01-07,,,Regular Employee,False
W100949,2021-11-22,,,Regular Employee,False
W100950,2017-07-17,2025-11-21,Involuntary,Regular Employee,False
W100951,2016-03-25,2024-04-17,Voluntary,Regular Employee,False
W100952,2022-04-20,,,Regular Employee,False
W100953,2019-09-20,,,Regular Employee,False
W100954,2008-09-07,2026-05-23,Voluntary,Regular Employee,False
W100955,2020-08-16,2023-04-27,Voluntary,Regular Employee,False
W100956,2018-01-24,,,Regular Employee,False
W100957,2019-10-04,,,Regular Employee,False
W100958,2018-04-03,2026-05-07,Voluntary,Regular Employee,False
W100959,2017-01-27,2023-03-09,Voluntary,Regular Employee,False
W100960,2019-04-10,,,Regular Employee,False
W100961,2020-11-15,2024-10-14,Voluntary,Regular Employee,False
W100962,2015-12-03,,,Regular Employee,False
W100963,2015-12-29,,,Regular Employee,False
W100964,2021-05-10,,,Regular Employee,False
W100965,2018-12-17,2024-07-01,Involuntary,Regular Employee,False
W100966,2016-11-16,2025-07-08,Voluntary,Regular Employee,False
W100967,2018-04-25,,,Regular Employee,False
W100968,2015-09-18,2025-04-04,Voluntary,Regular Employee,False
W100969,2022-02-28,,,Regular Employee,False
W100970,2020-02-19,2025-09-16,Voluntary,Regular Employee,False
W100971,2002-06-30,,,Regular Employee,False
W100972,2021-06-15,2026-01-05,Involuntary,Regular Employee,False
W100973,2020-09-04,,,Regular Employee,False
W100974,2019-07-30,2025-01-30,Voluntary,Regular Employee,False
W100975,2021-03-27,,,Regular Employee,False
W100976,2021-07-08,,,Regular Employee,False
W100977,2017-12-13,2023-12-30,Voluntary,Regular Employee,False
W100978,2020-11-14,,,Regular Employee,False
W100979,2018-01-14,2026-04-06,Voluntary,Regular Employee,False
W100980,2017-08-27,2022-12-05,Voluntary,Regular Employee,False
W100981,2022-05-30,,,Regular Employee,False
W100982,2018-06-10,,,Regular Employee,False
W100983,2020-01-25,,,Regular Employee,False
W100984,2018-01-25,2025-07-30,Voluntary,Regular Employee,False
W100985,2017-12-24,2024-01-24,Voluntary,Regular Employee,False
W100986,2018-03-13,,,Regular Employee,False
W100987,2021-12-06,2026-01-25,Voluntary,Regular Employee,False
W100988,2018-10-14,,,Regular Employee,False
W100989,2020-02-01,,,Regular Employee,False
W100990,2019-02-05,,,Regular Employee,False
W100991,2015-02-06,,,Regular Employee,False
W100992,2022-05-28,,,Regular Employee,False
W100993,2020-05-13,,,Regular Employee,False
W100994,2019-01-15,,,Regular Employee,False
W100995,2016-01-03,,,Regular Employee,False
W100996,2018-11-18,,,Regular Employee,False
W100997,2011-09-27,2025-11-01,Voluntary,Regular Employee,False
W100998,2017-08-12,,,Regular Employee,False
W100999,2018-12-04,,,Regular Employee,False
W101000,2022-06-12,2023-03-21,Involuntary,Regular Employee,False
W101001,2017-10-06,,,Regular Employee,False
W101002,2017-11-28,,,Regular Employee,False
W101003,2019-12-29,2024-02-15,Involuntary,Regular Employee,False
W101004,2016-09-27,,,Regular Employee,False
W101005,2013-02-07,,,Regular Employee,False
W101006,2019-01-26,,,Regular Employee,False
W101007,2021-04-06,2025-12-19,Voluntary,Regular Employee,False
W101008,2011-08-21,2025-10-15,Involuntary,Regular Employee,False
W101009,2012-04-21,,,Regular Employee,False
W101010,2010-08-21,2025-06-20,Involuntary,Regular Employee,False
W101011,2021-01-01,,,Regular Employee,False
W101012,2017-11-17,,,Regular Employee,False
W101013,2022-02-12,,,Regular Employee,False
W101014,2022-05-10,2022-09-07,Voluntary,Regular Employee,False
W101015,2021-07-08,,,Regular Employee,False
W101016,2021-03-28,,,Regular Employee,False
W101017,2019-12-01,,,Regular Employee,False
W101018,2016-04-05,2025-09-04,Voluntary,Regular Employee,False
W101019,2017-01-12,,,Regular Employee,False
W101020,2009-07-22,2026-04-26,Involuntary,Regular Employee,False
W101021,2014-12-26,,,Regular Employee,False
W101022,2020-09-05,2023-03-14,Voluntary,Regular Employee,False
W101023,2016-10-15,,,Regular Employee,False
W101024,2020-09-13,,,Regular Employee,False
W101025,2017-03-31,2023-07-09,Voluntary,Regular Employee,False
W101026,2017-09-08,,,Regular Employee,False
W101027,2010-01-07,,,Regular Employee,False
W101028,2018-06-27,,,Regular Employee,False
W101029,2021-05-23,,,Regular Employee,False
W101030,2019-08-29,,,Regular Employee,False
W101031,2021-02-12,,,Regular Employee,False
W101032,2019-04-12,2026-01-28,Voluntary,Regular Employee,False
W101033,2020-06-04,,,Regular Employee,False
W101034,2022-02-18,,,Regular Employee,False
W101035,2018-08-15,2024-02-16,Voluntary,Regular Employee,False
W101036,2019-04-18,,,Regular Employee,False
W101037,2014-08-06,,,Regular Employee,False
W101038,2019-08-19,2024-09-07,Voluntary,Regular Employee,False
W101039,2020-03-28,,,Regular Employee,False
W101040,2018-12-15,2022-11-30,Voluntary,Regular Employee,False
W101041,2018-03-08,,,Regular Employee,False
W101042,2021-01-04,,,Regular Employee,False
W101043,2015-07-04,,,Regular Employee,False
W101044,2016-11-28,2024-02-05,Voluntary,Regular Employee,False
W101045,2002-06-30,,,Regular Employee,False
W101046,2020-01-24,2022-12-12,Involuntary,Regular Employee,False
W101047,2016-01-25,,,Regular Employee,False
W101048,2021-04-15,,,Regular Employee,False
W101049,2021-05-21,,,Regular Employee,False
W101050,2018-07-06,,,Regular Employee,False
W101051,2019-02-02,,,Regular Employee,False
W101052,2011-02-13,,,Regular Employee,False
W101053,2020-11-15,,,Regular Employee,False
W101054,2022-05-30,,,Regular Employee,False
W101055,2019-07-19,2023-08-09,Voluntary,Regular Employee,False
W101056,2014-11-06,2023-10-27,Voluntary,Regular Employee,False
W101057,2010-08-08,,,Regular Employee,False
W101058,2018-03-08,,,Regular Employee,False
W101059,2021-04-30,2024-06-19,Voluntary,Regular Employee,False
W101060,2021-10-12,,,Regular Employee,False
W101061,2020-07-12,,,Regular Employee,False
W101062,2016-03-22,,,Regular Employee,False
W101063,2019-10-12,2025-08-23,Voluntary,Regular Employee,False
W101064,2016-12-25,,,Regular Employee,False
W101065,2003-07-07,,,Regular Employee,False
W101066,2005-07-17,2023-11-03,Voluntary,Regular Employee,False
W101067,2019-05-31,2023-09-24,Voluntary,Regular Employee,False
W101068,2019-03-17,,,Regular Employee,False
W101069,2018-09-15,2025-04-28,Voluntary,Regular Employee,False
W101070,2018-07-24,,,Regular Employee,False
W101071,2020-05-14,2023-02-09,Involuntary,Regular Employee,False
W101072,2021-12-08,2023-12-05,Voluntary,Regular Employee,False
W101073,2021-12-09,2023-10-24,Voluntary,Regular Employee,False
W101074,2017-05-24,2023-04-09,Voluntary,Regular Employee,False
W101075,2019-03-20,,,Regular Employee,False
W101076,2021-09-14,,,Regular Employee,False
W101077,2014-10-08,,,Regular Employee,False
W101078,2021-04-16,,,Regular Employee,False
W101079,2021-10-17,,,Regular Employee,False
W101080,2014-10-23,,,Regular Employee,False
W101081,2022-05-21,,,Regular Employee,False
W101082,2018-04-14,,,Regular Employee,False
W101083,2022-04-10,,,Regular Employee,False
W101084,2021-12-31,,,Regular Employee,False
W101085,2018-06-27,2024-10-18,Voluntary,Regular Employee,False
W101086,2017-09-11,2025-01-28,Voluntary,Regular Employee,False
W101087,2019-05-29,,,Regular Employee,False
W101088,2021-12-31,2022-12-26,Voluntary,Regular Employee,False
W101089,2021-11-19,2023-11-04,Voluntary,Regular Employee,False
W101090,2013-01-05,,,Regular Employee,False
W101091,2009-11-08,,,Regular Employee,False
W101092,2017-11-16,2022-08-11,Voluntary,Regular Employee,False
W101093,2010-08-29,2026-05-14,Voluntary,Regular Employee,False
W101094,2010-06-14,2023-06-11,Voluntary,Regular Employee,False
W101095,2016-10-26,,,Regular Employee,False
W101096,2018-11-17,2023-11-22,Voluntary,Regular Employee,False
W101097,2006-06-15,,,Regular Employee,False
W101098,2017-10-15,,,Regular Employee,False
W101099,2011-08-10,,,Regular Employee,False
W101100,2019-05-26,2024-03-18,Voluntary,Regular Employee,False
W101101,2013-01-28,2024-08-29,Voluntary,Regular Employee,False
W101102,2018-03-23,,,Regular Employee,False
W101103,2022-04-11,,,Regular Employee,False
W101104,2019-12-02,,,Regular Employee,False
W101105,2018-05-10,,,Regular Employee,False
W101106,2021-06-23,,,Regular Employee,False
W101107,2022-04-03,,,Regular Employee,False
W101108,2020-12-26,,,Regular Employee,False
W101109,2012-04-16,,,Regular Employee,False
W101110,2011-07-11,2022-07-11,Voluntary,Regular Employee,False
W101111,2019-12-25,,,Regular Employee,False
W101112,2017-02-25,,,Regular Employee,False
W101113,2017-01-12,,,Regular Employee,False
W101114,2021-02-19,,,Regular Employee,False
W101115,2018-10-04,,,Regular Employee,False
W101116,2009-02-26,,,Regular Employee,False
W101117,2020-04-22,,,Regular Employee,False
W101118,2021-12-16,2023-11-25,Voluntary,Regular Employee,False
W101119,2021-07-03,,,Regular Employee,False
W101120,2018-05-06,2023-06-26,Voluntary,Regular Employee,False
W101121,2022-01-17,,,Regular Employee,False
W101122,2010-07-31,,,Regular Employee,False
W101123,2022-05-17,2025-04-20,Voluntary,Regular Employee,False
W101124,2022-03-31,2025-07-08,Involuntary,Regular Employee,False
W101125,2022-04-25,,,Regular Employee,False
W101126,2015-05-23,,,Regular Employee,False
W101127,2022-04-19,,,Regular Employee,False
W101128,2006-05-25,,,Regular Employee,False
W101129,2021-06-13,2024-04-29,Voluntary,Regular Employee,False
W101130,2022-06-03,,,Regular Employee,False
W101131,2008-10-09,2024-09-02,Voluntary,Regular Employee,False
W101132,2018-02-23,,,Regular Employee,False
W101133,2016-10-26,,,Regular Employee,False
W101134,2019-11-03,2022-09-29,Voluntary,Regular Employee,False
W101135,2012-01-31,,,Regular Employee,False
W101136,2014-08-10,,,Regular Employee,False
W101137,2019-03-05,,,Regular Employee,False
W101138,2020-03-30,2025-04-29,Involuntary,Regular Employee,False
W101139,2018-01-06,,,Regular Employee,False
W101140,2018-04-23,,,Regular Employee,False
W101141,2011-09-09,,,Regular Employee,False
W101142,2016-12-17,,,Regular Employee,False
W101143,2017-04-24,,,Regular Employee,False
W101144,2016-10-03,,,Regular Employee,False
W101145,2015-09-19,,,Regular Employee,False
W101146,2021-01-27,2022-08-02,Voluntary,Regular Employee,False
W101147,2015-05-10,,,Regular Employee,False
W101148,2016-11-09,,,Regular Employee,False
W101149,2014-07-06,,,Regular Employee,False
W101150,2002-06-30,,,Regular Employee,False
W101151,2016-05-29,2024-10-08,Voluntary,Regular Employee,False
W101152,2022-05-24,2022-12-21,Voluntary,Regular Employee,False
W101153,2017-11-02,,,Regular Employee,False
W101154,2019-01-29,2022-10-11,Voluntary,Regular Employee,False
W101155,2022-02-08,,,Regular Employee,False
W101156,2021-07-24,2022-10-19,Voluntary,Regular Employee,False
W101157,2015-10-21,,,Regular Employee,False
W101158,2018-10-20,2024-08-07,Involuntary,Regular Employee,False
W101159,2021-06-13,,,Regular Employee,False
W101160,2022-01-31,2026-02-10,Voluntary,Regular Employee,False
W101161,2018-07-06,,,Regular Employee,False
W101162,2018-10-09,2026-04-11,Voluntary,Regular Employee,False
W101163,2010-08-22,,,Regular Employee,False
W101164,2018-07-04,,,Regular Employee,False
W101165,2018-07-17,2025-08-07,Voluntary,Regular Employee,False
W101166,2013-08-16,,,Regular Employee,False
W101167,2020-12-17,2022-09-10,Voluntary,Regular Employee,False
W101168,2019-12-05,2024-09-25,Voluntary,Regular Employee,False
W101169,2018-04-23,2026-06-02,Voluntary,Regular Employee,False
W101170,2017-11-30,2023-01-24,Voluntary,Regular Employee,False
W101171,2021-07-07,2024-03-24,Voluntary,Regular Employee,False
W101172,2012-08-18,,,Regular Employee,False
W101173,2018-08-15,,,Regular Employee,False
W101174,2020-04-16,,,Regular Employee,False
W101175,2018-06-22,2026-01-28,Voluntary,Regular Employee,False
W101176,2021-11-16,,,Regular Employee,False
W101177,2021-08-25,,,Regular Employee,False
W101178,2002-06-30,,,Regular Employee,False
W101179,2020-02-27,2022-10-25,Voluntary,Regular Employee,False
W101180,2010-08-26,2024-09-11,Involuntary,Regular Employee,False
W101181,2009-06-16,2024-11-03,Voluntary,Regular Employee,False
W101182,2018-10-30,,,Regular Employee,False
W101183,2020-01-24,,,Regular Employee,False
W101184,2022-05-23,,,Regular Employee,False
W101185,2015-05-26,,,Regular Employee,False
W101186,2018-07-17,2023-08-30,Voluntary,Regular Employee,False
W101187,2018-12-06,,,Regular Employee,False
W101188,2015-09-18,,,Regular Employee,False
W101189,2012-11-11,2025-12-04,Voluntary,Regular Employee,False
W101190,2019-07-29,,,Regular Employee,False
W101191,2016-12-06,,,Regular Employee,False
W101192,2012-02-22,,,Regular Employee,False
W101193,2009-09-27,2022-12-03,Voluntary,Regular Employee,False
W101194,2018-10-31,,,Regular Employee,False
W101195,2016-07-18,,,Regular Employee,False
W101196,2020-09-04,,,Regular Employee,False
W101197,2020-05-22,,,Regular Employee,False
W101198,2018-09-11,,,Regular Employee,False
W101199,2022-03-17,2022-08-04,Voluntary,Regular Employee,False
W101200,2022-04-28,,,Regular Employee,False
W101201,2018-03-14,,,Regular Employee,False
W101202,2019-09-24,2023-01-16,Voluntary,Regular Employee,False
W101203,2016-01-21,,,Regular Employee,False
W101204,2018-11-15,,,Regular Employee,False
W101205,2020-03-06,,,Regular Employee,False
W101206,2021-05-02,2024-06-24,Voluntary,Regular Employee,False
W101207,2020-01-23,,,Regular Employee,False
W101208,2017-09-13,,,Regular Employee,False
W101209,2009-05-04,,,Regular Employee,False
W101210,2021-11-24,2025-01-03,Voluntary,Regular Employee,False
W101211,2017-04-18,,,Regular Employee,False
W101212,2020-06-14,,,Regular Employee,False
W101213,2021-12-14,2024-09-27,Involuntary,Regular Employee,False
W101214,2022-04-22,,,Regular Employee,False
W101215,2021-03-23,,,Regular Employee,False
W101216,2014-12-31,2025-04-23,Voluntary,Regular Employee,False
W101217,2021-11-05,,,Regular Employee,False
W101218,2018-12-04,2024-03-08,Voluntary,Regular Employee,False
W101219,2020-11-03,2025-12-01,Voluntary,Regular Employee,False
W101220,2022-02-07,,,Regular Employee,False
W101221,2017-12-17,2022-09-03,Involuntary,Regular Employee,False
W101222,2019-01-08,,,Regular Employee,False
W101223,2021-01-20,2025-02-25,Voluntary,Regular Employee,False
W101224,2014-07-13,,,Regular Employee,False
W101225,2015-04-09,,,Regular Employee,False
W101226,2017-10-06,,,Regular Employee,False
W101227,2004-12-29,,,Regular Employee,False
W101228,2006-01-24,,,Regular Employee,False
W101229,2020-09-07,2025-07-16,Voluntary,Regular Employee,False
W101230,2021-05-27,2025-07-14,Voluntary,Regular Employee,False
W101231,2019-03-23,,,Regular Employee,False
W101232,2021-01-04,,,Regular Employee,False
W101233,2018-12-26,,,Regular Employee,False
W101234,2021-10-01,,,Regular Employee,False
W101235,2017-09-27,2023-09-23,Voluntary,Regular Employee,False
W101236,2019-03-16,,,Regular Employee,False
W101237,2018-09-22,,,Regular Employee,False
W101238,2021-10-04,,,Regular Employee,False
W101239,2002-06-30,,,Regular Employee,False
W101240,2013-06-17,2024-06-15,Involuntary,Regular Employee,False
W101241,2021-04-05,,,Regular Employee,False
W101242,2018-10-05,,,Regular Employee,False
W101243,2020-01-29,,,Regular Employee,False
W101244,2019-06-18,,,Regular Employee,False
W101245,2020-11-28,2024-06-08,Involuntary,Regular Employee,False
W101246,2020-02-12,2025-03-23,Voluntary,Regular Employee,False
W101247,2019-10-10,,,Regular Employee,False
W101248,2018-07-04,,,Regular Employee,False
W101249,2018-01-21,,,Regular Employee,False
W101250,2020-01-15,,,Regular Employee,False
W101251,2016-06-21,2023-11-21,Voluntary,Regular Employee,False
W101252,2020-07-14,,,Regular Employee,False
W101253,2020-08-21,,,Regular Employee,False
W101254,2022-03-28,2023-07-07,Voluntary,Regular Employee,False
W101255,2021-07-21,2025-05-30,Voluntary,Regular Employee,False
W101256,2020-08-26,,,Regular Employee,False
W101257,2018-01-24,2024-05-05,Voluntary,Regular Employee,False
W101258,2011-08-27,,,Regular Employee,False
W101259,2020-06-12,,,Regular Employee,False
W101260,2018-12-06,,,Regular Employee,False
W101261,2021-02-09,,,Regular Employee,False
W101262,2020-06-11,2024-02-15,Involuntary,Regular Employee,False
W101263,2015-08-28,2024-07-13,Voluntary,Regular Employee,False
W101264,2015-02-19,2026-04-06,Voluntary,Regular Employee,False
W101265,2019-03-11,2025-01-23,Voluntary,Regular Employee,False
W101266,2014-03-17,2023-02-17,Voluntary,Regular Employee,False
W101267,2021-08-31,2023-08-20,Voluntary,Regular Employee,False
W101268,2022-01-07,2025-02-11,Involuntary,Regular Employee,False
W101269,2021-03-23,,,Regular Employee,False
W101270,2010-01-05,,,Regular Employee,False
W101271,2020-10-18,2023-09-18,Voluntary,Regular Employee,False
W101272,2011-02-05,2022-12-16,Voluntary,Regular Employee,False
W101273,2019-05-03,2023-06-05,Voluntary,Regular Employee,False
W101274,2021-05-15,,,Regular Employee,False
W101275,2021-10-18,2022-09-08,Involuntary,Regular Employee,False
W101276,2012-12-26,,,Regular Employee,False
W101277,2021-06-07,2024-02-15,Involuntary,Regular Employee,False
W101278,2020-06-03,,,Regular Employee,False
W101279,2021-04-30,2025-08-30,Voluntary,Regular Employee,False
W101280,2017-10-12,2023-04-15,Voluntary,Regular Employee,False
W101281,2020-06-10,,,Regular Employee,False
W101282,2019-03-03,,,Regular Employee,False
W101283,2021-04-21,2023-02-07,Involuntary,Regular Employee,False
W101284,2018-11-06,2026-04-23,Voluntary,Regular Employee,False
W101285,2020-12-21,,,Regular Employee,False
W101286,2007-11-04,,,Regular Employee,False
W101287,2021-07-13,2022-11-09,Voluntary,Regular Employee,False
W101288,2018-03-16,2023-08-20,Voluntary,Regular Employee,False
W101289,2021-09-11,,,Regular Employee,False
W101290,2017-04-26,,,Regular Employee,False
W101291,2020-01-07,2024-02-28,Voluntary,Regular Employee,False
W101292,2021-07-06,,,Regular Employee,False
W101293,2015-06-02,,,Regular Employee,False
W101294,2020-08-11,,,Regular Employee,False
W101295,2013-10-02,2022-07-21,Voluntary,Regular Employee,False
W101296,2020-09-11,,,Regular Employee,False
W101297,2012-11-02,2026-01-15,Involuntary,Regular Employee,False
W101298,2020-02-07,,,Regular Employee,False
W101299,2009-09-25,2023-03-06,Voluntary,Regular Employee,False
W101300,2022-04-12,2022-11-05,Voluntary,Regular Employee,False
W101301,2021-10-21,,,Regular Employee,False
W101302,2021-12-27,,,Regular Employee,False
W101303,2015-08-24,2024-07-13,Involuntary,Regular Employee,False
W101304,2018-07-06,2022-08-16,Voluntary,Regular Employee,False
W101305,2020-05-17,,,Regular Employee,False
W101306,2015-02-20,2022-08-05,Voluntary,Regular Employee,False
W101307,2020-01-15,,,Regular Employee,False
W101308,2019-02-06,2024-01-20,Voluntary,Regular Employee,False
W101309,2017-07-29,,,Regular Employee,False
W101310,2020-04-29,2023-12-03,Voluntary,Regular Employee,False
W101311,2020-06-30,,,Regular Employee,False
W101312,2017-02-04,,,Regular Employee,False
W101313,2021-11-05,,,Regular Employee,False
W101314,2022-04-17,2026-01-31,Voluntary,Regular Employee,False
W101315,2022-02-25,,,Regular Employee,False
W101316,2017-12-22,2023-02-23,Involuntary,Regular Employee,False
W101317,2012-03-13,2024-03-18,Involuntary,Regular Employee,False
W101318,2004-09-28,2025-05-14,Voluntary,Regular Employee,False
W101319,2021-05-30,,,Regular Employee,False
W101320,2021-11-21,2023-08-22,Voluntary,Regular Employee,False
W101321,2017-05-08,,,Regular Employee,False
W101322,2017-02-19,,,Regular Employee,False
W101323,2019-12-02,,,Regular Employee,False
W101324,2008-12-17,,,Regular Employee,False
W101325,2020-03-28,,,Regular Employee,False
W101326,2017-10-07,,,Regular Employee,False
W101327,2022-06-07,,,Regular Employee,False
W101328,2022-06-12,,,Regular Employee,False
W101329,2017-09-30,,,Regular Employee,False
W101330,2022-03-06,,,Regular Employee,False
W101331,2017-06-04,2024-02-15,Involuntary,Regular Employee,False
W101332,2014-08-21,,,Regular Employee,False
W101333,2022-01-31,,,Regular Employee,False
W101334,2018-09-07,2023-11-16,Voluntary,Regular Employee,False
W101335,2002-06-30,,,Regular Employee,False
W101336,2021-07-03,,,Regular Employee,False
W101337,2019-03-11,,,Regular Employee,False
W101338,2017-11-13,2023-12-01,Voluntary,Regular Employee,False
W101339,2019-08-12,,,Regular Employee,False
W101340,2022-03-02,,,Regular Employee,False
W101341,2020-05-17,2023-01-26,Voluntary,Regular Employee,False
W101342,2020-12-26,,,Regular Employee,False
W101343,2017-04-06,2023-09-20,Voluntary,Regular Employee,False
W101344,2021-03-21,,,Regular Employee,False
W101345,2021-10-29,,,Regular Employee,False
W101346,2021-01-13,2025-03-11,Voluntary,Regular Employee,False
W101347,2019-10-19,2024-12-04,Voluntary,Regular Employee,False
W101348,2021-11-16,,,Regular Employee,False
W101349,2019-11-06,2022-10-08,Voluntary,Regular Employee,False
W101350,2009-12-22,,,Regular Employee,False
W101351,2011-06-06,2022-09-25,Voluntary,Regular Employee,False
W101352,2020-09-25,,,Regular Employee,False
W101353,2012-08-16,2022-08-23,Voluntary,Regular Employee,False
W101354,2018-05-08,2024-09-30,Involuntary,Regular Employee,False
W101355,2013-02-10,,,Regular Employee,False
W101356,2020-04-18,,,Regular Employee,False
W101357,2022-02-07,,,Regular Employee,False
W101358,2005-07-12,,,Regular Employee,False
W101359,2016-08-15,2024-02-15,Involuntary,Regular Employee,False
W101360,2016-10-22,,,Regular Employee,False
W101361,2018-10-14,,,Regular Employee,False
W101362,2017-01-27,,,Regular Employee,False
W101363,2016-09-13,2024-02-15,Involuntary,Regular Employee,False
W101364,2020-03-04,,,Regular Employee,False
W101365,2020-06-02,2025-01-19,Involuntary,Regular Employee,False
W101366,2021-03-16,,,Regular Employee,False
W101367,2017-05-13,,,Regular Employee,False
W101368,2019-08-12,2022-10-04,Voluntary,Regular Employee,False
W101369,2021-03-17,,,Regular Employee,False
W101370,2018-01-12,,,Regular Employee,False
W101371,2020-04-22,,,Regular Employee,False
W101372,2002-10-20,2023-01-18,Voluntary,Regular Employee,False
W101373,2020-07-13,2025-08-22,Voluntary,Regular Employee,False
W101374,2021-10-24,,,Regular Employee,False
W101375,2009-06-10,,,Regular Employee,False
W101376,2022-03-20,2025-03-06,Voluntary,Regular Employee,False
W101377,2016-01-12,,,Regular Employee,False
W101378,2015-04-09,,,Regular Employee,False
W101379,2002-06-30,2024-12-12,Voluntary,Regular Employee,False
W101380,2014-09-28,,,Regular Employee,False
W101381,2017-10-14,,,Regular Employee,False
W101382,2021-02-12,,,Regular Employee,False
W101383,2017-01-06,,,Regular Employee,False
W101384,2021-06-21,,,Regular Employee,False
W101385,2016-12-19,,,Regular Employee,False
W101386,2021-09-30,2024-11-16,Voluntary,Regular Employee,False
W101387,2022-02-14,2022-07-09,Voluntary,Regular Employee,False
W101388,2013-06-26,2023-05-13,Voluntary,Regular Employee,False
W101389,2022-06-12,,,Regular Employee,False
W101390,2020-01-27,,,Regular Employee,False
W101391,2022-03-07,,,Regular Employee,False
W101392,2019-06-07,2024-08-14,Voluntary,Regular Employee,False
W101393,2021-12-06,,,Regular Employee,False
W101394,2016-06-18,,,Regular Employee,False
W101395,2020-12-23,2022-07-21,Voluntary,Regular Employee,False
W101396,2014-01-22,2025-12-01,Voluntary,Regular Employee,False
W101397,2021-08-09,2025-11-15,Voluntary,Regular Employee,False
W101398,2016-07-29,2022-12-04,Voluntary,Regular Employee,False
W101399,2022-04-04,2022-11-02,Voluntary,Regular Employee,False
W101400,2021-09-08,,,Regular Employee,False
W101401,2018-02-12,,,Regular Employee,False
W101402,2009-09-20,,,Regular Employee,False
W101403,2017-02-06,,,Regular Employee,False
W101404,2004-11-24,2023-12-13,Voluntary,Regular Employee,False
W101405,2011-06-17,,,Regular Employee,False
W101406,2019-11-25,,,Regular Employee,False
W101407,2015-10-10,,,Regular Employee,False
W101408,2021-07-09,,,Regular Employee,False
W101409,2021-08-15,,,Regular Employee,False
W101410,2017-12-30,,,Regular Employee,False
W101411,2021-11-30,,,Regular Employee,False
W101412,2021-09-09,,,Regular Employee,False
W101413,2019-04-02,,,Regular Employee,False
W101414,2018-04-28,,,Regular Employee,False
W101415,2015-07-28,,,Regular Employee,False
W101416,2018-10-18,2023-03-20,Voluntary,Regular Employee,False
W101417,2020-09-19,,,Regular Employee,False
W101418,2018-09-27,,,Regular Employee,False
W101419,2017-12-02,2022-11-19,Voluntary,Regular Employee,False
W101420,2016-04-24,2025-09-29,Voluntary,Regular Employee,False
W101421,2017-11-03,,,Regular Employee,False
W101422,2014-01-29,,,Regular Employee,False
W101423,2014-12-30,2026-01-30,Voluntary,Regular Employee,False
W101424,2020-07-23,,,Regular Employee,False
W101425,2012-10-19,2026-06-12,Voluntary,Regular Employee,False
W101426,2020-12-07,,,Regular Employee,False
W101427,2018-10-07,,,Regular Employee,False
W101428,2013-05-22,,,Regular Employee,False
W101429,2018-04-03,,,Regular Employee,False
W101430,2018-10-07,2025-06-27,Voluntary,Regular Employee,False
W101431,2021-01-25,,,Regular Employee,False
W101432,2021-12-03,,,Regular Employee,False
W101433,2019-07-03,2024-08-24,Voluntary,Regular Employee,False
W101434,2019-12-20,,,Regular Employee,False
W101435,2018-11-28,,,Regular Employee,False
W101436,2018-08-31,,,Regular Employee,False
W101437,2019-12-12,,,Regular Employee,False
W101438,2022-05-07,2026-06-28,Involuntary,Regular Employee,False
W101439,2021-01-30,2025-11-01,Voluntary,Regular Employee,False
W101440,2017-11-11,,,Regular Employee,False
W101441,2021-10-13,,,Regular Employee,False
W101442,2018-07-04,2022-11-09,Voluntary,Regular Employee,False
W101443,2019-09-25,,,Regular Employee,False
W101444,2018-08-31,2024-08-06,Voluntary,Regular Employee,False
W101445,2009-02-07,,,Regular Employee,False
W101446,2018-03-19,,,Regular Employee,False
W101447,2018-07-19,,,Regular Employee,False
W101448,2020-01-09,2023-01-07,Voluntary,Regular Employee,False
W101449,2019-11-20,,,Regular Employee,False
W101450,2017-12-30,,,Regular Employee,False
W101451,2021-01-06,2024-06-28,Voluntary,Regular Employee,False
W101452,2020-08-30,2025-08-01,Voluntary,Regular Employee,False
W101453,2018-08-11,2023-03-13,Voluntary,Regular Employee,False
W101454,2022-06-06,,,Regular Employee,False
W101455,2014-01-07,,,Regular Employee,False
W101456,2020-06-07,,,Regular Employee,False
W101457,2016-11-05,2025-08-02,Involuntary,Regular Employee,False
W101458,2020-06-06,,,Regular Employee,False
W101459,2017-05-05,2023-10-12,Voluntary,Regular Employee,False
W101460,2022-01-25,2022-10-14,Voluntary,Regular Employee,False
W101461,2021-03-23,,,Regular Employee,False
W101462,2022-04-07,,,Regular Employee,False
W101463,2021-05-17,,,Regular Employee,False
W101464,2019-08-26,2024-07-30,Voluntary,Regular Employee,False
W101465,2020-07-27,,,Regular Employee,False
W101466,2020-03-08,2026-06-14,Voluntary,Regular Employee,False
W101467,2022-04-22,2022-09-09,Involuntary,Regular Employee,False
W101468,2018-10-29,2026-01-31,Involuntary,Regular Employee,False
W101469,2018-07-12,,,Regular Employee,False
W101470,2021-09-18,,,Regular Employee,False
W101471,2018-07-26,2025-10-01,Voluntary,Regular Employee,False
W101472,2016-01-09,2023-11-19,Voluntary,Regular Employee,False
W101473,2021-12-24,,,Regular Employee,False
W101474,2016-12-07,,,Regular Employee,False
W101475,2021-10-24,,,Regular Employee,False
W101476,2019-04-08,,,Regular Employee,False
W101477,2017-06-06,,,Regular Employee,False
W101478,2022-01-25,2023-09-27,Voluntary,Regular Employee,False
W101479,2022-05-13,2024-04-17,Voluntary,Regular Employee,False
W101480,2018-11-03,,,Regular Employee,False
W101481,2013-09-11,2023-04-08,Voluntary,Regular Employee,False
W101482,2021-03-29,,,Regular Employee,False
W101483,2020-12-30,,,Regular Employee,False
W101484,2021-06-21,2022-11-01,Voluntary,Regular Employee,False
W101485,2018-05-12,2022-11-16,Involuntary,Regular Employee,False
W101486,2013-12-16,,,Regular Employee,False
W101487,2002-12-07,,,Regular Employee,False
W101488,2021-11-06,2022-07-27,Involuntary,Regular Employee,False
W101489,2020-04-29,,,Regular Employee,False
W101490,2019-01-19,,,Regular Employee,False
W101491,2016-06-07,,,Regular Employee,False
W101492,2016-09-26,,,Regular Employee,False
W101493,2021-02-04,2023-05-12,Voluntary,Regular Employee,False
W101494,2021-03-03,2024-12-15,Voluntary,Regular Employee,False
W101495,2019-04-06,,,Regular Employee,False
W101496,2014-04-29,,,Regular Employee,False
W101497,2022-01-09,2024-03-07,Involuntary,Regular Employee,False
W101498,2019-03-09,,,Regular Employee,False
W101499,2006-08-31,,,Regular Employee,False
W101500,2022-02-01,,,Regular Employee,False
W101501,2009-04-01,,,Regular Employee,False
W101502,2020-02-14,,,Regular Employee,False
W101503,2019-01-22,,,Regular Employee,False
W101504,2018-03-22,2025-06-30,Voluntary,Regular Employee,False
W101505,2021-10-07,,,Regular Employee,False
W101506,2021-05-28,2022-11-21,Involuntary,Regular Employee,False
W101507,2016-07-15,,,Regular Employee,False
W101508,2021-11-30,,,Regular Employee,False
W101509,2016-05-25,2026-06-03,Voluntary,Regular Employee,False
W101510,2018-02-24,,,Regular Employee,False
W101511,2021-06-22,,,Regular Employee,False
W101512,2019-12-26,2023-11-20,Voluntary,Regular Employee,False
W101513,2018-09-22,2023-05-13,Voluntary,Regular Employee,False
W101514,2021-04-14,,,Regular Employee,False
W101515,2020-10-24,,,Regular Employee,False
W101516,2017-09-03,2022-10-12,Voluntary,Regular Employee,False
W101517,2019-10-08,,,Regular Employee,False
W101518,2014-02-02,2023-03-21,Voluntary,Regular Employee,False
W101519,2022-01-11,2024-07-15,Voluntary,Regular Employee,False
W101520,2021-06-06,,,Regular Employee,False
W101521,2019-11-29,,,Regular Employee,False
W101522,2020-12-07,,,Regular Employee,False
W101523,2020-11-07,2025-10-28,Involuntary,Regular Employee,False
W101524,2020-07-08,2023-02-04,Voluntary,Regular Employee,False
W101525,2020-08-18,,,Regular Employee,False
W101526,2019-02-19,,,Regular Employee,False
W101527,2019-11-18,2025-12-17,Voluntary,Regular Employee,False
W101528,2019-03-25,2024-03-08,Voluntary,Regular Employee,False
W101529,2021-05-18,,,Regular Employee,False
W101530,2020-07-06,2025-09-29,Voluntary,Regular Employee,False
W101531,2008-06-12,2023-06-03,Voluntary,Regular Employee,False
W101532,2019-07-18,,,Regular Employee,False
W101533,2021-06-18,,,Regular Employee,False
W101534,2018-07-07,,,Regular Employee,False
W101535,2022-01-14,2023-12-20,Involuntary,Regular Employee,False
W101536,2017-07-22,2025-09-20,Voluntary,Regular Employee,False
W101537,2021-04-19,,,Regular Employee,False
W101538,2021-09-19,,,Regular Employee,False
W101539,2019-09-29,,,Regular Employee,False
W101540,2016-01-25,2024-06-08,Involuntary,Regular Employee,False
W101541,2004-08-06,,,Regular Employee,False
W101542,2020-10-31,2024-08-22,Involuntary,Regular Employee,False
W101543,2019-11-19,,,Regular Employee,False
W101544,2019-03-09,,,Regular Employee,False
W101545,2013-03-28,2025-11-21,Voluntary,Regular Employee,False
W101546,2014-07-23,2022-10-17,Voluntary,Regular Employee,False
W101547,2008-12-17,2025-01-03,Voluntary,Regular Employee,False
W101548,2016-03-24,2023-01-05,Voluntary,Regular Employee,False
W101549,2018-04-24,,,Regular Employee,False
W101550,2018-07-25,,,Regular Employee,False
W101551,2022-06-12,2023-04-28,Involuntary,Regular Employee,False
W101552,2020-12-15,,,Regular Employee,False
W101553,2019-03-13,,,Regular Employee,False
W101554,2016-06-22,,,Regular Employee,False
W101555,2018-05-03,2024-02-25,Voluntary,Regular Employee,False
W101556,2015-10-23,2024-02-15,Involuntary,Regular Employee,False
W101557,2020-04-11,,,Regular Employee,False
W101558,2013-01-19,,,Regular Employee,False
W101559,2010-03-08,,,Regular Employee,False
W101560,2021-08-16,,,Regular Employee,False
W101561,2021-05-14,,,Regular Employee,False
W101562,2021-11-07,,,Regular Employee,False
W101563,2016-04-05,,,Regular Employee,False
W101564,2015-12-08,,,Regular Employee,False
W101565,2018-08-13,,,Regular Employee,False
W101566,2019-04-24,,,Regular Employee,False
W101567,2020-10-14,2023-07-31,Voluntary,Regular Employee,False
W101568,2020-09-14,,,Regular Employee,False
W101569,2021-04-10,2024-11-13,Voluntary,Regular Employee,False
W101570,2018-12-22,,,Regular Employee,False
W101571,2019-06-14,2023-11-16,Voluntary,Regular Employee,False
W101572,2016-09-25,,,Regular Employee,False
W101573,2022-05-22,2023-02-05,Voluntary,Regular Employee,False
W101574,2013-10-16,2022-11-19,Voluntary,Regular Employee,False
W101575,2020-05-01,,,Regular Employee,False
W101576,2020-02-14,2023-07-25,Involuntary,Regular Employee,False
W101577,2014-05-21,,,Regular Employee,False
W101578,2020-08-27,,,Regular Employee,False
W101579,2022-05-28,2025-05-06,Voluntary,Regular Employee,False
W101580,2018-04-15,,,Regular Employee,False
W101581,2021-07-17,,,Regular Employee,False
W101582,2022-03-29,2025-06-19,Voluntary,Regular Employee,False
W101583,2014-05-12,,,Regular Employee,False
W101584,2015-08-09,,,Regular Employee,False
W101585,2018-12-19,,,Regular Employee,False
W101586,2020-10-02,,,Regular Employee,False
W101587,2011-11-02,,,Regular Employee,False
W101588,2021-03-23,,,Regular Employee,False
W101589,2021-02-03,,,Regular Employee,False
W101590,2019-10-06,2022-08-01,Voluntary,Regular Employee,False
W101591,2020-01-10,,,Regular Employee,False
W101592,2012-07-26,2024-07-21,Voluntary,Regular Employee,False
W101593,2021-01-11,,,Regular Employee,False
W101594,2021-04-13,,,Regular Employee,False
W101595,2020-09-22,,,Regular Employee,False
W101596,2020-10-26,,,Regular Employee,False
W101597,2021-01-25,2023-12-29,Voluntary,Regular Employee,False
W101598,2017-01-25,,,Regular Employee,False
W101599,2020-01-28,2024-04-16,Voluntary,Regular Employee,False
W101600,2017-05-23,2025-09-03,Voluntary,Regular Employee,False
W101601,2019-10-08,2022-08-27,Voluntary,Regular Employee,False
W101602,2021-08-29,,,Regular Employee,False
W101603,2019-06-03,,,Regular Employee,False
W101604,2021-02-09,2022-12-05,Voluntary,Regular Employee,False
W101605,2019-12-18,,,Regular Employee,False
W101606,2021-11-05,,,Regular Employee,False
W101607,2016-10-08,,,Regular Employee,False
W101608,2012-12-26,2024-02-20,Voluntary,Regular Employee,False
W101609,2018-10-01,,,Regular Employee,False
W101610,2011-02-17,2023-03-28,Voluntary,Regular Employee,False
W101611,2015-06-04,,,Regular Employee,False
W101612,2022-06-09,,,Regular Employee,False
W101613,2020-04-11,2023-01-09,Voluntary,Regular Employee,False
W101614,2021-09-16,,,Regular Employee,False
W101615,2014-12-04,2022-11-25,Voluntary,Regular Employee,False
W101616,2013-04-06,2023-07-16,Involuntary,Regular Employee,False
W101617,2018-03-26,,,Regular Employee,False
W101618,2012-05-01,2026-05-19,Involuntary,Regular Employee,False
W101619,2019-01-17,2026-03-04,Voluntary,Regular Employee,False
W101620,2021-10-19,2024-07-07,Voluntary,Regular Employee,False
W101621,2015-10-25,2024-03-05,Voluntary,Regular Employee,False
W101622,2014-03-13,,,Regular Employee,False
W101623,2010-04-13,,,Regular Employee,False
W101624,2016-05-27,,,Regular Employee,False
W101625,2015-06-26,,,Regular Employee,False
W101626,2021-11-23,,,Regular Employee,False
W101627,2020-09-22,,,Regular Employee,False
W101628,2015-02-04,,,Regular Employee,False
W101629,2018-05-01,,,Regular Employee,False
W101630,2014-07-27,2023-01-31,Involuntary,Regular Employee,False
W101631,2021-02-28,2023-05-15,Voluntary,Regular Employee,False
W101632,2014-04-26,,,Regular Employee,False
W101633,2020-12-27,2025-04-06,Voluntary,Regular Employee,False
W101634,2013-03-07,,,Regular Employee,False
W101635,2017-04-25,2022-09-29,Voluntary,Regular Employee,False
W101636,2022-03-09,,,Regular Employee,False
W101637,2019-10-04,2023-09-05,Voluntary,Regular Employee,False
W101638,2021-01-14,2026-01-07,Voluntary,Regular Employee,False
W101639,2021-02-20,,,Regular Employee,False
W101640,2015-09-16,,,Regular Employee,False
W101641,2013-01-20,,,Regular Employee,False
W101642,2022-03-03,,,Regular Employee,False
W101643,2018-12-31,,,Regular Employee,False
W101644,2020-11-27,,,Regular Employee,False
W101645,2020-02-29,2022-10-17,Voluntary,Regular Employee,False
W101646,2015-08-14,,,Regular Employee,False
W101647,2021-12-23,2023-03-21,Voluntary,Regular Employee,False
W101648,2015-05-07,,,Regular Employee,False
W101649,2018-07-25,,,Regular Employee,False
W101650,2020-07-09,,,Regular Employee,False
W101651,2014-06-27,2022-09-23,Voluntary,Regular Employee,False
W101652,2017-12-03,,,Regular Employee,False
W101653,2022-01-16,,,Regular Employee,False
W101654,2006-11-12,2022-08-13,Voluntary,Regular Employee,False
W101655,2021-04-30,,,Regular Employee,False
W101656,2021-03-29,,,Regular Employee,False
W101657,2021-06-17,2023-08-19,Voluntary,Regular Employee,False
W101658,2009-12-13,2023-03-30,Voluntary,Regular Employee,False
W101659,2008-04-28,,,Regular Employee,False
W101660,2021-10-19,2022-12-05,Voluntary,Regular Employee,False
W101661,2018-06-04,2024-02-21,Voluntary,Regular Employee,False
W101662,2016-03-20,2025-07-20,Voluntary,Regular Employee,False
W101663,2018-06-06,,,Regular Employee,False
W101664,2022-01-14,,,Regular Employee,False
W101665,2014-10-29,2025-01-02,Voluntary,Regular Employee,False
W101666,2018-01-24,2022-10-01,Involuntary,Regular Employee,False
W101667,2020-06-09,,,Regular Employee,False
W101668,2019-01-26,,,Regular Employee,False
W101669,2017-06-23,,,Regular Employee,False
W101670,2020-11-24,2022-11-05,Involuntary,Regular Employee,False
W101671,2021-04-25,,,Regular Employee,False
W101672,2010-12-16,2024-02-15,Involuntary,Regular Employee,False
W101673,2016-03-06,,,Regular Employee,False
W101674,2006-08-27,,,Regular Employee,False
W101675,2021-05-04,,,Regular Employee,False
W101676,2016-11-09,,,Regular Employee,False
W101677,2018-11-07,,,Regular Employee,False
W101678,2016-01-24,2024-01-20,Involuntary,Regular Employee,False
W101679,2021-07-08,,,Regular Employee,False
W101680,2007-12-30,,,Regular Employee,False
W101681,2003-01-07,2026-04-01,Voluntary,Regular Employee,False
W101682,2020-06-23,,,Regular Employee,False
W101683,2014-05-05,,,Regular Employee,False
W101684,2021-10-22,,,Regular Employee,False
W101685,2020-05-23,,,Regular Employee,False
W101686,2020-02-14,,,Regular Employee,False
W101687,2018-08-22,,,Regular Employee,False
W101688,2008-12-31,,,Regular Employee,False
W101689,2021-10-06,,,Regular Employee,False
W101690,2017-07-12,,,Regular Employee,False
W101691,2022-01-20,2022-10-02,Voluntary,Regular Employee,False
W101692,2016-11-11,,,Regular Employee,False
W101693,2020-04-25,,,Regular Employee,False
W101694,2020-08-20,,,Regular Employee,False
W101695,2016-05-28,2023-12-05,Voluntary,Regular Employee,False
W101696,2019-02-18,,,Regular Employee,False
W101697,2011-07-03,,,Regular Employee,False
W101698,2018-11-21,,,Regular Employee,False
W101699,2022-03-07,,,Regular Employee,False
W101700,2021-10-13,2023-05-12,Voluntary,Regular Employee,False
W101701,2022-01-10,,,Regular Employee,False
W101702,2013-07-01,2026-01-09,Voluntary,Regular Employee,False
W101703,2021-05-10,,,Regular Employee,False
W101704,2018-09-06,,,Regular Employee,False
W101705,2021-04-24,,,Regular Employee,False
W101706,2019-02-18,,,Regular Employee,False
W101707,2016-02-10,,,Regular Employee,False
W101708,2009-12-09,2024-08-22,Involuntary,Regular Employee,False
W101709,2022-03-06,,,Regular Employee,False
W101710,2017-07-30,2022-11-14,Involuntary,Regular Employee,False
W101711,2022-05-30,2023-04-03,Voluntary,Regular Employee,False
W101712,2014-12-24,,,Regular Employee,False
W101713,2020-12-14,2023-11-27,Voluntary,Regular Employee,False
W101714,2019-10-06,,,Regular Employee,False
W101715,2018-01-16,2023-07-24,Voluntary,Regular Employee,False
W101716,2015-05-29,2022-10-12,Involuntary,Regular Employee,False
W101717,2015-06-27,,,Regular Employee,False
W101718,2022-04-29,,,Regular Employee,False
W101719,2007-05-15,2023-08-26,Voluntary,Regular Employee,False
W101720,2017-05-06,2025-12-05,Voluntary,Regular Employee,False
W101721,2017-01-15,,,Regular Employee,False
W101722,2012-01-23,2023-10-28,Voluntary,Regular Employee,False
W101723,2021-10-12,2026-06-03,Voluntary,Regular Employee,False
W101724,2021-09-02,,,Regular Employee,False
W101725,2013-09-09,2025-10-14,Voluntary,Regular Employee,False
W101726,2018-12-17,,,Regular Employee,False
W101727,2015-09-05,2024-10-25,Voluntary,Regular Employee,False
W101728,2019-03-16,,,Regular Employee,False
W101729,2021-06-14,2025-07-17,Voluntary,Regular Employee,False
W101730,2020-11-14,,,Regular Employee,False
W101731,2017-01-13,2024-12-05,Voluntary,Regular Employee,False
W101732,2018-08-27,,,Regular Employee,False
W101733,2015-06-26,2025-08-04,Involuntary,Regular Employee,False
W101734,2004-03-07,2024-06-21,Voluntary,Regular Employee,False
W101735,2009-06-23,,,Regular Employee,False
W101736,2017-08-21,2024-08-19,Voluntary,Regular Employee,False
W101737,2014-01-16,,,Regular Employee,False
W101738,2022-05-06,2025-07-29,Voluntary,Regular Employee,False
W101739,2012-09-07,,,Regular Employee,False
W101740,2007-04-16,,,Regular Employee,False
W101741,2013-12-29,,,Regular Employee,False
W101742,2021-12-01,,,Regular Employee,False
W101743,2018-05-14,,,Regular Employee,False
W101744,2017-03-05,2023-01-20,Voluntary,Regular Employee,False
W101745,2010-08-16,,,Regular Employee,False
W101746,2004-03-30,,,Regular Employee,False
W101747,2022-03-10,,,Regular Employee,False
W101748,2017-05-27,,,Regular Employee,False
W101749,2022-05-17,,,Regular Employee,False
W101750,2019-11-23,2024-06-05,Involuntary,Regular Employee,False
W101751,2012-12-24,,,Regular Employee,False
W101752,2022-05-14,,,Regular Employee,False
W101753,2022-02-09,2024-10-05,Voluntary,Regular Employee,False
W101754,2021-09-23,,,Regular Employee,False
W101755,2014-09-11,,,Regular Employee,False
W101756,2016-12-11,,,Regular Employee,False
W101757,2008-09-05,,,Regular Employee,False
W101758,2015-07-09,2026-02-02,Voluntary,Regular Employee,False
W101759,2012-02-21,,,Regular Employee,False
W101760,2011-01-24,,,Regular Employee,False
W101761,2002-06-30,,,Regular Employee,False
W101762,2016-12-11,,,Regular Employee,False
W101763,2013-06-30,2024-10-25,Voluntary,Regular Employee,False
W101764,2019-04-10,,,Regular Employee,False
W101765,2021-09-28,,,Regular Employee,False
W101766,2021-02-18,2025-04-13,Voluntary,Regular Employee,False
W101767,2020-04-19,,,Regular Employee,False
W101768,2022-01-03,,,Regular Employee,False
W101769,2016-05-04,,,Regular Employee,False
W101770,2017-10-08,,,Regular Employee,False
W101771,2010-01-12,,,Regular Employee,False
W101772,2011-04-29,,,Regular Employee,False
W101773,2017-09-12,,,Regular Employee,False
W101774,2018-09-24,,,Regular Employee,False
W101775,2020-01-13,,,Regular Employee,False
W101776,2013-01-20,,,Regular Employee,False
W101777,2021-08-09,2022-08-18,Involuntary,Regular Employee,False
W101778,2021-08-30,2024-07-12,Voluntary,Regular Employee,False
W101779,2021-03-21,2023-11-24,Voluntary,Regular Employee,False
W101780,2021-02-01,2023-08-12,Voluntary,Regular Employee,False
W101781,2022-03-12,2023-03-07,Voluntary,Regular Employee,False
W101782,2018-07-03,,,Regular Employee,False
W101783,2004-06-21,2023-12-25,Voluntary,Regular Employee,False
W101784,2016-03-19,,,Regular Employee,False
W101785,2018-04-24,2026-04-18,Voluntary,Regular Employee,False
W101786,2021-04-12,2024-10-01,Voluntary,Regular Employee,False
W101787,2013-11-27,,,Regular Employee,False
W101788,2014-04-11,2025-11-23,Involuntary,Regular Employee,False
W101789,2018-09-27,,,Regular Employee,False
W101790,2022-01-18,2024-09-25,Voluntary,Regular Employee,False
W101791,2007-10-12,,,Regular Employee,False
W101792,2019-07-25,,,Regular Employee,False
W101793,2018-05-10,2022-10-20,Voluntary,Regular Employee,False
W101794,2021-06-20,,,Regular Employee,False
W101795,2021-10-23,2023-08-20,Voluntary,Regular Employee,False
W101796,2022-06-12,2022-09-11,Involuntary,Regular Employee,False
W101797,2013-10-28,,,Regular Employee,False
W101798,2021-09-29,2022-12-07,Voluntary,Regular Employee,False
W101799,2017-01-08,,,Regular Employee,False
W101800,2017-09-09,,,Regular Employee,False
W101801,2022-05-28,2022-07-03,Voluntary,Regular Employee,False
W101802,2020-02-29,2024-01-31,Voluntary,Regular Employee,False
W101803,2017-08-16,2026-06-03,Voluntary,Regular Employee,False
W101804,2018-04-14,,,Regular Employee,False
W101805,2020-10-07,,,Regular Employee,False
W101806,2016-03-18,2022-12-15,Voluntary,Regular Employee,False
W101807,2016-03-13,,,Regular Employee,False
W101808,2022-05-02,2024-02-15,Involuntary,Regular Employee,False
W101809,2019-03-13,2022-07-11,Voluntary,Regular Employee,False
W101810,2021-08-26,2024-02-15,Involuntary,Regular Employee,False
W101811,2021-08-22,,,Regular Employee,False
W101812,2012-09-22,2025-04-17,Involuntary,Regular Employee,False
W101813,2019-07-22,2022-09-12,Voluntary,Regular Employee,False
W101814,2022-06-12,2024-11-14,Involuntary,Regular Employee,False
W101815,2014-09-07,,,Regular Employee,False
W101816,2017-09-05,2022-07-16,Voluntary,Regular Employee,False
W101817,2021-10-07,,,Regular Employee,False
W101818,2020-06-18,,,Regular Employee,False
W101819,2020-07-21,2025-02-02,Involuntary,Regular Employee,False
W101820,2019-05-12,2022-11-01,Voluntary,Regular Employee,False
W101821,2021-10-28,,,Regular Employee,False
W101822,2019-07-18,,,Regular Employee,False
W101823,2014-04-07,,,Regular Employee,False
W101824,2019-10-18,2024-04-13,Voluntary,Regular Employee,False
W101825,2021-12-24,,,Regular Employee,False
W101826,2020-03-08,,,Regular Employee,False
W101827,2020-12-27,,,Regular Employee,False
W101828,2019-02-17,,,Regular Employee,False
W101829,2019-01-12,,,Regular Employee,False
W101830,2021-04-07,2022-12-20,Voluntary,Regular Employee,False
W101831,2019-07-28,,,Regular Employee,False
W101832,2018-08-05,,,Regular Employee,False
W101833,2010-02-01,,,Regular Employee,False
W101834,2019-03-06,,,Regular Employee,False
W101835,2007-06-30,,,Regular Employee,False
W101836,2011-11-20,2024-09-27,Involuntary,Regular Employee,False
W101837,2013-08-23,2025-04-07,Voluntary,Regular Employee,False
W101838,2020-05-28,,,Regular Employee,False
W101839,2012-07-05,,,Regular Employee,False
W101840,2013-02-09,2024-07-19,Voluntary,Regular Employee,False
W101841,2010-02-21,,,Regular Employee,False
W101842,2015-11-25,2024-01-17,Voluntary,Regular Employee,False
W101843,2020-06-21,2022-08-14,Voluntary,Regular Employee,False
W101844,2018-04-18,,,Regular Employee,False
W101845,2019-03-29,,,Regular Employee,False
W101846,2016-08-16,,,Regular Employee,False
W101847,2022-06-12,2025-09-18,Voluntary,Regular Employee,False
W101848,2019-12-23,,,Regular Employee,False
W101849,2018-06-20,2023-10-26,Voluntary,Regular Employee,False
W101850,2019-06-02,,,Regular Employee,False
W101851,2020-08-01,,,Regular Employee,False
W101852,2013-09-02,,,Regular Employee,False
W101853,2017-02-01,2023-08-12,Voluntary,Regular Employee,False
W101854,2013-04-23,,,Regular Employee,False
W101855,2021-04-21,,,Regular Employee,False
W101856,2021-06-28,2024-04-20,Voluntary,Regular Employee,False
W101857,2015-07-27,,,Regular Employee,False
W101858,2019-07-12,,,Regular Employee,False
W101859,2014-11-24,,,Regular Employee,False
W101860,2020-11-14,,,Regular Employee,False
W101861,2015-12-27,2026-04-06,Involuntary,Regular Employee,False
W101862,2018-11-14,2023-08-22,Voluntary,Regular Employee,False
W101863,2021-11-18,,,Regular Employee,False
W101864,2014-02-25,2025-03-13,Voluntary,Regular Employee,False
W101865,2011-04-16,2022-10-13,Involuntary,Regular Employee,False
W101866,2020-10-30,2024-08-17,Involuntary,Regular Employee,False
W101867,2016-01-31,,,Regular Employee,False
W101868,2021-06-04,,,Regular Employee,False
W101869,2020-04-14,,,Regular Employee,False
W101870,2008-10-29,,,Regular Employee,False
W101871,2017-08-30,,,Regular Employee,False
W101872,2019-12-10,,,Regular Employee,False
W101873,2018-11-21,2024-04-21,Voluntary,Regular Employee,False
W101874,2019-06-08,,,Regular Employee,False
W101875,2018-07-15,,,Regular Employee,False
W101876,2020-04-26,,,Regular Employee,False
W101877,2018-02-28,,,Regular Employee,False
W101878,2015-09-01,,,Regular Employee,False
W101879,2017-05-17,2023-08-19,Voluntary,Regular Employee,False
W101880,2020-11-09,2023-10-23,Voluntary,Regular Employee,False
W101881,2019-11-09,,,Regular Employee,False
W101882,2020-12-24,,,Regular Employee,False
W101883,2019-11-23,,,Regular Employee,False
W101884,2021-06-02,,,Regular Employee,False
W101885,2020-06-24,,,Regular Employee,False
W101886,2013-06-29,2026-05-10,Voluntary,Regular Employee,False
W101887,2017-05-01,,,Regular Employee,False
W101888,2010-05-17,2025-04-01,Involuntary,Regular Employee,False
W101889,2021-05-24,2025-02-18,Voluntary,Regular Employee,False
W101890,2022-06-12,,,Regular Employee,False
W101891,2021-07-10,,,Regular Employee,False
W101892,2018-09-23,,,Regular Employee,False
W101893,2017-01-23,2022-12-01,Involuntary,Regular Employee,False
W101894,2016-09-25,,,Regular Employee,False
W101895,2015-09-03,,,Regular Employee,False
W101896,2017-11-20,2025-08-08,Voluntary,Regular Employee,False
W101897,2020-05-16,,,Regular Employee,False
W101898,2022-02-25,,,Regular Employee,False
W101899,2013-03-25,,,Regular Employee,False
W101900,2020-10-15,,,Regular Employee,False
W101901,2017-06-30,,,Regular Employee,False
W101902,2021-12-17,2024-04-24,Voluntary,Regular Employee,False
W101903,2017-05-01,,,Regular Employee,False
W101904,2020-01-29,2022-08-23,Involuntary,Regular Employee,False
W101905,2018-05-08,,,Regular Employee,False
W101906,2018-01-29,,,Regular Employee,False
W101907,2016-12-26,2024-10-20,Voluntary,Regular Employee,False
W101908,2017-06-06,,,Regular Employee,False
W101909,2020-03-03,2023-01-31,Voluntary,Regular Employee,False
W101910,2016-05-03,2022-12-03,Voluntary,Regular Employee,False
W101911,2017-10-20,2022-11-30,Voluntary,Regular Employee,False
W101912,2011-05-18,,,Regular Employee,False
W101913,2002-06-30,,,Regular Employee,False
W101914,2022-06-12,,,Regular Employee,False
W101915,2016-07-23,,,Regular Employee,False
W101916,2017-04-06,,,Regular Employee,False
W101917,2016-02-18,,,Regular Employee,False
W101918,2019-11-06,,,Regular Employee,False
W101919,2011-10-18,2022-09-30,Voluntary,Regular Employee,False
W101920,2021-03-17,,,Regular Employee,False
W101921,2020-02-02,,,Regular Employee,False
W101922,2020-02-06,,,Regular Employee,False
W101923,2019-02-05,,,Regular Employee,False
W101924,2021-07-17,2022-07-07,Voluntary,Regular Employee,False
W101925,2019-06-29,,,Regular Employee,False
W101926,2021-01-20,,,Regular Employee,False
W101927,2015-08-30,,,Regular Employee,False
W101928,2021-10-15,,,Regular Employee,False
W101929,2021-04-20,,,Regular Employee,False
W101930,2020-09-16,,,Regular Employee,False
W101931,2014-01-15,,,Regular Employee,False
W101932,2021-05-04,,,Regular Employee,False
W101933,2019-10-24,,,Regular Employee,False
W101934,2015-11-10,,,Regular Employee,False
W101935,2018-10-28,2023-10-10,Voluntary,Regular Employee,False
W101936,2017-10-06,2025-01-27,Voluntary,Regular Employee,False
W101937,2021-04-14,,,Regular Employee,False
W101938,2016-10-07,,,Regular Employee,False
W101939,2021-05-17,2024-11-12,Voluntary,Regular Employee,False
W101940,2020-05-03,,,Regular Employee,False
W101941,2021-01-01,,,Regular Employee,False
W101942,2021-06-27,,,Regular Employee,False
W101943,2019-09-15,2024-03-10,Voluntary,Regular Employee,False
W101944,2016-10-30,,,Regular Employee,False
W101945,2002-06-30,,,Regular Employee,False
W101946,2016-07-24,2025-10-26,Voluntary,Regular Employee,False
W101947,2016-08-15,,,Regular Employee,False
W101948,2019-08-05,,,Regular Employee,False
W101949,2020-09-22,,,Regular Employee,False
W101950,2021-02-20,,,Regular Employee,False
W101951,2014-02-13,,,Regular Employee,False
W101952,2022-01-18,,,Regular Employee,False
W101953,2017-09-30,,,Regular Employee,False
W101954,2017-04-08,2022-07-06,Voluntary,Regular Employee,False
W101955,2017-09-15,2025-07-17,Involuntary,Regular Employee,False
W101956,2016-01-25,,,Regular Employee,False
W101957,2019-12-11,,,Regular Employee,False
W101958,2020-10-28,2025-08-19,Voluntary,Regular Employee,False
W101959,2018-06-16,2025-09-23,Involuntary,Regular Employee,False
W101960,2020-02-14,,,Regular Employee,False
W101961,2019-08-10,,,Regular Employee,False
W101962,2021-09-26,2025-02-24,Voluntary,Regular Employee,False
W101963,2018-09-26,2022-08-01,Voluntary,Regular Employee,False
W101964,2016-05-02,,,Regular Employee,False
W101965,2019-12-31,,,Regular Employee,False
W101966,2020-01-04,2022-07-22,Involuntary,Regular Employee,False
W101967,2020-04-18,,,Regular Employee,False
W101968,2020-12-02,2025-08-25,Voluntary,Regular Employee,False
W101969,2020-05-10,,,Regular Employee,False
W101970,2022-04-11,,,Regular Employee,False
W101971,2019-12-04,,,Regular Employee,False
W101972,2006-12-12,,,Regular Employee,False
W101973,2020-09-01,2022-09-05,Voluntary,Regular Employee,False
W101974,2021-11-18,,,Regular Employee,False
W101975,2018-07-23,2023-03-02,Voluntary,Regular Employee,False
W101976,2018-11-25,2023-02-18,Voluntary,Regular Employee,False
W101977,2019-09-19,,,Regular Employee,False
W101978,2011-01-13,,,Regular Employee,False
W101979,2020-11-04,,,Regular Employee,False
W101980,2020-02-28,,,Regular Employee,False
W101981,2019-09-04,2023-01-12,Voluntary,Regular Employee,False
W101982,2017-08-24,,,Regular Employee,False
W101983,2014-12-02,,,Regular Employee,False
W101984,2019-09-08,2022-12-28,Voluntary,Regular Employee,False
W101985,2014-01-15,2022-08-01,Voluntary,Regular Employee,False
W101986,2008-06-13,,,Regular Employee,False
W101987,2019-11-23,,,Regular Employee,False
W101988,2012-04-21,2025-08-05,Involuntary,Regular Employee,False
W101989,2020-01-15,,,Regular Employee,False
W101990,2020-04-28,,,Regular Employee,False
W101991,2016-04-20,,,Regular Employee,False
W101992,2020-12-06,2023-01-24,Voluntary,Regular Employee,False
W101993,2020-12-13,,,Regular Employee,False
W101994,2022-02-25,,,Regular Employee,False
W101995,2020-12-01,2022-08-11,Involuntary,Regular Employee,False
W101996,2018-03-28,,,Regular Employee,False
W101997,2021-01-14,,,Regular Employee,False
W101998,2018-07-11,,,Regular Employee,False
W101999,2021-03-19,2024-06-01,Voluntary,Regular Employee,False
W102000,2019-12-07,,,Regular Employee,False
W102001,2008-02-18,,,Regular Employee,False
W102002,2020-07-11,,,Regular Employee,False
W102003,2018-12-27,,,Regular Employee,False
W102004,2016-05-11,,,Regular Employee,False
W102005,2022-03-17,2024-02-29,Voluntary,Regular Employee,False
W102006,2021-10-07,,,Regular Employee,False
W102007,2022-02-12,,,Regular Employee,False
W102008,2020-05-27,,,Regular Employee,False
W102009,2018-11-17,,,Regular Employee,False
W102010,2012-07-18,,,Regular Employee,False
W102011,2013-12-03,,,Regular Employee,False
W102012,2016-11-20,2023-05-10,Involuntary,Regular Employee,False
W102013,2016-11-04,,,Regular Employee,False
W102014,2018-01-07,,,Regular Employee,False
W102015,2017-10-21,2022-08-04,Voluntary,Regular Employee,False
W102016,2020-10-23,2025-03-07,Voluntary,Regular Employee,False
W102017,2021-08-07,,,Regular Employee,False
W102018,2022-05-14,2022-07-23,Voluntary,Regular Employee,False
W102019,2017-02-12,,,Regular Employee,False
W102020,2021-08-27,2022-08-30,Voluntary,Regular Employee,False
W102021,2017-12-28,2024-07-15,Voluntary,Regular Employee,False
W102022,2017-12-24,2025-07-10,Involuntary,Regular Employee,False
W102023,2017-12-29,,,Regular Employee,False
W102024,2022-03-02,2026-03-20,Involuntary,Regular Employee,False
W102025,2018-08-16,,,Regular Employee,False
W102026,2020-09-07,2026-04-22,Voluntary,Regular Employee,False
W102027,2022-04-02,,,Regular Employee,False
W102028,2009-12-27,,,Regular Employee,False
W102029,2022-03-09,2023-12-27,Voluntary,Regular Employee,False
W102030,2016-09-11,2023-06-07,Voluntary,Regular Employee,False
W102031,2021-07-14,2025-02-11,Voluntary,Regular Employee,False
W102032,2013-12-15,,,Regular Employee,False
W102033,2017-10-15,2023-06-10,Involuntary,Regular Employee,False
W102034,2021-12-22,,,Regular Employee,False
W102035,2020-12-16,2023-11-28,Involuntary,Regular Employee,False
W102036,2022-05-12,,,Regular Employee,False
W102037,2021-12-30,,,Regular Employee,False
W102038,2022-04-20,2024-02-28,Voluntary,Regular Employee,False
W102039,2014-09-13,2025-10-25,Involuntary,Regular Employee,False
W102040,2009-08-09,,,Regular Employee,False
W102041,2017-05-09,,,Regular Employee,False
W102042,2009-03-30,2023-08-28,Voluntary,Regular Employee,False
W102043,2020-06-30,2024-06-05,Voluntary,Regular Employee,False
W102044,2022-05-28,,,Regular Employee,False
W102045,2021-12-29,2023-08-17,Voluntary,Regular Employee,False
W102046,2018-05-04,,,Regular Employee,False
W102047,2016-03-21,2023-07-21,Voluntary,Regular Employee,False
W102048,2017-01-26,2023-11-14,Voluntary,Regular Employee,False
W102049,2020-11-13,2025-09-21,Voluntary,Regular Employee,False
W102050,2020-11-07,,,Regular Employee,False
W102051,2020-08-23,2023-10-07,Voluntary,Regular Employee,False
W102052,2018-08-01,2025-03-19,Voluntary,Regular Employee,False
W102053,2005-10-28,,,Regular Employee,False
W102054,2013-12-07,2025-03-21,Voluntary,Regular Employee,False
W102055,2021-10-03,,,Regular Employee,False
W102056,2019-07-11,,,Regular Employee,False
W102057,2019-05-30,,,Regular Employee,False
W102058,2002-06-30,,,Regular Employee,False
W102059,2021-01-06,,,Regular Employee,False
W102060,2018-11-29,,,Regular Employee,False
W102061,2016-11-10,,,Regular Employee,False
W102062,2021-11-29,,,Regular Employee,False
W102063,2015-08-05,2024-10-25,Voluntary,Regular Employee,False
W102064,2021-05-23,,,Regular Employee,False
W102065,2020-08-15,2023-04-09,Involuntary,Regular Employee,False
W102066,2020-10-28,2026-04-04,Involuntary,Regular Employee,False
W102067,2020-11-15,,,Regular Employee,False
W102068,2018-05-13,,,Regular Employee,False
W102069,2020-11-15,2023-06-14,Voluntary,Regular Employee,False
W102070,2018-01-27,,,Regular Employee,False
W102071,2020-02-07,2022-10-31,Involuntary,Regular Employee,False
W102072,2016-07-15,,,Regular Employee,False
W102073,2009-03-20,,,Regular Employee,False
W102074,2018-09-05,2025-10-19,Involuntary,Regular Employee,False
W102075,2015-07-01,2023-07-08,Involuntary,Regular Employee,False
W102076,2020-07-22,2025-07-29,Voluntary,Regular Employee,False
W102077,2021-07-10,,,Regular Employee,False
W102078,2021-02-25,,,Regular Employee,False
W102079,2020-04-06,,,Regular Employee,False
W102080,2020-08-05,2024-11-07,Involuntary,Regular Employee,False
W102081,2021-02-06,,,Regular Employee,False
W102082,2021-05-29,,,Regular Employee,False
W102083,2017-02-08,2025-03-19,Involuntary,Regular Employee,False
W102084,2016-01-15,,,Regular Employee,False
W102085,2014-03-08,,,Regular Employee,False
W102086,2004-02-03,,,Regular Employee,False
W102087,2021-10-18,,,Regular Employee,False
W102088,2015-09-27,2023-06-20,Voluntary,Regular Employee,False
W102089,2022-03-07,,,Regular Employee,False
W102090,2019-03-08,2023-02-14,Voluntary,Regular Employee,False
W102091,2022-04-13,2022-12-28,Voluntary,Regular Employee,False
W102092,2015-07-26,,,Regular Employee,False
W102093,2022-01-25,,,Regular Employee,False
W102094,2021-11-11,,,Regular Employee,False
W102095,2013-11-09,2026-04-27,Voluntary,Regular Employee,False
W102096,2012-07-19,,,Regular Employee,False
W102097,2019-02-14,,,Regular Employee,False
W102098,2020-12-12,,,Regular Employee,False
W102099,2016-03-11,,,Regular Employee,False
W102100,2020-08-12,,,Regular Employee,False
W102101,2021-09-10,,,Regular Employee,False
W102102,2015-10-11,,,Regular Employee,False
W102103,2019-01-26,,,Regular Employee,False
W102104,2013-09-17,2025-11-21,Voluntary,Regular Employee,False
W102105,2020-11-17,2026-01-22,Voluntary,Regular Employee,False
W102106,2016-01-03,,,Regular Employee,False
W102107,2012-12-24,,,Regular Employee,False
W102108,2012-12-05,,,Regular Employee,False
W102109,2021-06-04,2023-11-22,Voluntary,Regular Employee,False
W102110,2015-02-04,,,Regular Employee,False
W102111,2021-11-26,,,Regular Employee,False
W102112,2022-03-06,,,Regular Employee,False
W102113,2019-06-07,,,Regular Employee,False
W102114,2014-09-01,2024-12-04,Voluntary,Regular Employee,False
W102115,2019-03-09,,,Regular Employee,False
W102116,2022-01-08,,,Regular Employee,False
W102117,2016-09-23,2023-06-03,Voluntary,Regular Employee,False
W102118,2021-06-20,,,Regular Employee,False
W102119,2014-03-21,2022-08-19,Voluntary,Regular Employee,False
W102120,2018-05-30,,,Regular Employee,False
W102121,2016-03-02,2023-03-19,Voluntary,Regular Employee,False
W102122,2017-03-10,,,Regular Employee,False
W102123,2022-05-03,2024-03-25,Voluntary,Regular Employee,False
W102124,2022-03-14,,,Regular Employee,False
W102125,2018-12-03,,,Regular Employee,False
W102126,2022-03-06,2023-01-17,Involuntary,Regular Employee,False
W102127,2020-04-11,,,Regular Employee,False
W102128,2021-12-25,,,Regular Employee,False
W102129,2022-04-23,,,Regular Employee,False
W102130,2019-08-05,2023-04-28,Involuntary,Regular Employee,False
W102131,2019-05-14,2022-12-24,Involuntary,Regular Employee,False
W102132,2021-08-25,2024-03-27,Involuntary,Regular Employee,False
W102133,2019-05-10,,,Regular Employee,False
W102134,2017-06-30,,,Regular Employee,False
W102135,2012-08-06,2023-04-04,Voluntary,Regular Employee,False
W102136,2022-03-19,,,Regular Employee,False
W102137,2019-08-06,,,Regular Employee,False
W102138,2020-09-28,,,Regular Employee,False
W102139,2020-02-22,2024-02-15,Involuntary,Regular Employee,False
W102140,2021-10-12,2023-03-28,Voluntary,Regular Employee,False
W102141,2015-06-12,,,Regular Employee,False
W102142,2020-07-16,,,Regular Employee,False
W102143,2022-01-24,,,Regular Employee,False
W102144,2014-12-03,,,Regular Employee,False
W102145,2020-01-24,2025-04-09,Voluntary,Regular Employee,False
W102146,2012-08-31,,,Regular Employee,False
W102147,2022-05-22,,,Regular Employee,False
W102148,2020-06-02,,,Regular Employee,False
W102149,2021-04-10,2022-12-04,Voluntary,Regular Employee,False
W102150,2021-09-25,2025-06-29,Voluntary,Regular Employee,False
W102151,2016-08-15,,,Regular Employee,False
W102152,2019-09-21,,,Regular Employee,False
W102153,2021-08-19,,,Regular Employee,False
W102154,2002-11-25,,,Regular Employee,False
W102155,2017-04-24,,,Regular Employee,False
W102156,2019-06-11,,,Regular Employee,False
W102157,2014-03-13,,,Regular Employee,False
W102158,2019-07-26,2023-06-17,Voluntary,Regular Employee,False
W102159,2021-11-26,2024-02-08,Voluntary,Regular Employee,False
W102160,2022-02-19,,,Regular Employee,False
W102161,2019-04-15,2024-02-15,Involuntary,Regular Employee,False
W102162,2009-01-27,,,Regular Employee,False
W102163,2018-09-13,,,Regular Employee,False
W102164,2009-07-30,,,Regular Employee,False
W102165,2020-08-11,,,Regular Employee,False
W102166,2019-09-23,2022-09-05,Voluntary,Regular Employee,False
W102167,2017-10-10,,,Regular Employee,False
W102168,2010-04-06,2024-11-16,Voluntary,Regular Employee,False
W102169,2021-02-06,,,Regular Employee,False
W102170,2016-03-16,2025-01-25,Voluntary,Regular Employee,False
W102171,2021-01-11,,,Regular Employee,False
W102172,2020-10-13,,,Regular Employee,False
W102173,2016-12-31,2023-11-15,Involuntary,Regular Employee,False
W102174,2017-07-27,,,Regular Employee,False
W102175,2018-10-01,2024-10-13,Voluntary,Regular Employee,False
W102176,2012-10-02,,,Regular Employee,False
W102177,2021-09-07,2026-03-11,Voluntary,Regular Employee,False
W102178,2021-03-07,,,Regular Employee,False
W102179,2019-01-28,,,Regular Employee,False
W102180,2020-02-04,2024-06-29,Involuntary,Regular Employee,False
W102181,2021-04-10,,,Regular Employee,False
W102182,2020-04-13,,,Regular Employee,False
W102183,2018-06-19,,,Regular Employee,False
W102184,2020-07-12,,,Regular Employee,False
W102185,2017-06-05,,,Regular Employee,False
W102186,2016-07-03,,,Regular Employee,False
W102187,2021-03-12,2023-05-26,Involuntary,Regular Employee,False
W102188,2014-04-16,2023-10-12,Voluntary,Regular Employee,False
W102189,2009-10-30,,,Regular Employee,False
W102190,2017-10-11,,,Regular Employee,False
W102191,2021-12-04,,,Regular Employee,False
W102192,2020-02-25,,,Regular Employee,False
W102193,2019-11-13,2025-06-05,Voluntary,Regular Employee,False
W102194,2021-08-21,,,Regular Employee,False
W102195,2018-03-12,2023-03-23,Voluntary,Regular Employee,False
W102196,2018-10-24,2022-08-03,Voluntary,Regular Employee,False
W102197,2021-02-06,,,Regular Employee,False
W102198,2012-09-06,,,Regular Employee,False
W102199,2017-08-22,2023-04-25,Involuntary,Regular Employee,False
W102200,2022-02-06,,,Regular Employee,False
W102201,2021-08-08,,,Regular Employee,False
W102202,2018-11-15,2026-01-09,Involuntary,Regular Employee,False
W102203,2018-06-24,2023-08-01,Voluntary,Regular Employee,False
W102204,2021-02-19,,,Regular Employee,False
W102205,2015-08-13,,,Regular Employee,False
W102206,2019-06-27,2024-11-24,Voluntary,Regular Employee,False
W102207,2021-03-17,,,Regular Employee,False
W102208,2013-03-10,,,Regular Employee,False
W102209,2022-04-03,,,Regular Employee,False
W102210,2021-07-01,,,Regular Employee,False
W102211,2021-01-20,,,Regular Employee,False
W102212,2014-06-14,,,Regular Employee,False
W102213,2014-01-10,2025-12-12,Voluntary,Regular Employee,False
W102214,2006-01-28,2023-10-28,Involuntary,Regular Employee,False
W102215,2022-05-25,,,Regular Employee,False
W102216,2019-06-10,2022-11-02,Voluntary,Regular Employee,False
W102217,2011-06-23,2023-08-07,Voluntary,Regular Employee,False
W102218,2019-03-08,,,Regular Employee,False
W102219,2017-08-09,,,Regular Employee,False
W102220,2021-05-10,,,Regular Employee,False
W102221,2020-11-04,2023-10-27,Voluntary,Regular Employee,False
W102222,2014-12-02,,,Regular Employee,False
W102223,2011-12-05,,,Regular Employee,False
W102224,2021-04-22,,,Regular Employee,False
W102225,2018-03-09,2024-02-19,Involuntary,Regular Employee,False
W102226,2015-10-01,2026-02-05,Voluntary,Regular Employee,False
W102227,2005-06-08,,,Regular Employee,False
W102228,2009-05-26,,,Regular Employee,False
W102229,2020-05-10,,,Regular Employee,False
W102230,2015-06-26,2024-01-13,Voluntary,Regular Employee,False
W102231,2021-12-16,2023-11-26,Voluntary,Regular Employee,False
W102232,2019-04-04,2023-09-20,Voluntary,Regular Employee,False
W102233,2015-06-04,,,Regular Employee,False
W102234,2019-10-26,,,Regular Employee,False
W102235,2017-08-15,,,Regular Employee,False
W102236,2021-08-22,2025-05-03,Voluntary,Regular Employee,False
W102237,2021-08-14,2023-07-01,Voluntary,Regular Employee,False
W102238,2021-06-19,,,Regular Employee,False
W102239,2020-04-15,,,Regular Employee,False
W102240,2012-05-31,,,Regular Employee,False
W102241,2020-09-08,,,Regular Employee,False
W102242,2017-08-13,,,Regular Employee,False
W102243,2016-01-08,,,Regular Employee,False
W102244,2021-10-27,,,Regular Employee,False
W102245,2017-06-12,,,Regular Employee,False
W102246,2016-12-03,,,Regular Employee,False
W102247,2021-08-13,2026-01-20,Voluntary,Regular Employee,False
W102248,2011-11-04,2022-07-10,Involuntary,Regular Employee,False
W102249,2017-08-22,,,Regular Employee,False
W102250,2021-06-26,,,Regular Employee,False
W102251,2022-02-26,2022-08-18,Voluntary,Regular Employee,False
W102252,2020-06-03,,,Regular Employee,False
W102253,2015-04-04,,,Regular Employee,False
W102254,2006-03-19,,,Regular Employee,False
W102255,2017-10-28,2024-02-17,Voluntary,Regular Employee,False
W102256,2016-06-08,2025-03-22,Involuntary,Regular Employee,False
W102257,2019-01-05,,,Regular Employee,False
W102258,2018-06-30,2024-07-28,Voluntary,Regular Employee,False
W102259,2020-03-05,2024-02-27,Voluntary,Regular Employee,False
W102260,2022-04-02,2022-08-01,Voluntary,Regular Employee,False
W102261,2017-06-14,2025-03-16,Voluntary,Regular Employee,False
W102262,2019-07-04,,,Regular Employee,False
W102263,2020-06-03,,,Regular Employee,False
W102264,2021-07-09,2025-07-01,Voluntary,Regular Employee,False
W102265,2020-01-15,,,Regular Employee,False
W102266,2019-09-25,,,Regular Employee,False
W102267,2022-02-25,2025-06-10,Voluntary,Regular Employee,False
W102268,2014-01-03,,,Regular Employee,False
W102269,2022-02-25,,,Regular Employee,False
W102270,2021-10-07,2023-04-04,Involuntary,Regular Employee,False
W102271,2019-08-23,,,Regular Employee,False
W102272,2011-10-09,,,Regular Employee,False
W102273,2021-07-10,2022-09-08,Voluntary,Regular Employee,False
W102274,2008-10-04,2023-01-18,Voluntary,Regular Employee,False
W102275,2007-07-20,,,Regular Employee,False
W102276,2019-05-27,,,Regular Employee,False
W102277,2019-11-28,,,Regular Employee,False
W102278,2007-12-22,,,Regular Employee,False
W102279,2013-03-31,2025-12-30,Voluntary,Regular Employee,False
W102280,2018-12-31,2023-02-22,Voluntary,Regular Employee,False
W102281,2020-12-30,,,Regular Employee,False
W102282,2012-07-28,2025-10-15,Voluntary,Regular Employee,False
W102283,2021-05-08,2025-12-17,Voluntary,Regular Employee,False
W102284,2017-07-02,2025-01-03,Voluntary,Regular Employee,False
W102285,2022-06-12,2022-11-15,Involuntary,Regular Employee,False
W102286,2022-02-07,,,Regular Employee,False
W102287,2022-01-05,,,Regular Employee,False
W102288,2021-07-21,,,Regular Employee,False
W102289,2021-11-24,2024-05-18,Voluntary,Regular Employee,False
W102290,2021-10-10,2024-10-26,Voluntary,Regular Employee,False
W102291,2015-08-04,,,Regular Employee,False
W102292,2016-01-07,,,Regular Employee,False
W102293,2016-12-21,,,Regular Employee,False
W102294,2009-12-06,,,Regular Employee,False
W102295,2020-08-01,,,Regular Employee,False
W102296,2016-01-30,,,Regular Employee,False
W102297,2018-09-01,2025-05-09,Voluntary,Regular Employee,False
W102298,2003-08-01,2026-03-19,Voluntary,Regular Employee,False
W102299,2019-08-18,2025-08-05,Voluntary,Regular Employee,False
W102300,2019-08-01,2023-04-18,Voluntary,Regular Employee,False
W102301,2007-04-25,2025-07-25,Voluntary,Regular Employee,False
W102302,2015-10-23,,,Regular Employee,False
W102303,2022-04-22,,,Regular Employee,False
W102304,2021-12-24,,,Regular Employee,False
W102305,2017-11-17,,,Regular Employee,False
W102306,2018-11-21,,,Regular Employee,False
W102307,2018-07-11,,,Regular Employee,False
W102308,2021-11-25,,,Regular Employee,False
W102309,2022-02-08,2025-03-07,Voluntary,Regular Employee,False
W102310,2016-04-25,,,Regular Employee,False
W102311,2018-06-16,,,Regular Employee,False
W102312,2019-03-31,,,Regular Employee,False
W102313,2020-01-19,2024-07-28,Involuntary,Regular Employee,False
W102314,2019-03-26,2025-05-30,Voluntary,Regular Employee,False
W102315,2015-08-20,,,Regular Employee,False
W102316,2021-02-05,2023-12-03,Voluntary,Regular Employee,False
W102317,2022-03-20,,,Regular Employee,False
W102318,2016-11-23,,,Regular Employee,False
W102319,2011-12-12,,,Regular Employee,False
W102320,2013-06-30,,,Regular Employee,False
W102321,2020-08-23,,,Regular Employee,False
W102322,2022-03-02,2025-11-02,Involuntary,Regular Employee,False
W102323,2019-10-09,,,Regular Employee,False
W102324,2020-02-13,,,Regular Employee,False
W102325,2003-07-04,,,Regular Employee,False
W102326,2002-06-30,2026-06-25,Voluntary,Regular Employee,False
W102327,2017-07-08,,,Regular Employee,False
W102328,2019-10-16,,,Regular Employee,False
W102329,2016-01-13,,,Regular Employee,False
W102330,2021-02-03,2022-10-15,Voluntary,Regular Employee,False
W102331,2020-06-28,,,Regular Employee,False
W102332,2016-08-05,,,Regular Employee,False
W102333,2015-12-15,,,Regular Employee,False
W102334,2019-05-17,,,Regular Employee,False
W102335,2021-03-16,,,Regular Employee,False
W102336,2022-02-27,,,Regular Employee,False
W102337,2020-07-06,,,Regular Employee,False
W102338,2022-06-12,,,Regular Employee,False
W102339,2020-01-22,,,Regular Employee,False
W102340,2021-11-16,2025-08-03,Voluntary,Regular Employee,False
W102341,2022-05-03,,,Regular Employee,False
W102342,2018-02-09,,,Regular Employee,False
W102343,2021-07-28,,,Regular Employee,False
W102344,2022-04-21,,,Regular Employee,False
W102345,2020-12-30,2025-01-15,Voluntary,Regular Employee,False
W102346,2021-08-02,,,Regular Employee,False
W102347,2002-06-30,,,Regular Employee,False
W102348,2021-08-28,2024-05-20,Voluntary,Regular Employee,False
W102349,2019-06-11,,,Regular Employee,False
W102350,2020-01-03,,,Regular Employee,False
W102351,2016-07-20,2023-07-11,Voluntary,Regular Employee,False
W102352,2015-02-17,,,Regular Employee,False
W102353,2017-12-13,2024-10-08,Voluntary,Regular Employee,False
W102354,2018-12-03,2025-05-16,Involuntary,Regular Employee,False
W102355,2007-10-26,2024-01-13,Voluntary,Regular Employee,False
W102356,2022-03-06,,,Regular Employee,False
W102357,2019-06-08,,,Regular Employee,False
W102358,2014-08-06,,,Regular Employee,False
W102359,2016-09-12,,,Regular Employee,False
W102360,2020-03-21,,,Regular Employee,False
W102361,2022-06-12,,,Regular Employee,False
W102362,2017-04-17,,,Regular Employee,False
W102363,2018-04-22,2024-10-30,Voluntary,Regular Employee,False
W102364,2022-02-26,2022-09-02,Voluntary,Regular Employee,False
W102365,2021-07-29,,,Regular Employee,False
W102366,2022-05-18,,,Regular Employee,False
W102367,2021-11-06,,,Regular Employee,False
W102368,2004-12-15,2025-05-22,Voluntary,Regular Employee,False
W102369,2016-09-26,,,Regular Employee,False
W102370,2013-10-19,,,Regular Employee,False
W102371,2018-01-20,2025-08-04,Voluntary,Regular Employee,False
W102372,2012-03-07,,,Regular Employee,False
W102373,2017-05-25,,,Regular Employee,False
W102374,2021-04-17,2023-01-21,Voluntary,Regular Employee,False
W102375,2020-04-07,,,Regular Employee,False
W102376,2013-07-30,2025-01-22,Voluntary,Regular Employee,False
W102377,2018-05-16,2022-12-27,Voluntary,Regular Employee,False
W102378,2020-09-29,,,Regular Employee,False
W102379,2022-01-17,2025-10-30,Voluntary,Regular Employee,False
W102380,2020-04-15,,,Regular Employee,False
W102381,2019-05-22,2024-10-18,Voluntary,Regular Employee,False
W102382,2021-05-22,,,Regular Employee,False
W102383,2021-04-21,2026-01-06,Voluntary,Regular Employee,False
W102384,2011-11-10,,,Regular Employee,False
W102385,2013-04-19,,,Regular Employee,False
W102386,2010-06-04,,,Regular Employee,False
W102387,2009-03-21,,,Regular Employee,False
W102388,2017-02-10,,,Regular Employee,False
W102389,2018-02-03,,,Regular Employee,False
W102390,2021-06-06,,,Regular Employee,False
W102391,2021-11-30,2023-03-26,Voluntary,Regular Employee,False
W102392,2021-09-29,,,Regular Employee,False
W102393,2021-04-12,,,Regular Employee,False
W102394,2020-05-02,,,Regular Employee,False
W102395,2022-05-21,,,Regular Employee,False
W102396,2014-11-10,2023-10-17,Voluntary,Regular Employee,False
W102397,2020-06-19,,,Regular Employee,False
W102398,2020-05-19,,,Regular Employee,False
W102399,2022-05-01,,,Regular Employee,False
W102400,2021-06-20,,,Regular Employee,False
W102401,2020-02-10,2022-10-02,Involuntary,Regular Employee,False
W102402,2018-11-01,2022-08-31,Involuntary,Regular Employee,False
W102403,2021-05-08,,,Regular Employee,False
W102404,2021-08-09,2023-09-07,Voluntary,Regular Employee,False
W102405,2022-04-03,2022-09-03,Voluntary,Regular Employee,False
W102406,2021-06-23,,,Regular Employee,False
W102407,2015-05-26,,,Regular Employee,False
W102408,2021-08-10,2025-08-16,Voluntary,Regular Employee,False
W102409,2002-06-30,2022-07-30,Voluntary,Regular Employee,False
W102410,2021-09-26,2025-09-07,Involuntary,Regular Employee,False
W102411,2020-07-04,2023-01-10,Voluntary,Regular Employee,False
W102412,2006-02-09,,,Regular Employee,False
W102413,2020-07-20,,,Regular Employee,False
W102414,2022-03-14,2023-07-11,Involuntary,Regular Employee,False
W102415,2021-11-21,,,Regular Employee,False
W102416,2022-06-12,,,Regular Employee,False
W102417,2019-09-13,,,Regular Employee,False
W102418,2022-01-31,,,Regular Employee,False
W102419,2020-01-29,2024-02-15,Involuntary,Regular Employee,False
W102420,2022-02-05,,,Regular Employee,False
W102421,2011-12-31,2025-03-12,Voluntary,Regular Employee,False
W102422,2017-09-04,,,Regular Employee,False
W102423,2014-11-18,,,Regular Employee,False
W102424,2017-11-29,2025-02-03,Voluntary,Regular Employee,False
W102425,2022-05-29,,,Regular Employee,False
W102426,2005-09-06,,,Regular Employee,False
W102427,2021-12-19,,,Regular Employee,False
W102428,2015-07-10,2024-01-11,Voluntary,Regular Employee,False
W102429,2021-10-25,,,Regular Employee,False
W102430,2020-11-21,,,Regular Employee,False
W102431,2018-08-04,2023-10-08,Involuntary,Regular Employee,False
W102432,2020-04-13,,,Regular Employee,False
W102433,2018-09-01,,,Regular Employee,False
W102434,2015-05-18,,,Regular Employee,False
W102435,2013-02-08,,,Regular Employee,False
W102436,2021-09-06,2023-04-23,Voluntary,Regular Employee,False
W102437,2022-04-25,,,Regular Employee,False
W102438,2018-08-30,2025-09-15,Voluntary,Regular Employee,False
W102439,2019-01-16,,,Regular Employee,False
W102440,2021-04-07,2023-01-04,Voluntary,Regular Employee,False
W102441,2013-04-26,,,Regular Employee,False
W102442,2009-04-18,,,Regular Employee,False
W102443,2018-12-24,2023-04-25,Involuntary,Regular Employee,False
W102444,2019-04-08,,,Regular Employee,False
W102445,2019-06-18,,,Regular Employee,False
W102446,2022-01-25,,,Regular Employee,False
W102447,2021-10-25,,,Regular Employee,False
W102448,2022-06-02,,,Regular Employee,False
W102449,2017-12-05,2022-10-18,Voluntary,Regular Employee,False
W102450,2018-08-17,2022-07-02,Voluntary,Regular Employee,False
W102451,2021-04-01,,,Regular Employee,False
W102452,2017-12-21,2022-09-28,Voluntary,Regular Employee,False
W102453,2016-02-17,,,Regular Employee,False
W102454,2004-09-12,,,Regular Employee,False
W102455,2021-03-17,,,Regular Employee,False
W102456,2016-07-23,,,Regular Employee,False
W102457,2019-04-14,2024-04-18,Voluntary,Regular Employee,False
W102458,2021-05-12,,,Regular Employee,False
W102459,2020-05-28,,,Regular Employee,False
W102460,2014-06-19,,,Regular Employee,False
W102461,2007-09-01,,,Regular Employee,False
W102462,2022-04-08,,,Regular Employee,False
W102463,2021-06-05,,,Regular Employee,False
W102464,2021-06-26,,,Regular Employee,False
W102465,2017-11-07,,,Regular Employee,False
W102466,2017-11-18,,,Regular Employee,False
W102467,2010-01-28,,,Regular Employee,False
W102468,2013-11-22,,,Regular Employee,False
W102469,2018-07-12,2022-08-23,Voluntary,Regular Employee,False
W102470,2021-12-13,,,Regular Employee,False
W102471,2017-01-10,2025-03-29,Involuntary,Regular Employee,False
W102472,2018-02-14,,,Regular Employee,False
W102473,2019-09-09,,,Regular Employee,False
W102474,2008-11-18,2024-10-23,Voluntary,Regular Employee,False
W102475,2022-01-10,2025-08-27,Voluntary,Regular Employee,False
W102476,2022-01-04,2025-06-19,Involuntary,Regular Employee,False
W102477,2022-04-12,,,Regular Employee,False
W102478,2021-02-05,,,Regular Employee,False
W102479,2021-10-05,,,Regular Employee,False
W102480,2015-06-27,,,Regular Employee,False
W102481,2018-07-26,2023-08-18,Voluntary,Regular Employee,False
W102482,2019-10-25,,,Regular Employee,False
W102483,2019-12-17,,,Regular Employee,False
W102484,2016-12-20,,,Regular Employee,False
W102485,2020-09-22,,,Regular Employee,False
W102486,2018-10-28,2024-09-23,Voluntary,Regular Employee,False
W102487,2007-07-28,,,Regular Employee,False
W102488,2022-06-12,,,Regular Employee,False
W102489,2018-02-15,,,Regular Employee,False
W102490,2016-11-11,2025-06-09,Involuntary,Regular Employee,False
W102491,2022-03-01,,,Regular Employee,False
W102492,2018-12-16,,,Regular Employee,False
W102493,2021-10-04,,,Regular Employee,False
W102494,2017-05-26,,,Regular Employee,False
W102495,2019-07-04,,,Regular Employee,False
W102496,2022-05-13,,,Regular Employee,False
W102497,2013-06-19,,,Regular Employee,False
W102498,2013-04-29,,,Regular Employee,False
W102499,2021-04-02,,,Regular Employee,False
W102500,2020-11-30,2024-02-14,Voluntary,Regular Employee,False
W102501,2021-05-31,,,Regular Employee,False
W102502,2021-07-21,2025-08-14,Involuntary,Regular Employee,False
W102503,2020-01-22,2022-10-30,Voluntary,Regular Employee,False
W102504,2019-03-03,2025-05-01,Voluntary,Regular Employee,False
W102505,2011-04-29,,,Regular Employee,False
W102506,2020-05-27,,,Regular Employee,False
W102507,2017-09-14,2022-09-07,Voluntary,Regular Employee,False
W102508,2018-10-23,2023-05-16,Voluntary,Regular Employee,False
W102509,2021-08-11,,,Regular Employee,False
W102510,2020-09-27,,,Regular Employee,False
W102511,2010-12-28,,,Regular Employee,False
W102512,2020-09-02,2025-07-22,Voluntary,Regular Employee,False
W102513,2022-06-12,,,Regular Employee,False
W102514,2022-06-12,,,Regular Employee,False
W102515,2013-08-13,2025-09-20,Voluntary,Regular Employee,False
W102516,2002-06-30,,,Regular Employee,False
W102517,2009-05-19,,,Regular Employee,False
W102518,2021-03-28,2023-09-25,Voluntary,Regular Employee,False
W102519,2022-04-02,,,Regular Employee,False
W102520,2021-11-01,,,Regular Employee,False
W102521,2022-01-30,,,Regular Employee,False
W102522,2020-11-14,,,Regular Employee,False
W102523,2011-04-14,,,Regular Employee,False
W102524,2017-05-15,,,Regular Employee,False
W102525,2012-08-21,,,Regular Employee,False
W102526,2018-02-12,,,Regular Employee,False
W102527,2022-01-20,2023-05-08,Voluntary,Regular Employee,False
W102528,2020-12-06,,,Regular Employee,False
W102529,2022-04-17,,,Regular Employee,False
W102530,2020-11-13,,,Regular Employee,False
W102531,2022-04-24,,,Regular Employee,False
W102532,2022-06-12,,,Regular Employee,False
W102533,2019-10-26,,,Regular Employee,False
W102534,2017-05-18,,,Regular Employee,False
W102535,2021-05-30,,,Regular Employee,False
W102536,2014-07-07,,,Regular Employee,False
W102537,2017-06-17,2022-07-30,Voluntary,Regular Employee,False
W102538,2021-12-15,,,Regular Employee,False
W102539,2017-07-25,,,Regular Employee,False
W102540,2021-12-17,2026-04-27,Voluntary,Regular Employee,False
W102541,2014-04-19,2025-10-22,Voluntary,Regular Employee,False
W102542,2018-08-06,,,Regular Employee,False
W102543,2019-11-11,,,Regular Employee,False
W102544,2018-09-29,,,Regular Employee,False
W102545,2022-05-26,,,Regular Employee,False
W102546,2013-10-14,2024-02-15,Involuntary,Regular Employee,False
W102547,2022-01-21,,,Regular Employee,False
W102548,2019-09-05,,,Regular Employee,False
W102549,2018-11-09,2024-07-15,Involuntary,Regular Employee,False
W102550,2012-03-21,,,Regular Employee,False
W102551,2018-06-30,2022-09-04,Involuntary,Regular Employee,False
W102552,2022-04-02,2025-05-03,Voluntary,Regular Employee,False
W102553,2016-05-10,,,Regular Employee,False
W102554,2008-09-03,,,Regular Employee,False
W102555,2021-04-03,,,Regular Employee,False
W102556,2017-04-19,,,Regular Employee,False
W102557,2013-12-08,2025-11-07,Voluntary,Regular Employee,False
W102558,2021-06-26,,,Regular Employee,False
W102559,2020-04-18,2022-07-08,Voluntary,Regular Employee,False
W102560,2016-11-21,,,Regular Employee,False
W102561,2021-03-12,2023-05-11,Voluntary,Regular Employee,False
W102562,2022-04-06,,,Regular Employee,False
W102563,2020-10-04,2024-05-20,Voluntary,Regular Employee,False
W102564,2022-04-07,,,Regular Employee,False
W102565,2010-09-08,,,Regular Employee,False
W102566,2013-05-04,,,Regular Employee,False
W102567,2015-11-13,,,Regular Employee,False
W102568,2021-11-21,,,Regular Employee,False
W102569,2015-09-15,,,Regular Employee,False
W102570,2018-04-04,,,Regular Employee,False
W102571,2010-05-21,2023-02-19,Voluntary,Regular Employee,False
W102572,2015-10-08,,,Regular Employee,False
W102573,2015-07-20,2025-08-21,Voluntary,Regular Employee,False
W102574,2014-03-11,,,Regular Employee,False
W102575,2021-03-15,,,Regular Employee,False
W102576,2015-12-15,,,Regular Employee,False
W102577,2019-10-17,2024-05-03,Voluntary,Regular Employee,False
W102578,2020-02-13,2024-01-22,Voluntary,Regular Employee,False
W102579,2017-11-03,2025-12-05,Voluntary,Regular Employee,False
W102580,2019-02-05,,,Regular Employee,False
W102581,2018-03-12,,,Regular Employee,False
W102582,2021-05-23,2025-04-25,Voluntary,Regular Employee,False
W102583,2016-09-13,,,Regular Employee,False
W102584,2020-01-31,2022-12-22,Voluntary,Regular Employee,False
W102585,2021-11-20,2023-04-01,Voluntary,Regular Employee,False
W102586,2021-08-03,2022-08-09,Involuntary,Regular Employee,False
W102587,2008-12-09,,,Regular Employee,False
W102588,2012-09-18,,,Regular Employee,False
W102589,2021-09-13,2024-07-05,Involuntary,Regular Employee,False
W102590,2016-08-19,,,Regular Employee,False
W102591,2006-03-16,,,Regular Employee,False
W102592,2011-05-09,,,Regular Employee,False
W102593,2022-04-09,2022-09-14,Involuntary,Regular Employee,False
W102594,2020-02-29,2025-09-16,Voluntary,Regular Employee,False
W102595,2013-02-10,,,Regular Employee,False
W102596,2018-07-27,,,Regular Employee,False
W102597,2019-12-15,2025-12-05,Voluntary,Regular Employee,False
W102598,2017-01-15,2022-08-29,Voluntary,Regular Employee,False
W102599,2008-03-12,,,Regular Employee,False
W102600,2017-08-04,,,Regular Employee,False
W102601,2020-03-18,,,Regular Employee,False
W102602,2014-08-13,,,Regular Employee,False
W102603,2022-02-19,,,Regular Employee,False
W102604,2021-06-13,,,Regular Employee,False
W102605,2017-11-30,,,Regular Employee,False
W102606,2017-09-22,,,Regular Employee,False
W102607,2013-08-08,,,Regular Employee,False
W102608,2020-11-13,,,Regular Employee,False
W102609,2019-11-15,,,Regular Employee,False
W102610,2016-09-30,,,Regular Employee,False
W102611,2017-01-15,2022-11-11,Involuntary,Regular Employee,False
W102612,2017-11-02,,,Regular Employee,False
W102613,2020-06-26,,,Regular Employee,False
W102614,2021-11-10,2026-04-14,Voluntary,Regular Employee,False
W102615,2021-08-29,,,Regular Employee,False
W102616,2022-04-18,,,Regular Employee,False
W102617,2022-04-04,2023-05-13,Involuntary,Regular Employee,False
W102618,2020-09-02,2022-09-19,Voluntary,Regular Employee,False
W102619,2020-11-24,,,Regular Employee,False
W102620,2020-03-25,2023-04-15,Involuntary,Regular Employee,False
W102621,2020-11-05,,,Regular Employee,False
W102622,2011-06-30,2025-03-13,Voluntary,Regular Employee,False
W102623,2021-01-24,,,Regular Employee,False
W102624,2021-01-15,2023-02-19,Voluntary,Regular Employee,False
W102625,2017-08-24,,,Regular Employee,False
W102626,2019-03-14,,,Regular Employee,False
W102627,2015-06-03,,,Regular Employee,False
W102628,2015-07-30,2022-09-23,Voluntary,Regular Employee,False
W102629,2014-06-13,,,Regular Employee,False
W102630,2021-09-27,2023-06-10,Voluntary,Regular Employee,False
W102631,2020-12-09,2022-12-04,Involuntary,Regular Employee,False
W102632,2020-11-18,,,Regular Employee,False
W102633,2014-01-07,2022-11-08,Voluntary,Regular Employee,False
W102634,2019-04-10,,,Regular Employee,False
W102635,2022-05-31,,,Regular Employee,False
W102636,2008-08-07,2025-03-12,Involuntary,Regular Employee,False
W102637,2020-10-31,,,Regular Employee,False
W102638,2021-09-01,2025-10-20,Voluntary,Regular Employee,False
W102639,2008-11-14,2023-11-28,Voluntary,Regular Employee,False
W102640,2020-07-02,,,Regular Employee,False
W102641,2006-10-17,,,Regular Employee,False
W102642,2020-04-14,,,Regular Employee,False
W102643,2021-07-16,,,Regular Employee,False
W102644,2015-09-03,2026-04-28,Voluntary,Regular Employee,False
W102645,2020-03-30,,,Regular Employee,False
W102646,2017-02-03,,,Regular Employee,False
W102647,2022-01-17,2024-07-21,Voluntary,Regular Employee,False
W102648,2018-12-04,,,Regular Employee,False
W102649,2013-03-22,,,Regular Employee,False
W102650,2018-03-20,,,Regular Employee,False
W102651,2014-09-15,,,Regular Employee,False
W102652,2021-01-21,2023-09-11,Involuntary,Regular Employee,False
W102653,2020-06-10,2025-03-07,Voluntary,Regular Employee,False
W102654,2017-10-19,2025-05-02,Voluntary,Regular Employee,False
W102655,2017-09-07,,,Regular Employee,False
W102656,2019-12-15,,,Regular Employee,False
W102657,2021-10-04,,,Regular Employee,False
W102658,2022-02-05,2023-10-07,Voluntary,Regular Employee,False
W102659,2020-08-19,,,Regular Employee,False
W102660,2022-02-17,,,Regular Employee,False
W102661,2022-03-23,2022-11-26,Voluntary,Regular Employee,False
W102662,2022-02-06,2022-08-17,Voluntary,Regular Employee,False
W102663,2019-10-01,,,Regular Employee,False
W102664,2019-01-17,2023-02-23,Involuntary,Regular Employee,False
W102665,2015-05-24,2023-04-14,Voluntary,Regular Employee,False
W102666,2021-02-16,,,Regular Employee,False
W102667,2019-03-27,2024-01-11,Voluntary,Regular Employee,False
W102668,2021-09-16,2023-09-20,Voluntary,Regular Employee,False
W102669,2016-01-01,,,Regular Employee,False
W102670,2011-10-02,,,Regular Employee,False
W102671,2013-02-07,,,Regular Employee,False
W102672,2016-09-22,2023-02-27,Involuntary,Regular Employee,False
W102673,2012-03-21,,,Regular Employee,False
W102674,2020-07-25,,,Regular Employee,False
W102675,2018-04-18,,,Regular Employee,False
W102676,2021-01-12,,,Regular Employee,False
W102677,2020-03-02,,,Regular Employee,False
W102678,2006-04-23,,,Regular Employee,False
W102679,2021-04-21,2025-12-10,Voluntary,Regular Employee,False
W102680,2021-07-28,,,Regular Employee,False
W102681,2017-06-20,,,Regular Employee,False
W102682,2008-01-31,2024-08-12,Voluntary,Regular Employee,False
W102683,2020-07-04,2024-09-21,Voluntary,Regular Employee,False
W102684,2007-01-07,,,Regular Employee,False
W102685,2016-04-14,,,Regular Employee,False
W102686,2019-08-06,2023-09-17,Voluntary,Regular Employee,False
W102687,2019-12-16,,,Regular Employee,False
W102688,2020-04-11,,,Regular Employee,False
W102689,2020-07-09,2024-02-15,Involuntary,Regular Employee,False
W102690,2002-06-30,,,Regular Employee,False
W102691,2015-01-31,,,Regular Employee,False
W102692,2007-04-20,,,Regular Employee,False
W102693,2020-08-24,,,Regular Employee,False
W102694,2006-01-20,2022-08-22,Voluntary,Regular Employee,False
W102695,2017-02-19,,,Regular Employee,False
W102696,2020-07-05,2024-09-24,Voluntary,Regular Employee,False
W102697,2020-01-04,,,Regular Employee,False
W102698,2015-01-15,,,Regular Employee,False
W102699,2021-11-10,2022-11-17,Involuntary,Regular Employee,False
W102700,2021-10-19,2025-11-17,Voluntary,Regular Employee,False
W102701,2012-04-02,,,Regular Employee,False
W102702,2018-10-13,2023-03-26,Voluntary,Regular Employee,False
W102703,2020-01-17,,,Regular Employee,False
W102704,2022-05-16,,,Regular Employee,False
W102705,2022-01-24,,,Regular Employee,False
W102706,2018-05-23,2023-03-12,Involuntary,Regular Employee,False
W102707,2015-07-01,,,Regular Employee,False
W102708,2015-08-14,,,Regular Employee,False
W102709,2020-10-22,,,Regular Employee,False
W102710,2021-03-20,2023-03-22,Involuntary,Regular Employee,False
W102711,2022-03-09,2023-11-06,Voluntary,Regular Employee,False
W102712,2021-12-11,,,Regular Employee,False
W102713,2020-11-13,,,Regular Employee,False
W102714,2017-06-14,,,Regular Employee,False
W102715,2021-08-28,2023-01-29,Voluntary,Regular Employee,False
W102716,2017-01-30,,,Regular Employee,False
W102717,2022-04-20,,,Regular Employee,False
W102718,2019-06-08,2024-08-27,Involuntary,Regular Employee,False
W102719,2014-03-09,,,Regular Employee,False
W102720,2020-10-22,,,Regular Employee,False
W102721,2016-06-26,,,Regular Employee,False
W102722,2017-09-27,,,Regular Employee,False
W102723,2006-10-17,,,Regular Employee,False
W102724,2021-07-12,,,Regular Employee,False
W102725,2017-08-06,,,Regular Employee,False
W102726,2021-11-06,2023-05-04,Voluntary,Regular Employee,False
W102727,2020-08-04,2023-12-08,Voluntary,Regular Employee,False
W102728,2017-04-08,,,Regular Employee,False
W102729,2011-03-06,,,Regular Employee,False
W102730,2018-01-18,,,Regular Employee,False
W102731,2017-10-05,2023-05-31,Voluntary,Regular Employee,False
W102732,2017-04-08,,,Regular Employee,False
W102733,2016-12-25,,,Regular Employee,False
W102734,2019-02-05,,,Regular Employee,False
W102735,2017-05-28,,,Regular Employee,False
W102736,2014-05-19,2025-10-30,Voluntary,Regular Employee,False
W102737,2018-06-26,,,Regular Employee,False
W102738,2015-10-08,,,Regular Employee,False
W102739,2021-02-16,,,Regular Employee,False
W102740,2020-09-15,,,Regular Employee,False
W102741,2019-12-23,,,Regular Employee,False
W102742,2018-10-12,,,Regular Employee,False
W102743,2022-05-09,2026-06-18,Voluntary,Regular Employee,False
W102744,2017-10-08,2024-09-23,Voluntary,Regular Employee,False
W102745,2022-05-20,2025-08-09,Voluntary,Regular Employee,False
W102746,2002-06-30,,,Regular Employee,False
W102747,2020-04-23,,,Regular Employee,False
W102748,2020-05-18,,,Regular Employee,False
W102749,2019-06-07,,,Regular Employee,False
W102750,2018-07-24,2025-09-22,Voluntary,Regular Employee,False
W102751,2021-05-11,2022-09-24,Voluntary,Regular Employee,False
W102752,2021-11-01,2024-02-08,Voluntary,Regular Employee,False
W102753,2008-01-24,,,Regular Employee,False
W102754,2022-01-05,2025-11-09,Involuntary,Regular Employee,False
W102755,2017-11-26,2025-10-22,Voluntary,Regular Employee,False
W102756,2020-07-27,2023-09-30,Voluntary,Regular Employee,False
W102757,2018-02-05,,,Regular Employee,False
W102758,2022-02-26,,,Regular Employee,False
W102759,2020-12-08,,,Regular Employee,False
W102760,2019-01-20,2024-12-28,Involuntary,Regular Employee,False
W102761,2019-02-10,2023-07-20,Voluntary,Regular Employee,False
W102762,2022-04-17,2023-02-02,Voluntary,Regular Employee,False
W102763,2016-04-09,,,Regular Employee,False
W102764,2014-11-29,,,Regular Employee,False
W102765,2016-02-23,,,Regular Employee,False
W102766,2022-06-12,2025-09-13,Voluntary,Regular Employee,False
W102767,2015-09-14,,,Regular Employee,False
W102768,2018-08-03,,,Regular Employee,False
W102769,2022-05-17,,,Regular Employee,False
W102770,2019-10-04,,,Regular Employee,False
W102771,2022-06-09,,,Regular Employee,False
W102772,2020-12-08,2024-09-17,Voluntary,Regular Employee,False
W102773,2011-03-19,2024-06-16,Voluntary,Regular Employee,False
W102774,2020-06-06,,,Regular Employee,False
W102775,2017-06-04,,,Regular Employee,False
W102776,2020-04-15,,,Regular Employee,False
W102777,2016-11-19,2022-10-14,Voluntary,Regular Employee,False
W102778,2018-06-17,2024-02-15,Involuntary,Regular Employee,False
W102779,2017-04-12,2025-04-26,Voluntary,Regular Employee,False
W102780,2020-03-08,,,Regular Employee,False
W102781,2019-10-31,,,Regular Employee,False
W102782,2022-05-29,,,Regular Employee,False
W102783,2021-01-17,,,Regular Employee,False
W102784,2018-09-02,,,Regular Employee,False
W102785,2009-11-28,,,Regular Employee,False
W102786,2015-04-08,2023-04-05,Voluntary,Regular Employee,False
W102787,2017-11-24,2024-04-21,Voluntary,Regular Employee,False
W102788,2014-08-07,,,Regular Employee,False
W102789,2018-10-28,2024-10-16,Voluntary,Regular Employee,False
W102790,2013-03-12,2024-03-13,Voluntary,Regular Employee,False
W102791,2022-06-12,,,Regular Employee,False
W102792,2019-07-22,,,Regular Employee,False
W102793,2019-12-23,2023-04-11,Involuntary,Regular Employee,False
W102794,2015-11-22,,,Regular Employee,False
W102795,2019-05-21,2024-02-15,Involuntary,Regular Employee,False
W102796,2020-06-28,,,Regular Employee,False
W102797,2016-07-25,,,Regular Employee,False
W102798,2017-02-23,2024-07-03,Voluntary,Regular Employee,False
W102799,2007-12-04,,,Regular Employee,False
W102800,2021-02-07,,,Regular Employee,False
W102801,2014-08-18,,,Regular Employee,False
W102802,2022-03-25,,,Regular Employee,False
W102803,2014-11-01,,,Regular Employee,False
W102804,2022-04-21,,,Regular Employee,False
W102805,2017-10-19,,,Regular Employee,False
W102806,2019-01-14,2024-04-23,Involuntary,Regular Employee,False
W102807,2019-10-28,2024-04-27,Voluntary,Regular Employee,False
W102808,2020-08-10,2023-04-21,Voluntary,Regular Employee,False
W102809,2011-05-17,,,Regular Employee,False
W102810,2022-03-31,,,Regular Employee,False
W102811,2020-05-04,,,Regular Employee,False
W102812,2010-12-25,,,Regular Employee,False
W102813,2021-01-28,2025-12-09,Voluntary,Regular Employee,False
W102814,2016-05-30,,,Regular Employee,False
W102815,2019-01-02,,,Regular Employee,False
W102816,2018-08-18,,,Regular Employee,False
W102817,2021-09-10,2022-07-01,Voluntary,Regular Employee,False
W102818,2020-04-06,,,Regular Employee,False
W102819,2022-03-09,2024-02-15,Involuntary,Regular Employee,False
W102820,2018-08-27,,,Regular Employee,False
W102821,2021-12-10,2024-10-14,Involuntary,Regular Employee,False
W102822,2022-04-27,2023-02-09,Voluntary,Regular Employee,False
W102823,2016-11-26,,,Regular Employee,False
W102824,2021-03-03,2025-03-20,Voluntary,Regular Employee,False
W102825,2022-05-01,,,Regular Employee,False
W102826,2022-05-19,2025-02-07,Voluntary,Regular Employee,False
W102827,2020-10-01,,,Regular Employee,False
W102828,2021-05-11,,,Regular Employee,False
W102829,2021-04-24,2023-04-28,Involuntary,Regular Employee,False
W102830,2021-04-10,,,Regular Employee,False
W102831,2021-03-07,2022-10-05,Involuntary,Regular Employee,False
W102832,2019-12-29,,,Regular Employee,False
W102833,2015-06-03,,,Regular Employee,False
W102834,2017-12-19,,,Regular Employee,False
W102835,2022-06-12,,,Regular Employee,False
W102836,2018-07-23,,,Regular Employee,False
W102837,2012-08-26,,,Regular Employee,False
W102838,2021-02-09,,,Regular Employee,False
W102839,2016-03-25,2022-07-02,Involuntary,Regular Employee,False
W102840,2013-12-16,,,Regular Employee,False
W102841,2017-05-27,,,Regular Employee,False
W102842,2017-10-29,,,Regular Employee,False
W102843,2020-06-02,,,Regular Employee,False
W102844,2017-01-02,,,Regular Employee,False
W102845,2017-06-19,,,Regular Employee,False
W102846,2022-05-02,,,Regular Employee,False
W102847,2022-06-12,2023-05-08,Voluntary,Regular Employee,False
W102848,2020-05-10,,,Regular Employee,False
W102849,2017-08-29,2024-12-24,Voluntary,Regular Employee,False
W102850,2021-05-29,2024-09-24,Voluntary,Regular Employee,False
W102851,2020-06-08,2023-10-30,Voluntary,Regular Employee,False
W102852,2014-04-13,,,Regular Employee,False
W102853,2022-02-03,,,Regular Employee,False
W102854,2019-09-04,,,Regular Employee,False
W102855,2021-01-12,,,Regular Employee,False
W102856,2013-10-08,,,Regular Employee,False
W102857,2014-07-06,2025-05-19,Involuntary,Regular Employee,False
W102858,2019-08-12,,,Regular Employee,False
W102859,2021-03-15,,,Regular Employee,False
W102860,2002-06-30,2025-03-04,Involuntary,Regular Employee,False
W102861,2021-06-28,2025-07-08,Voluntary,Regular Employee,False
W102862,2018-08-05,,,Regular Employee,False
W102863,2018-06-14,2026-02-16,Involuntary,Regular Employee,False
W102864,2021-07-11,2024-07-26,Voluntary,Regular Employee,False
W102865,2008-05-04,2025-08-08,Involuntary,Regular Employee,False
W102866,2021-11-24,2023-04-17,Voluntary,Regular Employee,False
W102867,2021-11-20,,,Regular Employee,False
W102868,2021-02-15,,,Regular Employee,False
W102869,2013-03-20,,,Regular Employee,False
W102870,2022-03-20,,,Regular Employee,False
W102871,2022-02-20,,,Regular Employee,False
W102872,2019-03-31,2024-04-13,Involuntary,Regular Employee,False
W102873,2022-04-09,2022-10-14,Voluntary,Regular Employee,False
W102874,2021-08-01,2024-06-21,Involuntary,Regular Employee,False
W102875,2013-12-16,,,Regular Employee,False
W102876,2020-02-27,2023-04-05,Voluntary,Regular Employee,False
W102877,2018-11-15,,,Regular Employee,False
W102878,2016-03-30,,,Regular Employee,False
W102879,2021-05-22,2023-05-06,Involuntary,Regular Employee,False
W102880,2022-02-26,,,Regular Employee,False
W102881,2013-05-06,,,Regular Employee,False
W102882,2018-03-12,,,Regular Employee,False
W102883,2021-04-12,,,Regular Employee,False
W102884,2017-03-06,2023-06-09,Voluntary,Regular Employee,False
W102885,2017-12-31,,,Regular Employee,False
W102886,2019-04-18,2024-11-11,Involuntary,Regular Employee,False
W102887,2014-11-25,,,Regular Employee,False
W102888,2018-02-28,2022-11-21,Voluntary,Regular Employee,False
W102889,2019-09-05,,,Regular Employee,False
W102890,2018-11-01,,,Regular Employee,False
W102891,2017-03-17,2025-06-03,Voluntary,Regular Employee,False
W102892,2014-12-04,2023-08-19,Voluntary,Regular Employee,False
W102893,2014-12-13,,,Regular Employee,False
W102894,2021-02-24,,,Regular Employee,False
W102895,2018-01-01,,,Regular Employee,False
W102896,2017-08-06,,,Regular Employee,False
W102897,2019-09-04,,,Regular Employee,False
W102898,2022-04-26,,,Regular Employee,False
W102899,2020-09-15,2025-04-17,Voluntary,Regular Employee,False
W102900,2017-07-15,,,Regular Employee,False
W102901,2022-05-28,2024-02-15,Involuntary,Regular Employee,False
W102902,2022-01-29,2025-11-22,Voluntary,Regular Employee,False
W102903,2022-02-17,,,Regular Employee,False
W102904,2022-03-01,2024-10-19,Involuntary,Regular Employee,False
W102905,2010-01-12,2024-02-15,Involuntary,Regular Employee,False
W102906,2017-07-28,2023-03-21,Voluntary,Regular Employee,False
W102907,2021-04-14,,,Regular Employee,False
W102908,2020-01-08,2025-02-28,Voluntary,Regular Employee,False
W102909,2018-07-10,,,Regular Employee,False
W102910,2012-09-28,,,Regular Employee,False
W102911,2017-02-03,,,Regular Employee,False
W102912,2018-05-23,,,Regular Employee,False
W102913,2021-09-06,,,Regular Employee,False
W102914,2021-08-24,2025-12-03,Voluntary,Regular Employee,False
W102915,2016-01-08,,,Regular Employee,False
W102916,2018-03-10,,,Regular Employee,False
W102917,2017-01-16,2025-04-12,Voluntary,Regular Employee,False
W102918,2021-03-03,2022-11-07,Voluntary,Regular Employee,False
W102919,2020-11-25,,,Regular Employee,False
W102920,2021-04-19,,,Regular Employee,False
W102921,2018-06-11,,,Regular Employee,False
W102922,2019-07-05,,,Regular Employee,False
W102923,2021-12-07,,,Regular Employee,False
W102924,2021-12-26,2022-12-03,Voluntary,Regular Employee,False
W102925,2019-02-16,,,Regular Employee,False
W102926,2016-06-01,,,Regular Employee,False
W102927,2019-06-15,2023-05-09,Voluntary,Regular Employee,False
W102928,2021-04-02,2023-09-23,Voluntary,Regular Employee,False
W102929,2020-03-20,,,Regular Employee,False
W102930,2020-11-10,,,Regular Employee,False
W102931,2017-07-23,2026-05-15,Voluntary,Regular Employee,False
W102932,2011-07-13,2026-04-22,Voluntary,Regular Employee,False
W102933,2008-05-06,,,Regular Employee,False
W102934,2019-09-30,,,Regular Employee,False
W102935,2018-08-01,2026-01-09,Voluntary,Regular Employee,False
W102936,2020-11-24,2023-12-06,Voluntary,Regular Employee,False
W102937,2011-04-21,,,Regular Employee,False
W102938,2018-09-17,,,Regular Employee,False
W102939,2010-03-20,,,Regular Employee,False
W102940,2007-04-29,,,Regular Employee,False
W102941,2020-07-22,,,Regular Employee,False
W102942,2021-07-26,,,Regular Employee,False
W102943,2019-06-07,,,Regular Employee,False
W102944,2018-06-30,2025-11-05,Involuntary,Regular Employee,False
W102945,2020-03-07,,,Regular Employee,False
W102946,2018-08-24,,,Regular Employee,False
W102947,2021-07-10,2023-05-19,Involuntary,Regular Employee,False
W102948,2016-01-26,,,Regular Employee,False
W102949,2014-04-23,,,Regular Employee,False
W102950,2016-04-19,2025-04-05,Voluntary,Regular Employee,False
W102951,2010-08-08,2024-02-15,Involuntary,Regular Employee,False
W102952,2019-01-23,,,Regular Employee,False
W102953,2021-12-14,,,Regular Employee,False
W102954,2017-02-11,,,Regular Employee,False
W102955,2007-03-31,,,Regular Employee,False
W102956,2020-03-08,,,Regular Employee,False
W102957,2019-02-06,,,Regular Employee,False
W102958,2022-04-02,,,Regular Employee,False
W102959,2015-01-24,2025-07-18,Involuntary,Regular Employee,False
W102960,2017-12-20,,,Regular Employee,False
W102961,2020-10-17,2023-03-03,Involuntary,Regular Employee,False
W102962,2021-05-28,2024-06-18,Involuntary,Regular Employee,False
W102963,2021-11-08,2023-08-31,Voluntary,Regular Employee,False
W102964,2022-06-12,2022-12-11,Voluntary,Regular Employee,False
W102965,2018-02-04,,,Regular Employee,False
W102966,2021-04-18,,,Regular Employee,False
W102967,2014-10-18,,,Regular Employee,False
W102968,2015-04-05,,,Regular Employee,False
W102969,2016-05-20,2025-08-26,Voluntary,Regular Employee,False
W102970,2017-02-01,,,Regular Employee,False
W102971,2017-09-29,,,Regular Employee,False
W102972,2020-04-20,,,Regular Employee,False
W102973,2021-02-08,2024-07-02,Voluntary,Regular Employee,False
W102974,2019-07-21,,,Regular Employee,False
W102975,2021-10-30,,,Regular Employee,False
W102976,2020-12-04,,,Regular Employee,False
W102977,2018-03-06,,,Regular Employee,False
W102978,2018-09-17,2025-01-22,Voluntary,Regular Employee,False
W102979,2021-09-18,,,Regular Employee,False
W102980,2021-03-20,2024-04-22,Voluntary,Regular Employee,False
W102981,2015-09-15,,,Regular Employee,False
W102982,2021-01-10,2022-08-29,Voluntary,Regular Employee,False
W102983,2021-08-30,2022-08-30,Voluntary,Regular Employee,False
W102984,2021-04-18,2023-06-05,Voluntary,Regular Employee,False
W102985,2014-02-18,,,Regular Employee,False
W102986,2013-02-25,,,Regular Employee,False
W102987,2016-11-12,,,Regular Employee,False
W102988,2003-01-26,,,Regular Employee,False
W102989,2020-04-16,,,Regular Employee,False
W102990,2020-01-04,,,Regular Employee,False
W102991,2020-06-09,,,Regular Employee,False
W102992,2019-10-25,,,Regular Employee,False
W102993,2021-11-22,2025-10-06,Voluntary,Regular Employee,False
W102994,2019-07-12,,,Regular Employee,False
W102995,2019-07-28,,,Regular Employee,False
W102996,2008-11-14,2023-04-21,Involuntary,Regular Employee,False
W102997,2021-04-25,,,Regular Employee,False
W102998,2015-03-03,,,Regular Employee,False
W102999,2021-08-25,,,Regular Employee,False
W103000,2020-04-29,,,Regular Employee,False
W103001,2017-03-05,2022-08-03,Voluntary,Regular Employee,False
W103002,2022-05-10,2025-01-15,Voluntary,Regular Employee,False
W103003,2014-12-25,2022-09-25,Voluntary,Regular Employee,False
W103004,2020-10-18,,,Regular Employee,False
W103005,2020-05-01,,,Regular Employee,False
W103006,2012-04-11,2023-01-10,Voluntary,Regular Employee,False
W103007,2010-02-13,2023-06-05,Voluntary,Regular Employee,False
W103008,2022-04-17,,,Regular Employee,False
W103009,2020-09-07,,,Regular Employee,False
W103010,2022-06-12,,,Regular Employee,False
W103011,2013-12-25,2024-03-18,Voluntary,Regular Employee,False
W103012,2020-01-01,2025-10-31,Voluntary,Regular Employee,False
W103013,2018-12-08,,,Regular Employee,False
W103014,2012-11-10,,,Regular Employee,False
W103015,2015-11-23,2025-05-01,Voluntary,Regular Employee,False
W103016,2014-12-19,,,Regular Employee,False
W103017,2022-02-21,2024-12-28,Voluntary,Regular Employee,False
W103018,2021-02-15,,,Regular Employee,False
W103019,2011-11-25,,,Regular Employee,False
W103020,2014-07-30,2026-03-31,Involuntary,Regular Employee,False
W103021,2021-03-05,,,Regular Employee,False
W103022,2019-09-05,,,Regular Employee,False
W103023,2019-08-25,,,Regular Employee,False
W103024,2018-04-17,,,Regular Employee,False
W103025,2015-03-16,,,Regular Employee,False
W103026,2020-09-19,2024-02-08,Voluntary,Regular Employee,False
W103027,2022-04-07,,,Regular Employee,False
W103028,2017-01-23,2022-09-19,Voluntary,Regular Employee,False
W103029,2017-11-19,,,Regular Employee,False
W103030,2022-06-12,,,Regular Employee,False
W103031,2017-05-14,,,Regular Employee,False
W103032,2021-01-01,,,Regular Employee,False
W103033,2014-04-19,2023-10-02,Voluntary,Regular Employee,False
W103034,2022-04-08,,,Regular Employee,False
W103035,2011-03-01,,,Regular Employee,False
W103036,2016-09-04,2023-10-22,Voluntary,Regular Employee,False
W103037,2019-01-04,,,Regular Employee,False
W103038,2019-04-09,,,Regular Employee,False
W103039,2014-10-22,2024-09-30,Voluntary,Regular Employee,False
W103040,2021-10-28,,,Regular Employee,False
W103041,2017-09-12,,,Regular Employee,False
W103042,2017-05-26,,,Regular Employee,False
W103043,2017-06-29,,,Regular Employee,False
W103044,2019-03-19,,,Regular Employee,False
W103045,2020-07-13,,,Regular Employee,False
W103046,2022-03-31,,,Regular Employee,False
W103047,2022-05-10,2022-08-14,Involuntary,Regular Employee,False
W103048,2021-03-02,,,Regular Employee,False
W103049,2008-06-25,,,Regular Employee,False
W103050,2002-06-30,2022-10-09,Involuntary,Regular Employee,False
W103051,2018-02-25,,,Regular Employee,False
W103052,2021-02-01,2023-02-19,Voluntary,Regular Employee,False
W103053,2019-10-18,,,Regular Employee,False
W103054,2016-01-19,,,Regular Employee,False
W103055,2021-07-13,,,Regular Employee,False
W103056,2008-06-29,,,Regular Employee,False
W103057,2021-02-28,,,Regular Employee,False
W103058,2021-01-31,,,Regular Employee,False
W103059,2016-05-18,,,Regular Employee,False
W103060,2013-06-28,,,Regular Employee,False
W103061,2017-03-23,,,Regular Employee,False
W103062,2021-11-20,,,Regular Employee,False
W103063,2021-09-26,,,Regular Employee,False
W103064,2016-10-18,2023-10-21,Voluntary,Regular Employee,False
W103065,2022-04-17,,,Regular Employee,False
W103066,2017-05-23,,,Regular Employee,False
W103067,2020-01-16,2023-07-26,Voluntary,Regular Employee,False
W103068,2009-04-01,,,Regular Employee,False
W103069,2022-06-12,2025-06-13,Voluntary,Regular Employee,False
W103070,2022-05-29,2022-07-20,Voluntary,Regular Employee,False
W103071,2016-01-21,2022-07-06,Involuntary,Regular Employee,False
W103072,2019-02-09,,,Regular Employee,False
W103073,2018-05-07,,,Regular Employee,False
W103074,2007-11-04,,,Regular Employee,False
W103075,2018-02-23,2025-08-11,Involuntary,Regular Employee,False
W103076,2012-12-20,,,Regular Employee,False
W103077,2014-10-10,,,Regular Employee,False
W103078,2006-06-03,,,Regular Employee,False
W103079,2017-02-17,2024-03-09,Voluntary,Regular Employee,False
W103080,2017-03-08,2022-08-03,Voluntary,Regular Employee,False
W103081,2018-12-25,,,Regular Employee,False
W103082,2017-12-06,,,Regular Employee,False
W103083,2022-04-28,,,Regular Employee,False
W103084,2014-04-24,,,Regular Employee,False
W103085,2013-11-23,,,Regular Employee,False
W103086,2016-02-14,,,Regular Employee,False
W103087,2021-12-09,2022-07-10,Voluntary,Regular Employee,False
W103088,2021-03-12,,,Regular Employee,False
W103089,2014-11-22,,,Regular Employee,False
W103090,2018-05-01,,,Regular Employee,False
W103091,2012-02-06,,,Regular Employee,False
W103092,2018-02-01,,,Regular Employee,False
W103093,2016-05-25,,,Regular Employee,False
W103094,2021-06-06,2023-09-17,Voluntary,Regular Employee,False
W103095,2017-02-17,2022-07-03,Voluntary,Regular Employee,False
W103096,2018-03-23,2023-03-06,Involuntary,Regular Employee,False
W103097,2015-10-18,,,Regular Employee,False
W103098,2016-09-11,,,Regular Employee,False
W103099,2020-10-10,,,Regular Employee,False
W103100,2008-02-24,,,Regular Employee,False
W103101,2020-04-20,2024-12-28,Voluntary,Regular Employee,False
W103102,2015-08-07,,,Regular Employee,False
W103103,2008-04-24,2023-02-10,Involuntary,Regular Employee,False
W103104,2016-01-08,2024-10-17,Involuntary,Regular Employee,False
W103105,2009-10-31,2025-12-27,Voluntary,Regular Employee,False
W103106,2005-06-05,,,Regular Employee,False
W103107,2019-02-10,,,Regular Employee,False
W103108,2020-12-26,,,Regular Employee,False
W103109,2003-04-23,,,Regular Employee,False
W103110,2012-09-03,,,Regular Employee,False
W103111,2015-09-10,2023-10-08,Voluntary,Regular Employee,False
W103112,2021-07-11,,,Regular Employee,False
W103113,2019-10-27,2023-01-22,Voluntary,Regular Employee,False
W103114,2020-04-12,,,Regular Employee,False
W103115,2017-10-11,,,Regular Employee,False
W103116,2017-12-17,,,Regular Employee,False
W103117,2020-03-23,2024-06-03,Involuntary,Regular Employee,False
W103118,2020-05-04,,,Regular Employee,False
W103119,2020-05-21,2022-11-19,Voluntary,Regular Employee,False
W103120,2018-06-23,,,Regular Employee,False
W103121,2014-03-03,,,Regular Employee,False
W103122,2020-05-09,,,Regular Employee,False
W103123,2022-03-20,,,Regular Employee,False
W103124,2019-03-13,2026-02-05,Voluntary,Regular Employee,False
W103125,2002-06-30,,,Regular Employee,False
W103126,2022-01-12,2022-10-16,Involuntary,Regular Employee,False
W103127,2021-01-10,,,Regular Employee,False
W103128,2016-02-12,2023-04-09,Voluntary,Regular Employee,False
W103129,2003-08-19,,,Regular Employee,False
W103130,2019-04-30,2024-05-22,Voluntary,Regular Employee,False
W103131,2018-12-18,2023-12-27,Voluntary,Regular Employee,False
W103132,2015-07-15,,,Regular Employee,False
W103133,2017-08-03,,,Regular Employee,False
W103134,2022-04-14,2022-11-27,Voluntary,Regular Employee,False
W103135,2018-11-21,2024-07-12,Voluntary,Regular Employee,False
W103136,2019-08-31,,,Regular Employee,False
W103137,2022-01-24,,,Regular Employee,False
W103138,2013-07-07,,,Regular Employee,False
W103139,2007-05-10,,,Regular Employee,False
W103140,2013-10-08,,,Regular Employee,False
W103141,2016-06-21,,,Regular Employee,False
W103142,2022-03-26,,,Regular Employee,False
W103143,2017-10-14,,,Regular Employee,False
W103144,2021-02-25,2026-05-29,Voluntary,Regular Employee,False
W103145,2022-06-12,,,Regular Employee,False
W103146,2019-01-30,2023-10-09,Voluntary,Regular Employee,False
W103147,2019-10-18,,,Regular Employee,False
W103148,2021-05-19,2022-11-27,Voluntary,Regular Employee,False
W103149,2021-11-24,2022-07-19,Voluntary,Regular Employee,False
W103150,2015-01-13,,,Regular Employee,False
W103151,2016-08-11,,,Regular Employee,False
W103152,2022-02-10,,,Regular Employee,False
W103153,2016-01-08,,,Regular Employee,False
W103154,2020-03-26,2023-08-03,Voluntary,Regular Employee,False
W103155,2019-11-28,2023-06-08,Voluntary,Regular Employee,False
W103156,2018-11-07,2023-12-07,Voluntary,Regular Employee,False
W103157,2003-05-12,,,Regular Employee,False
W103158,2019-06-11,,,Regular Employee,False
W103159,2020-01-16,2024-09-22,Involuntary,Regular Employee,False
W103160,2016-09-27,,,Regular Employee,False
W103161,2009-06-30,,,Regular Employee,False
W103162,2020-11-11,,,Regular Employee,False
W103163,2002-12-06,,,Regular Employee,False
W103164,2018-09-04,,,Regular Employee,False
W103165,2017-11-12,,,Regular Employee,False
W103166,2022-01-26,,,Regular Employee,False
W103167,2020-08-23,2024-12-15,Voluntary,Regular Employee,False
W103168,2021-09-06,2024-02-15,Involuntary,Regular Employee,False
W103169,2020-02-10,,,Regular Employee,False
W103170,2021-06-10,,,Regular Employee,False
W103171,2013-11-06,,,Regular Employee,False
W103172,2020-05-11,,,Regular Employee,False
W103173,2020-11-21,,,Regular Employee,False
W103174,2019-12-04,,,Regular Employee,False
W103175,2018-05-20,2025-12-03,Voluntary,Regular Employee,False
W103176,2022-06-12,2026-01-16,Voluntary,Regular Employee,False
W103177,2012-05-18,2022-10-12,Voluntary,Regular Employee,False
W103178,2015-11-25,,,Regular Employee,False
W103179,2015-01-06,,,Regular Employee,False
W103180,2014-01-06,,,Regular Employee,False
W103181,2012-10-23,2022-11-22,Voluntary,Regular Employee,False
W103182,2008-02-08,,,Regular Employee,False
W103183,2021-05-19,,,Regular Employee,False
W103184,2018-11-24,2023-11-30,Voluntary,Regular Employee,False
W103185,2019-02-14,,,Regular Employee,False
W103186,2016-07-18,,,Regular Employee,False
W103187,2013-01-26,,,Regular Employee,False
W103188,2009-05-29,,,Regular Employee,False
W103189,2021-04-21,,,Regular Employee,False
W103190,2014-06-07,,,Regular Employee,False
W103191,2022-05-13,,,Regular Employee,False
W103192,2021-12-30,2026-01-02,Voluntary,Regular Employee,False
W103193,2020-06-14,2026-05-30,Voluntary,Regular Employee,False
W103194,2016-05-29,,,Regular Employee,False
W103195,2018-09-25,,,Regular Employee,False
W103196,2021-12-05,,,Regular Employee,False
W103197,2018-07-13,,,Regular Employee,False
W103198,2018-10-28,,,Regular Employee,False
W103199,2019-08-06,,,Regular Employee,False
W103200,2017-11-24,2024-07-01,Involuntary,Regular Employee,False
W103201,2016-09-11,,,Regular Employee,False
W103202,2022-05-05,,,Regular Employee,False
W103203,2015-12-02,,,Regular Employee,False
W103204,2005-06-30,,,Regular Employee,False
W103205,2017-12-31,,,Regular Employee,False
W103206,2017-02-17,,,Regular Employee,False
W103207,2022-05-01,2025-06-02,Voluntary,Regular Employee,False
W103208,2020-11-20,,,Regular Employee,False
W103209,2019-09-16,,,Regular Employee,False
W103210,2015-05-20,2024-03-14,Voluntary,Regular Employee,False
W103211,2015-09-03,,,Regular Employee,False
W103212,2019-01-14,,,Regular Employee,False
W103213,2019-01-25,,,Regular Employee,False
W103214,2013-02-03,2024-02-15,Involuntary,Regular Employee,False
W103215,2020-05-31,2025-02-19,Voluntary,Regular Employee,False
W103216,2010-02-26,,,Regular Employee,False
W103217,2020-12-01,2022-10-02,Voluntary,Regular Employee,False
W103218,2021-03-22,2025-12-10,Voluntary,Regular Employee,False
W103219,2022-01-25,,,Regular Employee,False
W103220,2012-01-13,,,Regular Employee,False
W103221,2021-07-04,2025-09-10,Voluntary,Regular Employee,False
W103222,2011-12-30,2023-02-16,Voluntary,Regular Employee,False
W103223,2019-10-29,2022-08-18,Voluntary,Regular Employee,False
W103224,2021-03-11,2025-07-13,Voluntary,Regular Employee,False
W103225,2022-06-12,,,Regular Employee,False
W103226,2022-02-15,,,Regular Employee,False
W103227,2020-03-04,2023-08-16,Voluntary,Regular Employee,False
W103228,2019-10-13,2025-02-21,Voluntary,Regular Employee,False
W103229,2018-08-25,,,Regular Employee,False
W103230,2019-04-15,,,Regular Employee,False
W103231,2011-03-28,,,Regular Employee,False
W103232,2017-01-23,,,Regular Employee,False
W103233,2022-04-02,,,Regular Employee,False
W103234,2004-01-27,,,Regular Employee,False
W103235,2020-03-22,,,Regular Employee,False
W103236,2018-06-06,2024-02-08,Voluntary,Regular Employee,False
W103237,2021-04-07,2024-05-09,Voluntary,Regular Employee,False
W103238,2009-05-16,,,Regular Employee,False
W103239,2020-03-22,,,Regular Employee,False
W103240,2021-11-28,2024-06-09,Involuntary,Regular Employee,False
W103241,2018-03-08,,,Regular Employee,False
W103242,2002-06-30,,,Regular Employee,False
W103243,2020-02-12,,,Regular Employee,False
W103244,2019-09-24,,,Regular Employee,False
W103245,2021-06-22,2022-11-04,Voluntary,Regular Employee,False
W103246,2018-11-29,,,Regular Employee,False
W103247,2021-08-28,,,Regular Employee,False
W103248,2017-04-15,,,Regular Employee,False
W103249,2020-07-04,,,Regular Employee,False
W103250,2011-09-24,,,Regular Employee,False
W103251,2012-11-26,,,Regular Employee,False
W103252,2022-02-02,,,Regular Employee,False
W103253,2020-02-15,2025-02-11,Voluntary,Regular Employee,False
W103254,2022-03-20,2026-05-07,Voluntary,Regular Employee,False
W103255,2019-11-11,,,Regular Employee,False
W103256,2018-05-29,,,Regular Employee,False
W103257,2004-09-02,,,Regular Employee,False
W103258,2002-06-30,2025-09-01,Voluntary,Regular Employee,False
W103259,2022-06-08,,,Regular Employee,False
W103260,2020-02-03,2026-04-17,Voluntary,Regular Employee,False
W103261,2013-05-07,2024-12-01,Voluntary,Regular Employee,False
W103262,2018-10-27,,,Regular Employee,False
W103263,2020-10-13,,,Regular Employee,False
W103264,2013-11-17,,,Regular Employee,False
W103265,2019-06-06,,,Regular Employee,False
W103266,2017-08-29,,,Regular Employee,False
W103267,2021-03-21,,,Regular Employee,False
W103268,2015-12-21,,,Regular Employee,False
W103269,2017-09-03,,,Regular Employee,False
W103270,2021-04-02,2026-05-18,Voluntary,Regular Employee,False
W103271,2016-05-07,,,Regular Employee,False
W103272,2018-10-08,2023-10-21,Voluntary,Regular Employee,False
W103273,2018-10-29,,,Regular Employee,False
W103274,2016-08-25,2025-05-16,Voluntary,Regular Employee,False
W103275,2021-08-14,,,Regular Employee,False
W103276,2018-07-11,,,Regular Employee,False
W103277,2020-09-09,2023-02-27,Voluntary,Regular Employee,False
W103278,2021-07-26,,,Regular Employee,False
W103279,2020-07-19,,,Regular Employee,False
W103280,2020-01-01,,,Regular Employee,False
W103281,2019-04-17,,,Regular Employee,False
W103282,2019-08-18,2026-06-13,Voluntary,Regular Employee,False
W103283,2020-04-11,,,Regular Employee,False
W103284,2022-03-19,2023-11-29,Voluntary,Regular Employee,False
W103285,2021-11-02,,,Regular Employee,False
W103286,2012-07-26,,,Regular Employee,False
W103287,2019-12-12,2024-05-31,Voluntary,Regular Employee,False
W103288,2010-03-07,,,Regular Employee,False
W103289,2017-03-30,,,Regular Employee,False
W103290,2018-03-10,,,Regular Employee,False
W103291,2019-01-12,,,Regular Employee,False
W103292,2016-05-09,,,Regular Employee,False
W103293,2021-08-06,2025-08-25,Voluntary,Regular Employee,False
W103294,2014-09-02,,,Regular Employee,False
W103295,2018-09-03,,,Regular Employee,False
W103296,2018-08-28,2025-12-06,Voluntary,Regular Employee,False
W103297,2018-11-22,,,Regular Employee,False
W103298,2014-01-28,2023-07-23,Voluntary,Regular Employee,False
W103299,2011-07-14,,,Regular Employee,False
W103300,2017-04-22,,,Regular Employee,False
W103301,2017-03-01,,,Regular Employee,False
W103302,2013-09-07,,,Regular Employee,False
W103303,2010-01-04,,,Regular Employee,False
W103304,2014-12-09,,,Regular Employee,False
W103305,2017-12-01,2022-09-23,Voluntary,Regular Employee,False
W103306,2004-07-07,2024-09-25,Voluntary,Regular Employee,False
W103307,2019-03-25,,,Regular Employee,False
W103308,2010-05-16,2024-03-11,Voluntary,Regular Employee,False
W103309,2016-12-01,2023-04-06,Voluntary,Regular Employee,False
W103310,2017-06-20,,,Regular Employee,False
W103311,2019-03-01,2023-07-10,Involuntary,Regular Employee,False
W103312,2019-06-01,,,Regular Employee,False
W103313,2012-07-30,,,Regular Employee,False
W103314,2019-02-14,,,Regular Employee,False
W103315,2020-04-19,,,Regular Employee,False
W103316,2021-03-17,,,Regular Employee,False
W103317,2022-06-12,,,Regular Employee,False
W103318,2021-12-15,,,Regular Employee,False
W103319,2015-09-28,2026-04-13,Voluntary,Regular Employee,False
W103320,2017-05-16,2022-08-06,Voluntary,Regular Employee,False
W103321,2019-01-15,,,Regular Employee,False
W103322,2018-06-11,,,Regular Employee,False
W103323,2012-04-04,,,Regular Employee,False
W103324,2018-09-03,2023-03-24,Voluntary,Regular Employee,False
W103325,2014-12-26,,,Regular Employee,False
W103326,2002-06-30,2024-09-01,Voluntary,Regular Employee,False
W103327,2022-04-18,,,Regular Employee,False
W103328,2020-11-07,,,Regular Employee,False
W103329,2022-05-30,,,Regular Employee,False
W103330,2021-12-21,,,Regular Employee,False
W103331,2021-08-10,,,Regular Employee,False
W103332,2019-05-10,,,Regular Employee,False
W103333,2019-11-15,,,Regular Employee,False
W103334,2018-12-02,,,Regular Employee,False
W103335,2022-03-02,2024-02-15,Involuntary,Regular Employee,False
W103336,2015-06-09,,,Regular Employee,False
W103337,2015-06-02,,,Regular Employee,False
W103338,2022-02-28,2022-08-14,Voluntary,Regular Employee,False
W103339,2021-11-13,2025-01-10,Voluntary,Regular Employee,False
W103340,2017-11-14,,,Regular Employee,False
W103341,2019-05-28,2024-03-22,Voluntary,Regular Employee,False
W103342,2018-05-06,,,Regular Employee,False
W103343,2011-08-31,2023-02-17,Voluntary,Regular Employee,False
W103344,2020-02-26,,,Regular Employee,False
W103345,2021-12-23,,,Regular Employee,False
W103346,2020-07-09,,,Regular Employee,False
W103347,2021-09-27,,,Regular Employee,False
W103348,2018-04-13,,,Regular Employee,False
W103349,2019-05-27,,,Regular Employee,False
W103350,2021-04-26,,,Regular Employee,False
W103351,2019-01-20,,,Regular Employee,False
W103352,2020-02-08,2022-09-06,Involuntary,Regular Employee,False
W103353,2018-04-23,,,Regular Employee,False
W103354,2020-12-14,,,Regular Employee,False
W103355,2021-09-08,,,Regular Employee,False
W103356,2019-02-13,2024-07-05,Involuntary,Regular Employee,False
W103357,2015-02-05,,,Regular Employee,False
W103358,2022-04-01,2023-09-11,Voluntary,Regular Employee,False
W103359,2015-07-07,2022-09-17,Involuntary,Regular Employee,False
W103360,2009-02-15,,,Regular Employee,False
W103361,2010-06-28,,,Regular Employee,False
W103362,2008-07-23,2023-04-26,Voluntary,Regular Employee,False
W103363,2020-10-02,2025-11-02,Involuntary,Regular Employee,False
W103364,2002-06-30,,,Regular Employee,False
W103365,2020-11-26,2025-05-11,Voluntary,Regular Employee,False
W103366,2021-02-09,,,Regular Employee,False
W103367,2009-06-11,,,Regular Employee,False
W103368,2022-03-25,,,Regular Employee,False
W103369,2019-04-27,,,Regular Employee,False
W103370,2018-09-20,2024-02-15,Involuntary,Regular Employee,False
W103371,2019-04-07,,,Regular Employee,False
W103372,2021-08-03,2026-03-31,Voluntary,Regular Employee,False
W103373,2020-12-30,,,Regular Employee,False
W103374,2019-11-08,,,Regular Employee,False
W103375,2021-09-12,2022-07-10,Voluntary,Regular Employee,False
W103376,2016-12-25,2025-02-01,Voluntary,Regular Employee,False
W103377,2007-09-05,,,Regular Employee,False
W103378,2017-12-09,,,Regular Employee,False
W103379,2015-07-07,,,Regular Employee,False
W103380,2022-02-15,,,Regular Employee,False
W103381,2013-05-26,,,Regular Employee,False
W103382,2022-05-24,,,Regular Employee,False
W103383,2021-06-16,,,Regular Employee,False
W103384,2021-10-04,,,Regular Employee,False
W103385,2021-09-09,,,Regular Employee,False
W103386,2018-04-20,,,Regular Employee,False
W103387,2009-01-04,,,Regular Employee,False
W103388,2018-04-20,,,Regular Employee,False
W103389,2019-03-13,2025-02-03,Voluntary,Regular Employee,False
W103390,2020-11-20,,,Regular Employee,False
W103391,2017-08-01,,,Regular Employee,False
W103392,2019-05-23,2024-10-25,Voluntary,Regular Employee,False
W103393,2015-06-07,,,Regular Employee,False
W103394,2017-12-10,2023-09-23,Voluntary,Regular Employee,False
W103395,2019-06-16,,,Regular Employee,False
W103396,2021-10-15,,,Regular Employee,False
W103397,2018-09-01,,,Regular Employee,False
W103398,2018-03-20,2023-07-27,Involuntary,Regular Employee,False
W103399,2018-03-13,,,Regular Employee,False
W103400,2016-04-03,,,Regular Employee,False
W103401,2021-02-28,,,Regular Employee,False
W103402,2019-04-21,2023-07-14,Voluntary,Regular Employee,False
W103403,2010-10-24,,,Regular Employee,False
W103404,2020-07-02,2023-12-04,Involuntary,Regular Employee,False
W103405,2021-05-16,,,Regular Employee,False
W103406,2020-08-02,,,Regular Employee,False
W103407,2015-12-02,2022-07-19,Involuntary,Regular Employee,False
W103408,2019-09-21,2024-05-13,Voluntary,Regular Employee,False
W103409,2017-05-06,2023-01-26,Voluntary,Regular Employee,False
W103410,2021-07-31,2023-12-01,Voluntary,Regular Employee,False
W103411,2021-10-28,2025-06-10,Voluntary,Regular Employee,False
W103412,2020-01-31,,,Regular Employee,False
W103413,2021-09-30,,,Regular Employee,False
W103414,2013-12-03,,,Regular Employee,False
W103415,2019-05-31,2022-08-01,Voluntary,Regular Employee,False
W103416,2019-10-29,,,Regular Employee,False
W103417,2021-04-23,2023-01-31,Involuntary,Regular Employee,False
W103418,2017-12-23,,,Regular Employee,False
W103419,2022-02-14,2024-03-20,Voluntary,Regular Employee,False
W103420,2013-06-19,,,Regular Employee,False
W103421,2018-06-29,,,Regular Employee,False
W103422,2019-07-21,,,Regular Employee,False
W103423,2020-12-25,,,Regular Employee,False
W103424,2016-04-21,,,Regular Employee,False
W103425,2022-01-14,,,Regular Employee,False
W103426,2021-06-16,2025-12-21,Involuntary,Regular Employee,False
W103427,2021-03-26,,,Regular Employee,False
W103428,2010-02-26,,,Regular Employee,False
W103429,2020-01-02,2023-08-18,Voluntary,Regular Employee,False
W103430,2017-05-08,,,Regular Employee,False
W103431,2016-08-29,,,Regular Employee,False
W103432,2022-01-04,,,Regular Employee,False
W103433,2020-09-17,,,Regular Employee,False
W103434,2019-08-18,2026-04-25,Voluntary,Regular Employee,False
W103435,2020-08-07,,,Regular Employee,False
W103436,2020-08-15,2025-04-15,Voluntary,Regular Employee,False
W103437,2021-11-15,2022-10-25,Voluntary,Regular Employee,False
W103438,2016-11-15,,,Regular Employee,False
W103439,2022-02-11,2022-10-25,Voluntary,Regular Employee,False
W103440,2021-08-27,,,Regular Employee,False
W103441,2022-03-24,,,Regular Employee,False
W103442,2019-07-07,,,Regular Employee,False
W103443,2020-09-27,,,Regular Employee,False
W103444,2018-03-31,,,Regular Employee,False
W103445,2019-02-26,2024-08-03,Voluntary,Regular Employee,False
W103446,2016-07-12,2022-12-18,Voluntary,Regular Employee,False
W103447,2014-11-16,2022-09-20,Voluntary,Regular Employee,False
W103448,2018-03-25,2025-11-25,Voluntary,Regular Employee,False
W103449,2017-01-25,,,Regular Employee,False
W103450,2021-08-13,,,Regular Employee,False
W103451,2019-12-06,,,Regular Employee,False
W103452,2021-09-21,,,Regular Employee,False
W103453,2020-05-19,2023-08-21,Voluntary,Regular Employee,False
W103454,2020-07-16,,,Regular Employee,False
W103455,2018-09-17,2023-01-29,Voluntary,Regular Employee,False
W103456,2020-04-17,2022-09-05,Involuntary,Regular Employee,False
W103457,2019-07-19,,,Regular Employee,False
W103458,2022-05-17,2024-01-15,Voluntary,Regular Employee,False
W103459,2015-10-04,2024-06-04,Voluntary,Regular Employee,False
W103460,2019-07-20,,,Regular Employee,False
W103461,2021-09-07,,,Regular Employee,False
W103462,2007-04-06,,,Regular Employee,False
W103463,2019-02-16,,,Regular Employee,False
W103464,2021-09-12,2022-11-18,Involuntary,Regular Employee,False
W103465,2020-07-27,2025-09-14,Involuntary,Regular Employee,False
W103466,2021-03-24,,,Regular Employee,False
W103467,2022-04-18,2023-09-23,Voluntary,Regular Employee,False
W103468,2021-07-03,2024-11-19,Involuntary,Regular Employee,False
W103469,2018-06-28,,,Regular Employee,False
W103470,2017-09-03,2024-02-02,Voluntary,Regular Employee,False
W103471,2019-05-29,2025-10-26,Voluntary,Regular Employee,False
W103472,2021-12-04,,,Regular Employee,False
W103473,2017-08-13,,,Regular Employee,False
W103474,2022-04-17,2023-11-17,Involuntary,Regular Employee,False
W103475,2009-09-07,,,Regular Employee,False
W103476,2014-05-27,,,Regular Employee,False
W103477,2009-01-05,,,Regular Employee,False
W103478,2020-08-25,2023-01-14,Involuntary,Regular Employee,False
W103479,2019-02-02,2023-06-20,Voluntary,Regular Employee,False
W103480,2015-03-12,,,Regular Employee,False
W103481,2021-07-30,,,Regular Employee,False
W103482,2012-10-30,,,Regular Employee,False
W103483,2016-09-28,,,Regular Employee,False
W103484,2018-07-29,,,Regular Employee,False
W103485,2021-12-13,,,Regular Employee,False
W103486,2009-11-19,2025-12-05,Voluntary,Regular Employee,False
W103487,2019-04-07,,,Regular Employee,False
W103488,2015-01-27,2024-12-31,Voluntary,Regular Employee,False
W103489,2022-02-11,,,Regular Employee,False
W103490,2013-11-03,2025-02-01,Voluntary,Regular Employee,False
W103491,2016-03-26,,,Regular Employee,False
W103492,2021-03-25,,,Regular Employee,False
W103493,2018-02-28,,,Regular Employee,False
W103494,2016-11-10,,,Regular Employee,False
W103495,2022-04-25,2024-04-14,Voluntary,Regular Employee,False
W103496,2010-12-01,2024-08-04,Voluntary,Regular Employee,False
W103497,2020-09-13,,,Regular Employee,False
W103498,2021-12-09,2023-02-07,Voluntary,Regular Employee,False
W103499,2011-06-14,,,Regular Employee,False
W103500,2017-03-25,,,Regular Employee,False
W103501,2021-04-24,2025-12-15,Voluntary,Regular Employee,False
W103502,2016-02-25,,,Regular Employee,False
W103503,2014-09-21,,,Regular Employee,False
W103504,2022-06-12,,,Regular Employee,False
W103505,2021-10-18,2023-07-15,Involuntary,Regular Employee,False
W103506,2021-03-10,,,Regular Employee,False
W103507,2020-08-16,,,Regular Employee,False
W103508,2020-06-20,2024-02-06,Voluntary,Regular Employee,False
W103509,2016-07-06,,,Regular Employee,False
W103510,2020-06-03,,,Regular Employee,False
W103511,2022-01-23,,,Regular Employee,False
W103512,2020-12-30,2025-07-23,Voluntary,Regular Employee,False
W103513,2010-08-21,2022-09-21,Voluntary,Regular Employee,False
W103514,2016-06-04,,,Regular Employee,False
W103515,2021-01-29,,,Regular Employee,False
W103516,2019-11-08,,,Regular Employee,False
W103517,2017-07-17,2025-10-13,Voluntary,Regular Employee,False
W103518,2015-09-17,,,Regular Employee,False
W103519,2018-07-18,,,Regular Employee,False
W103520,2017-01-14,2024-01-16,Voluntary,Regular Employee,False
W103521,2021-09-04,,,Regular Employee,False
W103522,2021-09-25,2022-09-08,Voluntary,Regular Employee,False
W103523,2018-11-13,,,Regular Employee,False
W103524,2022-06-12,2024-09-01,Voluntary,Regular Employee,False
W103525,2022-01-30,,,Regular Employee,False
W103526,2020-03-03,,,Regular Employee,False
W103527,2015-10-31,,,Regular Employee,False
W103528,2019-03-08,2022-11-20,Voluntary,Regular Employee,False
W103529,2017-12-09,2022-07-26,Involuntary,Regular Employee,False
W103530,2021-08-01,,,Regular Employee,False
W103531,2021-01-17,2024-02-08,Voluntary,Regular Employee,False
W103532,2013-10-17,,,Regular Employee,False
W103533,2019-03-16,,,Regular Employee,False
W103534,2021-05-29,,,Regular Employee,False
W103535,2021-12-31,,,Regular Employee,False
W103536,2022-03-01,2022-11-24,Voluntary,Regular Employee,False
W103537,2019-08-04,,,Regular Employee,False
W103538,2016-01-21,,,Regular Employee,False
W103539,2020-10-26,,,Regular Employee,False
W103540,2019-01-01,,,Regular Employee,False
W103541,2021-09-15,,,Regular Employee,False
W103542,2006-12-27,,,Regular Employee,False
W103543,2017-06-06,,,Regular Employee,False
W103544,2016-12-17,,,Regular Employee,False
W103545,2021-05-01,2023-07-10,Involuntary,Regular Employee,False
W103546,2021-02-19,2025-04-22,Voluntary,Regular Employee,False
W103547,2020-03-30,2023-12-06,Voluntary,Regular Employee,False
W103548,2022-04-10,2024-09-29,Voluntary,Regular Employee,False
W103549,2021-02-27,,,Regular Employee,False
W103550,2021-08-26,2022-07-21,Voluntary,Regular Employee,False
W103551,2014-12-28,,,Regular Employee,False
W103552,2012-04-02,,,Regular Employee,False
W103553,2019-08-26,,,Regular Employee,False
W103554,2015-04-13,,,Regular Employee,False
W103555,2009-05-17,,,Regular Employee,False
W103556,2017-01-24,2025-02-05,Voluntary,Regular Employee,False
W103557,2019-03-14,2026-06-06,Voluntary,Regular Employee,False
W103558,2020-01-03,,,Regular Employee,False
W103559,2018-04-23,,,Regular Employee,False
W103560,2022-02-09,2022-10-07,Voluntary,Regular Employee,False
W103561,2010-10-06,,,Regular Employee,False
W103562,2017-08-01,,,Regular Employee,False
W103563,2018-09-26,2024-04-01,Voluntary,Regular Employee,False
W103564,2013-01-17,2026-04-05,Voluntary,Regular Employee,False
W103565,2020-01-05,2023-02-02,Voluntary,Regular Employee,False
W103566,2021-10-18,2022-09-29,Voluntary,Regular Employee,False
W103567,2016-07-08,,,Regular Employee,False
W103568,2020-03-12,,,Regular Employee,False
W103569,2020-12-26,2026-02-23,Voluntary,Regular Employee,False
W103570,2021-09-29,,,Regular Employee,False
W103571,2021-11-05,,,Regular Employee,False
W103572,2020-12-12,2023-08-02,Involuntary,Regular Employee,False
W103573,2019-03-02,,,Regular Employee,False
W103574,2014-12-15,2023-04-05,Voluntary,Regular Employee,False
W103575,2022-06-12,,,Regular Employee,False
W103576,2017-03-16,,,Regular Employee,False
W103577,2017-08-29,,,Regular Employee,False
W103578,2020-12-05,,,Regular Employee,False
W103579,2022-01-17,2025-09-10,Involuntary,Regular Employee,False
W103580,2021-09-02,,,Regular Employee,False
W103581,2019-12-19,2024-04-01,Voluntary,Regular Employee,False
W103582,2021-11-21,2022-07-24,Voluntary,Regular Employee,False
W103583,2020-12-31,,,Regular Employee,False
W103584,2020-03-21,,,Regular Employee,False
W103585,2022-06-05,,,Regular Employee,False
W103586,2013-03-22,2023-05-06,Voluntary,Regular Employee,False
W103587,2003-03-19,,,Regular Employee,False
W103588,2014-10-12,,,Regular Employee,False
W103589,2013-03-08,,,Regular Employee,False
W103590,2021-07-16,,,Regular Employee,False
W103591,2018-10-30,2024-01-28,Voluntary,Regular Employee,False
W103592,2019-11-24,,,Regular Employee,False
W103593,2014-05-18,,,Regular Employee,False
W103594,2016-11-04,,,Regular Employee,False
W103595,2021-01-25,2022-10-27,Voluntary,Regular Employee,False
W103596,2020-02-22,,,Regular Employee,False
W103597,2019-07-02,2023-01-15,Voluntary,Regular Employee,False
W103598,2018-11-22,,,Regular Employee,False
W103599,2022-06-11,2023-06-25,Voluntary,Regular Employee,False
W103600,2021-02-09,,,Regular Employee,False
W103601,2019-03-22,2026-02-07,Voluntary,Regular Employee,False
W103602,2019-09-03,,,Regular Employee,False
W103603,2012-09-29,,,Regular Employee,False
W103604,2014-09-19,,,Regular Employee,False
W103605,2021-10-08,,,Regular Employee,False
W103606,2008-09-24,,,Regular Employee,False
W103607,2022-02-02,,,Regular Employee,False
W103608,2021-09-25,2024-01-17,Voluntary,Regular Employee,False
W103609,2022-06-12,2022-09-22,Voluntary,Regular Employee,False
W103610,2019-06-29,2025-08-12,Voluntary,Regular Employee,False
W103611,2021-05-11,2023-09-25,Voluntary,Regular Employee,False
W103612,2019-12-05,,,Regular Employee,False
W103613,2022-04-06,,,Regular Employee,False
W103614,2006-01-19,,,Regular Employee,False
W103615,2017-08-30,,,Regular Employee,False
W103616,2021-04-06,,,Regular Employee,False
W103617,2018-10-17,,,Regular Employee,False
W103618,2012-06-17,2024-03-12,Voluntary,Regular Employee,False
W103619,2021-12-07,2024-05-22,Voluntary,Regular Employee,False
W103620,2018-12-30,,,Regular Employee,False
W103621,2018-09-03,2026-02-15,Voluntary,Regular Employee,False
W103622,2018-05-14,2022-09-06,Voluntary,Regular Employee,False
W103623,2016-03-29,,,Regular Employee,False
W103624,2020-05-31,,,Regular Employee,False
W103625,2021-10-08,,,Regular Employee,False
W103626,2017-03-04,,,Regular Employee,False
W103627,2012-12-25,,,Regular Employee,False
W103628,2021-03-22,,,Regular Employee,False
W103629,2018-01-12,2024-02-29,Involuntary,Regular Employee,False
W103630,2020-06-01,,,Regular Employee,False
W103631,2022-04-30,2023-10-18,Voluntary,Regular Employee,False
W103632,2018-03-13,2023-04-07,Voluntary,Regular Employee,False
W103633,2015-03-27,2025-05-22,Voluntary,Regular Employee,False
W103634,2008-11-19,,,Regular Employee,False
W103635,2009-08-27,,,Regular Employee,False
W103636,2012-07-31,,,Regular Employee,False
W103637,2019-10-07,2024-02-15,Involuntary,Regular Employee,False
W103638,2018-10-18,,,Regular Employee,False
W103639,2020-12-03,,,Regular Employee,False
W103640,2015-08-21,,,Regular Employee,False
W103641,2021-03-22,2024-12-08,Involuntary,Regular Employee,False
W103642,2021-02-28,2024-07-30,Involuntary,Regular Employee,False
W103643,2019-03-11,2022-07-03,Voluntary,Regular Employee,False
W103644,2019-10-15,2025-06-04,Involuntary,Regular Employee,False
W103645,2022-03-18,,,Regular Employee,False
W103646,2021-04-14,2023-02-28,Voluntary,Regular Employee,False
W103647,2018-12-05,,,Regular Employee,False
W103648,2020-06-11,,,Regular Employee,False
W103649,2017-06-23,,,Regular Employee,False
W103650,2019-11-03,,,Regular Employee,False
W103651,2009-12-07,,,Regular Employee,False
W103652,2014-07-16,,,Regular Employee,False
W103653,2018-04-25,,,Regular Employee,False
W103654,2020-06-27,,,Regular Employee,False
W103655,2022-04-12,,,Regular Employee,False
W103656,2018-10-01,,,Regular Employee,False
W103657,2012-09-15,,,Regular Employee,False
W103658,2021-03-10,,,Regular Employee,False
W103659,2022-03-19,,,Regular Employee,False
W103660,2018-03-17,2024-02-15,Involuntary,Regular Employee,False
W103661,2022-04-27,,,Regular Employee,False
W103662,2022-04-05,,,Regular Employee,False
W103663,2019-02-15,,,Regular Employee,False
W103664,2009-04-08,,,Regular Employee,False
W103665,2011-04-27,,,Regular Employee,False
W103666,2022-02-24,2023-08-30,Voluntary,Regular Employee,False
W103667,2018-04-28,,,Regular Employee,False
W103668,2019-11-27,,,Regular Employee,False
W103669,2019-09-30,,,Regular Employee,False
W103670,2019-12-31,,,Regular Employee,False
W103671,2016-11-19,,,Regular Employee,False
W103672,2021-03-19,2024-11-03,Voluntary,Regular Employee,False
W103673,2019-07-18,2024-02-21,Involuntary,Regular Employee,False
W103674,2017-08-19,,,Regular Employee,False
W103675,2019-04-18,,,Regular Employee,False
W103676,2020-06-08,,,Regular Employee,False
W103677,2018-10-26,,,Regular Employee,False
W103678,2018-10-19,,,Regular Employee,False
W103679,2018-01-18,,,Regular Employee,False
W103680,2019-10-28,,,Regular Employee,False
W103681,2021-11-22,2023-04-22,Involuntary,Regular Employee,False
W103682,2022-04-17,,,Regular Employee,False
W103683,2019-04-29,2024-01-27,Voluntary,Regular Employee,False
W103684,2022-06-02,2022-07-12,Voluntary,Regular Employee,False
W103685,2019-06-24,,,Regular Employee,False
W103686,2021-08-27,,,Regular Employee,False
W103687,2017-12-03,2023-06-01,Voluntary,Regular Employee,False
W103688,2021-10-11,,,Regular Employee,False
W103689,2014-11-18,,,Regular Employee,False
W103690,2008-06-03,,,Regular Employee,False
W103691,2020-05-29,,,Regular Employee,False
W103692,2017-08-16,,,Regular Employee,False
W103693,2014-04-11,,,Regular Employee,False
W103694,2021-11-02,2023-07-04,Involuntary,Regular Employee,False
W103695,2021-02-26,,,Regular Employee,False
W103696,2011-11-12,2024-04-11,Voluntary,Regular Employee,False
W103697,2019-02-01,,,Regular Employee,False
W103698,2021-08-07,,,Regular Employee,False
W103699,2015-12-28,2025-12-10,Voluntary,Regular Employee,False
W103700,2019-07-28,2023-03-04,Voluntary,Regular Employee,False
W103701,2009-01-18,,,Regular Employee,False
W103702,2015-01-13,2025-05-18,Voluntary,Regular Employee,False
W103703,2013-09-09,,,Regular Employee,False
W103704,2016-08-04,2025-10-28,Involuntary,Regular Employee,False
W103705,2021-06-11,,,Regular Employee,False
W103706,2014-07-20,,,Regular Employee,False
W103707,2014-11-18,,,Regular Employee,False
W103708,2022-06-12,,,Regular Employee,False
W103709,2014-07-23,,,Regular Employee,False
W103710,2016-11-14,,,Regular Employee,False
W103711,2014-01-17,,,Regular Employee,False
W103712,2015-03-26,,,Regular Employee,False
W103713,2015-07-08,,,Regular Employee,False
W103714,2011-01-13,,,Regular Employee,False
W103715,2021-09-01,2025-02-18,Voluntary,Regular Employee,False
W103716,2020-08-05,,,Regular Employee,False
W103717,2012-06-06,,,Regular Employee,False
W103718,2017-02-23,2023-05-01,Voluntary,Regular Employee,False
W103719,2016-02-13,,,Regular Employee,False
W103720,2017-12-11,2024-06-12,Voluntary,Regular Employee,False
W103721,2005-04-22,,,Regular Employee,False
W103722,2021-02-28,,,Regular Employee,False
W103723,2021-02-18,2025-08-27,Voluntary,Regular Employee,False
W103724,2019-02-21,,,Regular Employee,False
W103725,2020-12-25,,,Regular Employee,False
W103726,2020-10-28,,,Regular Employee,False
W103727,2021-04-24,2026-05-27,Voluntary,Regular Employee,False
W103728,2015-12-23,,,Regular Employee,False
W103729,2019-10-16,,,Regular Employee,False
W103730,2009-04-21,,,Regular Employee,False
W103731,2007-06-26,,,Regular Employee,False
W103732,2019-07-30,,,Regular Employee,False
W103733,2019-01-19,,,Regular Employee,False
W103734,2019-05-28,,,Regular Employee,False
W103735,2019-04-26,,,Regular Employee,False
W103736,2021-12-06,,,Regular Employee,False
W103737,2021-02-07,2023-10-20,Involuntary,Regular Employee,False
W103738,2019-01-14,,,Regular Employee,False
W103739,2021-09-26,,,Regular Employee,False
W103740,2016-05-30,,,Regular Employee,False
W103741,2022-05-21,,,Regular Employee,False
W103742,2020-03-19,,,Regular Employee,False
W103743,2020-08-08,2023-06-30,Voluntary,Regular Employee,False
W103744,2010-01-20,,,Regular Employee,False
W103745,2017-10-27,,,Regular Employee,False
W103746,2021-07-06,,,Regular Employee,False
W103747,2010-05-10,2025-07-13,Voluntary,Regular Employee,False
W103748,2014-07-31,2025-04-07,Voluntary,Regular Employee,False
W103749,2020-05-05,,,Regular Employee,False
W103750,2020-08-09,,,Regular Employee,False
W103751,2010-08-05,2024-02-15,Involuntary,Regular Employee,False
W103752,2021-02-11,2022-10-30,Voluntary,Regular Employee,False
W103753,2018-11-10,,,Regular Employee,False
W103754,2020-03-17,2023-07-17,Voluntary,Regular Employee,False
W103755,2022-01-28,2026-01-20,Voluntary,Regular Employee,False
W103756,2018-09-10,2023-06-14,Voluntary,Regular Employee,False
W103757,2019-07-11,,,Regular Employee,False
W103758,2021-10-04,,,Regular Employee,False
W103759,2010-09-27,,,Regular Employee,False
W103760,2022-05-24,2026-03-10,Voluntary,Regular Employee,False
W103761,2020-08-24,,,Regular Employee,False
W103762,2019-02-12,,,Regular Employee,False
W103763,2021-06-29,,,Regular Employee,False
W103764,2017-07-11,,,Regular Employee,False
W103765,2016-02-22,,,Regular Employee,False
W103766,2019-08-12,,,Regular Employee,False
W103767,2018-10-28,2024-07-29,Involuntary,Regular Employee,False
W103768,2018-08-01,2025-04-02,Involuntary,Regular Employee,False
W103769,2022-01-01,2024-02-02,Voluntary,Regular Employee,False
W103770,2019-12-22,2026-05-30,Voluntary,Regular Employee,False
W103771,2018-01-03,,,Regular Employee,False
W103772,2021-08-04,2023-06-04,Voluntary,Regular Employee,False
W103773,2018-05-30,2022-09-02,Voluntary,Regular Employee,False
W103774,2020-07-13,,,Regular Employee,False
W103775,2021-05-07,2022-12-06,Voluntary,Regular Employee,False
W103776,2021-08-09,2025-08-23,Voluntary,Regular Employee,False
W103777,2013-10-16,2022-11-12,Voluntary,Regular Employee,False
W103778,2019-03-16,,,Regular Employee,False
W103779,2021-03-10,2026-03-27,Voluntary,Regular Employee,False
W103780,2020-04-08,,,Regular Employee,False
W103781,2016-04-27,,,Regular Employee,False
W103782,2021-09-28,,,Regular Employee,False
W103783,2007-06-20,2022-09-17,Voluntary,Regular Employee,False
W103784,2019-07-29,,,Regular Employee,False
W103785,2018-11-24,,,Regular Employee,False
W103786,2022-06-12,2025-08-15,Voluntary,Regular Employee,False
W103787,2017-05-06,2026-01-10,Voluntary,Regular Employee,False
W103788,2016-09-20,,,Regular Employee,False
W103789,2012-01-16,,,Regular Employee,False
W103790,2021-03-17,,,Regular Employee,False
W103791,2022-01-09,2023-08-15,Involuntary,Regular Employee,False
W103792,2021-01-05,,,Regular Employee,False
W103793,2015-12-28,,,Regular Employee,False
W103794,2021-04-26,,,Regular Employee,False
W103795,2016-03-17,,,Regular Employee,False
W103796,2020-01-23,,,Regular Employee,False
W103797,2020-12-23,2026-01-12,Voluntary,Regular Employee,False
W103798,2021-06-13,,,Regular Employee,False
W103799,2021-08-19,2023-02-24,Voluntary,Regular Employee,False
W103800,2022-01-02,,,Regular Employee,False
W103801,2018-10-08,,,Regular Employee,False
W103802,2014-10-06,2025-08-05,Voluntary,Regular Employee,False
W103803,2018-09-10,2025-11-07,Voluntary,Regular Employee,False
W103804,2017-05-03,,,Regular Employee,False
W103805,2022-06-12,,,Regular Employee,False
W103806,2017-06-22,,,Regular Employee,False
W103807,2011-08-25,,,Regular Employee,False
W103808,2020-08-23,,,Regular Employee,False
W103809,2020-07-14,2024-11-11,Voluntary,Regular Employee,False
W103810,2018-07-14,2025-05-21,Voluntary,Regular Employee,False
W103811,2019-11-26,,,Regular Employee,False
W103812,2017-04-10,2025-04-30,Voluntary,Regular Employee,False
W103813,2017-02-23,2023-06-23,Voluntary,Regular Employee,False
W103814,2019-09-18,,,Regular Employee,False
W103815,2011-09-19,2023-05-07,Voluntary,Regular Employee,False
W103816,2021-06-14,2024-01-01,Voluntary,Regular Employee,False
W103817,2014-11-18,2024-03-30,Voluntary,Regular Employee,False
W103818,2020-07-14,,,Regular Employee,False
W103819,2022-03-15,2025-05-16,Voluntary,Regular Employee,False
W103820,2022-04-21,2024-12-07,Voluntary,Regular Employee,False
W103821,2016-05-24,2024-10-09,Voluntary,Regular Employee,False
W103822,2012-04-24,2024-08-03,Involuntary,Regular Employee,False
W103823,2020-05-13,,,Regular Employee,False
W103824,2020-08-29,2024-03-06,Voluntary,Regular Employee,False
W103825,2018-12-20,,,Regular Employee,False
W103826,2003-12-14,,,Regular Employee,False
W103827,2018-10-13,2023-01-11,Voluntary,Regular Employee,False
W103828,2020-03-10,2025-05-07,Involuntary,Regular Employee,False
W103829,2018-10-12,,,Regular Employee,False
W103830,2021-01-01,,,Regular Employee,False
W103831,2015-05-26,,,Regular Employee,False
W103832,2020-10-16,2025-08-17,Voluntary,Regular Employee,False
W103833,2012-11-08,,,Regular Employee,False
W103834,2021-09-30,2022-11-14,Voluntary,Regular Employee,False
W103835,2015-04-18,,,Regular Employee,False
W103836,2018-03-23,,,Regular Employee,False
W103837,2021-07-30,,,Regular Employee,False
W103838,2016-06-13,2023-07-09,Voluntary,Regular Employee,False
W103839,2017-07-12,2024-09-14,Voluntary,Regular Employee,False
W103840,2019-04-09,,,Regular Employee,False
W103841,2010-11-02,2024-11-22,Voluntary,Regular Employee,False
W103842,2013-08-25,2024-10-29,Voluntary,Regular Employee,False
W103843,2016-04-04,2026-04-20,Voluntary,Regular Employee,False
W103844,2014-04-18,2022-09-05,Voluntary,Regular Employee,False
W103845,2019-08-06,,,Regular Employee,False
W103846,2009-06-20,,,Regular Employee,False
W103847,2013-07-08,2024-06-26,Involuntary,Regular Employee,False
W103848,2017-07-18,,,Regular Employee,False
W103849,2018-01-14,2025-03-09,Voluntary,Regular Employee,False
W103850,2018-10-21,,,Regular Employee,False
W103851,2017-05-21,,,Regular Employee,False
W103852,2018-03-28,2023-12-03,Voluntary,Regular Employee,False
W103853,2017-01-30,,,Regular Employee,False
W103854,2013-06-21,,,Regular Employee,False
W103855,2022-05-13,2022-08-29,Involuntary,Regular Employee,False
W103856,2022-01-29,,,Regular Employee,False
W103857,2021-09-05,,,Regular Employee,False
W103858,2017-06-30,2022-11-05,Voluntary,Regular Employee,False
W103859,2021-06-11,2022-08-27,Voluntary,Regular Employee,False
W103860,2021-10-14,2023-03-21,Voluntary,Regular Employee,False
W103861,2019-10-23,2023-06-18,Voluntary,Regular Employee,False
W103862,2018-04-30,2023-05-28,Voluntary,Regular Employee,False
W103863,2022-06-12,,,Regular Employee,False
W103864,2021-12-13,2023-05-23,Voluntary,Regular Employee,False
W103865,2021-06-01,,,Regular Employee,False
W103866,2022-01-17,,,Regular Employee,False
W103867,2018-02-01,,,Regular Employee,False
W103868,2014-05-24,,,Regular Employee,False
W103869,2021-06-01,,,Regular Employee,False
W103870,2019-06-29,,,Regular Employee,False
W103871,2015-12-02,,,Regular Employee,False
W103872,2016-06-14,2026-02-20,Voluntary,Regular Employee,False
W103873,2009-01-19,,,Regular Employee,False
W103874,2018-12-05,2022-10-19,Involuntary,Regular Employee,False
W103875,2017-03-02,,,Regular Employee,False
W103876,2018-10-20,,,Regular Employee,False
W103877,2015-01-14,2023-05-17,Involuntary,Regular Employee,False
W103878,2021-11-25,2022-09-17,Voluntary,Regular Employee,False
W103879,2021-06-26,2024-09-28,Voluntary,Regular Employee,False
W103880,2015-07-26,2026-01-05,Voluntary,Regular Employee,False
W103881,2019-08-23,,,Regular Employee,False
W103882,2021-12-22,,,Regular Employee,False
W103883,2021-05-03,,,Regular Employee,False
W103884,2017-08-19,,,Regular Employee,False
W103885,2013-01-18,,,Regular Employee,False
W103886,2022-01-17,2026-04-20,Voluntary,Regular Employee,False
W103887,2021-08-11,2025-12-07,Involuntary,Regular Employee,False
W103888,2007-01-15,,,Regular Employee,False
W103889,2015-08-02,2022-10-24,Involuntary,Regular Employee,False
W103890,2017-12-04,2022-10-17,Voluntary,Regular Employee,False
W103891,2022-01-04,,,Regular Employee,False
W103892,2011-01-04,,,Regular Employee,False
W103893,2015-08-24,,,Regular Employee,False
W103894,2021-03-14,,,Regular Employee,False
W103895,2022-05-26,2024-01-28,Voluntary,Regular Employee,False
W103896,2018-05-07,,,Regular Employee,False
W103897,2022-05-11,2022-12-29,Voluntary,Regular Employee,False
W103898,2020-08-11,,,Regular Employee,False
W103899,2002-06-30,,,Regular Employee,False
W103900,2009-09-18,2026-01-20,Voluntary,Regular Employee,False
W103901,2019-09-11,,,Regular Employee,False
W103902,2011-02-08,,,Regular Employee,False
W103903,2015-10-24,2026-05-31,Involuntary,Regular Employee,False
W103904,2021-07-18,,,Regular Employee,False
W103905,2018-07-07,2022-12-13,Involuntary,Regular Employee,False
W103906,2014-12-10,,,Regular Employee,False
W103907,2012-06-28,,,Regular Employee,False
W103908,2017-05-29,2024-11-27,Voluntary,Regular Employee,False
W103909,2011-09-24,,,Regular Employee,False
W103910,2017-02-04,,,Regular Employee,False
W103911,2009-12-06,2025-03-16,Voluntary,Regular Employee,False
W103912,2012-07-06,,,Regular Employee,False
W103913,2021-01-25,2024-01-23,Voluntary,Regular Employee,False
W103914,2021-03-26,2022-07-27,Involuntary,Regular Employee,False
W103915,2021-09-12,2023-02-23,Voluntary,Regular Employee,False
W103916,2017-07-21,,,Regular Employee,False
W103917,2021-04-20,,,Regular Employee,False
W103918,2021-04-23,,,Regular Employee,False
W103919,2021-04-02,,,Regular Employee,False
W103920,2021-11-01,2022-09-03,Involuntary,Regular Employee,False
W103921,2019-12-01,,,Regular Employee,False
W103922,2022-03-28,2024-02-15,Involuntary,Regular Employee,False
W103923,2021-12-19,2023-08-16,Voluntary,Regular Employee,False
W103924,2017-08-05,,,Regular Employee,False
W103925,2022-06-12,2023-03-12,Voluntary,Regular Employee,False
W103926,2021-11-17,,,Regular Employee,False
W103927,2019-05-17,,,Regular Employee,False
W103928,2019-07-11,,,Regular Employee,False
W103929,2020-08-30,,,Regular Employee,False
W103930,2017-10-12,,,Regular Employee,False
W103931,2021-11-04,,,Regular Employee,False
W103932,2012-03-22,,,Regular Employee,False
W103933,2020-07-22,,,Regular Employee,False
W103934,2019-06-27,,,Regular Employee,False
W103935,2017-05-25,,,Regular Employee,False
W103936,2008-01-18,,,Regular Employee,False
W103937,2019-12-18,2024-10-23,Voluntary,Regular Employee,False
W103938,2018-12-28,,,Regular Employee,False
W103939,2013-04-24,,,Regular Employee,False
W103940,2019-04-17,,,Regular Employee,False
W103941,2020-09-26,2024-05-07,Voluntary,Regular Employee,False
W103942,2019-01-28,,,Regular Employee,False
W103943,2006-03-17,2024-05-04,Voluntary,Regular Employee,False
W103944,2018-09-14,,,Regular Employee,False
W103945,2015-08-24,,,Regular Employee,False
W103946,2019-07-09,2022-11-28,Voluntary,Regular Employee,False
W103947,2017-08-22,2023-01-28,Voluntary,Regular Employee,False
W103948,2010-04-16,,,Regular Employee,False
W103949,2018-06-06,,,Regular Employee,False
W103950,2021-10-25,2023-05-28,Voluntary,Regular Employee,False
W103951,2016-04-15,,,Regular Employee,False
W103952,2019-02-01,2024-08-11,Voluntary,Regular Employee,False
W103953,2017-06-12,,,Regular Employee,False
W103954,2020-08-21,2024-08-13,Involuntary,Regular Employee,False
W103955,2018-08-04,2022-12-16,Voluntary,Regular Employee,False
W103956,2017-01-02,,,Regular Employee,False
W103957,2016-09-13,2026-06-25,Voluntary,Regular Employee,False
W103958,2010-01-15,,,Regular Employee,False
W103959,2018-07-14,,,Regular Employee,False
W103960,2021-07-24,2024-09-22,Voluntary,Regular Employee,False
W103961,2018-04-12,,,Regular Employee,False
W103962,2017-03-11,,,Regular Employee,False
W103963,2019-07-26,,,Regular Employee,False
W103964,2018-02-19,,,Regular Employee,False
W103965,2009-08-26,,,Regular Employee,False
W103966,2020-10-26,,,Regular Employee,False
W103967,2016-07-18,,,Regular Employee,False
W103968,2020-06-16,2024-02-28,Voluntary,Regular Employee,False
W103969,2016-11-27,2023-08-25,Voluntary,Regular Employee,False
W103970,2008-03-01,,,Regular Employee,False
W103971,2020-04-06,2023-11-27,Involuntary,Regular Employee,False
W103972,2021-09-12,,,Regular Employee,False
W103973,2017-11-17,,,Regular Employee,False
W103974,2022-04-08,2024-02-15,Involuntary,Regular Employee,False
W103975,2022-04-20,2024-05-31,Voluntary,Regular Employee,False
W103976,2005-07-13,,,Regular Employee,False
W103977,2018-10-18,,,Regular Employee,False
W103978,2021-05-30,2022-07-24,Voluntary,Regular Employee,False
W103979,2015-07-06,,,Regular Employee,False
W103980,2016-07-13,,,Regular Employee,False
W103981,2022-02-28,,,Regular Employee,False
W103982,2017-04-03,,,Regular Employee,False
W103983,2020-03-31,2023-10-14,Voluntary,Regular Employee,False
W103984,2021-12-09,,,Regular Employee,False
W103985,2010-08-04,2024-02-15,Involuntary,Regular Employee,False
W103986,2012-05-21,,,Regular Employee,False
W103987,2022-05-22,2026-05-22,Voluntary,Regular Employee,False
W103988,2018-04-23,,,Regular Employee,False
W103989,2022-05-10,,,Regular Employee,False
W103990,2014-10-03,,,Regular Employee,False
W103991,2020-05-22,,,Regular Employee,False
W103992,2022-01-17,,,Regular Employee,False
W103993,2020-02-20,,,Regular Employee,False
W103994,2018-11-05,,,Regular Employee,False
W103995,2020-04-05,,,Regular Employee,False
W103996,2022-01-03,2023-12-15,Involuntary,Regular Employee,False
W103997,2018-02-04,2026-01-04,Involuntary,Regular Employee,False
W103998,2018-04-29,,,Regular Employee,False
W103999,2016-08-09,2024-09-02,Involuntary,Regular Employee,False
W104000,2019-12-27,2022-11-04,Voluntary,Regular Employee,False
W104001,2022-05-06,2025-07-16,Voluntary,Regular Employee,False
W104002,2021-04-07,,,Regular Employee,False
W104003,2022-03-18,,,Regular Employee,False
W104004,2018-12-15,,,Regular Employee,False
W104005,2022-05-18,2023-02-21,Voluntary,Regular Employee,False
W104006,2019-03-28,2025-07-16,Voluntary,Regular Employee,False
W104007,2013-03-26,,,Regular Employee,False
W104008,2020-11-10,2022-11-06,Voluntary,Regular Employee,False
W104009,2002-06-30,,,Regular Employee,False
W104010,2021-06-01,,,Regular Employee,False
W104011,2018-06-21,2023-04-05,Voluntary,Regular Employee,False
W104012,2014-01-05,2024-03-04,Voluntary,Regular Employee,False
W104013,2021-07-14,,,Regular Employee,False
W104014,2017-01-26,,,Regular Employee,False
W104015,2021-07-07,2023-04-05,Voluntary,Regular Employee,False
W104016,2018-10-01,,,Regular Employee,False
W104017,2016-04-13,,,Regular Employee,False
W104018,2012-08-03,,,Regular Employee,False
W104019,2017-12-15,,,Regular Employee,False
W104020,2019-08-25,,,Regular Employee,False
W104021,2019-11-30,,,Regular Employee,False
W104022,2010-03-15,,,Regular Employee,False
W104023,2021-08-13,,,Regular Employee,False
W104024,2017-10-06,2023-09-09,Involuntary,Regular Employee,False
W104025,2020-12-23,2025-03-05,Involuntary,Regular Employee,False
W104026,2018-04-04,,,Regular Employee,False
W104027,2022-04-30,,,Regular Employee,False
W104028,2020-06-17,,,Regular Employee,False
W104029,2020-04-20,2023-03-05,Voluntary,Regular Employee,False
W104030,2016-03-31,,,Regular Employee,False
W104031,2022-01-22,2023-12-02,Voluntary,Regular Employee,False
W104032,2018-11-15,,,Regular Employee,False
W104033,2019-11-19,,,Regular Employee,False
W104034,2021-12-29,,,Regular Employee,False
W104035,2019-12-06,2024-08-24,Voluntary,Regular Employee,False
W104036,2019-12-12,,,Regular Employee,False
W104037,2020-10-03,,,Regular Employee,False
W104038,2019-01-27,2026-06-01,Involuntary,Regular Employee,False
W104039,2020-11-06,2024-02-15,Involuntary,Regular Employee,False
W104040,2022-02-03,2026-05-02,Voluntary,Regular Employee,False
W104041,2022-02-19,,,Regular Employee,False
W104042,2016-12-30,,,Regular Employee,False
W104043,2018-12-12,,,Regular Employee,False
W104044,2021-10-11,,,Regular Employee,False
W104045,2019-01-15,2024-02-15,Involuntary,Regular Employee,False
W104046,2018-09-15,,,Regular Employee,False
W104047,2020-07-17,,,Regular Employee,False
W104048,2022-04-01,,,Regular Employee,False
W104049,2012-08-18,,,Regular Employee,False
W104050,2018-09-08,,,Regular Employee,False
W104051,2017-12-10,2022-07-16,Voluntary,Regular Employee,False
W104052,2019-02-23,,,Regular Employee,False
W104053,2021-08-01,,,Regular Employee,False
W104054,2020-08-31,2022-08-18,Voluntary,Regular Employee,False
W104055,2021-07-29,2023-08-01,Voluntary,Regular Employee,False
W104056,2022-05-28,,,Regular Employee,False
W104057,2021-11-25,,,Regular Employee,False
W104058,2017-12-04,2022-11-08,Voluntary,Regular Employee,False
W104059,2020-10-01,2024-09-04,Voluntary,Regular Employee,False
W104060,2022-03-20,2023-12-08,Voluntary,Regular Employee,False
W104061,2018-11-10,,,Regular Employee,False
W104062,2018-11-11,2023-02-28,Voluntary,Regular Employee,False
W104063,2020-05-09,,,Regular Employee,False
W104064,2015-04-07,,,Regular Employee,False
W104065,2015-03-04,,,Regular Employee,False
W104066,2011-08-01,,,Regular Employee,False
W104067,2020-09-06,2024-04-09,Voluntary,Regular Employee,False
W104068,2019-06-14,,,Regular Employee,False
W104069,2018-09-09,2024-02-27,Voluntary,Regular Employee,False
W104070,2019-07-27,,,Regular Employee,False
W104071,2017-05-18,,,Regular Employee,False
W104072,2014-04-27,,,Regular Employee,False
W104073,2018-02-12,,,Regular Employee,False
W104074,2022-02-08,,,Regular Employee,False
W104075,2018-01-03,,,Regular Employee,False
W104076,2022-03-13,2025-03-31,Voluntary,Regular Employee,False
W104077,2021-09-21,2024-09-27,Voluntary,Regular Employee,False
W104078,2015-11-06,2024-02-15,Involuntary,Regular Employee,False
W104079,2017-04-03,,,Regular Employee,False
W104080,2021-06-06,2023-07-16,Voluntary,Regular Employee,False
W104081,2021-06-15,,,Regular Employee,False
W104082,2021-12-10,,,Regular Employee,False
W104083,2012-05-02,,,Regular Employee,False
W104084,2017-06-23,,,Regular Employee,False
W104085,2012-09-06,,,Regular Employee,False
W104086,2021-05-29,,,Regular Employee,False
W104087,2020-06-28,,,Regular Employee,False
W104088,2014-08-08,,,Regular Employee,False
W104089,2014-09-14,2026-02-19,Voluntary,Regular Employee,False
W104090,2019-01-07,2022-10-02,Voluntary,Regular Employee,False
W104091,2019-09-25,2022-10-14,Voluntary,Regular Employee,False
W104092,2016-10-16,2024-12-07,Voluntary,Regular Employee,False
W104093,2017-11-07,,,Regular Employee,False
W104094,2022-05-26,2022-11-08,Involuntary,Regular Employee,False
W104095,2018-05-22,,,Regular Employee,False
W104096,2022-04-17,2023-09-13,Involuntary,Regular Employee,False
W104097,2016-01-04,2023-01-02,Voluntary,Regular Employee,False
W104098,2020-02-24,,,Regular Employee,False
W104099,2010-08-27,2025-04-19,Involuntary,Regular Employee,False
W104100,2021-09-30,2022-07-11,Voluntary,Regular Employee,False
W104101,2022-01-31,,,Regular Employee,False
W104102,2019-05-11,,,Regular Employee,False
W104103,2020-07-19,,,Regular Employee,False
W104104,2022-02-22,,,Regular Employee,False
W104105,2017-05-03,2025-02-19,Voluntary,Regular Employee,False
W104106,2021-03-01,,,Regular Employee,False
W104107,2022-01-29,2023-07-22,Voluntary,Regular Employee,False
W104108,2021-04-03,,,Regular Employee,False
W104109,2021-01-14,,,Regular Employee,False
W104110,2019-11-05,,,Regular Employee,False
W104111,2022-01-03,,,Regular Employee,False
W104112,2018-11-03,2024-02-15,Involuntary,Regular Employee,False
W104113,2008-04-17,,,Regular Employee,False
W104114,2013-11-18,,,Regular Employee,False
W104115,2012-09-17,,,Regular Employee,False
W104116,2022-02-19,,,Regular Employee,False
W104117,2021-06-29,,,Regular Employee,False
W104118,2017-06-06,,,Regular Employee,False
W104119,2013-04-22,,,Regular Employee,False
W104120,2013-07-02,2023-08-07,Involuntary,Regular Employee,False
W104121,2017-05-22,2023-04-16,Voluntary,Regular Employee,False
W104122,2018-03-05,2024-11-08,Voluntary,Regular Employee,False
W104123,2002-06-30,,,Regular Employee,False
W104124,2013-09-12,,,Regular Employee,False
W104125,2018-05-08,2023-03-21,Involuntary,Regular Employee,False
W104126,2021-10-22,,,Regular Employee,False
W104127,2021-10-03,2026-06-03,Voluntary,Regular Employee,False
W104128,2012-02-05,,,Regular Employee,False
W104129,2016-09-03,,,Regular Employee,False
W104130,2022-05-01,,,Regular Employee,False
W104131,2018-12-13,,,Regular Employee,False
W104132,2022-02-09,2026-01-27,Voluntary,Regular Employee,False
W104133,2019-11-29,2022-11-27,Voluntary,Regular Employee,False
W104134,2015-08-08,,,Regular Employee,False
W104135,2021-04-13,,,Regular Employee,False
W104136,2009-07-15,2024-02-15,Involuntary,Regular Employee,False
W104137,2021-03-30,,,Regular Employee,False
W104138,2020-03-05,,,Regular Employee,False
W104139,2015-06-18,,,Regular Employee,False
W104140,2022-02-11,,,Regular Employee,False
W104141,2019-01-07,,,Regular Employee,False
W104142,2021-12-16,,,Regular Employee,False
W104143,2021-06-10,,,Regular Employee,False
W104144,2014-09-17,,,Regular Employee,False
W104145,2017-11-14,,,Regular Employee,False
W104146,2021-07-08,,,Regular Employee,False
W104147,2016-02-22,,,Regular Employee,False
W104148,2021-06-27,2023-05-01,Voluntary,Regular Employee,False
W104149,2021-09-15,,,Regular Employee,False
W104150,2017-07-19,,,Regular Employee,False
W104151,2016-01-12,,,Regular Employee,False
W104152,2018-11-06,,,Regular Employee,False
W104153,2020-10-08,,,Regular Employee,False
W104154,2022-03-15,2023-02-21,Voluntary,Regular Employee,False
W104155,2019-12-18,,,Regular Employee,False
W104156,2020-10-31,,,Regular Employee,False
W104157,2015-01-15,2024-03-27,Voluntary,Regular Employee,False
W104158,2012-12-03,2023-07-04,Voluntary,Regular Employee,False
W104159,2014-12-13,,,Regular Employee,False
W104160,2020-10-07,2024-02-15,Involuntary,Regular Employee,False
W104161,2021-12-26,2025-06-27,Voluntary,Regular Employee,False
W104162,2020-03-20,2022-08-31,Voluntary,Regular Employee,False
W104163,2012-06-17,,,Regular Employee,False
W104164,2018-01-08,,,Regular Employee,False
W104165,2020-04-03,,,Regular Employee,False
W104166,2013-03-24,,,Regular Employee,False
W104167,2022-01-04,2023-02-15,Voluntary,Regular Employee,False
W104168,2016-11-20,,,Regular Employee,False
W104169,2021-03-06,,,Regular Employee,False
W104170,2021-04-29,2022-12-26,Voluntary,Regular Employee,False
W104171,2016-10-15,,,Regular Employee,False
W104172,2016-02-23,,,Regular Employee,False
W104173,2021-03-07,,,Regular Employee,False
W104174,2021-02-25,2024-02-15,Involuntary,Regular Employee,False
W104175,2017-10-07,,,Regular Employee,False
W104176,2021-01-08,2023-01-09,Involuntary,Regular Employee,False
W104177,2015-08-23,2024-03-29,Involuntary,Regular Employee,False
W104178,2016-06-07,,,Regular Employee,False
W104179,2014-11-08,,,Regular Employee,False
W104180,2018-12-22,,,Regular Employee,False
W104181,2020-09-16,2025-12-03,Voluntary,Regular Employee,False
W104182,2021-12-06,,,Regular Employee,False
W104183,2022-02-02,,,Regular Employee,False
W104184,2009-11-09,,,Regular Employee,False
W104185,2019-02-19,2023-12-22,Voluntary,Regular Employee,False
W104186,2020-08-30,,,Regular Employee,False
W104187,2018-07-14,2022-10-26,Voluntary,Regular Employee,False
W104188,2006-11-20,2024-07-02,Voluntary,Regular Employee,False
W104189,2020-06-11,2024-03-22,Voluntary,Regular Employee,False
W104190,2019-10-18,,,Regular Employee,False
W104191,2021-09-15,,,Regular Employee,False
W104192,2018-06-30,2024-09-08,Voluntary,Regular Employee,False
W104193,2022-04-26,,,Regular Employee,False
W104194,2017-04-17,2022-08-26,Involuntary,Regular Employee,False
W104195,2018-08-07,,,Regular Employee,False
W104196,2020-11-19,,,Regular Employee,False
W104197,2020-06-24,2025-03-09,Voluntary,Regular Employee,False
W104198,2020-04-05,2024-07-28,Involuntary,Regular Employee,False
W104199,2021-10-19,,,Regular Employee,False
W104200,2019-08-25,,,Regular Employee,False
W104201,2019-12-09,,,Regular Employee,False
W104202,2021-05-11,,,Regular Employee,False
W104203,2010-12-09,,,Regular Employee,False
W104204,2019-05-11,2024-02-15,Involuntary,Regular Employee,False
W104205,2019-08-21,,,Regular Employee,False
W104206,2017-01-22,,,Regular Employee,False
W104207,2015-05-31,,,Regular Employee,False
W104208,2018-09-24,,,Regular Employee,False
W104209,2002-06-30,2026-04-09,Voluntary,Regular Employee,False
W104210,2022-06-12,,,Regular Employee,False
W104211,2015-10-31,,,Regular Employee,False
W104212,2018-01-27,,,Regular Employee,False
W104213,2021-10-26,,,Regular Employee,False
W104214,2018-04-07,,,Regular Employee,False
W104215,2021-05-11,,,Regular Employee,False
W104216,2022-06-03,2022-12-04,Voluntary,Regular Employee,False
W104217,2017-12-05,2026-02-01,Voluntary,Regular Employee,False
W104218,2022-04-26,,,Regular Employee,False
W104219,2022-03-25,,,Regular Employee,False
W104220,2017-01-29,,,Regular Employee,False
W104221,2002-06-30,2022-08-24,Voluntary,Regular Employee,False
W104222,2016-08-03,2023-04-14,Voluntary,Regular Employee,False
W104223,2018-04-26,,,Regular Employee,False
W104224,2019-08-09,2026-04-17,Voluntary,Regular Employee,False
W104225,2021-09-07,2024-07-30,Voluntary,Regular Employee,False
W104226,2022-02-27,,,Regular Employee,False
W104227,2017-03-20,,,Regular Employee,False
W104228,2022-04-06,,,Regular Employee,False
W104229,2021-04-23,2024-03-12,Voluntary,Regular Employee,False
W104230,2021-05-28,,,Regular Employee,False
W104231,2022-02-19,,,Regular Employee,False
W104232,2013-08-07,,,Regular Employee,False
W104233,2008-09-17,,,Regular Employee,False
W104234,2006-10-27,,,Regular Employee,False
W104235,2018-04-16,2024-02-15,Involuntary,Regular Employee,False
W104236,2018-06-28,,,Regular Employee,False
W104237,2020-09-03,,,Regular Employee,False
W104238,2019-11-01,,,Regular Employee,False
W104239,2014-06-21,2023-04-29,Involuntary,Regular Employee,False
W104240,2019-12-19,2025-06-04,Voluntary,Regular Employee,False
W104241,2021-01-24,2022-08-13,Involuntary,Regular Employee,False
W104242,2018-11-11,2025-04-19,Voluntary,Regular Employee,False
W104243,2018-09-14,,,Regular Employee,False
W104244,2018-09-29,2025-06-05,Voluntary,Regular Employee,False
W104245,2019-01-16,2023-12-16,Involuntary,Regular Employee,False
W104246,2022-02-12,2026-02-17,Voluntary,Regular Employee,False
W104247,2002-06-30,,,Regular Employee,False
W104248,2020-11-09,,,Regular Employee,False
W104249,2002-06-30,2022-09-19,Involuntary,Regular Employee,False
W104250,2020-02-21,,,Regular Employee,False
W104251,2021-12-03,,,Regular Employee,False
W104252,2014-02-17,,,Regular Employee,False
W104253,2016-03-08,,,Regular Employee,False
W104254,2013-07-10,2025-05-30,Voluntary,Regular Employee,False
W104255,2012-01-29,,,Regular Employee,False
W104256,2009-03-04,,,Regular Employee,False
W104257,2019-01-22,,,Regular Employee,False
W104258,2022-01-06,2025-04-18,Voluntary,Regular Employee,False
W104259,2020-12-08,,,Regular Employee,False
W104260,2021-05-18,,,Regular Employee,False
W104261,2012-09-25,,,Regular Employee,False
W104262,2020-04-01,,,Regular Employee,False
W104263,2021-02-24,2024-11-01,Voluntary,Regular Employee,False
W104264,2019-06-25,2022-12-31,Voluntary,Regular Employee,False
W104265,2011-02-03,2025-04-29,Voluntary,Regular Employee,False
W104266,2021-10-19,,,Regular Employee,False
W104267,2021-12-27,2024-02-15,Involuntary,Regular Employee,False
W104268,2007-11-22,,,Regular Employee,False
W104269,2022-04-23,,,Regular Employee,False
W104270,2011-10-02,,,Regular Employee,False
W104271,2021-06-07,2022-08-12,Voluntary,Regular Employee,False
W104272,2013-05-12,,,Regular Employee,False
W104273,2021-11-13,,,Regular Employee,False
W104274,2021-10-12,,,Regular Employee,False
W104275,2016-10-07,,,Regular Employee,False
W104276,2020-03-26,,,Regular Employee,False
W104277,2021-07-29,2023-12-22,Voluntary,Regular Employee,False
W104278,2017-05-02,,,Regular Employee,False
W104279,2020-07-07,,,Regular Employee,False
W104280,2019-09-27,,,Regular Employee,False
W104281,2016-08-26,,,Regular Employee,False
W104282,2015-10-26,2025-12-12,Voluntary,Regular Employee,False
W104283,2018-05-11,,,Regular Employee,False
W104284,2022-06-12,2023-02-21,Voluntary,Regular Employee,False
W104285,2017-07-12,,,Regular Employee,False
W104286,2012-10-24,,,Regular Employee,False
W104287,2016-04-26,,,Regular Employee,False
W104288,2020-01-15,2023-05-10,Voluntary,Regular Employee,False
W104289,2022-02-19,2023-07-20,Involuntary,Regular Employee,False
W104290,2019-06-06,2023-11-04,Voluntary,Regular Employee,False
W104291,2018-01-12,,,Regular Employee,False
W104292,2022-01-10,2023-07-27,Voluntary,Regular Employee,False
W104293,2011-11-15,,,Regular Employee,False
W104294,2015-06-18,,,Regular Employee,False
W104295,2011-11-03,2025-01-04,Voluntary,Regular Employee,False
W104296,2005-08-11,,,Regular Employee,False
W104297,2021-01-02,,,Regular Employee,False
W104298,2008-07-27,,,Regular Employee,False
W104299,2021-09-10,2025-11-26,Voluntary,Regular Employee,False
W104300,2020-07-15,,,Regular Employee,False
W104301,2017-05-07,,,Regular Employee,False
W104302,2016-11-12,,,Regular Employee,False
W104303,2016-07-01,,,Regular Employee,False
W104304,2015-11-22,2024-04-24,Voluntary,Regular Employee,False
W104305,2016-02-12,,,Regular Employee,False
W104306,2017-04-26,2022-09-25,Voluntary,Regular Employee,False
W104307,2015-11-20,,,Regular Employee,False
W104308,2021-03-29,,,Regular Employee,False
W104309,2021-06-21,,,Regular Employee,False
W104310,2018-09-15,,,Regular Employee,False
W104311,2021-06-02,2023-11-02,Voluntary,Regular Employee,False
W104312,2019-11-24,,,Regular Employee,False
W104313,2017-10-08,2023-11-17,Voluntary,Regular Employee,False
W104314,2010-06-27,,,Regular Employee,False
W104315,2014-04-22,,,Regular Employee,False
W104316,2006-01-11,,,Regular Employee,False
W104317,2021-08-25,,,Regular Employee,False
W104318,2014-08-19,2024-04-04,Voluntary,Regular Employee,False
W104319,2017-05-26,,,Regular Employee,False
W104320,2005-12-05,,,Regular Employee,False
W104321,2019-11-30,,,Regular Employee,False
W104322,2020-03-14,,,Regular Employee,False
W104323,2007-12-16,,,Regular Employee,False
W104324,2014-08-21,,,Regular Employee,False
W104325,2021-12-24,2025-04-02,Voluntary,Regular Employee,False
W104326,2022-05-26,,,Regular Employee,False
W104327,2015-03-15,,,Regular Employee,False
W104328,2020-04-15,,,Regular Employee,False
W104329,2019-05-18,2022-12-03,Involuntary,Regular Employee,False
W104330,2019-04-05,2022-10-18,Voluntary,Regular Employee,False
W104331,2019-04-29,,,Regular Employee,False
W104332,2020-10-22,2024-06-26,Voluntary,Regular Employee,False
W104333,2022-01-20,,,Regular Employee,False
W104334,2021-11-22,2022-08-18,Voluntary,Regular Employee,False
W104335,2020-05-28,,,Regular Employee,False
W104336,2017-12-30,,,Regular Employee,False
W104337,2014-06-16,,,Regular Employee,False
W104338,2019-11-21,,,Regular Employee,False
W104339,2017-06-08,2025-06-17,Involuntary,Regular Employee,False
W104340,2019-10-22,,,Regular Employee,False
W104341,2020-12-26,,,Regular Employee,False
W104342,2018-07-21,,,Regular Employee,False
W104343,2021-05-09,,,Regular Employee,False
W104344,2022-02-01,,,Regular Employee,False
W104345,2020-01-28,,,Regular Employee,False
W104346,2021-04-28,,,Regular Employee,False
W104347,2021-11-08,2024-11-10,Voluntary,Regular Employee,False
W104348,2019-04-07,2023-02-25,Voluntary,Regular Employee,False
W104349,2019-01-05,,,Regular Employee,False
W104350,2012-05-13,,,Regular Employee,False
W104351,2015-03-05,2024-02-15,Involuntary,Regular Employee,False
W104352,2015-01-25,,,Regular Employee,False
W104353,2002-06-30,,,Regular Employee,False
W104354,2018-11-22,,,Regular Employee,False
W104355,2015-06-11,,,Regular Employee,False
W104356,2021-06-20,,,Regular Employee,False
W104357,2019-09-03,,,Regular Employee,False
W104358,2019-12-05,,,Regular Employee,False
W104359,2021-12-04,,,Regular Employee,False
W104360,2013-06-26,,,Regular Employee,False
W104361,2019-01-10,,,Regular Employee,False
W104362,2019-11-08,2022-11-13,Voluntary,Regular Employee,False
W104363,2017-12-06,2024-10-07,Voluntary,Regular Employee,False
W104364,2018-10-31,,,Regular Employee,False
W104365,2021-02-05,2026-02-28,Voluntary,Regular Employee,False
W104366,2021-08-28,,,Regular Employee,False
W104367,2022-04-25,,,Regular Employee,False
W104368,2015-10-17,2025-03-23,Voluntary,Regular Employee,False
W104369,2020-03-02,,,Regular Employee,False
W104370,2021-04-29,,,Regular Employee,False
W104371,2017-08-11,2022-11-09,Voluntary,Regular Employee,False
W104372,2002-06-30,,,Regular Employee,False
W104373,2017-05-31,,,Regular Employee,False
W104374,2015-03-12,2023-01-31,Voluntary,Regular Employee,False
W104375,2017-06-10,2023-07-10,Voluntary,Regular Employee,False
W104376,2020-03-10,,,Regular Employee,False
W104377,2022-03-14,2024-10-24,Voluntary,Regular Employee,False
W104378,2018-04-17,2025-10-01,Voluntary,Regular Employee,False
W104379,2018-04-27,2025-11-12,Involuntary,Regular Employee,False
W104380,2022-02-01,2022-11-24,Voluntary,Regular Employee,False
W104381,2018-11-08,,,Regular Employee,False
W104382,2013-10-10,,,Regular Employee,False
W104383,2019-03-12,2022-07-25,Involuntary,Regular Employee,False
W104384,2021-06-20,,,Regular Employee,False
W104385,2010-03-15,,,Regular Employee,False
W104386,2020-01-19,,,Regular Employee,False
W104387,2018-04-26,2026-01-11,Involuntary,Regular Employee,False
W104388,2018-05-11,2025-05-09,Voluntary,Regular Employee,False
W104389,2019-07-02,,,Regular Employee,False
W104390,2020-11-19,,,Regular Employee,False
W104391,2020-12-10,,,Regular Employee,False
W104392,2019-12-18,,,Regular Employee,False
W104393,2020-06-23,,,Regular Employee,False
W104394,2019-12-05,,,Regular Employee,False
W104395,2013-07-29,2026-02-21,Voluntary,Regular Employee,False
W104396,2016-09-02,2026-04-01,Voluntary,Regular Employee,False
W104397,2013-06-17,,,Regular Employee,False
W104398,2019-01-30,,,Regular Employee,False
W104399,2019-06-16,,,Regular Employee,False
W104400,2019-12-11,2025-12-25,Voluntary,Regular Employee,False
W104401,2022-01-19,,,Regular Employee,False
W104402,2021-06-07,2023-08-08,Voluntary,Regular Employee,False
W104403,2017-10-02,,,Regular Employee,False
W104404,2021-05-12,,,Regular Employee,False
W104405,2005-05-26,,,Regular Employee,False
W104406,2021-01-24,,,Regular Employee,False
W104407,2018-11-14,2022-07-23,Voluntary,Regular Employee,False
W104408,2020-07-29,,,Regular Employee,False
W104409,2009-09-15,,,Regular Employee,False
W104410,2022-02-27,,,Regular Employee,False
W104411,2006-08-27,2023-04-20,Voluntary,Regular Employee,False
W104412,2022-03-21,,,Regular Employee,False
W104413,2021-06-16,,,Regular Employee,False
W104414,2015-08-18,,,Regular Employee,False
W104415,2021-05-05,2023-03-11,Involuntary,Regular Employee,False
W104416,2021-06-16,,,Regular Employee,False
W104417,2018-12-21,,,Regular Employee,False
W104418,2010-12-19,,,Regular Employee,False
W104419,2015-12-16,,,Regular Employee,False
W104420,2021-10-05,,,Regular Employee,False
W104421,2017-04-20,2022-12-18,Voluntary,Regular Employee,False
W104422,2018-08-13,,,Regular Employee,False
W104423,2017-12-23,,,Regular Employee,False
W104424,2016-08-22,2024-02-15,Involuntary,Regular Employee,False
W104425,2015-04-02,2025-07-25,Voluntary,Regular Employee,False
W104426,2018-11-15,2024-06-10,Voluntary,Regular Employee,False
W104427,2011-07-03,,,Regular Employee,False
W104428,2017-06-27,,,Regular Employee,False
W104429,2013-09-12,,,Regular Employee,False
W104430,2020-06-23,2026-05-18,Involuntary,Regular Employee,False
W104431,2021-08-31,2022-09-09,Voluntary,Regular Employee,False
W104432,2019-04-08,,,Regular Employee,False
W104433,2015-01-23,2023-02-02,Voluntary,Regular Employee,False
W104434,2004-08-05,,,Regular Employee,False
W104435,2021-07-25,,,Regular Employee,False
W104436,2020-09-07,,,Regular Employee,False
W104437,2021-12-22,,,Regular Employee,False
W104438,2020-04-16,,,Regular Employee,False
W104439,2022-01-03,2023-04-25,Voluntary,Regular Employee,False
W104440,2011-04-25,2025-10-08,Involuntary,Regular Employee,False
W104441,2022-03-28,2025-10-26,Voluntary,Regular Employee,False
W104442,2021-10-06,2024-09-18,Voluntary,Regular Employee,False
W104443,2020-07-05,2023-04-15,Voluntary,Regular Employee,False
W104444,2018-08-10,,,Regular Employee,False
W104445,2020-01-20,,,Regular Employee,False
W104446,2016-02-24,,,Regular Employee,False
W104447,2014-04-24,,,Regular Employee,False
W104448,2014-01-31,,,Regular Employee,False
W104449,2020-01-29,,,Regular Employee,False
W104450,2009-03-20,,,Regular Employee,False
W104451,2012-12-08,2023-04-22,Involuntary,Regular Employee,False
W104452,2020-08-17,,,Regular Employee,False
W104453,2015-10-14,,,Regular Employee,False
W104454,2021-07-07,,,Regular Employee,False
W104455,2009-08-10,,,Regular Employee,False
W104456,2017-11-23,,,Regular Employee,False
W104457,2021-08-14,,,Regular Employee,False
W104458,2019-10-12,2025-05-16,Voluntary,Regular Employee,False
W104459,2021-08-18,,,Regular Employee,False
W104460,2021-05-06,,,Regular Employee,False
W104461,2017-03-02,2022-09-18,Voluntary,Regular Employee,False
W104462,2016-12-06,,,Regular Employee,False
W104463,2006-07-11,,,Regular Employee,False
W104464,2021-07-04,2024-06-08,Involuntary,Regular Employee,False
W104465,2019-12-13,,,Regular Employee,False
W104466,2010-09-25,,,Regular Employee,False
W104467,2015-12-21,,,Regular Employee,False
W104468,2014-10-14,,,Regular Employee,False
W104469,2021-06-26,2024-10-13,Involuntary,Regular Employee,False
W104470,2016-11-04,2026-04-25,Voluntary,Regular Employee,False
W104471,2016-03-28,2024-03-14,Involuntary,Regular Employee,False
W104472,2016-06-19,2023-04-26,Involuntary,Regular Employee,False
W104473,2020-02-08,,,Regular Employee,False
W104474,2020-09-30,,,Regular Employee,False
W104475,2016-11-14,2023-07-30,Voluntary,Regular Employee,False
W104476,2008-08-17,,,Regular Employee,False
W104477,2020-04-14,,,Regular Employee,False
W104478,2019-05-26,,,Regular Employee,False
W104479,2018-02-19,,,Regular Employee,False
W104480,2021-05-28,,,Regular Employee,False
W104481,2014-01-26,,,Regular Employee,False
W104482,2008-09-27,,,Regular Employee,False
W104483,2021-12-10,2024-02-15,Involuntary,Regular Employee,False
W104484,2021-05-03,2022-09-01,Voluntary,Regular Employee,False
W104485,2020-09-06,,,Regular Employee,False
W104486,2018-10-29,,,Regular Employee,False
W104487,2021-11-23,2026-06-13,Involuntary,Regular Employee,False
W104488,2018-10-10,,,Regular Employee,False
W104489,2021-02-27,2023-01-31,Voluntary,Regular Employee,False
W104490,2015-04-04,,,Regular Employee,False
W104491,2020-09-05,,,Regular Employee,False
W104492,2015-04-08,,,Regular Employee,False
W104493,2007-08-31,,,Regular Employee,False
W104494,2009-08-29,,,Regular Employee,False
W104495,2020-11-05,,,Regular Employee,False
W104496,2021-03-10,,,Regular Employee,False
W104497,2021-03-29,,,Regular Employee,False
W104498,2016-10-20,,,Regular Employee,False
W104499,2013-04-20,2025-11-16,Voluntary,Regular Employee,False
W104500,2015-07-13,2022-10-23,Voluntary,Regular Employee,False
W104501,2020-10-10,2023-06-01,Voluntary,Regular Employee,False
W104502,2019-09-29,,,Regular Employee,False
W104503,2019-10-14,,,Regular Employee,False
W104504,2019-08-08,2025-09-10,Voluntary,Regular Employee,False
W104505,2013-06-06,,,Regular Employee,False
W104506,2013-02-16,2024-09-26,Voluntary,Regular Employee,False
W104507,2018-12-15,,,Regular Employee,False
W104508,2018-10-22,,,Regular Employee,False
W104509,2022-02-09,,,Regular Employee,False
W104510,2021-01-21,2022-10-23,Voluntary,Regular Employee,False
W104511,2021-05-12,2026-01-06,Voluntary,Regular Employee,False
W104512,2002-06-30,,,Regular Employee,False
W104513,2008-12-28,,,Regular Employee,False
W104514,2004-04-15,,,Regular Employee,False
W104515,2018-07-10,2022-07-13,Voluntary,Regular Employee,False
W104516,2021-10-08,,,Regular Employee,False
W104517,2020-02-12,,,Regular Employee,False
W104518,2020-09-22,2025-03-06,Voluntary,Regular Employee,False
W104519,2020-05-03,,,Regular Employee,False
W104520,2021-12-19,,,Regular Employee,False
W104521,2016-09-27,,,Regular Employee,False
W104522,2021-07-06,2022-07-30,Voluntary,Regular Employee,False
W104523,2018-10-01,2025-04-22,Involuntary,Regular Employee,False
W104524,2022-06-01,2025-12-31,Voluntary,Regular Employee,False
W104525,2018-10-09,,,Regular Employee,False
W104526,2008-11-30,2023-05-04,Voluntary,Regular Employee,False
W104527,2021-12-03,2025-07-26,Involuntary,Regular Employee,False
W104528,2015-04-07,2023-05-03,Voluntary,Regular Employee,False
W104529,2018-03-20,,,Regular Employee,False
W104530,2007-03-04,,,Regular Employee,False
W104531,2019-06-14,,,Regular Employee,False
W104532,2017-07-17,,,Regular Employee,False
W104533,2021-03-24,2025-11-13,Voluntary,Regular Employee,False
W104534,2015-09-20,,,Regular Employee,False
W104535,2011-11-15,2023-05-01,Voluntary,Regular Employee,False
W104536,2017-06-28,2022-08-20,Voluntary,Regular Employee,False
W104537,2016-11-26,,,Regular Employee,False
W104538,2022-04-04,2024-12-28,Involuntary,Regular Employee,False
W104539,2015-05-26,,,Regular Employee,False
W104540,2021-09-22,,,Regular Employee,False
W104541,2018-06-02,,,Regular Employee,False
W104542,2020-08-26,,,Regular Employee,False
W104543,2021-06-19,,,Regular Employee,False
W104544,2021-12-05,,,Regular Employee,False
W104545,2021-09-18,2024-10-25,Voluntary,Regular Employee,False
W104546,2019-02-14,,,Regular Employee,False
W104547,2013-05-02,,,Regular Employee,False
W104548,2010-01-10,,,Regular Employee,False
W104549,2009-09-09,,,Regular Employee,False
W104550,2022-02-05,2023-10-06,Involuntary,Regular Employee,False
W104551,2016-11-22,,,Regular Employee,False
W104552,2022-03-16,2022-08-05,Voluntary,Regular Employee,False
W104553,2015-03-26,,,Regular Employee,False
W104554,2020-12-20,,,Regular Employee,False
W104555,2019-03-19,2026-01-05,Involuntary,Regular Employee,False
W104556,2011-05-04,,,Regular Employee,False
W104557,2022-02-06,2024-01-21,Voluntary,Regular Employee,False
W104558,2018-05-20,,,Regular Employee,False
W104559,2013-01-03,,,Regular Employee,False
W104560,2019-07-29,,,Regular Employee,False
W104561,2022-05-22,,,Regular Employee,False
W104562,2017-07-30,,,Regular Employee,False
W104563,2020-02-03,,,Regular Employee,False
W104564,2016-09-29,2022-11-22,Voluntary,Regular Employee,False
W104565,2020-12-14,,,Regular Employee,False
W104566,2022-06-12,,,Regular Employee,False
W104567,2020-08-29,,,Regular Employee,False
W104568,2021-01-15,,,Regular Employee,False
W104569,2002-06-30,,,Regular Employee,False
W104570,2017-11-05,,,Regular Employee,False
W104571,2021-10-28,,,Regular Employee,False
W104572,2017-09-01,2025-03-30,Voluntary,Regular Employee,False
W104573,2020-08-16,,,Regular Employee,False
W104574,2022-05-22,2022-11-30,Voluntary,Regular Employee,False
W104575,2019-06-30,,,Regular Employee,False
W104576,2017-12-26,2024-02-19,Involuntary,Regular Employee,False
W104577,2020-07-06,,,Regular Employee,False
W104578,2021-09-04,,,Regular Employee,False
W104579,2018-05-17,,,Regular Employee,False
W104580,2018-05-10,2023-09-06,Involuntary,Regular Employee,False
W104581,2020-02-07,,,Regular Employee,False
W104582,2017-03-30,2022-10-18,Voluntary,Regular Employee,False
W104583,2020-09-01,,,Regular Employee,False
W104584,2009-12-19,,,Regular Employee,False
W104585,2016-10-06,,,Regular Employee,False
W104586,2018-08-14,2022-09-02,Voluntary,Regular Employee,False
W104587,2012-12-09,2023-04-22,Voluntary,Regular Employee,False
W104588,2013-12-28,2022-07-12,Voluntary,Regular Employee,False
W104589,2022-05-22,2026-06-10,Involuntary,Regular Employee,False
W104590,2022-06-12,,,Regular Employee,False
W104591,2019-08-16,,,Regular Employee,False
W104592,2018-08-06,,,Regular Employee,False
W104593,2020-11-21,,,Regular Employee,False
W104594,2002-06-30,,,Regular Employee,False
W104595,2016-01-26,,,Regular Employee,False
W104596,2013-11-04,,,Regular Employee,False
W104597,2021-09-03,,,Regular Employee,False
W104598,2015-01-12,,,Regular Employee,False
W104599,2020-04-28,2024-01-12,Voluntary,Regular Employee,False
W104600,2020-04-15,2025-03-20,Voluntary,Regular Employee,False
W104601,2020-07-12,,,Regular Employee,False
W104602,2015-08-14,2024-03-18,Voluntary,Regular Employee,False
W104603,2020-12-02,,,Regular Employee,False
W104604,2021-02-11,,,Regular Employee,False
W104605,2022-05-23,2024-07-09,Voluntary,Regular Employee,False
W104606,2014-01-04,2025-03-17,Involuntary,Regular Employee,False
W104607,2015-11-05,2025-03-08,Voluntary,Regular Employee,False
W104608,2019-11-13,,,Regular Employee,False
W104609,2020-01-17,,,Regular Employee,False
W104610,2019-07-23,,,Regular Employee,False
W104611,2021-12-25,,,Regular Employee,False
W104612,2015-03-06,2023-10-11,Voluntary,Regular Employee,False
W104613,2021-11-06,,,Regular Employee,False
W104614,2021-12-11,2023-04-22,Voluntary,Regular Employee,False
W104615,2020-07-09,2022-10-25,Voluntary,Regular Employee,False
W104616,2021-08-18,,,Regular Employee,False
W104617,2021-02-16,2023-04-30,Voluntary,Regular Employee,False
W104618,2018-10-20,,,Regular Employee,False
W104619,2022-04-13,2023-11-27,Involuntary,Regular Employee,False
W104620,2019-12-05,2024-03-16,Voluntary,Regular Employee,False
W104621,2016-06-09,,,Regular Employee,False
W104622,2019-01-13,,,Regular Employee,False
W104623,2018-11-14,2022-07-19,Voluntary,Regular Employee,False
W104624,2019-01-23,,,Regular Employee,False
W104625,2022-01-24,,,Regular Employee,False
W104626,2015-11-03,,,Regular Employee,False
W104627,2022-03-25,2025-06-08,Voluntary,Regular Employee,False
W104628,2010-04-02,2023-04-04,Voluntary,Regular Employee,False
W104629,2021-10-01,2025-08-08,Voluntary,Regular Employee,False
W104630,2021-07-05,,,Regular Employee,False
W104631,2021-09-12,2022-07-25,Involuntary,Regular Employee,False
W104632,2007-11-01,,,Regular Employee,False
W104633,2018-11-21,,,Regular Employee,False
W104634,2016-08-12,,,Regular Employee,False
W104635,2010-01-26,,,Regular Employee,False
W104636,2014-11-30,,,Regular Employee,False
W104637,2017-11-06,,,Regular Employee,False
W104638,2022-04-11,,,Regular Employee,False
W104639,2019-02-28,,,Regular Employee,False
W104640,2022-05-12,2023-07-03,Voluntary,Regular Employee,False
W104641,2018-05-19,,,Regular Employee,False
W104642,2017-01-19,2023-04-18,Involuntary,Regular Employee,False
W104643,2014-08-06,,,Regular Employee,False
W104644,2022-06-12,,,Regular Employee,False
W104645,2021-09-08,2023-10-18,Involuntary,Regular Employee,False
W104646,2016-11-04,2023-01-05,Voluntary,Regular Employee,False
W104647,2022-04-06,2022-08-18,Involuntary,Regular Employee,False
W104648,2018-10-28,2025-10-06,Voluntary,Regular Employee,False
W104649,2021-12-12,2023-07-13,Voluntary,Regular Employee,False
W104650,2014-12-24,2024-11-13,Voluntary,Regular Employee,False
W104651,2020-05-11,,,Regular Employee,False
W104652,2015-11-04,,,Regular Employee,False
W104653,2020-12-23,,,Regular Employee,False
W104654,2020-02-04,2025-01-28,Voluntary,Regular Employee,False
W104655,2018-01-11,,,Regular Employee,False
W104656,2017-08-15,,,Regular Employee,False
W104657,2017-09-06,2025-10-23,Voluntary,Regular Employee,False
W104658,2017-05-24,2024-03-16,Voluntary,Regular Employee,False
W104659,2018-07-29,,,Regular Employee,False
W104660,2019-09-21,,,Regular Employee,False
W104661,2019-11-07,,,Regular Employee,False
W104662,2016-04-19,,,Regular Employee,False
W104663,2021-10-07,,,Regular Employee,False
W104664,2019-05-03,2023-02-24,Voluntary,Regular Employee,False
W104665,2019-11-03,,,Regular Employee,False
W104666,2015-04-02,2024-09-17,Voluntary,Regular Employee,False
W104667,2017-04-04,2022-10-09,Involuntary,Regular Employee,False
W104668,2022-03-23,,,Regular Employee,False
W104669,2021-08-21,,,Regular Employee,False
W104670,2020-10-15,,,Regular Employee,False
W104671,2021-07-18,,,Regular Employee,False
W104672,2020-11-10,2024-08-09,Voluntary,Regular Employee,False
W104673,2005-02-08,,,Regular Employee,False
W104674,2017-07-29,2022-07-13,Voluntary,Regular Employee,False
W104675,2019-01-20,,,Regular Employee,False
W104676,2012-10-23,,,Regular Employee,False
W104677,2020-06-19,2025-09-09,Involuntary,Regular Employee,False
W104678,2018-07-11,2025-02-06,Voluntary,Regular Employee,False
W104679,2015-09-06,,,Regular Employee,False
W104680,2019-05-24,2024-11-12,Voluntary,Regular Employee,False
W104681,2010-10-29,,,Regular Employee,False
W104682,2016-11-19,,,Regular Employee,False
W104683,2021-09-13,,,Regular Employee,False
W104684,2017-10-29,2022-08-12,Voluntary,Regular Employee,False
W104685,2019-07-25,,,Regular Employee,False
W104686,2022-03-11,2022-12-13,Voluntary,Regular Employee,False
W104687,2013-07-21,,,Regular Employee,False
W104688,2020-09-22,2025-11-24,Voluntary,Regular Employee,False
W104689,2021-12-26,,,Regular Employee,False
W104690,2021-04-22,,,Regular Employee,False
W104691,2020-07-21,2023-08-16,Voluntary,Regular Employee,False
W104692,2016-11-28,,,Regular Employee,False
W104693,2019-10-04,,,Regular Employee,False
W104694,2015-07-07,2023-06-13,Voluntary,Regular Employee,False
W104695,2007-11-02,2023-12-13,Involuntary,Regular Employee,False
W104696,2019-03-22,2022-11-02,Voluntary,Regular Employee,False
W104697,2021-11-30,,,Regular Employee,False
W104698,2002-08-27,,,Regular Employee,False
W104699,2015-04-27,,,Regular Employee,False
W104700,2020-04-21,2022-09-26,Involuntary,Regular Employee,False
W104701,2013-04-18,,,Regular Employee,False
W104702,2018-03-16,,,Regular Employee,False
W104703,2017-01-06,,,Regular Employee,False
W104704,2022-04-15,,,Regular Employee,False
W104705,2021-12-15,2025-03-09,Involuntary,Regular Employee,False
W104706,2022-05-25,2025-04-23,Voluntary,Regular Employee,False
W104707,2019-01-10,2024-02-05,Voluntary,Regular Employee,False
W104708,2006-04-09,2023-07-13,Voluntary,Regular Employee,False
W104709,2021-09-05,2026-06-27,Voluntary,Regular Employee,False
W104710,2012-02-27,,,Regular Employee,False
W104711,2018-09-04,2024-09-14,Voluntary,Regular Employee,False
W104712,2019-11-07,2026-04-20,Voluntary,Regular Employee,False
W104713,2015-03-20,,,Regular Employee,False
W104714,2021-09-21,2025-07-14,Voluntary,Regular Employee,False
W104715,2018-01-20,,,Regular Employee,False
W104716,2022-05-06,,,Regular Employee,False
W104717,2020-07-14,2025-10-30,Voluntary,Regular Employee,False
W104718,2016-06-24,,,Regular Employee,False
W104719,2019-11-21,2026-03-20,Voluntary,Regular Employee,False
W104720,2016-08-31,,,Regular Employee,False
W104721,2019-10-31,,,Regular Employee,False
W104722,2021-05-11,,,Regular Employee,False
W104723,2013-12-09,,,Regular Employee,False
W104724,2015-09-25,,,Regular Employee,False
W104725,2010-06-15,,,Regular Employee,False
W104726,2010-02-27,2025-05-01,Involuntary,Regular Employee,False
W104727,2003-09-16,2022-12-09,Voluntary,Regular Employee,False
W104728,2016-08-09,2025-06-30,Voluntary,Regular Employee,False
W104729,2017-03-23,,,Regular Employee,False
W104730,2022-03-26,,,Regular Employee,False
W104731,2014-12-16,,,Regular Employee,False
W104732,2020-08-02,,,Regular Employee,False
W104733,2022-06-12,,,Regular Employee,False
W104734,2016-05-27,2023-12-16,Voluntary,Regular Employee,False
W104735,2018-12-15,,,Regular Employee,False
W104736,2018-04-21,,,Regular Employee,False
W104737,2021-05-16,,,Regular Employee,False
W104738,2010-02-19,,,Regular Employee,False
W104739,2021-04-13,,,Regular Employee,False
W104740,2022-06-12,2022-10-02,Voluntary,Regular Employee,False
W104741,2010-04-23,,,Regular Employee,False
W104742,2016-11-11,,,Regular Employee,False
W104743,2012-07-31,2025-01-03,Voluntary,Regular Employee,False
W104744,2020-01-04,,,Regular Employee,False
W104745,2021-06-05,,,Regular Employee,False
W104746,2018-03-20,,,Regular Employee,False
W104747,2021-01-27,,,Regular Employee,False
W104748,2013-08-02,2022-07-12,Voluntary,Regular Employee,False
W104749,2021-10-04,,,Regular Employee,False
W104750,2019-10-31,,,Regular Employee,False
W104751,2018-08-24,,,Regular Employee,False
W104752,2021-12-17,,,Regular Employee,False
W104753,2020-06-08,,,Regular Employee,False
W104754,2021-08-09,2024-02-15,Involuntary,Regular Employee,False
W104755,2021-05-31,,,Regular Employee,False
W104756,2019-10-23,,,Regular Employee,False
W104757,2011-06-14,2025-10-18,Voluntary,Regular Employee,False
W104758,2010-06-19,,,Regular Employee,False
W104759,2017-09-04,,,Regular Employee,False
W104760,2007-12-16,,,Regular Employee,False
W104761,2016-12-12,,,Regular Employee,False
W104762,2017-04-18,2024-04-10,Involuntary,Regular Employee,False
W104763,2020-09-18,,,Regular Employee,False
W104764,2022-05-19,2022-08-21,Voluntary,Regular Employee,False
W104765,2021-08-30,,,Regular Employee,False
W104766,2019-10-28,,,Regular Employee,False
W104767,2011-11-29,,,Regular Employee,False
W104768,2021-05-20,2024-02-24,Voluntary,Regular Employee,False
W104769,2019-10-09,2026-06-27,Involuntary,Regular Employee,False
W104770,2020-02-15,,,Regular Employee,False
W104771,2017-05-07,,,Regular Employee,False
W104772,2016-02-26,,,Regular Employee,False
W104773,2017-03-09,2022-11-08,Voluntary,Regular Employee,False
W104774,2020-10-12,,,Regular Employee,False
W104775,2021-04-26,,,Regular Employee,False
W104776,2021-07-06,,,Regular Employee,False
W104777,2015-06-29,2024-05-31,Voluntary,Regular Employee,False
W104778,2021-08-10,,,Regular Employee,False
W104779,2019-11-28,,,Regular Employee,False
W104780,2022-01-06,,,Regular Employee,False
W104781,2006-03-08,,,Regular Employee,False
W104782,2019-06-22,,,Regular Employee,False
W104783,2019-11-29,2023-02-15,Voluntary,Regular Employee,False
W104784,2011-06-12,,,Regular Employee,False
W104785,2019-12-01,,,Regular Employee,False
W104786,2021-10-06,,,Regular Employee,False
W104787,2019-10-21,,,Regular Employee,False
W104788,2020-01-25,,,Regular Employee,False
W104789,2022-05-18,2025-12-25,Voluntary,Regular Employee,False
W104790,2019-02-27,,,Regular Employee,False
W104791,2015-06-05,2023-04-21,Voluntary,Regular Employee,False
W104792,2013-01-14,,,Regular Employee,False
W104793,2005-07-23,2025-06-11,Voluntary,Regular Employee,False
W104794,2022-02-18,2026-03-11,Involuntary,Regular Employee,False
W104795,2022-02-11,2023-12-28,Involuntary,Regular Employee,False
W104796,2020-05-02,,,Regular Employee,False
W104797,2021-12-21,,,Regular Employee,False
W104798,2016-12-16,2023-03-09,Voluntary,Regular Employee,False
W104799,2022-03-10,,,Regular Employee,False
W104800,2021-06-30,,,Regular Employee,False
W104801,2016-07-20,,,Regular Employee,False
W104802,2020-06-29,2024-07-19,Voluntary,Regular Employee,False
W104803,2020-02-08,,,Regular Employee,False
W104804,2009-08-15,,,Regular Employee,False
W104805,2013-03-10,2026-04-18,Voluntary,Regular Employee,False
W104806,2012-09-17,,,Regular Employee,False
W104807,2021-10-21,,,Regular Employee,False
W104808,2022-04-17,,,Regular Employee,False
W104809,2020-04-08,,,Regular Employee,False
W104810,2022-03-06,2024-12-22,Voluntary,Regular Employee,False
W104811,2015-07-13,,,Regular Employee,False
W104812,2008-08-18,,,Regular Employee,False
W104813,2021-05-02,,,Regular Employee,False
W104814,2014-11-25,,,Regular Employee,False
W104815,2016-02-29,2026-02-03,Voluntary,Regular Employee,False
W104816,2018-09-05,2022-12-02,Voluntary,Regular Employee,False
W104817,2013-09-17,,,Regular Employee,False
W104818,2009-06-08,,,Regular Employee,False
W104819,2021-11-17,,,Regular Employee,False
W104820,2018-02-05,,,Regular Employee,False
W104821,2019-04-20,2025-07-21,Voluntary,Regular Employee,False
W104822,2010-04-22,,,Regular Employee,False
W104823,2020-01-30,,,Regular Employee,False
W104824,2013-02-26,,,Regular Employee,False
W104825,2022-01-18,2025-08-04,Voluntary,Regular Employee,False
W104826,2008-07-22,,,Regular Employee,False
W104827,2017-09-30,,,Regular Employee,False
W104828,2017-11-21,2024-03-22,Voluntary,Regular Employee,False
W104829,2022-01-31,,,Regular Employee,False
W104830,2017-12-20,,,Regular Employee,False
W104831,2015-08-14,,,Regular Employee,False
W104832,2021-02-14,,,Regular Employee,False
W104833,2021-08-05,,,Regular Employee,False
W104834,2021-02-13,,,Regular Employee,False
W104835,2007-12-26,,,Regular Employee,False
W104836,2021-03-02,,,Regular Employee,False
W104837,2019-10-07,,,Regular Employee,False
W104838,2019-03-10,2024-11-21,Voluntary,Regular Employee,False
W104839,2009-07-15,,,Regular Employee,False
W104840,2017-12-11,,,Regular Employee,False
W104841,2015-05-18,,,Regular Employee,False
W104842,2020-03-09,2023-01-25,Voluntary,Regular Employee,False
W104843,2016-02-26,,,Regular Employee,False
W104844,2021-04-20,,,Regular Employee,False
W104845,2010-10-25,,,Regular Employee,False
W104846,2022-04-17,,,Regular Employee,False
W104847,2018-03-14,,,Regular Employee,False
W104848,2021-12-17,2022-12-14,Involuntary,Regular Employee,False
W104849,2008-04-01,,,Regular Employee,False
W104850,2004-03-13,,,Regular Employee,False
W104851,2015-06-10,,,Regular Employee,False
W104852,2017-05-10,,,Regular Employee,False
W104853,2018-11-27,,,Regular Employee,False
W104854,2021-09-17,,,Regular Employee,False
W104855,2019-08-20,,,Regular Employee,False
W104856,2015-05-13,,,Regular Employee,False
W104857,2004-09-08,,,Regular Employee,False
W104858,2021-06-03,,,Regular Employee,False
W104859,2020-09-18,,,Regular Employee,False
W104860,2014-08-01,,,Regular Employee,False
W104861,2021-11-24,,,Regular Employee,False
W104862,2020-09-30,2024-11-06,Voluntary,Regular Employee,False
W104863,2022-01-02,2024-01-25,Voluntary,Regular Employee,False
W104864,2022-01-21,,,Regular Employee,False
W104865,2022-01-10,,,Regular Employee,False
W104866,2017-03-03,,,Regular Employee,False
W104867,2019-04-19,2023-04-28,Voluntary,Regular Employee,False
W104868,2002-06-30,,,Regular Employee,False
W104869,2020-02-05,2024-04-24,Voluntary,Regular Employee,False
W104870,2016-08-20,,,Regular Employee,False
W104871,2012-11-25,2023-10-14,Voluntary,Regular Employee,False
W104872,2021-07-17,,,Regular Employee,False
W104873,2017-06-22,,,Regular Employee,False
W104874,2017-03-21,,,Regular Employee,False
W104875,2012-11-12,,,Regular Employee,False
W104876,2022-05-26,,,Regular Employee,False
W104877,2020-02-23,,,Regular Employee,False
W104878,2012-06-29,,,Regular Employee,False
W104879,2018-11-09,,,Regular Employee,False
W104880,2018-06-10,2026-04-10,Voluntary,Regular Employee,False
W104881,2014-11-02,,,Regular Employee,False
W104882,2018-06-17,2025-05-18,Voluntary,Regular Employee,False
W104883,2017-03-24,2025-09-09,Voluntary,Regular Employee,False
W104884,2020-09-19,,,Regular Employee,False
W104885,2020-08-01,,,Regular Employee,False
W104886,2016-05-18,2024-11-23,Voluntary,Regular Employee,False
W104887,2012-10-04,,,Regular Employee,False
W104888,2017-05-08,2022-10-11,Voluntary,Regular Employee,False
W104889,2014-02-21,,,Regular Employee,False
W104890,2019-12-13,2025-04-01,Voluntary,Regular Employee,False
W104891,2021-10-13,,,Regular Employee,False
W104892,2015-04-02,2025-10-11,Voluntary,Regular Employee,False
W104893,2016-01-30,2023-05-23,Voluntary,Regular Employee,False
W104894,2017-07-31,,,Regular Employee,False
W104895,2014-01-25,,,Regular Employee,False
W104896,2009-09-19,2025-09-16,Involuntary,Regular Employee,False
W104897,2019-01-30,,,Regular Employee,False
W104898,2020-06-15,,,Regular Employee,False
W104899,2014-05-10,2025-12-07,Voluntary,Regular Employee,False
W104900,2019-01-16,2023-08-28,Voluntary,Regular Employee,False
W104901,2021-07-31,2024-06-05,Voluntary,Regular Employee,False
W104902,2019-03-28,,,Regular Employee,False
W104903,2018-09-08,,,Regular Employee,False
W104904,2021-09-26,2024-04-20,Voluntary,Regular Employee,False
W104905,2022-03-20,2026-05-06,Voluntary,Regular Employee,False
W104906,2014-12-28,,,Regular Employee,False
W104907,2018-01-31,2024-03-17,Voluntary,Regular Employee,False
W104908,2009-07-31,,,Regular Employee,False
W104909,2014-05-30,,,Regular Employee,False
W104910,2012-04-19,2023-05-07,Involuntary,Regular Employee,False
W104911,2017-07-13,,,Regular Employee,False
W104912,2011-12-01,2026-04-29,Involuntary,Regular Employee,False
W104913,2016-12-29,,,Regular Employee,False
W104914,2016-09-22,,,Regular Employee,False
W104915,2021-03-03,,,Regular Employee,False
W104916,2021-06-10,2023-03-07,Voluntary,Regular Employee,False
W104917,2022-05-07,2022-07-11,Voluntary,Regular Employee,False
W104918,2020-03-23,,,Regular Employee,False
W104919,2022-06-07,,,Regular Employee,False
W104920,2007-07-15,2023-03-31,Voluntary,Regular Employee,False
W104921,2019-05-09,2023-06-16,Voluntary,Regular Employee,False
W104922,2022-05-16,,,Regular Employee,False
W104923,2020-06-12,2024-01-05,Voluntary,Regular Employee,False
W104924,2021-07-21,,,Regular Employee,False
W104925,2011-08-05,,,Regular Employee,False
W104926,2018-10-10,2024-02-15,Involuntary,Regular Employee,False
W104927,2020-08-24,2023-06-08,Involuntary,Regular Employee,False
W104928,2017-10-01,,,Regular Employee,False
W104929,2007-09-20,,,Regular Employee,False
W104930,2021-09-10,,,Regular Employee,False
W104931,2018-11-05,,,Regular Employee,False
W104932,2019-06-07,2025-03-12,Voluntary,Regular Employee,False
W104933,2017-09-11,,,Regular Employee,False
W104934,2016-12-29,,,Regular Employee,False
W104935,2020-03-21,2025-03-23,Voluntary,Regular Employee,False
W104936,2015-11-08,,,Regular Employee,False
W104937,2021-06-10,2023-10-05,Voluntary,Regular Employee,False
W104938,2022-02-14,,,Regular Employee,False
W104939,2020-05-18,,,Regular Employee,False
W104940,2021-03-09,,,Regular Employee,False
W104941,2014-09-15,,,Regular Employee,False
W104942,2021-07-15,,,Regular Employee,False
W104943,2020-09-07,,,Regular Employee,False
W104944,2005-05-03,,,Regular Employee,False
W104945,2021-11-14,2023-03-21,Involuntary,Regular Employee,False
W104946,2021-11-12,,,Regular Employee,False
W104947,2021-11-02,,,Regular Employee,False
W104948,2007-02-26,,,Regular Employee,False
W104949,2011-01-04,,,Regular Employee,False
W104950,2016-01-01,2025-08-08,Voluntary,Regular Employee,False
W104951,2006-09-27,2024-02-15,Involuntary,Regular Employee,False
W104952,2016-07-25,2025-09-30,Involuntary,Regular Employee,False
W104953,2017-09-29,,,Regular Employee,False
W104954,2018-02-10,,,Regular Employee,False
W104955,2021-08-18,2025-08-26,Voluntary,Regular Employee,False
W104956,2019-12-02,,,Regular Employee,False
W104957,2019-07-14,,,Regular Employee,False
W104958,2013-08-25,,,Regular Employee,False
W104959,2009-10-05,2022-12-21,Voluntary,Regular Employee,False
W104960,2020-02-09,2025-12-12,Involuntary,Regular Employee,False
W104961,2019-06-22,,,Regular Employee,False
W104962,2018-09-15,2025-02-04,Voluntary,Regular Employee,False
W104963,2021-11-14,2022-07-01,Voluntary,Regular Employee,False
W104964,2012-12-14,,,Regular Employee,False
W104965,2016-06-19,,,Regular Employee,False
W104966,2021-01-04,2025-04-10,Involuntary,Regular Employee,False
W104967,2022-06-12,2022-07-06,Voluntary,Regular Employee,False
W104968,2013-06-04,2022-09-06,Involuntary,Regular Employee,False
W104969,2021-03-12,,,Regular Employee,False
W104970,2017-08-20,2023-07-27,Involuntary,Regular Employee,False
W104971,2015-07-18,,,Regular Employee,False
W104972,2009-09-24,,,Regular Employee,False
W104973,2022-01-24,2023-05-15,Voluntary,Regular Employee,False
W104974,2021-08-28,,,Regular Employee,False
W104975,2022-06-03,,,Regular Employee,False
W104976,2021-03-26,,,Regular Employee,False
W104977,2014-01-30,,,Regular Employee,False
W104978,2020-03-16,,,Regular Employee,False
W104979,2010-12-12,,,Regular Employee,False
W104980,2008-10-15,2024-02-17,Voluntary,Regular Employee,False
W104981,2017-05-19,,,Regular Employee,False
W104982,2021-05-30,,,Regular Employee,False
W104983,2020-03-11,,,Regular Employee,False
W104984,2022-02-25,,,Regular Employee,False
W104985,2019-10-25,,,Regular Employee,False
W104986,2016-05-24,2025-05-24,Involuntary,Regular Employee,False
W104987,2020-11-02,,,Regular Employee,False
W104988,2018-07-25,,,Regular Employee,False
W104989,2021-03-22,2026-02-03,Involuntary,Regular Employee,False
W104990,2016-02-11,2024-07-04,Voluntary,Regular Employee,False
W104991,2021-07-26,2022-08-31,Involuntary,Regular Employee,False
W104992,2018-02-18,2026-02-10,Voluntary,Regular Employee,False
W104993,2021-02-11,2025-05-05,Voluntary,Regular Employee,False
W104994,2018-09-03,2025-07-26,Involuntary,Regular Employee,False
W104995,2022-06-08,,,Regular Employee,False
W104996,2021-06-25,,,Regular Employee,False
W104997,2008-10-04,2024-08-20,Involuntary,Regular Employee,False
W104998,2016-10-28,,,Regular Employee,False
W104999,2019-12-12,,,Regular Employee,False
W105000,2022-05-03,2023-03-13,Voluntary,Regular Employee,False
W105001,2019-11-02,2023-07-05,Voluntary,Regular Employee,False
W105002,2016-09-14,2025-04-20,Voluntary,Regular Employee,False
W105003,2021-02-06,2023-08-05,Voluntary,Regular Employee,False
W105004,2022-06-12,,,Regular Employee,False
W105005,2017-10-27,2026-02-21,Involuntary,Regular Employee,False
W105006,2017-10-17,2025-05-31,Voluntary,Regular Employee,False
W105007,2015-03-17,2026-06-22,Voluntary,Regular Employee,False
W105008,2018-06-09,,,Regular Employee,False
W105009,2020-12-08,2026-05-14,Voluntary,Regular Employee,False
W105010,2021-12-30,,,Regular Employee,False
W105011,2019-06-08,,,Regular Employee,False
W105012,2016-02-28,,,Regular Employee,False
W105013,2020-09-23,,,Regular Employee,False
W105014,2021-03-02,,,Regular Employee,False
W105015,2021-12-14,,,Regular Employee,False
W105016,2020-10-02,,,Regular Employee,False
W105017,2020-04-06,,,Regular Employee,False
W105018,2021-05-25,,,Regular Employee,False
W105019,2021-08-04,,,Regular Employee,False
W105020,2021-12-02,2022-10-01,Voluntary,Regular Employee,False
W105021,2020-04-21,2022-11-07,Voluntary,Regular Employee,False
W105022,2021-07-20,,,Regular Employee,False
W105023,2016-10-11,,,Regular Employee,False
W105024,2017-07-27,,,Regular Employee,False
W105025,2020-12-23,2026-01-12,Involuntary,Regular Employee,False
W105026,2017-05-25,,,Regular Employee,False
W105027,2016-02-09,,,Regular Employee,False
W105028,2015-12-26,2025-09-14,Voluntary,Regular Employee,False
W105029,2014-04-21,,,Regular Employee,False
W105030,2018-08-07,,,Regular Employee,False
W105031,2020-03-13,,,Regular Employee,False
W105032,2021-09-25,,,Regular Employee,False
W105033,2020-01-26,2023-12-01,Voluntary,Regular Employee,False
W105034,2021-10-11,2026-04-20,Involuntary,Regular Employee,False
W105035,2019-04-12,,,Regular Employee,False
W105036,2019-02-22,2024-04-08,Voluntary,Regular Employee,False
W105037,2005-10-01,,,Regular Employee,False
W105038,2022-06-07,,,Regular Employee,False
W105039,2014-01-13,2022-07-12,Involuntary,Regular Employee,False
W105040,2019-09-04,,,Regular Employee,False
W105041,2020-09-29,,,Regular Employee,False
W105042,2016-09-27,2026-06-21,Voluntary,Regular Employee,False
W105043,2021-08-01,,,Regular Employee,False
W105044,2010-09-09,2025-03-20,Involuntary,Regular Employee,False
W105045,2020-09-05,,,Regular Employee,False
W105046,2021-04-05,2025-02-14,Voluntary,Regular Employee,False
W105047,2018-09-11,,,Regular Employee,False
W105048,2020-10-05,,,Regular Employee,False
W105049,2019-11-17,,,Regular Employee,False
W105050,2015-06-11,,,Regular Employee,False
W105051,2017-07-28,,,Regular Employee,False
W105052,2020-07-25,,,Regular Employee,False
W105053,2015-01-02,,,Regular Employee,False
W105054,2022-02-12,2024-03-07,Voluntary,Regular Employee,False
W105055,2020-05-30,2025-01-12,Voluntary,Regular Employee,False
W105056,2019-12-01,,,Regular Employee,False
W105057,2019-10-20,,,Regular Employee,False
W105058,2021-05-20,2022-09-21,Voluntary,Regular Employee,False
W105059,2020-11-16,2026-02-08,Voluntary,Regular Employee,False
W105060,2014-09-05,2025-09-16,Involuntary,Regular Employee,False
W105061,2014-12-06,,,Regular Employee,False
W105062,2018-08-13,2022-12-13,Voluntary,Regular Employee,False
W105063,2020-10-20,2026-02-21,Voluntary,Regular Employee,False
W105064,2013-06-10,,,Regular Employee,False
W105065,2017-07-13,2026-03-28,Voluntary,Regular Employee,False
W105066,2019-05-14,,,Regular Employee,False
W105067,2018-08-21,,,Regular Employee,False
W105068,2018-09-12,,,Regular Employee,False
W105069,2020-04-08,2024-02-15,Involuntary,Regular Employee,False
W105070,2017-12-25,,,Regular Employee,False
W105071,2022-05-26,,,Regular Employee,False
W105072,2018-03-10,,,Regular Employee,False
W105073,2018-08-14,,,Regular Employee,False
W105074,2018-07-27,2025-09-16,Voluntary,Regular Employee,False
W105075,2016-01-23,,,Regular Employee,False
W105076,2020-12-09,2024-02-15,Involuntary,Regular Employee,False
W105077,2022-04-11,,,Regular Employee,False
W105078,2022-05-09,2025-02-16,Voluntary,Regular Employee,False
W105079,2022-02-08,2024-07-27,Voluntary,Regular Employee,False
W105080,2011-02-20,2023-10-22,Voluntary,Regular Employee,False
W105081,2021-08-13,2022-07-28,Voluntary,Regular Employee,False
W105082,2019-09-07,,,Regular Employee,False
W105083,2002-06-30,,,Regular Employee,False
W105084,2019-09-21,2022-10-23,Voluntary,Regular Employee,False
W105085,2021-01-26,,,Regular Employee,False
W105086,2020-04-15,2023-01-29,Voluntary,Regular Employee,False
W105087,2022-03-06,,,Regular Employee,False
W105088,2020-05-16,,,Regular Employee,False
W105089,2021-06-17,,,Regular Employee,False
W105090,2022-03-05,,,Regular Employee,False
W105091,2017-07-24,,,Regular Employee,False
W105092,2021-12-16,2022-10-03,Voluntary,Regular Employee,False
W105093,2019-02-21,2026-05-20,Voluntary,Regular Employee,False
W105094,2019-08-09,,,Regular Employee,False
W105095,2021-03-15,2024-07-28,Involuntary,Regular Employee,False
W105096,2022-05-15,,,Regular Employee,False
W105097,2019-04-30,2023-05-20,Voluntary,Regular Employee,False
W105098,2016-12-11,,,Regular Employee,False
W105099,2010-01-05,2024-10-07,Voluntary,Regular Employee,False
W105100,2017-09-29,,,Regular Employee,False
W105101,2013-11-12,2023-02-01,Voluntary,Regular Employee,False
W105102,2016-12-02,2024-04-17,Voluntary,Regular Employee,False
W105103,2021-12-20,,,Regular Employee,False
W105104,2022-05-22,,,Regular Employee,False
W105105,2017-05-01,,,Regular Employee,False
W105106,2022-06-07,2024-10-07,Involuntary,Regular Employee,False
W105107,2020-07-25,2024-02-11,Voluntary,Regular Employee,False
W105108,2011-09-05,2025-07-28,Involuntary,Regular Employee,False
W105109,2015-01-03,2024-07-10,Voluntary,Regular Employee,False
W105110,2021-11-02,,,Regular Employee,False
W105111,2021-11-19,,,Regular Employee,False
W105112,2019-12-28,,,Regular Employee,False
W105113,2011-06-20,,,Regular Employee,False
W105114,2017-09-05,,,Regular Employee,False
W105115,2022-04-08,,,Regular Employee,False
W105116,2016-09-11,,,Regular Employee,False
W105117,2021-09-03,,,Regular Employee,False
W105118,2021-06-02,,,Regular Employee,False
W105119,2021-03-22,,,Regular Employee,False
W105120,2015-12-09,,,Regular Employee,False
W105121,2020-10-10,,,Regular Employee,False
W105122,2012-06-01,,,Regular Employee,False
W105123,2012-07-13,,,Regular Employee,False
W105124,2013-04-01,2025-07-03,Voluntary,Regular Employee,False
W105125,2019-06-20,,,Regular Employee,False
W105126,2021-10-31,,,Regular Employee,False
W105127,2021-05-31,2023-01-30,Involuntary,Regular Employee,False
W105128,2016-04-03,,,Regular Employee,False
W105129,2015-05-23,,,Regular Employee,False
W105130,2015-01-09,2023-02-16,Voluntary,Regular Employee,False
W105131,2017-12-29,,,Regular Employee,False
W105132,2021-02-23,2023-05-06,Voluntary,Regular Employee,False
W105133,2021-12-16,2023-03-14,Voluntary,Regular Employee,False
W105134,2021-12-28,,,Regular Employee,False
W105135,2019-02-27,2023-01-05,Voluntary,Regular Employee,False
W105136,2007-11-28,,,Regular Employee,False
W105137,2021-03-31,2023-09-17,Involuntary,Regular Employee,False
W105138,2016-08-29,,,Regular Employee,False
W105139,2019-01-12,2023-07-28,Voluntary,Regular Employee,False
W105140,2015-08-24,2023-07-29,Voluntary,Regular Employee,False
W105141,2022-05-10,2023-02-26,Involuntary,Regular Employee,False
W105142,2020-07-30,2024-09-19,Involuntary,Regular Employee,False
W105143,2011-04-09,,,Regular Employee,False
W105144,2022-01-16,,,Regular Employee,False
W105145,2019-05-10,,,Regular Employee,False
W105146,2002-06-30,,,Regular Employee,False
W105147,2019-01-01,2023-09-26,Involuntary,Regular Employee,False
W105148,2014-07-30,2025-12-31,Voluntary,Regular Employee,False
W105149,2016-12-07,,,Regular Employee,False
W105150,2014-11-16,,,Regular Employee,False
W105151,2018-10-19,,,Regular Employee,False
W105152,2020-01-19,2025-01-11,Voluntary,Regular Employee,False
W105153,2020-02-09,2024-01-04,Voluntary,Regular Employee,False
W105154,2022-06-12,,,Regular Employee,False
W105155,2015-01-17,2023-04-13,Voluntary,Regular Employee,False
W105156,2016-01-05,,,Regular Employee,False
W105157,2018-10-10,2023-09-07,Involuntary,Regular Employee,False
W105158,2021-12-02,2023-11-13,Voluntary,Regular Employee,False
W105159,2020-09-26,2025-08-10,Voluntary,Regular Employee,False
W105160,2016-02-17,,,Regular Employee,False
W105161,2019-01-07,2025-05-19,Voluntary,Regular Employee,False
W105162,2006-05-24,,,Regular Employee,False
W105163,2020-09-08,2023-10-04,Voluntary,Regular Employee,False
W105164,2019-01-04,2023-07-06,Involuntary,Regular Employee,False
W105165,2021-07-29,,,Regular Employee,False
W105166,2019-01-16,,,Regular Employee,False
W105167,2020-12-10,2024-05-06,Voluntary,Regular Employee,False
W105168,2009-01-17,,,Regular Employee,False
W105169,2022-06-12,2025-06-10,Voluntary,Regular Employee,False
W105170,2022-03-02,,,Regular Employee,False
W105171,2015-01-22,,,Regular Employee,False
W105172,2012-10-05,,,Regular Employee,False
W105173,2019-05-22,,,Regular Employee,False
W105174,2013-12-09,2023-08-12,Voluntary,Regular Employee,False
W105175,2021-09-13,,,Regular Employee,False
W105176,2020-01-27,2023-02-15,Voluntary,Regular Employee,False
W105177,2019-09-13,2022-09-17,Voluntary,Regular Employee,False
W105178,2017-11-04,2023-03-17,Voluntary,Regular Employee,False
W105179,2015-01-28,2022-11-01,Voluntary,Regular Employee,False
W105180,2013-06-28,,,Regular Employee,False
W105181,2022-03-13,2023-01-09,Voluntary,Regular Employee,False
W105182,2014-03-25,2025-12-01,Voluntary,Regular Employee,False
W105183,2022-02-28,,,Regular Employee,False
W105184,2018-01-15,,,Regular Employee,False
W105185,2013-12-23,,,Regular Employee,False
W105186,2019-07-27,2026-05-16,Voluntary,Regular Employee,False
W105187,2018-06-03,2023-05-18,Voluntary,Regular Employee,False
W105188,2021-07-24,,,Regular Employee,False
W105189,2017-12-22,2023-03-13,Voluntary,Regular Employee,False
W105190,2022-02-23,,,Regular Employee,False
W105191,2002-06-30,2023-01-17,Voluntary,Regular Employee,False
W105192,2021-09-22,,,Regular Employee,False
W105193,2015-12-24,2025-04-29,Involuntary,Regular Employee,False
W105194,2020-05-13,,,Regular Employee,False
W105195,2012-11-03,,,Regular Employee,False
W105196,2014-09-06,2023-07-19,Voluntary,Regular Employee,False
W105197,2020-10-06,,,Regular Employee,False
W105198,2008-07-20,,,Regular Employee,False
W105199,2020-05-28,,,Regular Employee,False
W105200,2011-09-06,,,Regular Employee,False
W105201,2021-02-10,,,Regular Employee,False
W105202,2014-08-13,,,Regular Employee,False
W105203,2022-05-27,2024-11-23,Voluntary,Regular Employee,False
W105204,2021-07-04,2025-02-21,Voluntary,Regular Employee,False
W105205,2022-04-06,2026-02-17,Involuntary,Regular Employee,False
W105206,2021-06-27,2024-07-02,Voluntary,Regular Employee,False
W105207,2021-06-27,,,Regular Employee,False
W105208,2018-11-09,,,Regular Employee,False
W105209,2020-06-14,2023-06-21,Voluntary,Regular Employee,False
W105210,2014-08-26,,,Regular Employee,False
W105211,2013-08-07,,,Regular Employee,False
W105212,2011-02-14,,,Regular Employee,False
W105213,2022-05-02,,,Regular Employee,False
W105214,2018-06-25,2024-07-25,Involuntary,Regular Employee,False
W105215,2019-01-11,,,Regular Employee,False
W105216,2020-11-01,,,Regular Employee,False
W105217,2015-07-31,,,Regular Employee,False
W105218,2012-05-09,,,Regular Employee,False
W105219,2022-04-10,,,Regular Employee,False
W105220,2021-11-26,,,Regular Employee,False
W105221,2021-08-04,,,Regular Employee,False
W105222,2004-10-14,,,Regular Employee,False
W105223,2018-05-04,2023-02-16,Voluntary,Regular Employee,False
W105224,2020-06-28,,,Regular Employee,False
W105225,2015-02-02,,,Regular Employee,False
W105226,2018-02-12,2023-03-30,Voluntary,Regular Employee,False
W105227,2017-07-01,,,Regular Employee,False
W105228,2021-10-06,,,Regular Employee,False
W105229,2021-08-02,2026-02-23,Voluntary,Regular Employee,False
W105230,2004-11-16,,,Regular Employee,False
W105231,2019-08-08,,,Regular Employee,False
W105232,2019-11-07,2025-10-20,Voluntary,Regular Employee,False
W105233,2021-10-27,2023-01-09,Voluntary,Regular Employee,False
W105234,2022-01-07,2026-03-13,Voluntary,Regular Employee,False
W105235,2019-01-16,,,Regular Employee,False
W105236,2014-01-12,2025-12-20,Voluntary,Regular Employee,False
W105237,2021-10-18,2024-12-09,Voluntary,Regular Employee,False
W105238,2014-08-13,,,Regular Employee,False
W105239,2017-10-18,,,Regular Employee,False
W105240,2022-02-11,,,Regular Employee,False
W105241,2020-08-05,,,Regular Employee,False
W105242,2019-10-02,,,Regular Employee,False
W105243,2022-04-26,,,Regular Employee,False
W105244,2018-05-18,,,Regular Employee,False
W105245,2021-05-29,,,Regular Employee,False
W105246,2014-04-06,2024-09-06,Voluntary,Regular Employee,False
W105247,2019-06-22,,,Regular Employee,False
W105248,2014-01-25,,,Regular Employee,False
W105249,2022-06-02,,,Regular Employee,False
W105250,2021-01-06,2024-09-28,Voluntary,Regular Employee,False
W105251,2010-12-28,,,Regular Employee,False
W105252,2021-07-15,2024-07-21,Involuntary,Regular Employee,False
W105253,2021-03-11,2022-08-05,Voluntary,Regular Employee,False
W105254,2022-05-25,,,Regular Employee,False
W105255,2018-05-18,,,Regular Employee,False
W105256,2017-01-11,2024-10-28,Voluntary,Regular Employee,False
W105257,2019-10-25,,,Regular Employee,False
W105258,2019-09-08,,,Regular Employee,False
W105259,2015-01-21,2026-03-03,Involuntary,Regular Employee,False
W105260,2020-08-05,2024-12-12,Involuntary,Regular Employee,False
W105261,2021-10-03,2024-06-29,Voluntary,Regular Employee,False
W105262,2019-05-19,,,Regular Employee,False
W105263,2021-09-26,2023-01-17,Voluntary,Regular Employee,False
W105264,2019-11-16,2023-10-25,Voluntary,Regular Employee,False
W105265,2020-10-11,,,Regular Employee,False
W105266,2016-04-26,2024-02-15,Involuntary,Regular Employee,False
W105267,2021-03-01,2022-12-30,Involuntary,Regular Employee,False
W105268,2019-04-22,,,Regular Employee,False
W105269,2018-11-16,2025-05-31,Voluntary,Regular Employee,False
W105270,2021-06-23,,,Regular Employee,False
W105271,2014-08-13,,,Regular Employee,False
W105272,2019-07-11,,,Regular Employee,False
W105273,2021-08-29,,,Regular Employee,False
W105274,2011-07-28,2025-12-20,Involuntary,Regular Employee,False
W105275,2019-12-10,2022-10-04,Voluntary,Regular Employee,False
W105276,2020-02-11,2023-01-18,Voluntary,Regular Employee,False
W105277,2016-01-21,,,Regular Employee,False
W105278,2022-06-12,2024-11-03,Voluntary,Regular Employee,False
W105279,2010-09-16,2024-05-18,Involuntary,Regular Employee,False
W105280,2019-06-16,2023-10-16,Voluntary,Regular Employee,False
W105281,2019-11-05,2024-02-02,Voluntary,Regular Employee,False
W105282,2018-05-04,,,Regular Employee,False
W105283,2020-10-19,2024-12-08,Voluntary,Regular Employee,False
W105284,2021-07-24,,,Regular Employee,False
W105285,2022-03-22,,,Regular Employee,False
W105286,2015-12-26,,,Regular Employee,False
W105287,2021-09-27,,,Regular Employee,False
W105288,2020-06-19,,,Regular Employee,False
W105289,2021-01-13,2025-09-14,Voluntary,Regular Employee,False
W105290,2021-10-22,2026-04-27,Involuntary,Regular Employee,False
W105291,2021-01-03,,,Regular Employee,False
W105292,2020-07-01,,,Regular Employee,False
W105293,2017-09-22,,,Regular Employee,False
W105294,2021-09-20,,,Regular Employee,False
W105295,2015-12-16,,,Regular Employee,False
W105296,2017-02-20,2024-08-13,Voluntary,Regular Employee,False
W105297,2021-10-13,2023-11-06,Voluntary,Regular Employee,False
W105298,2021-03-28,2023-08-13,Voluntary,Regular Employee,False
W105299,2019-02-06,2025-03-04,Voluntary,Regular Employee,False
W105300,2013-12-25,2025-01-23,Involuntary,Regular Employee,False
W105301,2019-01-16,,,Regular Employee,False
W105302,2018-06-16,,,Regular Employee,False
W105303,2011-08-20,,,Regular Employee,False
W105304,2016-04-23,2024-02-21,Voluntary,Regular Employee,False
W105305,2015-10-17,,,Regular Employee,False
W105306,2021-10-25,,,Regular Employee,False
W105307,2013-11-19,,,Regular Employee,False
W105308,2020-10-30,2022-09-22,Voluntary,Regular Employee,False
W105309,2013-10-15,,,Regular Employee,False
W105310,2002-06-30,,,Regular Employee,False
W105311,2017-05-28,2023-04-05,Voluntary,Regular Employee,False
W105312,2020-05-04,2023-04-23,Voluntary,Regular Employee,False
W105313,2020-01-28,,,Regular Employee,False
W105314,2017-08-04,,,Regular Employee,False
W105315,2022-04-04,,,Regular Employee,False
W105316,2020-07-14,2026-04-12,Voluntary,Regular Employee,False
W105317,2020-06-09,2026-02-17,Voluntary,Regular Employee,False
W105318,2016-07-30,2023-06-24,Voluntary,Regular Employee,False
W105319,2020-02-06,,,Regular Employee,False
W105320,2017-04-10,,,Regular Employee,False
W105321,2021-12-09,,,Regular Employee,False
W105322,2018-12-28,,,Regular Employee,False
W105323,2021-06-18,,,Regular Employee,False
W105324,2020-12-21,2024-08-31,Voluntary,Regular Employee,False
W105325,2020-03-07,,,Regular Employee,False
W105326,2013-10-25,2023-10-28,Voluntary,Regular Employee,False
W105327,2012-02-07,,,Regular Employee,False
W105328,2019-03-01,,,Regular Employee,False
W105329,2016-10-23,,,Regular Employee,False
W105330,2019-01-04,2022-07-30,Voluntary,Regular Employee,False
W105331,2014-03-18,2024-09-11,Involuntary,Regular Employee,False
W105332,2013-07-01,,,Regular Employee,False
W105333,2013-11-28,,,Regular Employee,False
W105334,2014-10-28,,,Regular Employee,False
W105335,2020-06-28,,,Regular Employee,False
W105336,2002-06-30,2024-10-01,Involuntary,Regular Employee,False
W105337,2019-02-03,,,Regular Employee,False
W105338,2021-11-14,,,Regular Employee,False
W105339,2019-10-19,,,Regular Employee,False
W105340,2016-03-06,,,Regular Employee,False
W105341,2016-08-24,,,Regular Employee,False
W105342,2002-06-30,,,Regular Employee,False
W105343,2018-06-09,2024-02-17,Voluntary,Regular Employee,False
W105344,2020-12-31,,,Regular Employee,False
W105345,2016-01-08,,,Regular Employee,False
W105346,2004-02-29,2024-08-10,Voluntary,Regular Employee,False
W105347,2021-06-12,2023-04-04,Voluntary,Regular Employee,False
W105348,2016-03-29,,,Regular Employee,False
W105349,2017-01-19,,,Regular Employee,False
W105350,2019-11-22,,,Regular Employee,False
W105351,2013-05-14,,,Regular Employee,False
W105352,2016-11-30,,,Regular Employee,False
W105353,2017-03-12,,,Regular Employee,False
W105354,2013-12-09,2025-12-23,Voluntary,Regular Employee,False
W105355,2021-09-05,2023-12-30,Voluntary,Regular Employee,False
W105356,2014-10-26,2024-07-18,Voluntary,Regular Employee,False
W105357,2009-08-26,,,Regular Employee,False
W105358,2018-10-13,,,Regular Employee,False
W105359,2022-04-30,,,Regular Employee,False
W105360,2020-10-05,,,Regular Employee,False
W105361,2017-10-25,2022-12-05,Voluntary,Regular Employee,False
W105362,2021-11-24,,,Regular Employee,False
W105363,2019-01-10,,,Regular Employee,False
W105364,2015-06-06,,,Regular Employee,False
W105365,2011-01-22,2026-06-11,Voluntary,Regular Employee,False
W105366,2015-01-04,2022-10-28,Voluntary,Regular Employee,False
W105367,2019-10-30,,,Regular Employee,False
W105368,2017-11-15,,,Regular Employee,False
W105369,2010-04-26,,,Regular Employee,False
W105370,2021-02-27,2022-07-07,Voluntary,Regular Employee,False
W105371,2013-10-25,2025-01-06,Voluntary,Regular Employee,False
W105372,2007-08-08,,,Regular Employee,False
W105373,2019-12-04,,,Regular Employee,False
W105374,2015-10-04,,,Regular Employee,False
W105375,2016-02-15,,,Regular Employee,False
W105376,2015-08-28,,,Regular Employee,False
W105377,2018-04-22,2023-08-13,Voluntary,Regular Employee,False
W105378,2022-01-20,,,Regular Employee,False
W105379,2021-07-10,,,Regular Employee,False
W105380,2016-01-30,2026-01-30,Voluntary,Regular Employee,False
W105381,2020-05-21,2024-01-13,Voluntary,Regular Employee,False
W105382,2005-10-09,,,Regular Employee,False
W105383,2013-06-16,2022-09-09,Voluntary,Regular Employee,False
W105384,2017-07-21,,,Regular Employee,False
W105385,2020-06-07,,,Regular Employee,False
W105386,2015-11-30,,,Regular Employee,False
W105387,2021-12-01,,,Regular Employee,False
W105388,2014-07-28,,,Regular Employee,False
W105389,2020-09-09,,,Regular Employee,False
W105390,2006-03-01,,,Regular Employee,False
W105391,2022-05-08,,,Regular Employee,False
W105392,2021-10-29,,,Regular Employee,False
W105393,2022-03-12,2023-05-17,Voluntary,Regular Employee,False
W105394,2021-07-03,2024-04-26,Voluntary,Regular Employee,False
W105395,2020-08-30,,,Regular Employee,False
W105396,2016-09-12,,,Regular Employee,False
W105397,2020-03-13,2023-10-08,Voluntary,Regular Employee,False
W105398,2017-02-14,2025-06-06,Voluntary,Regular Employee,False
W105399,2017-05-14,,,Regular Employee,False
W105400,2017-07-16,2025-09-24,Voluntary,Regular Employee,False
W105401,2015-04-19,2023-07-14,Involuntary,Regular Employee,False
W105402,2022-06-06,2023-05-25,Voluntary,Regular Employee,False
W105403,2017-10-24,,,Regular Employee,False
W105404,2017-07-04,2023-11-04,Voluntary,Regular Employee,False
W105405,2018-01-01,,,Regular Employee,False
W105406,2019-12-27,,,Regular Employee,False
W105407,2014-11-01,2025-02-17,Involuntary,Regular Employee,False
W105408,2021-02-15,,,Regular Employee,False
W105409,2015-01-20,2025-01-27,Voluntary,Regular Employee,False
W105410,2022-05-12,2025-07-09,Voluntary,Regular Employee,False
W105411,2021-12-22,2024-03-31,Voluntary,Regular Employee,False
W105412,2021-12-30,2022-10-25,Voluntary,Regular Employee,False
W105413,2018-02-07,,,Regular Employee,False
W105414,2014-05-21,2023-02-22,Involuntary,Regular Employee,False
W105415,2021-12-20,,,Regular Employee,False
W105416,2021-05-03,2023-10-17,Voluntary,Regular Employee,False
W105417,2015-03-31,,,Regular Employee,False
W105418,2019-12-22,,,Regular Employee,False
W105419,2022-04-30,,,Regular Employee,False
W105420,2002-06-30,2022-07-22,Voluntary,Regular Employee,False
W105421,2017-07-28,,,Regular Employee,False
W105422,2020-02-29,2026-06-01,Voluntary,Regular Employee,False
W105423,2018-07-04,2025-07-10,Voluntary,Regular Employee,False
W105424,2020-05-28,,,Regular Employee,False
W105425,2018-08-30,,,Regular Employee,False
W105426,2019-11-27,,,Regular Employee,False
W105427,2017-07-19,,,Regular Employee,False
W105428,2021-07-29,2023-04-03,Voluntary,Regular Employee,False
W105429,2002-06-30,,,Regular Employee,False
W105430,2019-08-25,,,Regular Employee,False
W105431,2019-09-16,,,Regular Employee,False
W105432,2021-12-31,,,Regular Employee,False
W105433,2022-02-02,2024-08-11,Involuntary,Regular Employee,False
W105434,2018-09-21,2023-06-03,Voluntary,Regular Employee,False
W105435,2019-11-04,,,Regular Employee,False
W105436,2021-05-11,,,Regular Employee,False
W105437,2020-12-25,2025-05-20,Voluntary,Regular Employee,False
W105438,2010-08-29,2023-03-21,Voluntary,Regular Employee,False
W105439,2021-11-28,2023-04-11,Voluntary,Regular Employee,False
W105440,2020-01-17,,,Regular Employee,False
W105441,2021-09-04,,,Regular Employee,False
W105442,2021-12-06,2025-10-04,Involuntary,Regular Employee,False
W105443,2021-08-27,2024-07-14,Voluntary,Regular Employee,False
W105444,2022-03-18,2024-05-12,Voluntary,Regular Employee,False
W105445,2022-03-30,,,Regular Employee,False
W105446,2017-10-17,2025-07-19,Voluntary,Regular Employee,False
W105447,2018-07-23,,,Regular Employee,False
W105448,2016-07-30,,,Regular Employee,False
W105449,2021-03-05,2022-10-15,Voluntary,Regular Employee,False
W105450,2015-02-18,,,Regular Employee,False
W105451,2016-03-15,2024-03-27,Voluntary,Regular Employee,False
W105452,2017-10-02,,,Regular Employee,False
W105453,2021-08-26,,,Regular Employee,False
W105454,2009-12-20,,,Regular Employee,False
W105455,2017-08-30,,,Regular Employee,False
W105456,2012-08-12,2023-04-17,Voluntary,Regular Employee,False
W105457,2022-03-30,2023-07-01,Voluntary,Regular Employee,False
W105458,2019-09-13,2026-06-15,Voluntary,Regular Employee,False
W105459,2012-10-25,2025-08-18,Voluntary,Regular Employee,False
W105460,2002-06-30,,,Regular Employee,False
W105461,2019-12-06,2024-09-13,Voluntary,Regular Employee,False
W105462,2009-12-19,2022-10-12,Voluntary,Regular Employee,False
W105463,2021-09-11,,,Regular Employee,False
W105464,2012-01-06,,,Regular Employee,False
W105465,2019-12-04,,,Regular Employee,False
W105466,2019-05-01,,,Regular Employee,False
W105467,2016-05-27,2025-03-20,Involuntary,Regular Employee,False
W105468,2016-11-24,,,Regular Employee,False
W105469,2022-03-26,,,Regular Employee,False
W105470,2010-02-03,,,Regular Employee,False
W105471,2019-12-04,,,Regular Employee,False
W105472,2019-11-08,,,Regular Employee,False
W105473,2021-05-22,2025-02-24,Voluntary,Regular Employee,False
W105474,2020-06-20,2023-01-22,Voluntary,Regular Employee,False
W105475,2019-06-13,,,Regular Employee,False
W105476,2011-01-30,,,Regular Employee,False
W105477,2020-05-23,,,Regular Employee,False
W105478,2019-04-02,,,Regular Employee,False
W105479,2021-01-21,,,Regular Employee,False
W105480,2022-05-11,,,Regular Employee,False
W105481,2019-07-10,,,Regular Employee,False
W105482,2018-10-23,,,Regular Employee,False
W105483,2017-04-29,2024-08-18,Involuntary,Regular Employee,False
W105484,2013-08-25,2022-07-07,Voluntary,Regular Employee,False
W105485,2019-06-12,,,Regular Employee,False
W105486,2021-04-25,,,Regular Employee,False
W105487,2008-11-22,,,Regular Employee,False
W105488,2020-10-01,,,Regular Employee,False
W105489,2021-07-20,,,Regular Employee,False
W105490,2012-07-24,2024-11-20,Voluntary,Regular Employee,False
W105491,2020-09-28,,,Regular Employee,False
W105492,2016-12-08,,,Regular Employee,False
W105493,2019-06-30,,,Regular Employee,False
W105494,2016-12-16,2025-02-15,Voluntary,Regular Employee,False
W105495,2020-08-27,,,Regular Employee,False
W105496,2022-04-21,2022-07-10,Voluntary,Regular Employee,False
W105497,2022-03-18,2025-10-30,Voluntary,Regular Employee,False
W105498,2021-07-04,,,Regular Employee,False
W105499,2021-12-12,,,Regular Employee,False
W105500,2007-12-14,,,Regular Employee,False
W105501,2020-04-23,2023-05-23,Involuntary,Regular Employee,False
W105502,2020-12-28,2026-05-17,Voluntary,Regular Employee,False
W105503,2006-02-16,,,Regular Employee,False
W105504,2019-11-02,2025-06-26,Voluntary,Regular Employee,False
W105505,2005-06-01,,,Regular Employee,False
W105506,2022-05-15,,,Regular Employee,False
W105507,2021-07-28,,,Regular Employee,False
W105508,2017-05-01,2022-11-04,Voluntary,Regular Employee,False
W105509,2018-06-28,,,Regular Employee,False
W105510,2020-09-08,,,Regular Employee,False
W105511,2022-01-18,,,Regular Employee,False
W105512,2004-08-26,,,Regular Employee,False
W105513,2015-01-24,2022-09-12,Voluntary,Regular Employee,False
W105514,2020-09-01,2025-08-27,Voluntary,Regular Employee,False
W105515,2020-04-16,2025-09-25,Involuntary,Regular Employee,False
W105516,2020-09-30,2023-07-05,Voluntary,Regular Employee,False
W105517,2020-10-24,2025-10-23,Voluntary,Regular Employee,False
W105518,2022-04-14,2024-02-07,Involuntary,Regular Employee,False
W105519,2016-01-07,,,Regular Employee,False
W105520,2020-04-30,2022-11-24,Voluntary,Regular Employee,False
W105521,2021-01-24,,,Regular Employee,False
W105522,2021-09-28,,,Regular Employee,False
W105523,2011-10-16,2022-11-13,Voluntary,Regular Employee,False
W105524,2020-01-29,,,Regular Employee,False
W105525,2021-09-20,2025-01-24,Voluntary,Regular Employee,False
W105526,2022-06-11,2023-05-11,Voluntary,Regular Employee,False
W105527,2022-04-30,2022-07-19,Voluntary,Regular Employee,False
W105528,2021-04-22,,,Regular Employee,False
W105529,2018-06-17,,,Regular Employee,False
W105530,2021-01-08,2023-01-29,Voluntary,Regular Employee,False
W105531,2014-03-02,,,Regular Employee,False
W105532,2018-04-01,,,Regular Employee,False
W105533,2022-01-09,2026-03-29,Voluntary,Regular Employee,False
W105534,2020-05-04,,,Regular Employee,False
W105535,2020-07-02,2023-03-18,Voluntary,Regular Employee,False
W105536,2002-06-30,,,Regular Employee,False
W105537,2004-01-27,,,Regular Employee,False
W105538,2020-07-02,2024-11-17,Involuntary,Regular Employee,False
W105539,2022-05-25,2022-10-02,Involuntary,Regular Employee,False
W105540,2019-06-09,2023-10-17,Voluntary,Regular Employee,False
W105541,2022-05-27,2023-10-15,Voluntary,Regular Employee,False
W105542,2009-05-30,2025-03-20,Voluntary,Regular Employee,False
W105543,2018-03-26,,,Regular Employee,False
W105544,2012-05-19,2025-04-29,Involuntary,Regular Employee,False
W105545,2017-04-09,,,Regular Employee,False
W105546,2019-12-08,,,Regular Employee,False
W105547,2020-10-10,2022-08-03,Voluntary,Regular Employee,False
W105548,2016-11-18,,,Regular Employee,False
W105549,2020-12-10,2023-02-09,Involuntary,Regular Employee,False
W105550,2020-01-08,2023-11-04,Voluntary,Regular Employee,False
W105551,2022-06-12,2023-10-28,Voluntary,Regular Employee,False
W105552,2019-04-09,,,Regular Employee,False
W105553,2017-01-21,,,Regular Employee,False
W105554,2021-08-20,,,Regular Employee,False
W105555,2020-04-03,,,Regular Employee,False
W105556,2022-01-16,,,Regular Employee,False
W105557,2020-09-03,2024-05-10,Voluntary,Regular Employee,False
W105558,2016-11-14,,,Regular Employee,False
W105559,2019-04-12,,,Regular Employee,False
W105560,2022-02-19,,,Regular Employee,False
W105561,2020-06-10,2023-08-19,Involuntary,Regular Employee,False
W105562,2021-01-02,2023-05-27,Voluntary,Regular Employee,False
W105563,2020-07-19,2022-12-29,Voluntary,Regular Employee,False
W105564,2020-10-29,2023-01-12,Involuntary,Regular Employee,False
W105565,2017-05-04,,,Regular Employee,False
W105566,2014-01-28,,,Regular Employee,False
W105567,2020-09-26,,,Regular Employee,False
W105568,2004-09-20,2023-01-09,Voluntary,Regular Employee,False
W105569,2022-04-30,,,Regular Employee,False
W105570,2018-05-10,,,Regular Employee,False
W105571,2020-08-13,,,Regular Employee,False
W105572,2020-12-31,,,Regular Employee,False
W105573,2021-04-28,,,Regular Employee,False
W105574,2019-08-07,,,Regular Employee,False
W105575,2013-06-17,,,Regular Employee,False
W105576,2019-06-02,2023-02-25,Involuntary,Regular Employee,False
W105577,2011-02-21,,,Regular Employee,False
W105578,2020-11-22,,,Regular Employee,False
W105579,2020-01-08,,,Regular Employee,False
W105580,2022-02-12,,,Regular Employee,False
W105581,2017-01-28,,,Regular Employee,False
W105582,2020-08-20,2024-02-15,Involuntary,Regular Employee,False
W105583,2022-03-19,,,Regular Employee,False
W105584,2020-08-20,2022-09-29,Voluntary,Regular Employee,False
W105585,2002-06-30,2022-11-28,Voluntary,Regular Employee,False
W105586,2022-04-04,2025-11-13,Voluntary,Regular Employee,False
W105587,2020-08-03,,,Regular Employee,False
W105588,2020-10-13,,,Regular Employee,False
W105589,2020-12-18,,,Regular Employee,False
W105590,2021-10-07,,,Regular Employee,False
W105591,2020-05-30,,,Regular Employee,False
W105592,2021-07-29,,,Regular Employee,False
W105593,2020-05-15,,,Regular Employee,False
W105594,2021-01-06,2024-02-15,Involuntary,Regular Employee,False
W105595,2022-04-12,2025-03-11,Involuntary,Regular Employee,False
W105596,2021-08-12,2023-05-04,Voluntary,Regular Employee,False
W105597,2021-04-11,,,Regular Employee,False
W105598,2021-06-15,,,Regular Employee,False
W105599,2016-07-21,2023-01-18,Voluntary,Regular Employee,False
W105600,2019-06-25,2022-07-26,Voluntary,Regular Employee,False
W105601,2020-02-29,,,Regular Employee,False
W105602,2019-07-03,,,Regular Employee,False
W105603,2021-03-24,,,Regular Employee,False
W105604,2016-11-24,2025-05-10,Voluntary,Regular Employee,False
W105605,2015-11-05,2022-12-01,Voluntary,Regular Employee,False
W105606,2016-09-23,,,Regular Employee,False
W105607,2017-02-11,,,Regular Employee,False
W105608,2020-04-14,,,Regular Employee,False
W105609,2019-07-05,2022-08-23,Voluntary,Regular Employee,False
W105610,2018-05-20,,,Regular Employee,False
W105611,2017-11-09,,,Regular Employee,False
W105612,2013-11-30,2025-11-21,Voluntary,Regular Employee,False
W105613,2019-03-22,2022-08-24,Involuntary,Regular Employee,False
W105614,2019-06-16,,,Regular Employee,False
W105615,2013-10-02,2024-08-01,Involuntary,Regular Employee,False
W105616,2019-06-24,2022-11-23,Voluntary,Regular Employee,False
W105617,2019-03-17,,,Regular Employee,False
W105618,2022-05-17,,,Regular Employee,False
W105619,2020-07-18,,,Regular Employee,False
W105620,2020-11-04,,,Regular Employee,False
W105621,2017-07-22,2024-05-28,Voluntary,Regular Employee,False
W105622,2021-02-08,,,Regular Employee,False
W105623,2017-06-23,2024-06-06,Voluntary,Regular Employee,False
W105624,2019-08-29,,,Regular Employee,False
W105625,2019-08-23,,,Regular Employee,False
W105626,2019-08-15,,,Regular Employee,False
W105627,2016-09-19,,,Regular Employee,False
W105628,2020-02-07,,,Regular Employee,False
W105629,2009-03-09,2023-07-18,Voluntary,Regular Employee,False
W105630,2002-06-30,,,Regular Employee,False
W105631,2006-07-21,2024-08-24,Voluntary,Regular Employee,False
W105632,2016-08-22,,,Regular Employee,False
W105633,2012-10-25,,,Regular Employee,False
W105634,2015-02-04,,,Regular Employee,False
W105635,2007-07-19,2025-02-28,Involuntary,Regular Employee,False
W105636,2012-06-22,,,Regular Employee,False
W105637,2021-12-17,2024-02-09,Involuntary,Regular Employee,False
W105638,2017-04-14,2024-06-17,Voluntary,Regular Employee,False
W105639,2019-10-02,2025-06-14,Voluntary,Regular Employee,False
W105640,2017-11-12,2024-01-03,Voluntary,Regular Employee,False
W105641,2007-10-11,,,Regular Employee,False
W105642,2021-09-13,2022-10-19,Involuntary,Regular Employee,False
W105643,2022-01-01,2023-03-14,Involuntary,Regular Employee,False
W105644,2015-12-22,2023-01-24,Voluntary,Regular Employee,False
W105645,2020-12-18,,,Regular Employee,False
W105646,2007-03-15,,,Regular Employee,False
W105647,2012-04-18,2023-05-20,Voluntary,Regular Employee,False
W105648,2020-10-16,,,Regular Employee,False
W105649,2020-08-16,,,Regular Employee,False
W105650,2018-01-23,2024-02-15,Involuntary,Regular Employee,False
W105651,2019-01-01,,,Regular Employee,False
W105652,2020-12-06,,,Regular Employee,False
W105653,2019-01-03,2022-07-04,Voluntary,Regular Employee,False
W105654,2020-03-14,,,Regular Employee,False
W105655,2017-01-14,,,Regular Employee,False
W105656,2015-12-10,,,Regular Employee,False
W105657,2020-06-17,,,Regular Employee,False
W105658,2010-10-21,,,Regular Employee,False
W105659,2020-08-21,2024-07-06,Voluntary,Regular Employee,False
W105660,2021-06-20,,,Regular Employee,False
W105661,2022-04-19,,,Regular Employee,False
W105662,2019-10-31,,,Regular Employee,False
W105663,2013-01-01,,,Regular Employee,False
W105664,2017-10-21,2024-02-16,Voluntary,Regular Employee,False
W105665,2014-11-02,,,Regular Employee,False
W105666,2016-08-25,,,Regular Employee,False
W105667,2010-08-26,,,Regular Employee,False
W105668,2020-02-17,2023-01-19,Voluntary,Regular Employee,False
W105669,2021-01-19,,,Regular Employee,False
W105670,2021-05-13,,,Regular Employee,False
W105671,2022-06-10,,,Regular Employee,False
W105672,2021-06-01,,,Regular Employee,False
W105673,2015-02-27,,,Regular Employee,False
W105674,2018-09-03,,,Regular Employee,False
W105675,2021-01-30,2023-11-04,Voluntary,Regular Employee,False
W105676,2021-10-13,2026-03-19,Voluntary,Regular Employee,False
W105677,2022-06-12,,,Regular Employee,False
W105678,2020-10-13,2024-02-15,Involuntary,Regular Employee,False
W105679,2021-02-03,,,Regular Employee,False
W105680,2017-02-18,,,Regular Employee,False
W105681,2020-07-27,2024-02-08,Involuntary,Regular Employee,False
W105682,2013-05-12,,,Regular Employee,False
W105683,2007-12-01,2023-01-25,Voluntary,Regular Employee,False
W105684,2014-10-25,,,Regular Employee,False
W105685,2020-05-04,2023-12-16,Voluntary,Regular Employee,False
W105686,2020-04-04,2026-03-13,Voluntary,Regular Employee,False
W105687,2021-05-15,2022-08-22,Involuntary,Regular Employee,False
W105688,2020-06-16,,,Regular Employee,False
W105689,2019-09-28,2024-09-02,Involuntary,Regular Employee,False
W105690,2020-10-07,2022-08-27,Voluntary,Regular Employee,False
W105691,2019-11-30,2024-03-19,Voluntary,Regular Employee,False
W105692,2020-01-14,,,Regular Employee,False
W105693,2020-05-28,2024-04-10,Voluntary,Regular Employee,False
W105694,2020-02-11,2026-04-09,Voluntary,Regular Employee,False
W105695,2018-11-07,,,Regular Employee,False
W105696,2022-02-16,2025-11-27,Involuntary,Regular Employee,False
W105697,2014-01-18,,,Regular Employee,False
W105698,2007-03-04,2022-11-22,Voluntary,Regular Employee,False
W105699,2021-05-08,2023-05-30,Voluntary,Regular Employee,False
W105700,2022-04-21,,,Regular Employee,False
W105701,2021-08-23,2023-04-04,Involuntary,Regular Employee,False
W105702,2022-05-10,2022-07-18,Voluntary,Regular Employee,False
W105703,2018-09-01,,,Regular Employee,False
W105704,2020-03-17,2025-04-23,Involuntary,Regular Employee,False
W105705,2020-11-25,,,Regular Employee,False
W105706,2019-11-03,,,Regular Employee,False
W105707,2020-03-03,,,Regular Employee,False
W105708,2007-07-12,2025-10-25,Involuntary,Regular Employee,False
W105709,2020-08-30,2026-01-06,Voluntary,Regular Employee,False
W105710,2020-10-19,,,Regular Employee,False
W105711,2022-05-03,,,Regular Employee,False
W105712,2019-04-30,,,Regular Employee,False
W105713,2016-09-08,2022-11-10,Voluntary,Regular Employee,False
W105714,2020-03-16,2024-03-06,Voluntary,Regular Employee,False
W105715,2021-08-12,,,Regular Employee,False
W105716,2012-04-27,,,Regular Employee,False
W105717,2008-06-29,2023-04-21,Voluntary,Regular Employee,False
W105718,2020-11-19,,,Regular Employee,False
W105719,2021-06-07,,,Regular Employee,False
W105720,2017-12-05,2024-09-18,Voluntary,Regular Employee,False
W105721,2014-01-17,2022-08-09,Voluntary,Regular Employee,False
W105722,2018-02-25,,,Regular Employee,False
W105723,2015-04-16,,,Regular Employee,False
W105724,2021-02-06,,,Regular Employee,False
W105725,2021-08-06,,,Regular Employee,False
W105726,2021-03-30,,,Regular Employee,False
W105727,2017-07-03,,,Regular Employee,False
W105728,2020-01-27,,,Regular Employee,False
W105729,2020-12-23,,,Regular Employee,False
W105730,2021-03-30,,,Regular Employee,False
W105731,2020-01-09,2026-06-20,Voluntary,Regular Employee,False
W105732,2019-04-04,,,Regular Employee,False
W105733,2011-07-22,2026-01-06,Voluntary,Regular Employee,False
W105734,2021-12-08,,,Regular Employee,False
W105735,2021-01-30,2025-12-30,Voluntary,Regular Employee,False
W105736,2016-04-23,,,Regular Employee,False
W105737,2020-06-15,,,Regular Employee,False
W105738,2018-03-06,,,Regular Employee,False
W105739,2020-10-25,,,Regular Employee,False
W105740,2020-10-19,,,Regular Employee,False
W105741,2019-02-17,,,Regular Employee,False
W105742,2018-12-19,2023-06-14,Voluntary,Regular Employee,False
W105743,2010-03-25,,,Regular Employee,False
W105744,2017-05-18,,,Regular Employee,False
W105745,2020-12-17,,,Regular Employee,False
W105746,2014-06-14,,,Regular Employee,False
W105747,2009-01-01,2022-12-16,Voluntary,Regular Employee,False
W105748,2007-07-28,,,Regular Employee,False
W105749,2018-07-13,,,Regular Employee,False
W105750,2022-06-12,,,Regular Employee,False
W105751,2007-04-01,,,Regular Employee,False
W105752,2017-04-30,2025-08-24,Voluntary,Regular Employee,False
W105753,2019-07-18,2024-01-17,Involuntary,Regular Employee,False
W105754,2020-07-05,,,Regular Employee,False
W105755,2009-05-24,,,Regular Employee,False
W105756,2020-05-01,2025-06-10,Involuntary,Regular Employee,False
W105757,2017-04-20,,,Regular Employee,False
W105758,2016-07-01,2025-04-07,Voluntary,Regular Employee,False
W105759,2020-10-05,,,Regular Employee,False
W105760,2013-12-07,,,Regular Employee,False
W105761,2014-11-22,2026-04-08,Voluntary,Regular Employee,False
W105762,2016-01-20,,,Regular Employee,False
W105763,2010-10-02,,,Regular Employee,False
W105764,2002-06-30,,,Regular Employee,False
W105765,2019-05-20,,,Regular Employee,False
W105766,2020-05-17,2024-09-01,Voluntary,Regular Employee,False
W105767,2021-05-30,,,Regular Employee,False
W105768,2020-09-21,2024-04-27,Voluntary,Regular Employee,False
W105769,2022-02-28,2024-05-20,Voluntary,Regular Employee,False
W105770,2021-05-19,2024-08-31,Voluntary,Regular Employee,False
W105771,2011-03-18,,,Regular Employee,False
W105772,2019-01-26,,,Regular Employee,False
W105773,2020-02-16,,,Regular Employee,False
W105774,2014-01-26,,,Regular Employee,False
W105775,2021-06-04,,,Regular Employee,False
W105776,2022-03-30,2023-04-21,Involuntary,Regular Employee,False
W105777,2021-02-03,2025-07-15,Voluntary,Regular Employee,False
W105778,2021-10-29,,,Regular Employee,False
W105779,2021-11-27,2022-07-18,Voluntary,Regular Employee,False
W105780,2022-06-12,2024-01-11,Voluntary,Regular Employee,False
W105781,2021-03-10,2023-03-09,Voluntary,Regular Employee,False
W105782,2014-03-25,,,Regular Employee,False
W105783,2013-11-18,,,Regular Employee,False
W105784,2020-03-07,,,Regular Employee,False
W105785,2014-01-18,,,Regular Employee,False
W105786,2020-11-01,,,Regular Employee,False
W105787,2014-11-01,,,Regular Employee,False
W105788,2017-03-17,,,Regular Employee,False
W105789,2017-09-11,,,Regular Employee,False
W105790,2020-01-02,,,Regular Employee,False
W105791,2014-04-14,2025-10-25,Voluntary,Regular Employee,False
W105792,2018-04-19,,,Regular Employee,False
W105793,2014-06-18,,,Regular Employee,False
W105794,2022-05-16,2025-03-05,Voluntary,Regular Employee,False
W105795,2013-12-17,,,Regular Employee,False
W105796,2022-06-12,2022-11-23,Voluntary,Regular Employee,False
W105797,2019-11-23,,,Regular Employee,False
W105798,2015-06-08,,,Regular Employee,False
W105799,2021-10-01,2022-07-05,Voluntary,Regular Employee,False
W105800,2019-11-25,2025-04-01,Voluntary,Regular Employee,False
W105801,2022-06-12,2024-02-15,Involuntary,Regular Employee,False
W105802,2007-11-28,,,Regular Employee,False
W105803,2021-11-21,,,Regular Employee,False
W105804,2020-05-08,,,Regular Employee,False
W105805,2018-01-14,,,Regular Employee,False
W105806,2021-08-05,,,Regular Employee,False
W105807,2019-08-09,2025-04-14,Involuntary,Regular Employee,False
W105808,2017-08-25,,,Regular Employee,False
W105809,2022-02-26,,,Regular Employee,False
W105810,2015-08-11,,,Regular Employee,False
W105811,2017-08-15,2022-11-04,Voluntary,Regular Employee,False
W105812,2015-09-13,,,Regular Employee,False
W105813,2016-10-12,2023-04-27,Voluntary,Regular Employee,False
W105814,2022-04-17,2022-12-09,Voluntary,Regular Employee,False
W105815,2021-07-03,,,Regular Employee,False
W105816,2020-06-23,,,Regular Employee,False
W105817,2019-07-14,,,Regular Employee,False
W105818,2019-04-11,2024-07-28,Involuntary,Regular Employee,False
W105819,2002-10-06,,,Regular Employee,False
W105820,2008-12-06,,,Regular Employee,False
W105821,2021-03-02,2022-08-14,Involuntary,Regular Employee,False
W105822,2019-10-11,,,Regular Employee,False
W105823,2013-10-25,,,Regular Employee,False
W105824,2014-09-28,,,Regular Employee,False
W105825,2012-12-13,,,Regular Employee,False
W105826,2015-07-16,,,Regular Employee,False
W105827,2018-07-16,,,Regular Employee,False
W105828,2018-04-10,,,Regular Employee,False
W105829,2020-02-18,,,Regular Employee,False
W105830,2009-11-17,,,Regular Employee,False
W105831,2019-09-26,2022-07-30,Voluntary,Regular Employee,False
W105832,2016-07-11,,,Regular Employee,False
W105833,2020-03-28,2022-11-06,Voluntary,Regular Employee,False
W105834,2022-04-29,,,Regular Employee,False
W105835,2022-05-20,,,Regular Employee,False
W105836,2018-11-19,,,Regular Employee,False
W105837,2020-11-04,2026-05-29,Voluntary,Regular Employee,False
W105838,2019-12-08,,,Regular Employee,False
W105839,2013-04-30,,,Regular Employee,False
W105840,2017-04-27,,,Regular Employee,False
W105841,2019-10-10,,,Regular Employee,False
W105842,2020-07-22,,,Regular Employee,False
W105843,2017-10-04,,,Regular Employee,False
W105844,2017-09-05,2023-05-12,Involuntary,Regular Employee,False
W105845,2014-06-01,,,Regular Employee,False
W105846,2019-03-06,2025-12-08,Involuntary,Regular Employee,False
W105847,2020-07-17,,,Regular Employee,False
W105848,2019-09-29,,,Regular Employee,False
W105849,2021-01-07,,,Regular Employee,False
W105850,2018-11-01,,,Regular Employee,False
W105851,2018-11-12,,,Regular Employee,False
W105852,2021-10-28,2024-09-25,Voluntary,Regular Employee,False
W105853,2019-06-08,,,Regular Employee,False
W105854,2018-07-04,,,Regular Employee,False
W105855,2018-07-06,,,Regular Employee,False
W105856,2014-02-15,2024-08-10,Involuntary,Regular Employee,False
W105857,2019-08-11,,,Regular Employee,False
W105858,2018-08-02,,,Regular Employee,False
W105859,2017-08-24,2024-01-09,Voluntary,Regular Employee,False
W105860,2009-12-02,,,Regular Employee,False
W105861,2022-04-06,2024-03-10,Voluntary,Regular Employee,False
W105862,2018-08-05,,,Regular Employee,False
W105863,2016-06-13,2024-09-01,Voluntary,Regular Employee,False
W105864,2011-04-20,,,Regular Employee,False
W105865,2004-04-26,,,Regular Employee,False
W105866,2017-05-29,2025-12-11,Voluntary,Regular Employee,False
W105867,2021-07-23,2025-09-11,Voluntary,Regular Employee,False
W105868,2021-08-24,,,Regular Employee,False
W105869,2017-12-09,2022-11-29,Involuntary,Regular Employee,False
W105870,2021-05-06,2023-05-08,Voluntary,Regular Employee,False
W105871,2022-06-12,,,Regular Employee,False
W105872,2019-09-23,2022-10-22,Voluntary,Regular Employee,False
W105873,2021-03-01,,,Regular Employee,False
W105874,2021-08-20,,,Regular Employee,False
W105875,2016-08-03,,,Regular Employee,False
W105876,2016-10-31,,,Regular Employee,False
W105877,2019-06-26,,,Regular Employee,False
W105878,2016-03-16,,,Regular Employee,False
W105879,2018-08-20,,,Regular Employee,False
W105880,2014-08-17,,,Regular Employee,False
W105881,2022-03-20,2026-03-15,Voluntary,Regular Employee,False
W105882,2020-09-19,,,Regular Employee,False
W105883,2022-05-31,,,Regular Employee,False
W105884,2019-07-27,,,Regular Employee,False
W105885,2019-03-06,2024-03-08,Voluntary,Regular Employee,False
W105886,2021-04-02,2024-05-05,Voluntary,Regular Employee,False
W105887,2021-10-23,,,Regular Employee,False
W105888,2013-09-23,,,Regular Employee,False
W105889,2010-09-18,,,Regular Employee,False
W105890,2018-05-03,,,Regular Employee,False
W105891,2018-05-06,,,Regular Employee,False
W105892,2016-05-28,,,Regular Employee,False
W105893,2004-11-24,,,Regular Employee,False
W105894,2018-09-28,,,Regular Employee,False
W105895,2021-09-18,2022-09-08,Voluntary,Regular Employee,False
W105896,2020-03-28,,,Regular Employee,False
W105897,2020-11-24,2023-01-27,Involuntary,Regular Employee,False
W105898,2014-10-30,2023-04-30,Voluntary,Regular Employee,False
W105899,2016-07-13,,,Regular Employee,False
W105900,2018-01-29,,,Regular Employee,False
W105901,2021-04-20,,,Regular Employee,False
W105902,2022-03-11,2024-03-08,Involuntary,Regular Employee,False
W105903,2014-06-30,,,Regular Employee,False
W105904,2016-12-04,,,Regular Employee,False
W105905,2002-06-30,2023-10-25,Voluntary,Regular Employee,False
W105906,2018-06-25,,,Regular Employee,False
W105907,2019-10-25,,,Regular Employee,False
W105908,2021-04-26,,,Regular Employee,False
W105909,2019-11-19,,,Regular Employee,False
W105910,2018-01-15,,,Regular Employee,False
W105911,2018-01-07,,,Regular Employee,False
W105912,2018-04-14,2024-02-21,Voluntary,Regular Employee,False
W105913,2020-04-02,,,Regular Employee,False
W105914,2016-08-05,,,Regular Employee,False
W105915,2021-06-27,2025-10-07,Voluntary,Regular Employee,False
W105916,2019-05-02,,,Regular Employee,False
W105917,2007-01-17,,,Regular Employee,False
W105918,2017-08-17,,,Regular Employee,False
W105919,2012-09-25,,,Regular Employee,False
W105920,2016-03-22,,,Regular Employee,False
W105921,2021-04-16,2024-02-15,Involuntary,Regular Employee,False
W105922,2013-05-18,2023-02-17,Voluntary,Regular Employee,False
W105923,2020-07-30,,,Regular Employee,False
W105924,2016-06-01,,,Regular Employee,False
W105925,2017-06-03,,,Regular Employee,False
W105926,2015-01-21,,,Regular Employee,False
W105927,2002-07-28,,,Regular Employee,False
W105928,2010-09-24,2024-09-26,Voluntary,Regular Employee,False
W105929,2022-06-12,,,Regular Employee,False
W105930,2009-08-05,,,Regular Employee,False
W105931,2015-12-15,2023-02-26,Voluntary,Regular Employee,False
W105932,2016-01-25,,,Regular Employee,False
W105933,2016-05-09,2022-11-27,Voluntary,Regular Employee,False
W105934,2021-10-29,,,Regular Employee,False
W105935,2020-05-15,2022-08-04,Voluntary,Regular Employee,False
W105936,2017-09-26,2025-04-11,Voluntary,Regular Employee,False
W105937,2018-11-29,2024-09-21,Voluntary,Regular Employee,False
W105938,2021-03-18,,,Regular Employee,False
W105939,2019-11-06,2023-12-06,Voluntary,Regular Employee,False
W105940,2005-09-07,,,Regular Employee,False
W105941,2009-12-06,,,Regular Employee,False
W105942,2004-02-28,,,Regular Employee,False
W105943,2008-09-30,,,Regular Employee,False
W105944,2022-02-18,,,Regular Employee,False
W105945,2022-02-19,,,Regular Employee,False
W105946,2017-06-05,2024-11-20,Voluntary,Regular Employee,False
W105947,2013-12-02,2025-01-12,Voluntary,Regular Employee,False
W105948,2016-07-31,2025-03-11,Involuntary,Regular Employee,False
W105949,2015-04-10,,,Regular Employee,False
W105950,2021-04-26,,,Regular Employee,False
W105951,2020-11-13,2023-09-26,Voluntary,Regular Employee,False
W105952,2019-08-06,,,Regular Employee,False
W105953,2021-12-16,,,Regular Employee,False
W105954,2019-01-22,,,Regular Employee,False
W105955,2019-06-22,,,Regular Employee,False
W105956,2021-12-12,,,Regular Employee,False
W105957,2009-11-18,,,Regular Employee,False
W105958,2008-12-19,,,Regular Employee,False
W105959,2018-12-29,2024-02-15,Involuntary,Regular Employee,False
W105960,2016-02-22,,,Regular Employee,False
W105961,2020-11-13,,,Regular Employee,False
W105962,2022-05-25,,,Regular Employee,False
W105963,2020-04-23,,,Regular Employee,False
W105964,2020-08-03,2024-03-10,Voluntary,Regular Employee,False
W105965,2019-10-01,2025-08-31,Voluntary,Regular Employee,False
W105966,2021-11-30,,,Regular Employee,False
W105967,2011-07-13,,,Regular Employee,False
W105968,2019-03-10,2022-09-14,Involuntary,Regular Employee,False
W105969,2020-07-13,2024-03-20,Voluntary,Regular Employee,False
W105970,2021-01-09,2024-09-26,Involuntary,Regular Employee,False
W105971,2020-01-21,,,Regular Employee,False
W105972,2017-09-18,2024-06-11,Involuntary,Regular Employee,False
W105973,2019-05-13,,,Regular Employee,False
W105974,2021-10-30,,,Regular Employee,False
W105975,2022-06-09,,,Regular Employee,False
W105976,2019-10-16,2025-12-04,Voluntary,Regular Employee,False
W105977,2017-11-23,,,Regular Employee,False
W105978,2010-10-05,2023-04-08,Voluntary,Regular Employee,False
W105979,2012-07-20,2026-04-15,Voluntary,Regular Employee,False
W105980,2020-07-29,,,Regular Employee,False
W105981,2016-12-11,,,Regular Employee,False
W105982,2009-09-01,,,Regular Employee,False
W105983,2019-09-19,,,Regular Employee,False
W105984,2014-05-28,,,Regular Employee,False
W105985,2013-11-29,2022-07-08,Involuntary,Regular Employee,False
W105986,2007-07-11,,,Regular Employee,False
W105987,2019-01-09,,,Regular Employee,False
W105988,2016-12-30,,,Regular Employee,False
W105989,2021-08-21,,,Regular Employee,False
W105990,2021-09-16,2024-02-16,Voluntary,Regular Employee,False
W105991,2008-05-22,,,Regular Employee,False
W105992,2022-05-14,2025-08-02,Voluntary,Regular Employee,False
W105993,2002-06-30,2022-11-29,Voluntary,Regular Employee,False
W105994,2011-02-19,,,Regular Employee,False
W105995,2015-10-21,,,Regular Employee,False
W105996,2022-03-27,,,Regular Employee,False
W105997,2018-09-12,2022-07-16,Voluntary,Regular Employee,False
W105998,2020-11-18,,,Regular Employee,False
W105999,2021-01-19,2025-11-11,Voluntary,Regular Employee,False
W106000,2020-07-01,,,Regular Employee,False
W106001,2018-04-02,,,Regular Employee,False
W106002,2021-10-28,,,Regular Employee,False
W106003,2021-05-06,,,Regular Employee,False
W106004,2008-04-12,,,Regular Employee,False
W106005,2018-09-17,,,Regular Employee,False
W106006,2018-05-23,2022-12-29,Voluntary,Regular Employee,False
W106007,2021-12-04,,,Regular Employee,False
W106008,2022-04-10,2022-09-09,Voluntary,Regular Employee,False
W106009,2014-09-19,,,Regular Employee,False
W106010,2019-12-01,,,Regular Employee,False
W106011,2018-12-30,2022-07-08,Voluntary,Regular Employee,False
W106012,2021-08-17,,,Regular Employee,False
W106013,2006-01-09,2026-02-21,Voluntary,Regular Employee,False
W106014,2020-09-05,,,Regular Employee,False
W106015,2021-11-27,2023-03-22,Voluntary,Regular Employee,False
W106016,2020-01-24,,,Regular Employee,False
W106017,2021-09-22,2022-09-09,Involuntary,Regular Employee,False
W106018,2020-06-20,2026-01-01,Voluntary,Regular Employee,False
W106019,2004-06-02,2023-01-05,Voluntary,Regular Employee,False
W106020,2020-09-14,2026-03-08,Involuntary,Regular Employee,False
W106021,2014-02-04,,,Regular Employee,False
W106022,2008-03-20,,,Regular Employee,False
W106023,2020-08-29,2023-02-10,Voluntary,Regular Employee,False
W106024,2018-06-11,,,Regular Employee,False
W106025,2018-09-30,,,Regular Employee,False
W106026,2010-01-04,,,Regular Employee,False
W106027,2017-03-20,2025-08-09,Voluntary,Regular Employee,False
W106028,2014-04-06,2024-10-03,Voluntary,Regular Employee,False
W106029,2003-11-09,2025-03-17,Voluntary,Regular Employee,False
W106030,2020-04-17,,,Regular Employee,False
W106031,2021-07-05,2025-07-10,Voluntary,Regular Employee,False
W106032,2015-05-26,,,Regular Employee,False
W106033,2019-11-15,2022-09-26,Involuntary,Regular Employee,False
W106034,2002-06-30,2025-12-22,Voluntary,Regular Employee,False
W106035,2020-11-28,2023-12-29,Involuntary,Regular Employee,False
W106036,2019-09-05,2024-12-21,Voluntary,Regular Employee,False
W106037,2020-12-25,,,Regular Employee,False
W106038,2017-02-09,,,Regular Employee,False
W106039,2020-08-13,2024-02-15,Involuntary,Regular Employee,False
W106040,2021-06-10,2026-06-24,Voluntary,Regular Employee,False
W106041,2020-12-17,2023-01-10,Voluntary,Regular Employee,False
W106042,2020-07-22,,,Regular Employee,False
W106043,2017-08-19,,,Regular Employee,False
W106044,2020-12-20,,,Regular Employee,False
W106045,2022-05-19,,,Regular Employee,False
W106046,2008-01-15,,,Regular Employee,False
W106047,2021-09-27,2024-05-05,Involuntary,Regular Employee,False
W106048,2016-06-16,,,Regular Employee,False
W106049,2021-09-18,,,Regular Employee,False
W106050,2021-11-08,,,Regular Employee,False
W106051,2015-07-24,,,Regular Employee,False
W106052,2021-11-14,,,Regular Employee,False
W106053,2021-07-07,,,Regular Employee,False
W106054,2020-03-20,,,Regular Employee,False
W106055,2009-03-03,,,Regular Employee,False
W106056,2019-02-21,,,Regular Employee,False
W106057,2020-10-02,,,Regular Employee,False
W106058,2017-09-04,,,Regular Employee,False
W106059,2020-10-27,,,Regular Employee,False
W106060,2002-06-30,,,Regular Employee,False
W106061,2019-11-04,2025-10-10,Voluntary,Regular Employee,False
W106062,2022-03-01,,,Regular Employee,False
W106063,2022-06-12,,,Regular Employee,False
W106064,2022-01-19,,,Regular Employee,False
W106065,2018-02-17,,,Regular Employee,False
W106066,2004-07-27,,,Regular Employee,False
W106067,2007-02-04,,,Regular Employee,False
W106068,2020-08-21,,,Regular Employee,False
W106069,2021-09-08,,,Regular Employee,False
W106070,2020-11-24,,,Regular Employee,False
W106071,2015-09-19,2025-09-05,Voluntary,Regular Employee,False
W106072,2021-03-16,,,Regular Employee,False
W106073,2014-03-07,2023-04-02,Voluntary,Regular Employee,False
W106074,2019-08-25,,,Regular Employee,False
W106075,2022-06-11,2023-06-21,Involuntary,Regular Employee,False
W106076,2015-07-20,2024-01-31,Voluntary,Regular Employee,False
W106077,2017-08-11,2023-02-07,Involuntary,Regular Employee,False
W106078,2020-11-21,2024-04-29,Voluntary,Regular Employee,False
W106079,2020-10-23,,,Regular Employee,False
W106080,2019-08-08,2023-09-05,Voluntary,Regular Employee,False
W106081,2019-11-22,,,Regular Employee,False
W106082,2013-10-02,,,Regular Employee,False
W106083,2019-09-09,,,Regular Employee,False
W106084,2022-06-12,2025-06-11,Voluntary,Regular Employee,False
W106085,2016-10-31,,,Regular Employee,False
W106086,2011-09-16,2026-04-16,Voluntary,Regular Employee,False
W106087,2021-12-10,,,Regular Employee,False
W106088,2012-07-19,2025-11-13,Voluntary,Regular Employee,False
W106089,2021-04-09,,,Regular Employee,False
W106090,2019-11-09,,,Regular Employee,False
W106091,2020-11-06,,,Regular Employee,False
W106092,2021-10-26,2026-02-20,Voluntary,Regular Employee,False
W106093,2018-03-07,2022-07-06,Voluntary,Regular Employee,False
W106094,2022-05-25,2022-07-21,Voluntary,Regular Employee,False
W106095,2020-03-06,2023-08-23,Voluntary,Regular Employee,False
W106096,2019-09-06,2025-07-27,Voluntary,Regular Employee,False
W106097,2019-07-10,2024-03-04,Voluntary,Regular Employee,False
W106098,2019-08-14,2024-08-09,Voluntary,Regular Employee,False
W106099,2020-10-25,2024-02-15,Involuntary,Regular Employee,False
W106100,2020-08-10,,,Regular Employee,False
W106101,2021-06-01,,,Regular Employee,False
W106102,2017-07-05,,,Regular Employee,False
W106103,2008-11-15,2025-08-28,Voluntary,Regular Employee,False
W106104,2020-08-21,,,Regular Employee,False
W106105,2018-12-16,2024-01-05,Voluntary,Regular Employee,False
W106106,2019-01-02,2024-09-26,Voluntary,Regular Employee,False
W106107,2021-11-19,,,Regular Employee,False
W106108,2015-11-18,,,Regular Employee,False
W106109,2021-07-27,,,Regular Employee,False
W106110,2020-05-13,,,Regular Employee,False
W106111,2020-08-21,2023-03-05,Voluntary,Regular Employee,False
W106112,2019-07-14,,,Regular Employee,False
W106113,2020-12-14,,,Regular Employee,False
W106114,2018-10-31,,,Regular Employee,False
W106115,2016-10-06,2023-10-29,Voluntary,Regular Employee,False
W106116,2002-06-30,,,Regular Employee,False
W106117,2016-11-22,2025-01-27,Voluntary,Regular Employee,False
W106118,2021-04-11,,,Regular Employee,False
W106119,2019-02-20,,,Regular Employee,False
W106120,2021-05-01,,,Regular Employee,False
W106121,2021-09-29,,,Regular Employee,False
W106122,2021-11-30,2023-08-24,Voluntary,Regular Employee,False
W106123,2017-07-02,2026-04-19,Voluntary,Regular Employee,False
W106124,2020-09-13,,,Regular Employee,False
W106125,2011-04-06,,,Regular Employee,False
W106126,2018-08-06,,,Regular Employee,False
W106127,2015-06-14,2022-12-06,Voluntary,Regular Employee,False
W106128,2009-03-16,,,Regular Employee,False
W106129,2018-08-05,,,Regular Employee,False
W106130,2021-08-03,2022-08-06,Voluntary,Regular Employee,False
W106131,2019-04-08,2026-01-28,Voluntary,Regular Employee,False
W106132,2018-03-05,2024-08-25,Voluntary,Regular Employee,False
W106133,2017-09-26,2023-03-26,Voluntary,Regular Employee,False
W106134,2009-12-26,,,Regular Employee,False
W106135,2014-04-15,2023-09-22,Involuntary,Regular Employee,False
W106136,2021-12-26,2023-11-27,Involuntary,Regular Employee,False
W106137,2021-10-15,,,Regular Employee,False
W106138,2020-11-28,,,Regular Employee,False
W106139,2017-11-03,2022-12-02,Voluntary,Regular Employee,False
W106140,2021-09-02,2026-05-29,Voluntary,Regular Employee,False
W106141,2012-10-11,,,Regular Employee,False
W106142,2019-07-24,2026-06-20,Voluntary,Regular Employee,False
W106143,2005-01-31,,,Regular Employee,False
W106144,2019-03-16,,,Regular Employee,False
W106145,2016-08-07,,,Regular Employee,False
W106146,2022-01-01,,,Regular Employee,False
W106147,2018-12-24,,,Regular Employee,False
W106148,2014-11-05,2023-09-24,Voluntary,Regular Employee,False
W106149,2017-04-23,2023-11-18,Involuntary,Regular Employee,False
W106150,2017-05-11,2022-08-22,Involuntary,Regular Employee,False
W106151,2022-05-02,,,Regular Employee,False
W106152,2002-06-30,,,Regular Employee,False
W106153,2019-05-14,2024-11-14,Involuntary,Regular Employee,False
W106154,2002-06-30,,,Regular Employee,False
W106155,2022-03-28,,,Regular Employee,False
W106156,2020-03-23,2023-01-22,Voluntary,Regular Employee,False
W106157,2018-04-14,,,Regular Employee,False
W106158,2019-06-05,,,Regular Employee,False
W106159,2016-07-02,2024-09-04,Voluntary,Regular Employee,False
W106160,2021-07-30,,,Regular Employee,False
W106161,2016-08-19,2025-02-20,Voluntary,Regular Employee,False
W106162,2018-07-22,,,Regular Employee,False
W106163,2021-12-11,2025-09-23,Voluntary,Regular Employee,False
W106164,2021-11-14,2026-04-10,Involuntary,Regular Employee,False
W106165,2014-05-08,2025-08-08,Voluntary,Regular Employee,False
W106166,2020-06-29,2024-02-21,Involuntary,Regular Employee,False
W106167,2019-08-26,,,Regular Employee,False
W106168,2018-03-28,2024-11-29,Voluntary,Regular Employee,False
W106169,2020-07-15,2026-04-29,Involuntary,Regular Employee,False
W106170,2022-04-11,,,Regular Employee,False
W106171,2020-05-28,,,Regular Employee,False
W106172,2012-07-15,,,Regular Employee,False
W106173,2022-06-12,,,Regular Employee,False
W106174,2022-03-29,2025-07-01,Voluntary,Regular Employee,False
W106175,2014-11-14,,,Regular Employee,False
W106176,2021-09-21,2025-05-10,Voluntary,Regular Employee,False
W106177,2021-02-23,,,Regular Employee,False
W106178,2017-08-14,2024-04-28,Voluntary,Regular Employee,False
W106179,2019-12-31,2025-10-23,Involuntary,Regular Employee,False
W106180,2017-09-24,2022-11-09,Voluntary,Regular Employee,False
W106181,2017-09-11,,,Regular Employee,False
W106182,2016-04-27,,,Regular Employee,False
W106183,2016-08-29,,,Regular Employee,False
W106184,2021-06-04,2023-11-24,Involuntary,Regular Employee,False
W106185,2021-06-16,,,Regular Employee,False
W106186,2020-09-04,,,Regular Employee,False
W106187,2008-08-27,,,Regular Employee,False
W106188,2015-03-23,,,Regular Employee,False
W106189,2021-05-08,2023-09-24,Voluntary,Regular Employee,False
W106190,2013-10-05,2023-08-13,Voluntary,Regular Employee,False
W106191,2020-12-20,,,Regular Employee,False
W106192,2017-10-23,2023-05-11,Voluntary,Regular Employee,False
W106193,2018-01-22,2023-09-16,Voluntary,Regular Employee,False
W106194,2021-01-26,2023-11-01,Voluntary,Regular Employee,False
W106195,2021-02-28,2022-10-26,Voluntary,Regular Employee,False
W106196,2015-02-22,,,Regular Employee,False
W106197,2016-09-19,,,Regular Employee,False
W106198,2017-03-04,,,Regular Employee,False
W106199,2022-01-24,,,Regular Employee,False
W106200,2018-03-23,,,Regular Employee,False
W106201,2020-04-23,,,Regular Employee,False
W106202,2018-05-03,,,Regular Employee,False
W106203,2013-11-19,,,Regular Employee,False
W106204,2020-07-31,,,Regular Employee,False
W106205,2019-01-24,2024-07-31,Voluntary,Regular Employee,False
W106206,2022-03-28,2022-09-13,Voluntary,Regular Employee,False
W106207,2019-04-17,,,Regular Employee,False
W106208,2018-10-22,,,Regular Employee,False
W106209,2015-05-28,,,Regular Employee,False
W106210,2013-03-11,2025-08-27,Voluntary,Regular Employee,False
W106211,2021-06-25,2023-11-23,Voluntary,Regular Employee,False
W106212,2017-06-29,,,Regular Employee,False
W106213,2020-07-14,,,Regular Employee,False
W106214,2022-05-09,2024-02-08,Voluntary,Regular Employee,False
W106215,2019-12-29,,,Regular Employee,False
W106216,2020-12-22,2023-05-04,Involuntary,Regular Employee,False
W106217,2019-11-11,,,Regular Employee,False
W106218,2022-04-20,,,Regular Employee,False
W106219,2020-12-16,,,Regular Employee,False
W106220,2019-05-10,,,Regular Employee,False
W106221,2022-01-06,2024-10-21,Voluntary,Regular Employee,False
W106222,2015-07-25,2022-08-19,Voluntary,Regular Employee,False
W106223,2019-05-24,,,Regular Employee,False
W106224,2018-08-15,2024-02-08,Voluntary,Regular Employee,False
W106225,2022-02-22,,,Regular Employee,False
W106226,2017-05-17,,,Regular Employee,False
W106227,2019-12-29,,,Regular Employee,False
W106228,2021-08-10,2023-08-24,Involuntary,Regular Employee,False
W106229,2004-06-27,2023-05-11,Voluntary,Regular Employee,False
W106230,2021-11-01,2024-04-12,Voluntary,Regular Employee,False
W106231,2022-04-29,,,Regular Employee,False
W106232,2022-04-04,,,Regular Employee,False
W106233,2021-04-10,,,Regular Employee,False
W106234,2020-03-18,,,Regular Employee,False
W106235,2020-08-01,,,Regular Employee,False
W106236,2020-02-18,,,Regular Employee,False
W106237,2014-01-24,2026-06-29,Voluntary,Regular Employee,False
W106238,2019-10-08,2026-04-01,Voluntary,Regular Employee,False
W106239,2020-07-06,,,Regular Employee,False
W106240,2013-09-18,2024-03-05,Involuntary,Regular Employee,False
W106241,2018-10-14,,,Regular Employee,False
W106242,2019-08-19,,,Regular Employee,False
W106243,2021-07-10,,,Regular Employee,False
W106244,2022-05-02,,,Regular Employee,False
W106245,2016-10-06,2023-06-17,Voluntary,Regular Employee,False
W106246,2020-11-16,,,Regular Employee,False
W106247,2018-07-22,,,Regular Employee,False
W106248,2014-10-15,,,Regular Employee,False
W106249,2020-04-25,2026-05-28,Voluntary,Regular Employee,False
W106250,2022-01-20,2025-05-17,Voluntary,Regular Employee,False
W106251,2011-02-05,,,Regular Employee,False
W106252,2021-01-11,2022-11-02,Voluntary,Regular Employee,False
W106253,2007-07-25,,,Regular Employee,False
W106254,2017-09-17,,,Regular Employee,False
W106255,2018-05-23,2023-10-30,Voluntary,Regular Employee,False
W106256,2021-08-15,,,Regular Employee,False
W106257,2007-05-12,,,Regular Employee,False
W106258,2004-02-03,2023-12-26,Voluntary,Regular Employee,False
W106259,2020-09-27,,,Regular Employee,False
W106260,2015-10-22,,,Regular Employee,False
W106261,2013-09-18,,,Regular Employee,False
W106262,2011-11-21,2022-07-24,Voluntary,Regular Employee,False
W106263,2017-02-26,,,Regular Employee,False
W106264,2020-07-11,2023-06-02,Voluntary,Regular Employee,False
W106265,2021-06-17,,,Regular Employee,False
W106266,2021-05-24,,,Regular Employee,False
W106267,2021-11-16,,,Regular Employee,False
W106268,2018-05-30,,,Regular Employee,False
W106269,2022-03-21,2024-04-09,Voluntary,Regular Employee,False
W106270,2015-07-26,,,Regular Employee,False
W106271,2020-02-03,2023-03-10,Voluntary,Regular Employee,False
W106272,2016-10-10,2023-10-29,Involuntary,Regular Employee,False
W106273,2020-12-06,2024-12-05,Voluntary,Regular Employee,False
W106274,2022-05-21,,,Regular Employee,False
W106275,2019-10-05,,,Regular Employee,False
W106276,2017-09-17,2023-07-05,Involuntary,Regular Employee,False
W106277,2022-01-18,2022-12-19,Involuntary,Regular Employee,False
W106278,2019-04-13,,,Regular Employee,False
W106279,2020-10-09,2024-04-15,Voluntary,Regular Employee,False
W106280,2020-05-06,,,Regular Employee,False
W106281,2021-08-05,,,Regular Employee,False
W106282,2021-11-26,,,Regular Employee,False
W106283,2018-07-15,,,Regular Employee,False
W106284,2020-06-22,2025-01-27,Involuntary,Regular Employee,False
W106285,2011-03-23,,,Regular Employee,False
W106286,2017-12-30,,,Regular Employee,False
W106287,2021-06-21,,,Regular Employee,False
W106288,2018-05-12,2022-09-29,Voluntary,Regular Employee,False
W106289,2020-09-22,2024-12-15,Voluntary,Regular Employee,False
W106290,2018-06-09,,,Regular Employee,False
W106291,2019-08-13,2025-07-13,Voluntary,Regular Employee,False
W106292,2020-04-15,,,Regular Employee,False
W106293,2022-02-13,2026-02-23,Voluntary,Regular Employee,False
W106294,2014-10-27,,,Regular Employee,False
W106295,2018-06-06,,,Regular Employee,False
W106296,2021-11-10,,,Regular Employee,False
W106297,2019-05-16,,,Regular Employee,False
W106298,2021-04-18,2026-03-06,Voluntary,Regular Employee,False
W106299,2017-12-02,,,Regular Employee,False
W106300,2021-05-12,,,Regular Employee,False
W106301,2022-03-27,,,Regular Employee,False
W106302,2017-01-21,2024-06-26,Voluntary,Regular Employee,False
W106303,2013-11-30,2023-07-23,Involuntary,Regular Employee,False
W106304,2015-12-10,2026-04-19,Voluntary,Regular Employee,False
W106305,2020-04-12,,,Regular Employee,False
W106306,2019-03-06,,,Regular Employee,False
W106307,2020-03-27,,,Regular Employee,False
W106308,2021-07-22,,,Regular Employee,False
W106309,2021-07-10,2023-03-05,Voluntary,Regular Employee,False
W106310,2019-10-01,,,Regular Employee,False
W106311,2016-02-01,,,Regular Employee,False
W106312,2011-03-24,,,Regular Employee,False
W106313,2022-03-05,,,Regular Employee,False
W106314,2022-01-01,,,Regular Employee,False
W106315,2021-02-03,,,Regular Employee,False
W106316,2022-06-12,2024-05-29,Voluntary,Regular Employee,False
W106317,2022-04-06,2022-07-09,Involuntary,Regular Employee,False
W106318,2015-11-09,,,Regular Employee,False
W106319,2022-02-21,2022-11-17,Voluntary,Regular Employee,False
W106320,2021-09-08,,,Regular Employee,False
W106321,2021-07-08,,,Regular Employee,False
W106322,2021-02-11,,,Regular Employee,False
W106323,2016-12-23,,,Regular Employee,False
W106324,2018-02-25,,,Regular Employee,False
W106325,2006-02-02,,,Regular Employee,False
W106326,2021-11-15,2022-07-11,Voluntary,Regular Employee,False
W106327,2019-09-21,2023-12-13,Voluntary,Regular Employee,False
W106328,2020-12-19,,,Regular Employee,False
W106329,2018-10-06,,,Regular Employee,False
W106330,2022-01-14,,,Regular Employee,False
W106331,2020-09-20,,,Regular Employee,False
W106332,2020-01-11,,,Regular Employee,False
W106333,2020-06-17,,,Regular Employee,False
W106334,2011-12-24,,,Regular Employee,False
W106335,2005-03-03,,,Regular Employee,False
W106336,2016-09-09,,,Regular Employee,False
W106337,2021-02-10,,,Regular Employee,False
W106338,2018-04-12,,,Regular Employee,False
W106339,2021-08-17,2022-07-30,Voluntary,Regular Employee,False
W106340,2022-05-22,2023-01-19,Voluntary,Regular Employee,False
W106341,2012-05-11,,,Regular Employee,False
W106342,2015-08-23,,,Regular Employee,False
W106343,2017-11-25,,,Regular Employee,False
W106344,2020-11-30,2026-03-30,Voluntary,Regular Employee,False
W106345,2011-04-14,2025-12-16,Involuntary,Regular Employee,False
W106346,2022-03-25,2023-06-23,Voluntary,Regular Employee,False
W106347,2015-09-12,2024-11-16,Voluntary,Regular Employee,False
W106348,2018-03-25,,,Regular Employee,False
W106349,2009-10-25,,,Regular Employee,False
W106350,2022-06-12,,,Regular Employee,False
W106351,2020-10-15,,,Regular Employee,False
W106352,2022-05-10,2025-02-10,Involuntary,Regular Employee,False
W106353,2021-11-13,,,Regular Employee,False
W106354,2019-09-24,,,Regular Employee,False
W106355,2017-04-06,2026-04-11,Voluntary,Regular Employee,False
W106356,2021-03-09,2024-07-30,Voluntary,Regular Employee,False
W106357,2012-05-01,,,Regular Employee,False
W106358,2018-11-16,,,Regular Employee,False
W106359,2020-10-02,,,Regular Employee,False
W106360,2017-09-21,,,Regular Employee,False
W106361,2019-05-16,,,Regular Employee,False
W106362,2019-09-07,,,Regular Employee,False
W106363,2013-09-13,,,Regular Employee,False
W106364,2020-06-08,,,Regular Employee,False
W106365,2014-04-18,2025-12-22,Voluntary,Regular Employee,False
W106366,2020-10-26,2025-07-19,Voluntary,Regular Employee,False
W106367,2020-05-02,2023-02-08,Voluntary,Regular Employee,False
W106368,2018-12-30,,,Regular Employee,False
W106369,2021-03-06,2025-04-06,Voluntary,Regular Employee,False
W106370,2022-05-21,2022-10-25,Voluntary,Regular Employee,False
W106371,2009-12-12,,,Regular Employee,False
W106372,2020-07-08,,,Regular Employee,False
W106373,2020-05-31,2025-04-16,Voluntary,Regular Employee,False
W106374,2019-03-22,,,Regular Employee,False
W106375,2022-06-12,,,Regular Employee,False
W106376,2020-08-16,2024-09-10,Voluntary,Regular Employee,False
W106377,2020-09-29,,,Regular Employee,False
W106378,2021-03-22,,,Regular Employee,False
W106379,2018-07-08,,,Regular Employee,False
W106380,2010-10-06,,,Regular Employee,False
W106381,2021-04-02,,,Regular Employee,False
W106382,2017-01-25,,,Regular Employee,False
W106383,2003-08-03,,,Regular Employee,False
W106384,2019-12-02,,,Regular Employee,False
W106385,2020-05-13,,,Regular Employee,False
W106386,2020-07-16,,,Regular Employee,False
W106387,2015-06-26,2026-01-19,Voluntary,Regular Employee,False
W106388,2021-01-04,,,Regular Employee,False
W106389,2019-11-22,2025-06-08,Voluntary,Regular Employee,False
W106390,2017-10-13,,,Regular Employee,False
W106391,2022-06-09,2023-08-26,Voluntary,Regular Employee,False
W106392,2012-01-13,2024-07-25,Voluntary,Regular Employee,False
W106393,2012-10-03,,,Regular Employee,False
W106394,2018-01-21,,,Regular Employee,False
W106395,2015-01-29,,,Regular Employee,False
W106396,2016-08-24,,,Regular Employee,False
W106397,2019-04-25,,,Regular Employee,False
W106398,2011-05-10,2023-03-09,Involuntary,Regular Employee,False
W106399,2015-07-15,2023-07-29,Voluntary,Regular Employee,False
W106400,2018-05-11,2024-05-04,Voluntary,Regular Employee,False
W106401,2007-10-30,,,Regular Employee,False
W106402,2019-02-24,,,Regular Employee,False
W106403,2015-08-18,,,Regular Employee,False
W106404,2013-05-06,,,Regular Employee,False
W106405,2015-07-07,2022-10-29,Involuntary,Regular Employee,False
W106406,2022-05-07,,,Regular Employee,False
W106407,2020-03-23,2023-12-07,Voluntary,Regular Employee,False
W106408,2022-06-12,2024-02-15,Involuntary,Regular Employee,False
W106409,2015-11-02,,,Regular Employee,False
W106410,2020-09-03,,,Regular Employee,False
W106411,2019-01-12,,,Regular Employee,False
W106412,2019-05-23,,,Regular Employee,False
W106413,2020-01-13,,,Regular Employee,False
W106414,2022-04-05,2022-11-19,Voluntary,Regular Employee,False
W106415,2009-06-01,2024-03-29,Voluntary,Regular Employee,False
W106416,2020-07-02,,,Regular Employee,False
W106417,2020-03-07,,,Regular Employee,False
W106418,2021-03-30,,,Regular Employee,False
W106419,2010-11-09,2024-04-09,Involuntary,Regular Employee,False
W106420,2011-04-16,,,Regular Employee,False
W106421,2022-06-09,,,Regular Employee,False
W106422,2018-08-16,,,Regular Employee,False
W106423,2016-05-30,2024-08-23,Voluntary,Regular Employee,False
W106424,2021-06-20,2025-08-09,Involuntary,Regular Employee,False
W106425,2022-05-28,,,Regular Employee,False
W106426,2021-09-11,2024-06-13,Voluntary,Regular Employee,False
W106427,2017-11-04,2025-06-04,Voluntary,Regular Employee,False
W106428,2022-04-13,,,Regular Employee,False
W106429,2018-05-04,2026-04-01,Voluntary,Regular Employee,False
W106430,2006-03-20,,,Regular Employee,False
W106431,2022-01-25,2023-04-11,Voluntary,Regular Employee,False
W106432,2018-09-30,2026-04-09,Involuntary,Regular Employee,False
W106433,2006-01-28,,,Regular Employee,False
W106434,2021-09-07,2025-05-15,Voluntary,Regular Employee,False
W106435,2002-06-30,,,Regular Employee,False
W106436,2016-08-23,2025-09-07,Voluntary,Regular Employee,False
W106437,2020-05-14,,,Regular Employee,False
W106438,2019-06-13,,,Regular Employee,False
W106439,2020-07-23,,,Regular Employee,False
W106440,2012-12-25,,,Regular Employee,False
W106441,2021-06-05,,,Regular Employee,False
W106442,2020-08-24,,,Regular Employee,False
W106443,2005-05-12,2022-08-04,Involuntary,Regular Employee,False
W106444,2022-01-02,,,Regular Employee,False
W106445,2019-02-14,,,Regular Employee,False
W106446,2012-02-13,2024-09-14,Voluntary,Regular Employee,False
W106447,2015-09-11,,,Regular Employee,False
W106448,2019-08-25,2025-03-16,Voluntary,Regular Employee,False
W106449,2018-02-24,,,Regular Employee,False
W106450,2014-09-25,,,Regular Employee,False
W106451,2016-07-29,2024-02-19,Voluntary,Regular Employee,False
W106452,2022-03-08,2023-01-21,Voluntary,Regular Employee,False
W106453,2020-05-28,2024-09-27,Involuntary,Regular Employee,False
W106454,2010-12-31,,,Regular Employee,False
W106455,2021-03-15,,,Regular Employee,False
W106456,2019-02-12,,,Regular Employee,False
W106457,2020-05-24,,,Regular Employee,False
W106458,2020-03-05,,,Regular Employee,False
W106459,2019-09-28,,,Regular Employee,False
W106460,2019-05-17,,,Regular Employee,False
W106461,2011-01-06,,,Regular Employee,False
W106462,2021-03-24,,,Regular Employee,False
W106463,2020-02-22,,,Regular Employee,False
W106464,2018-05-07,,,Regular Employee,False
W106465,2018-04-19,,,Regular Employee,False
W106466,2019-01-07,2024-08-03,Voluntary,Regular Employee,False
W106467,2022-04-26,,,Regular Employee,False
W106468,2018-01-20,,,Regular Employee,False
W106469,2020-11-02,,,Regular Employee,False
W106470,2017-12-16,2024-12-06,Voluntary,Regular Employee,False
W106471,2019-07-05,,,Regular Employee,False
W106472,2018-01-05,,,Regular Employee,False
W106473,2021-02-14,,,Regular Employee,False
W106474,2017-11-25,,,Regular Employee,False
W106475,2017-05-03,2022-10-26,Involuntary,Regular Employee,False
W106476,2012-09-24,,,Regular Employee,False
W106477,2018-07-29,,,Regular Employee,False
W106478,2010-10-26,,,Regular Employee,False
W106479,2017-09-20,,,Regular Employee,False
W106480,2022-01-01,,,Regular Employee,False
W106481,2020-06-12,2025-10-24,Voluntary,Regular Employee,False
W106482,2011-09-22,,,Regular Employee,False
W106483,2019-10-05,,,Regular Employee,False
W106484,2011-02-07,2023-12-06,Voluntary,Regular Employee,False
W106485,2019-08-02,,,Regular Employee,False
W106486,2021-03-01,2023-11-08,Voluntary,Regular Employee,False
W106487,2019-04-19,,,Regular Employee,False
W106488,2019-05-02,,,Regular Employee,False
W106489,2017-02-09,2023-04-07,Voluntary,Regular Employee,False
W106490,2019-02-15,,,Regular Employee,False
W106491,2019-01-09,,,Regular Employee,False
W106492,2014-12-29,,,Regular Employee,False
W106493,2019-10-19,2025-10-10,Voluntary,Regular Employee,False
W106494,2014-05-19,,,Regular Employee,False
W106495,2016-10-29,,,Regular Employee,False
W106496,2008-04-25,,,Regular Employee,False
W106497,2016-06-14,,,Regular Employee,False
W106498,2012-08-27,2025-04-09,Voluntary,Regular Employee,False
W106499,2021-05-20,,,Regular Employee,False
W106500,2021-03-23,,,Regular Employee,False
W106501,2015-04-19,,,Regular Employee,False
W106502,2018-09-27,2023-12-10,Voluntary,Regular Employee,False
W106503,2017-04-09,,,Regular Employee,False
W106504,2012-05-10,,,Regular Employee,False
W106505,2019-11-30,2024-03-30,Involuntary,Regular Employee,False
W106506,2021-01-02,2022-11-08,Voluntary,Regular Employee,False
W106507,2006-11-15,,,Regular Employee,False
W106508,2022-02-11,,,Regular Employee,False
W106509,2020-12-10,2026-04-12,Voluntary,Regular Employee,False
W106510,2021-01-31,2023-07-26,Voluntary,Regular Employee,False
W106511,2019-02-25,,,Regular Employee,False
W106512,2018-12-24,,,Regular Employee,False
W106513,2017-04-01,,,Regular Employee,False
W106514,2005-06-25,,,Regular Employee,False
W106515,2020-03-21,2024-03-31,Voluntary,Regular Employee,False
W106516,2020-11-20,2022-07-09,Voluntary,Regular Employee,False
W106517,2021-03-23,2024-10-05,Voluntary,Regular Employee,False
W106518,2020-02-26,,,Regular Employee,False
W106519,2014-09-28,,,Regular Employee,False
W106520,2021-08-06,,,Regular Employee,False
W106521,2013-09-03,,,Regular Employee,False
W106522,2015-11-26,,,Regular Employee,False
W106523,2017-06-16,,,Regular Employee,False
W106524,2022-04-28,,,Regular Employee,False
W106525,2009-01-04,2022-11-27,Voluntary,Regular Employee,False
W106526,2011-09-30,2022-10-03,Voluntary,Regular Employee,False
W106527,2018-09-26,,,Regular Employee,False
W106528,2020-05-29,2026-04-01,Involuntary,Regular Employee,False
W106529,2021-05-02,,,Regular Employee,False
W106530,2012-06-06,2022-07-09,Voluntary,Regular Employee,False
W106531,2014-10-15,2022-07-19,Voluntary,Regular Employee,False
W106532,2017-11-27,,,Regular Employee,False
W106533,2021-06-29,2023-04-02,Voluntary,Regular Employee,False
W106534,2021-03-28,2022-10-22,Involuntary,Regular Employee,False
W106535,2018-09-17,,,Regular Employee,False
W106536,2019-04-05,,,Regular Employee,False
W106537,2021-11-22,,,Regular Employee,False
W106538,2015-09-23,,,Regular Employee,False
W106539,2018-10-20,2022-12-18,Voluntary,Regular Employee,False
W106540,2020-12-01,,,Regular Employee,False
W106541,2019-12-19,,,Regular Employee,False
W106542,2022-01-22,,,Regular Employee,False
W106543,2017-04-08,,,Regular Employee,False
W106544,2018-12-26,,,Regular Employee,False
W106545,2019-09-02,,,Regular Employee,False
W106546,2011-09-14,,,Regular Employee,False
W106547,2017-10-13,2024-02-15,Involuntary,Regular Employee,False
W106548,2017-12-18,,,Regular Employee,False
W106549,2002-06-30,2022-11-22,Involuntary,Regular Employee,False
W106550,2010-04-11,2026-02-15,Voluntary,Regular Employee,False
W106551,2018-03-30,2024-01-17,Voluntary,Regular Employee,False
W106552,2021-12-08,,,Regular Employee,False
W106553,2018-08-03,,,Regular Employee,False
W106554,2007-04-28,2024-09-13,Voluntary,Regular Employee,False
W106555,2020-06-16,,,Regular Employee,False
W106556,2019-05-09,,,Regular Employee,False
W106557,2015-12-22,2025-02-01,Voluntary,Regular Employee,False
W106558,2019-03-12,,,Regular Employee,False
W106559,2020-03-04,,,Regular Employee,False
W106560,2022-06-12,,,Regular Employee,False
W106561,2019-10-21,2024-09-24,Voluntary,Regular Employee,False
W106562,2021-03-13,,,Regular Employee,False
W106563,2010-11-27,,,Regular Employee,False
W106564,2019-04-24,2024-01-01,Involuntary,Regular Employee,False
W106565,2022-03-03,,,Regular Employee,False
W106566,2017-04-23,2024-08-24,Voluntary,Regular Employee,False
W106567,2020-07-17,2024-04-04,Voluntary,Regular Employee,False
W106568,2020-08-04,,,Regular Employee,False
W106569,2015-07-30,,,Regular Employee,False
W106570,2019-06-17,2026-02-21,Voluntary,Regular Employee,False
W106571,2018-08-09,,,Regular Employee,False
W106572,2018-10-05,2024-01-25,Voluntary,Regular Employee,False
W106573,2021-05-18,,,Regular Employee,False
W106574,2022-06-09,,,Regular Employee,False
W106575,2002-06-30,,,Regular Employee,False
W106576,2012-12-04,,,Regular Employee,False
W106577,2021-05-24,,,Regular Employee,False
W106578,2022-03-13,2025-12-04,Voluntary,Regular Employee,False
W106579,2015-03-11,,,Regular Employee,False
W106580,2010-12-10,2023-08-01,Voluntary,Regular Employee,False
W106581,2019-02-20,2024-05-18,Voluntary,Regular Employee,False
W106582,2021-03-25,2024-07-24,Voluntary,Regular Employee,False
W106583,2022-05-06,2024-07-04,Voluntary,Regular Employee,False
W106584,2017-06-26,,,Regular Employee,False
W106585,2019-11-18,,,Regular Employee,False
W106586,2019-10-17,2024-11-05,Voluntary,Regular Employee,False
W106587,2018-02-20,,,Regular Employee,False
W106588,2016-07-24,,,Regular Employee,False
W106589,2014-11-29,,,Regular Employee,False
W106590,2015-06-20,2022-11-28,Voluntary,Regular Employee,False
W106591,2021-07-03,2025-11-06,Voluntary,Regular Employee,False
W106592,2019-02-14,2022-12-22,Voluntary,Regular Employee,False
W106593,2020-02-05,2023-05-31,Voluntary,Regular Employee,False
W106594,2022-06-12,2025-08-16,Involuntary,Regular Employee,False
W106595,2021-04-28,,,Regular Employee,False
W106596,2019-01-15,,,Regular Employee,False
W106597,2002-06-30,2023-06-26,Voluntary,Regular Employee,False
W106598,2011-05-14,,,Regular Employee,False
W106599,2021-02-10,,,Regular Employee,False
W106600,2020-10-28,2023-05-16,Voluntary,Regular Employee,False
W106601,2013-02-05,2022-08-24,Involuntary,Regular Employee,False
W106602,2019-11-28,,,Regular Employee,False
W106603,2022-06-12,,,Regular Employee,False
W106604,2019-01-22,2023-03-29,Involuntary,Regular Employee,False
W106605,2018-12-26,,,Regular Employee,False
W106606,2022-06-04,,,Regular Employee,False
W106607,2022-03-01,2026-01-07,Voluntary,Regular Employee,False
W106608,2011-08-01,2025-03-14,Voluntary,Regular Employee,False
W106609,2022-01-26,2025-06-02,Involuntary,Regular Employee,False
W106610,2017-01-27,,,Regular Employee,False
W106611,2019-03-04,,,Regular Employee,False
W106612,2017-05-09,,,Regular Employee,False
W106613,2021-10-18,2025-09-16,Voluntary,Regular Employee,False
W106614,2017-07-07,,,Regular Employee,False
W106615,2019-04-01,,,Regular Employee,False
W106616,2019-09-26,,,Regular Employee,False
W106617,2022-01-31,2023-04-09,Involuntary,Regular Employee,False
W106618,2019-04-18,,,Regular Employee,False
W106619,2006-01-16,,,Regular Employee,False
W106620,2020-09-15,,,Regular Employee,False
W106621,2018-02-08,,,Regular Employee,False
W106622,2020-11-06,2026-01-13,Voluntary,Regular Employee,False
W106623,2022-03-08,2024-07-29,Voluntary,Regular Employee,False
W106624,2019-03-02,2024-09-30,Voluntary,Regular Employee,False
W106625,2021-04-27,,,Regular Employee,False
W106626,2019-06-07,,,Regular Employee,False
W106627,2022-04-13,,,Regular Employee,False
W106628,2020-12-03,,,Regular Employee,False
W106629,2018-03-08,,,Regular Employee,False
W106630,2021-09-03,,,Regular Employee,False
W106631,2019-10-06,,,Regular Employee,False
W106632,2020-03-30,,,Regular Employee,False
W106633,2017-05-21,,,Regular Employee,False
W106634,2019-11-22,,,Regular Employee,False
W106635,2022-06-06,,,Regular Employee,False
W106636,2021-06-17,2025-06-27,Involuntary,Regular Employee,False
W106637,2021-12-25,2023-05-12,Voluntary,Regular Employee,False
W106638,2019-10-02,,,Regular Employee,False
W106639,2020-10-12,,,Regular Employee,False
W106640,2022-03-16,2023-03-26,Voluntary,Regular Employee,False
W106641,2020-08-02,,,Regular Employee,False
W106642,2020-12-22,2024-12-19,Voluntary,Regular Employee,False
W106643,2017-05-14,,,Regular Employee,False
W106644,2022-06-12,,,Regular Employee,False
W106645,2016-05-12,,,Regular Employee,False
W106646,2013-08-28,,,Regular Employee,False
W106647,2022-02-02,2023-11-02,Voluntary,Regular Employee,False
W106648,2022-03-03,,,Regular Employee,False
W106649,2019-06-06,,,Regular Employee,False
W106650,2010-11-24,,,Regular Employee,False
W106651,2019-03-02,2025-07-12,Voluntary,Regular Employee,False
W106652,2017-11-19,2025-07-17,Voluntary,Regular Employee,False
W106653,2021-11-01,,,Regular Employee,False
W106654,2020-07-02,,,Regular Employee,False
W106655,2020-11-21,,,Regular Employee,False
W106656,2016-06-20,,,Regular Employee,False
W106657,2021-03-30,2022-09-11,Voluntary,Regular Employee,False
W106658,2017-11-09,,,Regular Employee,False
W106659,2017-11-11,,,Regular Employee,False
W106660,2013-03-18,,,Regular Employee,False
W106661,2020-01-08,,,Regular Employee,False
W106662,2021-12-05,,,Regular Employee,False
W106663,2019-01-05,,,Regular Employee,False
W106664,2017-01-24,,,Regular Employee,False
W106665,2021-05-12,2023-03-10,Involuntary,Regular Employee,False
W106666,2022-01-18,,,Regular Employee,False
W106667,2011-06-09,,,Regular Employee,False
W106668,2015-09-14,,,Regular Employee,False
W106669,2021-04-22,2026-06-30,Involuntary,Regular Employee,False
W106670,2017-09-29,,,Regular Employee,False
W106671,2008-01-01,,,Regular Employee,False
W106672,2021-02-21,,,Regular Employee,False
W106673,2021-11-16,2025-07-03,Involuntary,Regular Employee,False
W106674,2017-03-25,,,Regular Employee,False
W106675,2016-09-14,,,Regular Employee,False
W106676,2016-08-24,,,Regular Employee,False
W106677,2022-03-12,,,Regular Employee,False
W106678,2019-07-28,,,Regular Employee,False
W106679,2018-08-31,,,Regular Employee,False
W106680,2012-01-09,2024-05-06,Voluntary,Regular Employee,False
W106681,2010-05-11,,,Regular Employee,False
W106682,2016-04-12,2024-11-07,Involuntary,Regular Employee,False
W106683,2009-11-11,,,Regular Employee,False
W106684,2018-11-13,2025-09-09,Voluntary,Regular Employee,False
W106685,2020-07-26,,,Regular Employee,False
W106686,2022-03-09,2026-04-11,Voluntary,Regular Employee,False
W106687,2014-08-26,,,Regular Employee,False
W106688,2018-05-28,,,Regular Employee,False
W106689,2021-11-05,,,Regular Employee,False
W106690,2017-11-27,,,Regular Employee,False
W106691,2016-07-15,2025-04-09,Involuntary,Regular Employee,False
W106692,2016-11-25,,,Regular Employee,False
W106693,2020-09-06,,,Regular Employee,False
W106694,2014-03-26,2022-10-07,Voluntary,Regular Employee,False
W106695,2002-06-30,,,Regular Employee,False
W106696,2020-03-09,2024-02-02,Voluntary,Regular Employee,False
W106697,2018-04-07,,,Regular Employee,False
W106698,2021-04-28,2024-06-30,Involuntary,Regular Employee,False
W106699,2020-06-24,,,Regular Employee,False
W106700,2019-02-01,,,Regular Employee,False
W106701,2018-05-28,2026-05-24,Voluntary,Regular Employee,False
W106702,2022-01-18,,,Regular Employee,False
W106703,2021-09-15,2023-02-28,Voluntary,Regular Employee,False
W106704,2020-01-29,,,Regular Employee,False
W106705,2022-02-21,2024-01-11,Voluntary,Regular Employee,False
W106706,2022-02-15,,,Regular Employee,False
W106707,2018-05-25,,,Regular Employee,False
W106708,2021-01-05,,,Regular Employee,False
W106709,2020-04-26,2022-12-10,Voluntary,Regular Employee,False
W106710,2019-10-21,2023-12-03,Voluntary,Regular Employee,False
W106711,2021-08-10,2024-07-05,Voluntary,Regular Employee,False
W106712,2018-08-24,,,Regular Employee,False
W106713,2018-09-02,,,Regular Employee,False
W106714,2020-06-01,2024-03-13,Voluntary,Regular Employee,False
W106715,2021-02-27,2024-02-15,Involuntary,Regular Employee,False
W106716,2016-12-05,,,Regular Employee,False
W106717,2021-10-13,2025-12-03,Voluntary,Regular Employee,False
W106718,2022-03-27,,,Regular Employee,False
W106719,2021-06-26,,,Regular Employee,False
W106720,2019-07-25,,,Regular Employee,False
W106721,2017-07-26,,,Regular Employee,False
W106722,2020-12-10,,,Regular Employee,False
W106723,2018-09-20,,,Regular Employee,False
W106724,2022-06-10,2023-04-10,Voluntary,Regular Employee,False
W106725,2012-04-08,,,Regular Employee,False
W106726,2017-05-13,,,Regular Employee,False
W106727,2022-02-08,,,Regular Employee,False
W106728,2017-06-29,2024-07-09,Involuntary,Regular Employee,False
W106729,2021-12-30,,,Regular Employee,False
W106730,2014-01-03,2025-08-11,Voluntary,Regular Employee,False
W106731,2003-02-02,,,Regular Employee,False
W106732,2012-04-23,2024-06-06,Involuntary,Regular Employee,False
W106733,2021-02-12,,,Regular Employee,False
W106734,2018-04-11,,,Regular Employee,False
W106735,2020-03-18,,,Regular Employee,False
W106736,2015-12-09,2025-07-20,Voluntary,Regular Employee,False
W106737,2021-03-08,,,Regular Employee,False
W106738,2009-04-24,2022-07-13,Voluntary,Regular Employee,False
W106739,2013-03-27,2025-08-27,Voluntary,Regular Employee,False
W106740,2020-07-22,,,Regular Employee,False
W106741,2020-11-14,2026-02-02,Voluntary,Regular Employee,False
W106742,2015-01-29,2024-10-17,Voluntary,Regular Employee,False
W106743,2021-03-15,,,Regular Employee,False
W106744,2022-04-27,,,Regular Employee,False
W106745,2015-09-24,,,Regular Employee,False
W106746,2016-03-05,,,Regular Employee,False
W106747,2016-11-25,2023-04-16,Voluntary,Regular Employee,False
W106748,2010-08-01,,,Regular Employee,False
W106749,2017-07-31,2023-08-14,Voluntary,Regular Employee,False
W106750,2021-02-03,,,Regular Employee,False
W106751,2022-02-04,2025-04-08,Involuntary,Regular Employee,False
W106752,2020-05-04,,,Regular Employee,False
W106753,2007-12-11,,,Regular Employee,False
W106754,2012-02-12,,,Regular Employee,False
W106755,2013-12-11,,,Regular Employee,False
W106756,2018-01-04,,,Regular Employee,False
W106757,2020-01-15,,,Regular Employee,False
W106758,2010-09-11,2025-04-17,Voluntary,Regular Employee,False
W106759,2010-01-24,,,Regular Employee,False
W106760,2019-05-23,,,Regular Employee,False
W106761,2019-09-20,,,Regular Employee,False
W106762,2021-05-06,2022-11-15,Voluntary,Regular Employee,False
W106763,2004-04-08,,,Regular Employee,False
W106764,2002-06-30,,,Regular Employee,False
W106765,2020-09-30,,,Regular Employee,False
W106766,2014-10-30,,,Regular Employee,False
W106767,2015-03-10,,,Regular Employee,False
W106768,2022-04-11,2025-09-06,Voluntary,Regular Employee,False
W106769,2013-01-15,2023-02-12,Voluntary,Regular Employee,False
W106770,2016-05-13,2023-09-15,Voluntary,Regular Employee,False
W106771,2020-11-26,,,Regular Employee,False
W106772,2020-11-12,,,Regular Employee,False
W106773,2022-02-03,2025-02-17,Voluntary,Regular Employee,False
W106774,2017-03-29,2025-04-21,Voluntary,Regular Employee,False
W106775,2016-09-17,2025-07-14,Voluntary,Regular Employee,False
W106776,2014-04-02,,,Regular Employee,False
W106777,2009-07-02,,,Regular Employee,False
W106778,2019-01-02,2023-10-16,Voluntary,Regular Employee,False
W106779,2015-08-28,,,Regular Employee,False
W106780,2006-10-18,2023-11-01,Involuntary,Regular Employee,False
W106781,2022-01-02,2022-08-03,Voluntary,Regular Employee,False
W106782,2017-04-28,,,Regular Employee,False
W106783,2020-11-13,,,Regular Employee,False
W106784,2022-06-12,2022-08-27,Voluntary,Regular Employee,False
W106785,2020-09-24,,,Regular Employee,False
W106786,2012-03-28,,,Regular Employee,False
W106787,2016-12-20,,,Regular Employee,False
W106788,2009-07-29,2023-08-03,Voluntary,Regular Employee,False
W106789,2014-02-20,,,Regular Employee,False
W106790,2021-07-31,2022-12-28,Voluntary,Regular Employee,False
W106791,2015-04-05,2023-01-28,Voluntary,Regular Employee,False
W106792,2017-07-15,,,Regular Employee,False
W106793,2020-10-03,,,Regular Employee,False
W106794,2022-04-19,2023-06-19,Voluntary,Regular Employee,False
W106795,2008-12-29,,,Regular Employee,False
W106796,2020-09-17,,,Regular Employee,False
W106797,2014-09-11,,,Regular Employee,False
W106798,2016-05-23,,,Regular Employee,False
W106799,2018-01-04,,,Regular Employee,False
W106800,2014-08-14,,,Regular Employee,False
W106801,2018-01-18,2023-07-07,Voluntary,Regular Employee,False
W106802,2018-07-15,2024-12-02,Voluntary,Regular Employee,False
W106803,2020-05-01,,,Regular Employee,False
W106804,2017-05-27,,,Regular Employee,False
W106805,2021-07-03,,,Regular Employee,False
W106806,2021-12-27,,,Regular Employee,False
W106807,2017-08-15,,,Regular Employee,False
W106808,2021-11-24,2025-12-26,Voluntary,Regular Employee,False
W106809,2019-07-08,2024-10-27,Voluntary,Regular Employee,False
W106810,2021-12-12,,,Regular Employee,False
W106811,2019-01-29,,,Regular Employee,False
W106812,2020-05-22,2024-02-09,Voluntary,Regular Employee,False
W106813,2019-06-21,,,Regular Employee,False
W106814,2005-05-15,2022-10-12,Involuntary,Regular Employee,False
W106815,2019-07-16,2023-09-04,Voluntary,Regular Employee,False
W106816,2018-12-07,,,Regular Employee,False
W106817,2012-07-17,2024-02-15,Involuntary,Regular Employee,False
W106818,2021-05-14,2023-05-01,Voluntary,Regular Employee,False
W106819,2012-05-10,,,Regular Employee,False
W106820,2011-07-14,2024-02-15,Involuntary,Regular Employee,False
W106821,2017-05-27,,,Regular Employee,False
W106822,2014-09-07,2024-02-15,Involuntary,Regular Employee,False
W106823,2020-02-09,2026-01-09,Voluntary,Regular Employee,False
W106824,2014-03-30,,,Regular Employee,False
W106825,2021-11-20,2022-07-18,Involuntary,Regular Employee,False
W106826,2017-08-20,,,Regular Employee,False
W106827,2010-11-18,2023-05-30,Involuntary,Regular Employee,False
W106828,2019-12-02,,,Regular Employee,False
W106829,2021-03-19,,,Regular Employee,False
W106830,2020-05-17,2022-07-08,Voluntary,Regular Employee,False
W106831,2021-11-30,2025-02-13,Involuntary,Regular Employee,False
W106832,2021-06-02,,,Regular Employee,False
W106833,2016-02-29,2026-06-11,Involuntary,Regular Employee,False
W106834,2012-04-09,2023-10-30,Voluntary,Regular Employee,False
W106835,2012-07-15,,,Regular Employee,False
W106836,2022-01-25,,,Regular Employee,False
W106837,2018-05-31,,,Regular Employee,False
W106838,2015-08-14,,,Regular Employee,False
W106839,2019-01-25,,,Regular Employee,False
W106840,2019-05-12,2022-08-13,Voluntary,Regular Employee,False
W106841,2017-03-29,2022-10-13,Voluntary,Regular Employee,False
W106842,2018-01-19,,,Regular Employee,False
W106843,2017-06-23,,,Regular Employee,False
W106844,2014-03-31,2024-05-07,Involuntary,Regular Employee,False
W106845,2015-08-19,,,Regular Employee,False
W106846,2022-04-06,,,Regular Employee,False
W106847,2018-05-21,,,Regular Employee,False
W106848,2020-02-15,,,Regular Employee,False
W106849,2020-02-16,,,Regular Employee,False
W106850,2018-05-28,,,Regular Employee,False
W106851,2022-02-06,,,Regular Employee,False
W106852,2011-02-14,,,Regular Employee,False
W106853,2019-10-05,,,Regular Employee,False
W106854,2002-09-11,,,Regular Employee,False
W106855,2019-08-28,,,Regular Employee,False
W106856,2021-07-02,2023-09-14,Voluntary,Regular Employee,False
W106857,2017-03-06,2022-11-16,Voluntary,Regular Employee,False
W106858,2019-10-01,,,Regular Employee,False
W106859,2022-01-21,,,Regular Employee,False
W106860,2002-06-30,2022-12-20,Voluntary,Regular Employee,False
W106861,2019-08-28,,,Regular Employee,False
W106862,2016-10-19,,,Regular Employee,False
W106863,2002-06-30,,,Regular Employee,False
W106864,2012-12-31,,,Regular Employee,False
W106865,2021-12-17,2024-02-09,Voluntary,Regular Employee,False
W106866,2015-09-15,2024-11-21,Voluntary,Regular Employee,False
W106867,2020-09-11,2023-05-07,Voluntary,Regular Employee,False
W106868,2018-11-26,2023-02-14,Involuntary,Regular Employee,False
W106869,2020-10-11,,,Regular Employee,False
W106870,2011-07-29,,,Regular Employee,False
W106871,2021-06-17,,,Regular Employee,False
W106872,2013-04-21,,,Regular Employee,False
W106873,2021-11-15,,,Regular Employee,False
W106874,2021-08-13,2024-04-27,Voluntary,Regular Employee,False
W106875,2020-04-18,2022-07-02,Voluntary,Regular Employee,False
W106876,2017-05-01,,,Regular Employee,False
W106877,2018-05-27,,,Regular Employee,False
W106878,2004-07-29,,,Regular Employee,False
W106879,2020-11-09,,,Regular Employee,False
W106880,2008-03-02,2026-06-27,Voluntary,Regular Employee,False
W106881,2014-04-04,,,Regular Employee,False
W106882,2021-07-01,,,Regular Employee,False
W106883,2021-04-20,,,Regular Employee,False
W106884,2020-12-04,2024-03-16,Voluntary,Regular Employee,False
W106885,2021-07-04,2024-12-09,Voluntary,Regular Employee,False
W106886,2020-01-20,2023-07-14,Voluntary,Regular Employee,False
W106887,2019-07-24,,,Regular Employee,False
W106888,2016-12-01,2023-10-29,Voluntary,Regular Employee,False
W106889,2022-03-23,2022-10-30,Voluntary,Regular Employee,False
W106890,2019-08-16,2024-09-07,Voluntary,Regular Employee,False
W106891,2008-05-29,,,Regular Employee,False
W106892,2010-06-16,,,Regular Employee,False
W106893,2019-11-09,,,Regular Employee,False
W106894,2021-09-21,2024-07-08,Voluntary,Regular Employee,False
W106895,2019-05-04,,,Regular Employee,False
W106896,2013-04-23,,,Regular Employee,False
W106897,2017-01-21,,,Regular Employee,False
W106898,2018-10-09,,,Regular Employee,False
W106899,2022-04-09,2023-09-17,Voluntary,Regular Employee,False
W106900,2016-01-12,,,Regular Employee,False
W106901,2022-06-12,,,Regular Employee,False
W106902,2012-07-22,,,Regular Employee,False
W106903,2022-05-24,2024-08-03,Voluntary,Regular Employee,False
W106904,2021-01-03,,,Regular Employee,False
W106905,2013-05-06,,,Regular Employee,False
W106906,2021-12-19,,,Regular Employee,False
W106907,2018-06-28,,,Regular Employee,False
W106908,2022-03-19,,,Regular Employee,False
W106909,2018-06-13,,,Regular Employee,False
W106910,2017-06-12,2022-10-04,Involuntary,Regular Employee,False
W106911,2018-02-27,,,Regular Employee,False
W106912,2016-01-01,2023-05-10,Voluntary,Regular Employee,False
W106913,2002-06-30,,,Regular Employee,False
W106914,2021-12-09,,,Regular Employee,False
W106915,2022-06-12,2026-06-22,Voluntary,Regular Employee,False
W106916,2014-02-13,,,Regular Employee,False
W106917,2002-06-30,2023-11-03,Involuntary,Regular Employee,False
W106918,2019-12-17,2024-02-15,Involuntary,Regular Employee,False
W106919,2020-12-01,2023-03-11,Involuntary,Regular Employee,False
W106920,2021-09-23,2024-08-03,Voluntary,Regular Employee,False
W106921,2016-05-24,,,Regular Employee,False
W106922,2019-07-26,2023-12-16,Voluntary,Regular Employee,False
W106923,2013-08-03,2024-11-01,Voluntary,Regular Employee,False
W106924,2016-03-06,2023-09-05,Voluntary,Regular Employee,False
W106925,2021-10-27,,,Regular Employee,False
W106926,2019-02-02,,,Regular Employee,False
W106927,2019-05-03,2025-01-21,Voluntary,Regular Employee,False
W106928,2014-08-17,2022-10-10,Voluntary,Regular Employee,False
W106929,2018-06-20,2024-06-13,Voluntary,Regular Employee,False
W106930,2022-04-07,,,Regular Employee,False
W106931,2017-10-26,,,Regular Employee,False
W106932,2021-10-13,,,Regular Employee,False
W106933,2016-03-29,,,Regular Employee,False
W106934,2021-01-04,,,Regular Employee,False
W106935,2017-02-06,,,Regular Employee,False
W106936,2014-07-03,,,Regular Employee,False
W106937,2018-06-29,2025-12-11,Involuntary,Regular Employee,False
W106938,2020-11-27,,,Regular Employee,False
W106939,2002-06-30,2022-11-13,Voluntary,Regular Employee,False
W106940,2022-05-31,2026-06-02,Voluntary,Regular Employee,False
W106941,2019-08-23,2023-02-11,Voluntary,Regular Employee,False
W106942,2019-09-20,2025-05-03,Voluntary,Regular Employee,False
W106943,2020-09-21,,,Regular Employee,False
W106944,2015-11-10,2025-11-30,Involuntary,Regular Employee,False
W106945,2017-05-15,,,Regular Employee,False
W106946,2010-11-16,,,Regular Employee,False
W106947,2018-05-06,,,Regular Employee,False
W106948,2018-08-06,,,Regular Employee,False
W106949,2014-04-09,,,Regular Employee,False
W106950,2015-05-01,2022-11-27,Voluntary,Regular Employee,False
W106951,2019-11-16,,,Regular Employee,False
W106952,2017-02-19,,,Regular Employee,False
W106953,2021-01-14,2022-10-15,Voluntary,Regular Employee,False
W106954,2018-08-27,2023-01-21,Voluntary,Regular Employee,False
W106955,2017-11-12,,,Regular Employee,False
W106956,2018-02-24,,,Regular Employee,False
W106957,2016-04-28,2024-10-15,Voluntary,Regular Employee,False
W106958,2021-08-31,2026-05-29,Involuntary,Regular Employee,False
W106959,2019-10-25,,,Regular Employee,False
W106960,2009-12-30,,,Regular Employee,False
W106961,2010-02-10,,,Regular Employee,False
W106962,2011-12-11,,,Regular Employee,False
W106963,2016-08-25,,,Regular Employee,False
W106964,2020-08-10,,,Regular Employee,False
W106965,2016-06-19,2025-01-05,Voluntary,Regular Employee,False
W106966,2020-12-11,,,Regular Employee,False
W106967,2016-04-11,,,Regular Employee,False
W106968,2022-06-12,2023-05-18,Voluntary,Regular Employee,False
W106969,2021-10-01,,,Regular Employee,False
W106970,2018-11-25,2026-02-06,Voluntary,Regular Employee,False
W106971,2012-06-03,,,Regular Employee,False
W106972,2014-08-18,2026-04-24,Voluntary,Regular Employee,False
W106973,2022-02-19,,,Regular Employee,False
W106974,2022-03-24,,,Regular Employee,False
W106975,2008-12-21,,,Regular Employee,False
W106976,2022-01-14,2022-11-04,Voluntary,Regular Employee,False
W106977,2007-06-22,2023-04-23,Voluntary,Regular Employee,False
W106978,2021-12-19,2025-07-30,Involuntary,Regular Employee,False
W106979,2019-08-07,,,Regular Employee,False
W106980,2011-10-17,2026-04-01,Voluntary,Regular Employee,False
W106981,2019-01-26,,,Regular Employee,False
W106982,2017-01-28,,,Regular Employee,False
W106983,2021-12-16,2024-09-08,Voluntary,Regular Employee,False
W106984,2021-03-22,,,Regular Employee,False
W106985,2019-12-04,,,Regular Employee,False
W106986,2012-09-10,2023-03-20,Voluntary,Regular Employee,False
W106987,2020-09-21,2023-03-25,Voluntary,Regular Employee,False
W106988,2018-07-10,,,Regular Employee,False
W106989,2018-09-30,,,Regular Employee,False
W106990,2022-03-26,,,Regular Employee,False
W106991,2022-01-31,2025-07-14,Involuntary,Regular Employee,False
W106992,2018-09-28,,,Regular Employee,False
W106993,2016-01-26,,,Regular Employee,False
W106994,2020-01-16,,,Regular Employee,False
W106995,2021-09-25,,,Regular Employee,False
W106996,2008-04-04,,,Regular Employee,False
W106997,2014-03-09,2025-02-08,Voluntary,Regular Employee,False
W106998,2021-02-17,,,Regular Employee,False
W106999,2018-10-11,,,Regular Employee,False
W107000,2022-02-12,,,Regular Employee,False
W107001,2018-02-23,,,Regular Employee,False
W107002,2013-08-09,,,Regular Employee,False
W107003,2015-06-02,2023-10-27,Voluntary,Regular Employee,False
W107004,2017-11-20,2025-02-03,Voluntary,Regular Employee,False
W107005,2019-07-08,2024-01-18,Voluntary,Regular Employee,False
W107006,2021-07-02,,,Regular Employee,False
W107007,2008-07-02,,,Regular Employee,False
W107008,2020-10-22,,,Regular Employee,False
W107009,2018-11-22,2023-11-26,Involuntary,Regular Employee,False
W107010,2020-05-28,2026-02-09,Voluntary,Regular Employee,False
W107011,2019-12-24,,,Regular Employee,False
W107012,2022-04-05,,,Regular Employee,False
W107013,2019-03-19,,,Regular Employee,False
W107014,2022-06-12,,,Regular Employee,False
W107015,2014-11-15,2025-10-22,Involuntary,Regular Employee,False
W107016,2020-10-27,,,Regular Employee,False
W107017,2021-06-03,,,Regular Employee,False
W107018,2022-05-03,2024-02-15,Involuntary,Regular Employee,False
W107019,2013-11-25,,,Regular Employee,False
W107020,2022-04-15,2022-07-06,Voluntary,Regular Employee,False
W107021,2019-12-01,,,Regular Employee,False
W107022,2021-02-16,,,Regular Employee,False
W107023,2012-11-14,2025-10-05,Voluntary,Regular Employee,False
W107024,2020-03-21,2023-02-19,Involuntary,Regular Employee,False
W107025,2018-09-27,,,Regular Employee,False
W107026,2019-10-10,2022-07-05,Involuntary,Regular Employee,False
W107027,2010-12-19,2022-07-28,Voluntary,Regular Employee,False
W107028,2021-08-14,,,Regular Employee,False
W107029,2012-08-04,2023-09-01,Voluntary,Regular Employee,False
W107030,2015-08-25,,,Regular Employee,False
W107031,2018-03-01,,,Regular Employee,False
W107032,2021-11-04,2023-05-29,Voluntary,Regular Employee,False
W107033,2016-07-01,2022-08-04,Voluntary,Regular Employee,False
W107034,2014-03-29,2024-04-28,Voluntary,Regular Employee,False
W107035,2012-06-04,,,Regular Employee,False
W107036,2020-08-29,,,Regular Employee,False
W107037,2015-12-06,2023-02-23,Voluntary,Regular Employee,False
W107038,2015-03-28,2025-11-21,Voluntary,Regular Employee,False
W107039,2013-05-07,,,Regular Employee,False
W107040,2022-06-10,,,Regular Employee,False
W107041,2018-12-04,,,Regular Employee,False
W107042,2015-06-04,,,Regular Employee,False
W107043,2016-12-25,,,Regular Employee,False
W107044,2005-06-11,,,Regular Employee,False
W107045,2021-07-12,,,Regular Employee,False
W107046,2022-06-03,2024-03-29,Voluntary,Regular Employee,False
W107047,2022-05-02,2022-08-04,Involuntary,Regular Employee,False
W107048,2017-06-09,,,Regular Employee,False
W107049,2019-11-10,,,Regular Employee,False
W107050,2020-10-11,,,Regular Employee,False
W107051,2022-01-02,2024-11-15,Voluntary,Regular Employee,False
W107052,2019-11-20,,,Regular Employee,False
W107053,2014-05-30,2026-03-22,Voluntary,Regular Employee,False
W107054,2017-11-11,,,Regular Employee,False
W107055,2020-05-16,2023-09-13,Voluntary,Regular Employee,False
W107056,2022-05-19,2022-11-09,Voluntary,Regular Employee,False
W107057,2021-05-08,,,Regular Employee,False
W107058,2015-10-06,,,Regular Employee,False
W107059,2009-11-28,,,Regular Employee,False
W107060,2018-01-13,,,Regular Employee,False
W107061,2019-09-27,,,Regular Employee,False
W107062,2022-02-09,,,Regular Employee,False
W107063,2018-08-24,,,Regular Employee,False
W107064,2021-02-17,,,Regular Employee,False
W107065,2019-08-10,,,Regular Employee,False
W107066,2020-10-12,,,Regular Employee,False
W107067,2017-12-10,,,Regular Employee,False
W107068,2021-11-22,2026-04-11,Voluntary,Regular Employee,False
W107069,2020-08-18,,,Regular Employee,False
W107070,2018-10-12,,,Regular Employee,False
W107071,2021-11-02,,,Regular Employee,False
W107072,2021-01-11,,,Regular Employee,False
W107073,2019-04-20,2025-02-20,Voluntary,Regular Employee,False
W107074,2016-09-12,,,Regular Employee,False
W107075,2021-09-05,,,Regular Employee,False
W107076,2015-01-12,2025-01-29,Voluntary,Regular Employee,False
W107077,2012-09-28,,,Regular Employee,False
W107078,2012-05-14,,,Regular Employee,False
W107079,2021-04-09,2025-12-20,Voluntary,Regular Employee,False
W107080,2018-07-01,,,Regular Employee,False
W107081,2019-11-22,2023-02-10,Voluntary,Regular Employee,False
W107082,2021-07-04,,,Regular Employee,False
W107083,2016-03-12,,,Regular Employee,False
W107084,2020-10-22,2023-05-07,Voluntary,Regular Employee,False
W107085,2014-09-22,,,Regular Employee,False
W107086,2021-07-18,,,Regular Employee,False
W107087,2022-05-02,,,Regular Employee,False
W107088,2017-02-16,2024-05-01,Voluntary,Regular Employee,False
W107089,2020-10-30,2023-05-05,Voluntary,Regular Employee,False
W107090,2020-12-18,2024-12-11,Voluntary,Regular Employee,False
W107091,2017-04-05,,,Regular Employee,False
W107092,2022-05-18,,,Regular Employee,False
W107093,2019-07-12,,,Regular Employee,False
W107094,2018-05-31,2023-03-15,Voluntary,Regular Employee,False
W107095,2010-07-03,,,Regular Employee,False
W107096,2020-01-21,,,Regular Employee,False
W107097,2017-06-06,,,Regular Employee,False
W107098,2022-06-10,,,Regular Employee,False
W107099,2022-03-18,,,Regular Employee,False
W107100,2011-03-23,2022-09-07,Voluntary,Regular Employee,False
W107101,2017-05-17,2026-03-18,Voluntary,Regular Employee,False
W107102,2021-08-13,,,Regular Employee,False
W107103,2019-09-22,2024-06-15,Voluntary,Regular Employee,False
W107104,2017-05-31,2022-08-23,Voluntary,Regular Employee,False
W107105,2021-05-11,,,Regular Employee,False
W107106,2019-08-03,,,Regular Employee,False
W107107,2022-03-03,2023-10-11,Voluntary,Regular Employee,False
W107108,2017-04-20,,,Regular Employee,False
W107109,2016-12-20,2026-01-17,Involuntary,Regular Employee,False
W107110,2021-11-10,,,Regular Employee,False
W107111,2021-05-07,2025-11-03,Voluntary,Regular Employee,False
W107112,2015-08-30,2023-01-06,Voluntary,Regular Employee,False
W107113,2017-06-09,,,Regular Employee,False
W107114,2021-10-24,,,Regular Employee,False
W107115,2021-06-27,2022-10-07,Voluntary,Regular Employee,False
W107116,2019-10-28,2023-07-10,Voluntary,Regular Employee,False
W107117,2019-10-03,,,Regular Employee,False
W107118,2021-01-08,2025-04-16,Involuntary,Regular Employee,False
W107119,2020-01-27,,,Regular Employee,False
W107120,2012-11-04,2022-12-09,Voluntary,Regular Employee,False
W107121,2019-01-03,,,Regular Employee,False
W107122,2019-12-01,2024-02-21,Voluntary,Regular Employee,False
W107123,2009-07-03,,,Regular Employee,False
W107124,2011-05-28,,,Regular Employee,False
W107125,2021-03-30,,,Regular Employee,False
W107126,2020-12-02,,,Regular Employee,False
W107127,2022-05-25,,,Regular Employee,False
W107128,2020-10-20,,,Regular Employee,False
W107129,2010-10-05,,,Regular Employee,False
W107130,2020-11-05,2023-01-25,Voluntary,Regular Employee,False
W107131,2021-02-15,,,Regular Employee,False
W107132,2021-06-05,,,Regular Employee,False
W107133,2021-01-12,,,Regular Employee,False
W107134,2022-03-05,2023-03-11,Voluntary,Regular Employee,False
W107135,2021-06-17,,,Regular Employee,False
W107136,2013-06-22,,,Regular Employee,False
W107137,2019-10-07,2023-08-26,Voluntary,Regular Employee,False
W107138,2020-06-10,,,Regular Employee,False
W107139,2021-05-25,,,Regular Employee,False
W107140,2010-03-02,2026-06-28,Involuntary,Regular Employee,False
W107141,2022-06-08,,,Regular Employee,False
W107142,2019-01-25,2022-07-29,Voluntary,Regular Employee,False
W107143,2011-09-23,,,Regular Employee,False
W107144,2021-09-28,,,Regular Employee,False
W107145,2022-05-04,2023-04-19,Voluntary,Regular Employee,False
W107146,2021-08-05,2024-10-20,Voluntary,Regular Employee,False
W107147,2021-12-21,2022-09-14,Voluntary,Regular Employee,False
W107148,2021-05-28,2023-11-30,Involuntary,Regular Employee,False
W107149,2020-06-15,2024-10-23,Involuntary,Regular Employee,False
W107150,2019-11-04,2024-12-25,Voluntary,Regular Employee,False
W107151,2020-06-01,,,Regular Employee,False
W107152,2021-05-06,,,Regular Employee,False
W107153,2002-06-30,,,Regular Employee,False
W107154,2020-08-16,,,Regular Employee,False
W107155,2019-11-13,,,Regular Employee,False
W107156,2016-02-26,2023-08-23,Voluntary,Regular Employee,False
W107157,2020-04-08,,,Regular Employee,False
W107158,2017-07-10,,,Regular Employee,False
W107159,2020-10-23,,,Regular Employee,False
W107160,2021-08-30,2023-05-16,Involuntary,Regular Employee,False
W107161,2022-02-11,2024-11-18,Voluntary,Regular Employee,False
W107162,2020-09-28,2026-06-14,Voluntary,Regular Employee,False
W107163,2016-06-22,2026-03-24,Voluntary,Regular Employee,False
W107164,2021-04-10,,,Regular Employee,False
W107165,2006-12-07,,,Regular Employee,False
W107166,2020-06-20,,,Regular Employee,False
W107167,2017-12-30,2023-08-22,Involuntary,Regular Employee,False
W107168,2014-05-30,,,Regular Employee,False
W107169,2022-03-04,,,Regular Employee,False
W107170,2022-04-28,,,Regular Employee,False
W107171,2022-01-11,,,Regular Employee,False
W107172,2018-11-20,,,Regular Employee,False
W107173,2017-08-08,2022-11-22,Voluntary,Regular Employee,False
W107174,2013-07-27,,,Regular Employee,False
W107175,2018-06-22,,,Regular Employee,False
W107176,2021-03-02,,,Regular Employee,False
W107177,2019-10-31,2025-11-26,Voluntary,Regular Employee,False
W107178,2017-10-25,2023-04-26,Voluntary,Regular Employee,False
W107179,2012-12-16,,,Regular Employee,False
W107180,2020-09-09,,,Regular Employee,False
W107181,2020-10-25,,,Regular Employee,False
W107182,2020-03-01,2023-07-03,Involuntary,Regular Employee,False
W107183,2021-01-06,,,Regular Employee,False
W107184,2019-01-14,,,Regular Employee,False
W107185,2021-05-23,2026-05-22,Involuntary,Regular Employee,False
W107186,2019-08-06,,,Regular Employee,False
W107187,2017-02-19,,,Regular Employee,False
W107188,2013-01-17,2023-03-08,Voluntary,Regular Employee,False
W107189,2021-01-06,,,Regular Employee,False
W107190,2021-09-20,2025-02-04,Voluntary,Regular Employee,False
W107191,2018-03-08,2022-11-17,Voluntary,Regular Employee,False
W107192,2017-12-02,,,Regular Employee,False
W107193,2005-10-16,,,Regular Employee,False
W107194,2020-01-05,2025-09-15,Voluntary,Regular Employee,False
W107195,2020-10-14,,,Regular Employee,False
W107196,2021-11-14,,,Regular Employee,False
W107197,2008-02-09,,,Regular Employee,False
W107198,2021-01-23,,,Regular Employee,False
W107199,2009-07-14,,,Regular Employee,False
W107200,2013-08-29,2024-04-23,Voluntary,Regular Employee,False
W107201,2008-04-27,,,Regular Employee,False
W107202,2019-10-06,,,Regular Employee,False
W107203,2013-07-19,2024-03-05,Involuntary,Regular Employee,False
W107204,2019-07-22,2023-10-18,Voluntary,Regular Employee,False
W107205,2019-07-05,,,Regular Employee,False
W107206,2020-01-29,2025-09-24,Voluntary,Regular Employee,False
W107207,2021-01-03,2023-01-17,Voluntary,Regular Employee,False
W107208,2020-04-21,,,Regular Employee,False
W107209,2021-02-14,2025-04-14,Involuntary,Regular Employee,False
W107210,2015-12-01,,,Regular Employee,False
W107211,2018-09-05,,,Regular Employee,False
W107212,2016-05-29,,,Regular Employee,False
W107213,2021-09-09,2022-11-20,Involuntary,Regular Employee,False
W107214,2021-09-11,,,Regular Employee,False
W107215,2011-10-19,,,Regular Employee,False
W107216,2012-07-04,,,Regular Employee,False
W107217,2016-06-15,,,Regular Employee,False
W107218,2007-10-04,,,Regular Employee,False
W107219,2021-12-19,,,Regular Employee,False
W107220,2018-04-22,,,Regular Employee,False
W107221,2021-04-29,2023-04-08,Voluntary,Regular Employee,False
W107222,2022-05-12,2022-12-26,Voluntary,Regular Employee,False
W107223,2021-09-17,,,Regular Employee,False
W107224,2008-12-03,,,Regular Employee,False
W107225,2020-10-16,,,Regular Employee,False
W107226,2021-03-21,,,Regular Employee,False
W107227,2021-06-12,2024-06-29,Voluntary,Regular Employee,False
W107228,2017-04-10,2024-03-02,Voluntary,Regular Employee,False
W107229,2017-05-29,2025-11-18,Voluntary,Regular Employee,False
W107230,2007-01-17,,,Regular Employee,False
W107231,2021-07-05,2026-01-22,Involuntary,Regular Employee,False
W107232,2020-03-03,,,Regular Employee,False
W107233,2014-06-11,,,Regular Employee,False
W107234,2021-09-28,2024-11-14,Voluntary,Regular Employee,False
W107235,2004-07-06,,,Regular Employee,False
W107236,2010-05-01,,,Regular Employee,False
W107237,2019-02-10,,,Regular Employee,False
W107238,2018-10-12,,,Regular Employee,False
W107239,2021-11-17,,,Regular Employee,False
W107240,2006-09-23,,,Regular Employee,False
W107241,2014-07-11,2025-12-29,Voluntary,Regular Employee,False
W107242,2019-06-14,,,Regular Employee,False
W107243,2019-10-01,2023-05-05,Voluntary,Regular Employee,False
W107244,2018-01-11,2025-04-27,Involuntary,Regular Employee,False
W107245,2020-06-18,2022-09-04,Voluntary,Regular Employee,False
W107246,2021-07-31,2023-03-24,Voluntary,Regular Employee,False
W107247,2017-11-20,,,Regular Employee,False
W107248,2020-06-08,2026-04-02,Voluntary,Regular Employee,False
W107249,2021-11-02,2025-01-05,Involuntary,Regular Employee,False
W107250,2019-05-16,2024-10-18,Voluntary,Regular Employee,False
W107251,2010-09-18,,,Regular Employee,False
W107252,2020-11-02,,,Regular Employee,False
W107253,2020-01-11,,,Regular Employee,False
W107254,2017-09-26,,,Regular Employee,False
W107255,2020-01-20,2023-02-24,Voluntary,Regular Employee,False
W107256,2008-09-14,2024-04-24,Voluntary,Regular Employee,False
W107257,2011-07-25,,,Regular Employee,False
W107258,2002-06-30,,,Regular Employee,False
W107259,2014-07-04,,,Regular Employee,False
W107260,2022-06-12,2025-10-29,Voluntary,Regular Employee,False
W107261,2010-09-08,2026-04-18,Voluntary,Regular Employee,False
W107262,2021-04-06,2024-03-15,Voluntary,Regular Employee,False
W107263,2015-05-25,2026-06-30,Voluntary,Regular Employee,False
W107264,2022-06-12,2022-12-05,Voluntary,Regular Employee,False
W107265,2019-06-02,2026-06-15,Involuntary,Regular Employee,False
W107266,2019-09-09,,,Regular Employee,False
W107267,2017-01-12,2024-02-12,Voluntary,Regular Employee,False
W107268,2013-09-03,2025-07-15,Involuntary,Regular Employee,False
W107269,2018-08-22,,,Regular Employee,False
W107270,2016-05-25,2023-02-08,Voluntary,Regular Employee,False
W107271,2012-09-07,,,Regular Employee,False
W107272,2018-08-06,,,Regular Employee,False
W107273,2021-08-12,,,Regular Employee,False
W107274,2017-09-15,2023-01-27,Voluntary,Regular Employee,False
W107275,2020-11-10,,,Regular Employee,False
W107276,2022-01-29,,,Regular Employee,False
W107277,2016-03-23,,,Regular Employee,False
W107278,2019-02-06,,,Regular Employee,False
W107279,2014-08-13,,,Regular Employee,False
W107280,2005-11-03,2022-07-12,Involuntary,Regular Employee,False
W107281,2022-06-12,,,Regular Employee,False
W107282,2017-07-16,,,Regular Employee,False
W107283,2022-04-29,2022-08-23,Involuntary,Regular Employee,False
W107284,2018-03-04,2026-01-02,Voluntary,Regular Employee,False
W107285,2018-12-06,2023-02-15,Voluntary,Regular Employee,False
W107286,2022-06-12,,,Regular Employee,False
W107287,2020-10-16,,,Regular Employee,False
W107288,2021-05-04,2025-12-21,Involuntary,Regular Employee,False
W107289,2019-12-28,,,Regular Employee,False
W107290,2018-02-27,,,Regular Employee,False
W107291,2017-10-15,2022-12-12,Voluntary,Regular Employee,False
W107292,2021-03-22,2024-07-01,Voluntary,Regular Employee,False
W107293,2017-10-05,2022-10-14,Voluntary,Regular Employee,False
W107294,2015-07-28,2023-08-11,Voluntary,Regular Employee,False
W107295,2019-07-03,2024-02-15,Involuntary,Regular Employee,False
W107296,2019-01-27,,,Regular Employee,False
W107297,2021-06-13,2025-08-30,Voluntary,Regular Employee,False
W107298,2020-06-24,,,Regular Employee,False
W107299,2019-02-12,2023-05-23,Involuntary,Regular Employee,False
W107300,2020-04-24,,,Regular Employee,False
W107301,2016-05-18,2022-10-28,Voluntary,Regular Employee,False
W107302,2016-11-07,,,Regular Employee,False
W107303,2019-10-19,,,Regular Employee,False
W107304,2022-03-16,2024-10-11,Voluntary,Regular Employee,False
W107305,2022-02-08,2025-09-17,Voluntary,Regular Employee,False
W107306,2017-09-14,2022-08-21,Voluntary,Regular Employee,False
W107307,2015-01-25,2026-02-08,Voluntary,Regular Employee,False
W107308,2019-09-22,,,Regular Employee,False
W107309,2021-01-26,,,Regular Employee,False
W107310,2019-03-19,,,Regular Employee,False
W107311,2015-07-18,,,Regular Employee,False
W107312,2017-10-19,,,Regular Employee,False
W107313,2020-06-16,,,Regular Employee,False
W107314,2003-02-28,2024-05-13,Voluntary,Regular Employee,False
W107315,2022-05-21,,,Regular Employee,False
W107316,2012-02-02,,,Regular Employee,False
W107317,2020-12-08,,,Regular Employee,False
W107318,2022-03-02,2024-01-03,Involuntary,Regular Employee,False
W107319,2017-01-21,,,Regular Employee,False
W107320,2022-03-31,,,Regular Employee,False
W107321,2017-11-15,,,Regular Employee,False
W107322,2017-07-31,,,Regular Employee,False
W107323,2020-09-25,,,Regular Employee,False
W107324,2022-03-12,2022-07-07,Voluntary,Regular Employee,False
W107325,2019-02-10,,,Regular Employee,False
W107326,2015-06-27,2024-12-25,Involuntary,Regular Employee,False
W107327,2021-03-15,,,Regular Employee,False
W107328,2018-03-14,,,Regular Employee,False
W107329,2022-06-12,,,Regular Employee,False
W107330,2019-03-13,,,Regular Employee,False
W107331,2020-04-11,2024-01-08,Voluntary,Regular Employee,False
W107332,2019-01-03,2024-06-04,Voluntary,Regular Employee,False
W107333,2021-08-29,2022-12-28,Voluntary,Regular Employee,False
W107334,2022-03-19,,,Regular Employee,False
W107335,2020-12-15,2024-11-22,Voluntary,Regular Employee,False
W107336,2018-12-21,,,Regular Employee,False
W107337,2021-09-13,,,Regular Employee,False
W107338,2013-06-03,,,Regular Employee,False
W107339,2020-08-19,,,Regular Employee,False
W107340,2018-01-20,,,Regular Employee,False
W107341,2008-11-11,,,Regular Employee,False
W107342,2013-08-18,2026-06-02,Involuntary,Regular Employee,False
W107343,2020-11-18,2024-02-05,Involuntary,Regular Employee,False
W107344,2014-04-12,,,Regular Employee,False
W107345,2021-11-14,,,Regular Employee,False
W107346,2018-10-15,2024-04-04,Voluntary,Regular Employee,False
W107347,2015-05-02,,,Regular Employee,False
W107348,2022-04-28,2022-11-17,Voluntary,Regular Employee,False
W107349,2018-09-26,,,Regular Employee,False
W107350,2019-10-21,,,Regular Employee,False
W107351,2010-05-20,,,Regular Employee,False
W107352,2022-03-11,2023-10-31,Voluntary,Regular Employee,False
W107353,2015-12-02,,,Regular Employee,False
W107354,2021-02-10,2022-08-08,Voluntary,Regular Employee,False
W107355,2022-02-12,,,Regular Employee,False
W107356,2018-10-14,2025-04-26,Voluntary,Regular Employee,False
W107357,2022-01-02,,,Regular Employee,False
W107358,2015-03-15,,,Regular Employee,False
W107359,2019-02-03,,,Regular Employee,False
W107360,2021-08-17,2025-01-08,Voluntary,Regular Employee,False
W107361,2022-03-20,2026-02-26,Voluntary,Regular Employee,False
W107362,2020-10-22,,,Regular Employee,False
W107363,2022-05-28,,,Regular Employee,False
W107364,2021-04-19,2025-02-03,Voluntary,Regular Employee,False
W107365,2020-08-29,,,Regular Employee,False
W107366,2020-05-24,,,Regular Employee,False
W107367,2012-11-29,,,Regular Employee,False
W107368,2013-04-06,2023-06-19,Voluntary,Regular Employee,False
W107369,2009-08-22,,,Regular Employee,False
W107370,2016-01-30,2025-08-23,Involuntary,Regular Employee,False
W107371,2020-04-04,2023-07-01,Voluntary,Regular Employee,False
W107372,2021-01-21,,,Regular Employee,False
W107373,2020-07-13,,,Regular Employee,False
W107374,2021-02-02,2024-11-29,Voluntary,Regular Employee,False
W107375,2017-11-29,,,Regular Employee,False
W107376,2020-05-23,,,Regular Employee,False
W107377,2022-04-20,,,Regular Employee,False
W107378,2016-06-26,2025-10-30,Voluntary,Regular Employee,False
W107379,2021-12-14,,,Regular Employee,False
W107380,2011-12-06,,,Regular Employee,False
W107381,2018-05-15,2023-06-16,Involuntary,Regular Employee,False
W107382,2016-06-14,2024-03-21,Voluntary,Regular Employee,False
W107383,2014-07-01,,,Regular Employee,False
W107384,2014-10-09,,,Regular Employee,False
W107385,2016-05-03,,,Regular Employee,False
W107386,2011-10-07,,,Regular Employee,False
W107387,2020-06-23,,,Regular Employee,False
W107388,2011-04-25,,,Regular Employee,False
W107389,2019-09-16,,,Regular Employee,False
W107390,2019-06-25,,,Regular Employee,False
W107391,2021-06-11,,,Regular Employee,False
W107392,2012-06-30,,,Regular Employee,False
W107393,2018-07-26,,,Regular Employee,False
W107394,2019-05-11,,,Regular Employee,False
W107395,2022-05-23,2023-03-19,Voluntary,Regular Employee,False
W107396,2015-09-02,,,Regular Employee,False
W107397,2021-05-04,,,Regular Employee,False
W107398,2019-10-13,,,Regular Employee,False
W107399,2021-02-28,,,Regular Employee,False
W107400,2021-10-27,,,Regular Employee,False
W107401,2002-06-30,,,Regular Employee,False
W107402,2014-03-01,,,Regular Employee,False
W107403,2017-12-28,2023-04-22,Voluntary,Regular Employee,False
W107404,2013-02-26,2022-09-15,Voluntary,Regular Employee,False
W107405,2019-03-28,2025-03-13,Involuntary,Regular Employee,False
W107406,2006-02-07,2023-02-19,Voluntary,Regular Employee,False
W107407,2006-06-08,2023-06-08,Involuntary,Regular Employee,False
W107408,2021-02-09,,,Regular Employee,False
W107409,2021-09-11,,,Regular Employee,False
W107410,2020-05-18,,,Regular Employee,False
W107411,2022-06-12,2023-10-04,Voluntary,Regular Employee,False
W107412,2005-10-03,,,Regular Employee,False
W107413,2019-10-13,2025-12-14,Involuntary,Regular Employee,False
W107414,2017-05-24,,,Regular Employee,False
W107415,2020-03-03,,,Regular Employee,False
W107416,2020-02-10,2025-10-26,Voluntary,Regular Employee,False
W107417,2020-12-23,,,Regular Employee,False
W107418,2021-11-24,,,Regular Employee,False
W107419,2022-05-01,,,Regular Employee,False
W107420,2021-02-14,,,Regular Employee,False
W107421,2012-02-08,,,Regular Employee,False
W107422,2021-10-21,,,Regular Employee,False
W107423,2019-01-29,,,Regular Employee,False
W107424,2019-01-21,,,Regular Employee,False
W107425,2017-07-09,2025-10-17,Voluntary,Regular Employee,False
W107426,2007-06-23,,,Regular Employee,False
W107427,2021-01-03,,,Regular Employee,False
W107428,2018-12-09,,,Regular Employee,False
W107429,2013-07-21,,,Regular Employee,False
W107430,2019-05-29,,,Regular Employee,False
W107431,2020-04-21,,,Regular Employee,False
W107432,2021-04-20,,,Regular Employee,False
W107433,2017-01-14,,,Regular Employee,False
W107434,2021-11-05,,,Regular Employee,False
W107435,2018-11-07,2023-01-03,Involuntary,Regular Employee,False
W107436,2019-03-13,2023-11-30,Involuntary,Regular Employee,False
W107437,2022-05-24,,,Regular Employee,False
W107438,2020-09-22,,,Regular Employee,False
W107439,2009-12-30,,,Regular Employee,False
W107440,2018-08-31,,,Regular Employee,False
W107441,2015-01-21,2022-09-18,Voluntary,Regular Employee,False
W107442,2006-03-28,,,Regular Employee,False
W107443,2022-04-14,,,Regular Employee,False
W107444,2018-05-05,2023-09-12,Voluntary,Regular Employee,False
W107445,2021-05-13,2023-09-20,Voluntary,Regular Employee,False
W107446,2019-01-23,,,Regular Employee,False
W107447,2020-06-18,,,Regular Employee,False
W107448,2017-05-27,,,Regular Employee,False
W107449,2002-06-30,,,Regular Employee,False
W107450,2019-09-22,,,Regular Employee,False
W107451,2020-02-07,,,Regular Employee,False
W107452,2022-03-25,,,Regular Employee,False
W107453,2022-04-07,,,Regular Employee,False
W107454,2017-10-06,2025-04-25,Voluntary,Regular Employee,False
W107455,2022-01-22,2026-01-29,Voluntary,Regular Employee,False
W107456,2019-02-02,,,Regular Employee,False
W107457,2019-10-06,2025-01-29,Involuntary,Regular Employee,False
W107458,2019-07-25,,,Regular Employee,False
W107459,2021-05-29,2022-09-14,Involuntary,Regular Employee,False
W107460,2020-05-19,2025-08-10,Voluntary,Regular Employee,False
W107461,2014-05-02,2025-02-07,Voluntary,Regular Employee,False
W107462,2018-10-31,,,Regular Employee,False
W107463,2012-04-14,,,Regular Employee,False
W107464,2018-04-07,2026-02-23,Voluntary,Regular Employee,False
W107465,2019-06-10,,,Regular Employee,False
W107466,2019-08-31,,,Regular Employee,False
W107467,2015-01-06,,,Regular Employee,False
W107468,2009-07-27,,,Regular Employee,False
W107469,2021-08-28,,,Regular Employee,False
W107470,2021-06-15,,,Regular Employee,False
W107471,2010-12-15,,,Regular Employee,False
W107472,2016-02-19,,,Regular Employee,False
W107473,2021-10-29,2023-12-09,Voluntary,Regular Employee,False
W107474,2018-07-17,,,Regular Employee,False
W107475,2019-11-29,2025-09-17,Voluntary,Regular Employee,False
W107476,2020-03-29,2025-08-20,Voluntary,Regular Employee,False
W107477,2019-10-11,,,Regular Employee,False
W107478,2018-10-07,,,Regular Employee,False
W107479,2013-12-08,,,Regular Employee,False
W107480,2013-01-12,2024-02-15,Involuntary,Regular Employee,False
W107481,2010-12-30,,,Regular Employee,False
W107482,2015-11-20,,,Regular Employee,False
W107483,2016-07-15,2023-08-15,Voluntary,Regular Employee,False
W107484,2016-10-17,,,Regular Employee,False
W107485,2013-09-07,2024-10-05,Voluntary,Regular Employee,False
W107486,2019-11-06,,,Regular Employee,False
W107487,2013-12-25,2025-07-31,Voluntary,Regular Employee,False
W107488,2021-03-23,2025-03-13,Voluntary,Regular Employee,False
W107489,2020-08-30,,,Regular Employee,False
W107490,2021-05-15,,,Regular Employee,False
W107491,2021-07-07,2026-06-28,Voluntary,Regular Employee,False
W107492,2016-08-26,,,Regular Employee,False
W107493,2021-03-20,,,Regular Employee,False
W107494,2014-03-19,2022-10-19,Voluntary,Regular Employee,False
W107495,2017-11-11,,,Regular Employee,False
W107496,2018-08-10,,,Regular Employee,False
W107497,2021-11-05,2024-07-27,Voluntary,Regular Employee,False
W107498,2014-11-21,,,Regular Employee,False
W107499,2016-12-29,2025-10-10,Involuntary,Regular Employee,False
W107500,2018-02-09,2026-04-04,Voluntary,Regular Employee,False
W107501,2016-09-26,2023-02-04,Voluntary,Regular Employee,False
W107502,2021-10-09,,,Regular Employee,False
W107503,2020-06-18,2024-01-16,Voluntary,Regular Employee,False
W107504,2014-02-06,,,Regular Employee,False
W107505,2017-08-13,2023-09-13,Voluntary,Regular Employee,False
W107506,2021-07-16,,,Regular Employee,False
W107507,2021-03-31,,,Regular Employee,False
W107508,2015-08-26,,,Regular Employee,False
W107509,2020-06-04,,,Regular Employee,False
W107510,2021-09-12,,,Regular Employee,False
W107511,2019-06-20,,,Regular Employee,False
W107512,2019-06-25,,,Regular Employee,False
W107513,2017-12-27,2024-08-29,Voluntary,Regular Employee,False
W107514,2019-09-11,,,Regular Employee,False
W107515,2010-12-09,,,Regular Employee,False
W107516,2022-01-13,,,Regular Employee,False
W107517,2016-11-06,2024-05-17,Voluntary,Regular Employee,False
W107518,2006-08-15,2024-01-14,Voluntary,Regular Employee,False
W107519,2013-08-23,,,Regular Employee,False
W107520,2015-09-23,,,Regular Employee,False
W107521,2019-09-24,2022-09-23,Voluntary,Regular Employee,False
W107522,2019-02-01,2025-08-01,Voluntary,Regular Employee,False
W107523,2021-06-25,2026-02-08,Voluntary,Regular Employee,False
W107524,2021-06-20,,,Regular Employee,False
W107525,2022-03-18,2026-06-08,Voluntary,Regular Employee,False
W107526,2017-12-17,,,Regular Employee,False
W107527,2020-05-25,2023-04-04,Voluntary,Regular Employee,False
W107528,2020-05-16,,,Regular Employee,False
W107529,2012-10-03,,,Regular Employee,False
W107530,2021-01-03,2024-08-01,Voluntary,Regular Employee,False
W107531,2016-08-22,2025-03-05,Voluntary,Regular Employee,False
W107532,2019-09-18,2022-08-07,Voluntary,Regular Employee,False
W107533,2018-03-29,,,Regular Employee,False
W107534,2020-11-29,,,Regular Employee,False
W107535,2021-10-24,2024-06-04,Voluntary,Regular Employee,False
W107536,2022-01-16,2024-04-26,Voluntary,Regular Employee,False
W107537,2015-01-03,2025-04-12,Voluntary,Regular Employee,False
W107538,2014-07-23,,,Regular Employee,False
W107539,2016-11-06,,,Regular Employee,False
W107540,2016-06-03,,,Regular Employee,False
W107541,2018-06-22,2023-05-11,Involuntary,Regular Employee,False
W107542,2018-05-24,,,Regular Employee,False
W107543,2022-02-02,2023-01-24,Voluntary,Regular Employee,False
W107544,2019-10-13,,,Regular Employee,False
W107545,2019-04-23,,,Regular Employee,False
W107546,2022-02-22,,,Regular Employee,False
W107547,2022-02-17,,,Regular Employee,False
W107548,2019-05-05,,,Regular Employee,False
W107549,2018-04-03,2024-04-06,Voluntary,Regular Employee,False
W107550,2010-06-08,,,Regular Employee,False
W107551,2022-02-18,2023-01-30,Involuntary,Regular Employee,False
W107552,2020-08-11,,,Regular Employee,False
W107553,2018-08-05,,,Regular Employee,False
W107554,2005-03-30,,,Regular Employee,False
W107555,2017-02-24,,,Regular Employee,False
W107556,2021-09-28,2024-02-15,Involuntary,Regular Employee,False
W107557,2021-02-09,,,Regular Employee,False
W107558,2012-05-02,,,Regular Employee,False
W107559,2015-01-10,2025-10-12,Voluntary,Regular Employee,False
W107560,2016-12-16,2026-05-15,Voluntary,Regular Employee,False
W107561,2017-06-14,2024-02-15,Involuntary,Regular Employee,False
W107562,2019-12-03,,,Regular Employee,False
W107563,2015-10-31,,,Regular Employee,False
W107564,2017-01-01,,,Regular Employee,False
W107565,2021-10-02,,,Regular Employee,False
W107566,2006-11-27,,,Regular Employee,False
W107567,2011-09-22,,,Regular Employee,False
W107568,2020-11-07,,,Regular Employee,False
W107569,2022-01-23,2025-02-14,Involuntary,Regular Employee,False
W107570,2013-10-25,,,Regular Employee,False
W107571,2021-02-26,2025-06-14,Involuntary,Regular Employee,False
W107572,2021-06-06,,,Regular Employee,False
W107573,2017-05-20,2024-07-14,Involuntary,Regular Employee,False
W107574,2012-08-09,,,Regular Employee,False
W107575,2017-01-06,2025-09-28,Voluntary,Regular Employee,False
W107576,2010-09-29,,,Regular Employee,False
W107577,2022-01-18,,,Regular Employee,False
W107578,2011-10-24,,,Regular Employee,False
W107579,2020-07-25,2023-03-04,Voluntary,Regular Employee,False
W107580,2012-10-23,2022-07-15,Voluntary,Regular Employee,False
W107581,2022-04-13,,,Regular Employee,False
W107582,2018-09-30,,,Regular Employee,False
W107583,2020-01-04,2026-02-19,Involuntary,Regular Employee,False
W107584,2018-02-02,,,Regular Employee,False
W107585,2020-11-25,,,Regular Employee,False
W107586,2015-04-02,,,Regular Employee,False
W107587,2019-09-07,,,Regular Employee,False
W107588,2021-11-03,2026-06-27,Voluntary,Regular Employee,False
W107589,2020-10-13,,,Regular Employee,False
W107590,2019-10-03,,,Regular Employee,False
W107591,2018-11-20,,,Regular Employee,False
W107592,2016-02-05,,,Regular Employee,False
W107593,2020-05-04,2025-08-23,Voluntary,Regular Employee,False
W107594,2009-10-21,,,Regular Employee,False
W107595,2020-04-04,,,Regular Employee,False
W107596,2020-06-14,,,Regular Employee,False
W107597,2018-10-14,2022-08-24,Involuntary,Regular Employee,False
W107598,2019-03-20,,,Regular Employee,False
W107599,2008-08-13,,,Regular Employee,False
W107600,2020-12-19,,,Regular Employee,False
W107601,2022-05-24,2023-04-14,Voluntary,Regular Employee,False
W107602,2021-07-03,,,Regular Employee,False
W107603,2017-11-28,,,Regular Employee,False
W107604,2017-07-30,,,Regular Employee,False
W107605,2014-07-29,2022-08-19,Voluntary,Regular Employee,False
W107606,2011-09-16,,,Regular Employee,False
W107607,2019-02-16,,,Regular Employee,False
W107608,2012-03-10,,,Regular Employee,False
W107609,2021-11-12,,,Regular Employee,False
W107610,2014-08-28,,,Regular Employee,False
W107611,2015-06-25,2024-11-23,Voluntary,Regular Employee,False
W107612,2021-02-18,,,Regular Employee,False
W107613,2020-06-18,2025-08-09,Voluntary,Regular Employee,False
W107614,2019-06-24,2024-01-25,Voluntary,Regular Employee,False
W107615,2022-04-24,2022-08-31,Voluntary,Regular Employee,False
W107616,2012-02-08,,,Regular Employee,False
W107617,2005-04-17,,,Regular Employee,False
W107618,2018-03-31,2026-01-28,Voluntary,Regular Employee,False
W107619,2021-01-07,,,Regular Employee,False
W107620,2019-03-25,2025-08-04,Voluntary,Regular Employee,False
W107621,2016-07-27,,,Regular Employee,False
W107622,2015-04-07,2023-12-31,Voluntary,Regular Employee,False
W107623,2018-02-23,2025-09-18,Voluntary,Regular Employee,False
W107624,2020-12-07,2025-06-27,Voluntary,Regular Employee,False
W107625,2020-09-17,,,Regular Employee,False
W107626,2020-11-28,,,Regular Employee,False
W107627,2018-12-19,,,Regular Employee,False
W107628,2021-03-30,2023-11-25,Voluntary,Regular Employee,False
W107629,2013-10-26,,,Regular Employee,False
W107630,2020-09-11,,,Regular Employee,False
W107631,2016-06-26,2025-06-17,Voluntary,Regular Employee,False
W107632,2022-04-20,,,Regular Employee,False
W107633,2017-11-24,,,Regular Employee,False
W107634,2011-04-16,2025-08-30,Voluntary,Regular Employee,False
W107635,2019-04-27,,,Regular Employee,False
W107636,2022-01-23,,,Regular Employee,False
W107637,2014-12-18,,,Regular Employee,False
W107638,2012-08-11,2022-11-10,Voluntary,Regular Employee,False
W107639,2021-07-13,2022-11-20,Voluntary,Regular Employee,False
W107640,2021-08-11,2024-04-04,Voluntary,Regular Employee,False
W107641,2022-04-26,2025-11-06,Voluntary,Regular Employee,False
W107642,2017-10-31,,,Regular Employee,False
W107643,2017-04-03,,,Regular Employee,False
W107644,2018-04-22,,,Regular Employee,False
W107645,2017-11-24,,,Regular Employee,False
W107646,2022-06-12,2024-06-28,Voluntary,Regular Employee,False
W107647,2021-01-22,,,Regular Employee,False
W107648,2010-12-10,,,Regular Employee,False
W107649,2021-07-07,,,Regular Employee,False
W107650,2017-03-28,2023-03-03,Voluntary,Regular Employee,False
W107651,2016-04-23,,,Regular Employee,False
W107652,2010-11-16,2022-11-26,Voluntary,Regular Employee,False
W107653,2015-07-16,2024-10-08,Voluntary,Regular Employee,False
W107654,2004-10-29,,,Regular Employee,False
W107655,2022-02-05,2024-08-07,Voluntary,Regular Employee,False
W107656,2018-04-23,2022-08-14,Voluntary,Regular Employee,False
W107657,2021-01-17,,,Regular Employee,False
W107658,2019-01-29,,,Regular Employee,False
W107659,2021-07-13,,,Regular Employee,False
W107660,2021-11-13,2022-10-23,Voluntary,Regular Employee,False
W107661,2020-03-24,,,Regular Employee,False
W107662,2021-04-24,2025-09-08,Voluntary,Regular Employee,False
W107663,2018-03-15,,,Regular Employee,False
W107664,2017-08-11,2023-10-10,Involuntary,Regular Employee,False
W107665,2022-02-24,2025-12-12,Voluntary,Regular Employee,False
W107666,2020-01-20,,,Regular Employee,False
W107667,2019-09-04,,,Regular Employee,False
W107668,2022-04-25,2022-07-12,Involuntary,Regular Employee,False
W107669,2021-12-17,,,Regular Employee,False
W107670,2009-06-24,,,Regular Employee,False
W107671,2018-09-12,2023-03-20,Voluntary,Regular Employee,False
W107672,2017-11-04,,,Regular Employee,False
W107673,2019-04-13,,,Regular Employee,False
W107674,2019-02-11,2022-08-20,Voluntary,Regular Employee,False
W107675,2015-04-24,2022-08-17,Voluntary,Regular Employee,False
W107676,2021-06-16,,,Regular Employee,False
W107677,2015-08-09,,,Regular Employee,False
W107678,2016-07-22,,,Regular Employee,False
W107679,2016-10-16,,,Regular Employee,False
W107680,2022-02-09,2025-01-28,Involuntary,Regular Employee,False
W107681,2011-12-04,,,Regular Employee,False
W107682,2019-04-25,2023-11-11,Involuntary,Regular Employee,False
W107683,2006-12-16,,,Regular Employee,False
W107684,2021-08-31,,,Regular Employee,False
W107685,2015-06-12,,,Regular Employee,False
W107686,2020-05-09,2022-10-23,Involuntary,Regular Employee,False
W107687,2021-04-19,2024-08-05,Voluntary,Regular Employee,False
W107688,2021-02-12,,,Regular Employee,False
W107689,2019-10-08,2024-01-15,Voluntary,Regular Employee,False
W107690,2020-09-25,2025-10-07,Voluntary,Regular Employee,False
W107691,2012-07-06,,,Regular Employee,False
W107692,2013-09-05,,,Regular Employee,False
W107693,2018-01-11,,,Regular Employee,False
W107694,2013-11-16,,,Regular Employee,False
W107695,2021-06-21,2022-08-03,Voluntary,Regular Employee,False
W107696,2022-05-31,2023-02-18,Voluntary,Regular Employee,False
W107697,2015-04-19,,,Regular Employee,False
W107698,2014-12-24,,,Regular Employee,False
W107699,2017-11-04,,,Regular Employee,False
W107700,2021-11-26,2022-10-03,Involuntary,Regular Employee,False
W107701,2014-08-28,,,Regular Employee,False
W107702,2021-10-07,,,Regular Employee,False
W107703,2022-02-03,,,Regular Employee,False
W107704,2016-09-17,2025-03-03,Voluntary,Regular Employee,False
W107705,2015-10-09,,,Regular Employee,False
W107706,2012-06-27,,,Regular Employee,False
W107707,2020-06-13,,,Regular Employee,False
W107708,2007-09-14,,,Regular Employee,False
W107709,2021-11-14,,,Regular Employee,False
W107710,2021-09-04,,,Regular Employee,False
W107711,2019-11-16,2025-08-23,Voluntary,Regular Employee,False
W107712,2019-10-19,,,Regular Employee,False
W107713,2016-03-31,,,Regular Employee,False
W107714,2019-08-28,,,Regular Employee,False
W107715,2021-04-25,,,Regular Employee,False
W107716,2021-10-06,,,Regular Employee,False
W107717,2009-03-19,,,Regular Employee,False
W107718,2016-07-06,,,Regular Employee,False
W107719,2015-11-06,,,Regular Employee,False
W107720,2018-11-06,,,Regular Employee,False
W107721,2019-11-09,,,Regular Employee,False
W107722,2016-01-29,2024-09-24,Voluntary,Regular Employee,False
W107723,2013-09-10,2025-01-24,Voluntary,Regular Employee,False
W107724,2018-07-09,,,Regular Employee,False
W107725,2021-02-28,,,Regular Employee,False
W107726,2018-07-17,2024-09-08,Voluntary,Regular Employee,False
W107727,2022-04-22,,,Regular Employee,False
W107728,2018-11-25,2022-10-23,Involuntary,Regular Employee,False
W107729,2020-01-20,2023-04-04,Voluntary,Regular Employee,False
W107730,2016-06-29,,,Regular Employee,False
W107731,2016-12-25,,,Regular Employee,False
W107732,2015-08-28,2024-10-09,Voluntary,Regular Employee,False
W107733,2008-11-17,2024-01-29,Voluntary,Regular Employee,False
W107734,2019-09-24,,,Regular Employee,False
W107735,2020-10-07,2023-08-02,Voluntary,Regular Employee,False
W107736,2015-09-13,2023-05-26,Voluntary,Regular Employee,False
W107737,2019-05-15,,,Regular Employee,False
W107738,2010-03-17,2022-09-20,Involuntary,Regular Employee,False
W107739,2017-06-23,,,Regular Employee,False
W107740,2013-07-05,2026-05-06,Voluntary,Regular Employee,False
W107741,2021-08-30,,,Regular Employee,False
W107742,2020-03-19,,,Regular Employee,False
W107743,2018-07-30,,,Regular Employee,False
W107744,2014-09-20,2025-01-02,Voluntary,Regular Employee,False
W107745,2015-04-12,2022-12-28,Voluntary,Regular Employee,False
W107746,2021-01-31,,,Regular Employee,False
W107747,2019-11-23,,,Regular Employee,False
W107748,2022-02-01,2024-02-15,Involuntary,Regular Employee,False
W107749,2022-04-30,,,Regular Employee,False
W107750,2019-07-28,2024-07-14,Voluntary,Regular Employee,False
W107751,2018-06-19,2023-10-25,Involuntary,Regular Employee,False
W107752,2019-03-10,,,Regular Employee,False
W107753,2020-06-24,,,Regular Employee,False
W107754,2021-02-14,,,Regular Employee,False
W107755,2006-08-18,,,Regular Employee,False
W107756,2011-04-05,,,Regular Employee,False
W107757,2021-11-29,,,Regular Employee,False
W107758,2004-04-28,,,Regular Employee,False
W107759,2002-11-23,,,Regular Employee,False
W107760,2018-12-15,,,Regular Employee,False
W107761,2020-07-03,2026-04-03,Voluntary,Regular Employee,False
W107762,2021-12-30,,,Regular Employee,False
W107763,2012-08-20,2025-05-08,Involuntary,Regular Employee,False
W107764,2019-08-24,,,Regular Employee,False
W107765,2017-10-03,2024-03-20,Voluntary,Regular Employee,False
W107766,2007-09-22,2023-06-15,Voluntary,Regular Employee,False
W107767,2019-03-16,,,Regular Employee,False
W107768,2018-07-05,2023-01-09,Involuntary,Regular Employee,False
W107769,2015-09-20,,,Regular Employee,False
W107770,2010-10-08,2025-01-17,Voluntary,Regular Employee,False
W107771,2020-06-18,,,Regular Employee,False
W107772,2015-10-17,,,Regular Employee,False
W107773,2013-04-17,,,Regular Employee,False
W107774,2022-06-12,,,Regular Employee,False
W107775,2019-07-14,,,Regular Employee,False
W107776,2008-03-02,,,Regular Employee,False
W107777,2019-07-02,,,Regular Employee,False
W107778,2018-07-01,2023-03-27,Voluntary,Regular Employee,False
W107779,2019-12-23,,,Regular Employee,False
W107780,2020-05-19,,,Regular Employee,False
W107781,2018-02-03,2024-08-27,Voluntary,Regular Employee,False
W107782,2017-07-11,,,Regular Employee,False
W107783,2021-05-27,,,Regular Employee,False
W107784,2021-03-06,,,Regular Employee,False
W107785,2021-05-08,,,Regular Employee,False
W107786,2021-05-19,,,Regular Employee,False
W107787,2020-10-28,2024-01-29,Voluntary,Regular Employee,False
W107788,2018-12-17,2023-10-27,Involuntary,Regular Employee,False
W107789,2022-04-21,,,Regular Employee,False
W107790,2011-12-12,,,Regular Employee,False
W107791,2013-10-07,,,Regular Employee,False
W107792,2021-09-20,,,Regular Employee,False
W107793,2021-08-16,2025-08-26,Voluntary,Regular Employee,False
W107794,2018-07-30,,,Regular Employee,False
W107795,2020-03-04,2025-06-17,Voluntary,Regular Employee,False
W107796,2021-07-30,,,Regular Employee,False
W107797,2019-11-10,2023-01-01,Voluntary,Regular Employee,False
W107798,2018-05-22,,,Regular Employee,False
W107799,2014-02-10,,,Regular Employee,False
W107800,2007-02-28,,,Regular Employee,False
W107801,2017-10-17,,,Regular Employee,False
W107802,2016-08-20,2022-07-16,Involuntary,Regular Employee,False
W107803,2020-02-22,2025-07-07,Involuntary,Regular Employee,False
W107804,2020-12-14,,,Regular Employee,False
W107805,2020-03-21,,,Regular Employee,False
W107806,2021-05-06,2026-04-28,Voluntary,Regular Employee,False
W107807,2020-04-03,2022-07-14,Involuntary,Regular Employee,False
W107808,2019-10-21,,,Regular Employee,False
W107809,2014-04-05,,,Regular Employee,False
W107810,2021-10-24,2025-08-08,Voluntary,Regular Employee,False
W107811,2017-01-03,,,Regular Employee,False
W107812,2020-03-28,,,Regular Employee,False
W107813,2003-06-13,,,Regular Employee,False
W107814,2020-06-03,,,Regular Employee,False
W107815,2012-02-07,2024-09-05,Involuntary,Regular Employee,False
W107816,2012-03-09,,,Regular Employee,False
W107817,2011-02-17,,,Regular Employee,False
W107818,2019-04-29,,,Regular Employee,False
W107819,2016-08-11,2025-04-26,Voluntary,Regular Employee,False
W107820,2021-08-05,,,Regular Employee,False
W107821,2019-09-27,,,Regular Employee,False
W107822,2022-03-02,2025-06-03,Involuntary,Regular Employee,False
W107823,2002-06-30,2026-02-02,Voluntary,Regular Employee,False
W107824,2008-10-07,2023-06-30,Voluntary,Regular Employee,False
W107825,2015-07-18,,,Regular Employee,False
W107826,2016-09-23,,,Regular Employee,False
W107827,2015-01-18,2025-04-06,Involuntary,Regular Employee,False
W107828,2022-01-15,,,Regular Employee,False
W107829,2021-11-03,2024-09-01,Voluntary,Regular Employee,False
W107830,2018-10-11,,,Regular Employee,False
W107831,2018-07-05,2023-01-28,Voluntary,Regular Employee,False
W107832,2015-11-28,,,Regular Employee,False
W107833,2021-07-19,,,Regular Employee,False
W107834,2022-02-18,,,Regular Employee,False
W107835,2018-08-16,,,Regular Employee,False
W107836,2011-12-02,,,Regular Employee,False
W107837,2020-04-21,,,Regular Employee,False
W107838,2017-04-20,2024-09-16,Voluntary,Regular Employee,False
W107839,2017-11-21,,,Regular Employee,False
W107840,2021-10-15,2024-03-31,Voluntary,Regular Employee,False
W107841,2015-01-10,2026-05-25,Involuntary,Regular Employee,False
W107842,2015-03-20,,,Regular Employee,False
W107843,2018-03-14,,,Regular Employee,False
W107844,2021-07-24,,,Regular Employee,False
W107845,2017-10-21,,,Regular Employee,False
W107846,2020-05-01,,,Regular Employee,False
W107847,2017-09-22,,,Regular Employee,False
W107848,2021-10-20,,,Regular Employee,False
W107849,2019-11-27,2025-08-13,Voluntary,Regular Employee,False
W107850,2012-09-20,,,Regular Employee,False
W107851,2018-08-03,,,Regular Employee,False
W107852,2017-04-08,,,Regular Employee,False
W107853,2021-08-02,,,Regular Employee,False
W107854,2013-12-06,,,Regular Employee,False
W107855,2016-06-07,,,Regular Employee,False
W107856,2019-09-23,,,Regular Employee,False
W107857,2020-04-18,,,Regular Employee,False
W107858,2014-11-11,2025-02-10,Involuntary,Regular Employee,False
W107859,2018-02-26,2024-02-15,Involuntary,Regular Employee,False
W107860,2012-10-20,,,Regular Employee,False
W107861,2018-08-20,2026-04-23,Voluntary,Regular Employee,False
W107862,2018-07-04,,,Regular Employee,False
W107863,2022-05-20,,,Regular Employee,False
W107864,2006-04-02,,,Regular Employee,False
W107865,2020-10-15,2023-10-17,Voluntary,Regular Employee,False
W107866,2012-10-29,,,Regular Employee,False
W107867,2017-03-10,,,Regular Employee,False
W107868,2022-03-27,2023-04-17,Voluntary,Regular Employee,False
W107869,2012-01-11,2025-01-03,Voluntary,Regular Employee,False
W107870,2021-04-06,2023-06-05,Voluntary,Regular Employee,False
W107871,2021-01-27,,,Regular Employee,False
W107872,2018-01-14,2024-02-02,Voluntary,Regular Employee,False
W107873,2014-10-01,,,Regular Employee,False
W107874,2019-10-13,,,Regular Employee,False
W107875,2019-01-19,,,Regular Employee,False
W107876,2019-10-06,,,Regular Employee,False
W107877,2019-07-05,,,Regular Employee,False
W107878,2018-11-09,2023-02-16,Voluntary,Regular Employee,False
W107879,2018-10-15,,,Regular Employee,False
W107880,2021-10-19,2024-02-15,Involuntary,Regular Employee,False
W107881,2020-09-10,,,Regular Employee,False
W107882,2019-08-19,2023-05-16,Voluntary,Regular Employee,False
W107883,2022-05-29,2025-02-25,Involuntary,Regular Employee,False
W107884,2019-07-04,,,Regular Employee,False
W107885,2020-12-28,,,Regular Employee,False
W107886,2018-08-17,2022-07-26,Voluntary,Regular Employee,False
W107887,2015-08-05,,,Regular Employee,False
W107888,2021-09-29,2023-03-02,Involuntary,Regular Employee,False
W107889,2021-01-06,,,Regular Employee,False
W107890,2014-05-23,2025-12-02,Voluntary,Regular Employee,False
W107891,2003-08-30,,,Regular Employee,False
W107892,2018-12-09,,,Regular Employee,False
W107893,2022-03-05,,,Regular Employee,False
W107894,2021-03-01,2024-05-28,Voluntary,Regular Employee,False
W107895,2022-04-30,,,Regular Employee,False
W107896,2022-03-21,2023-01-31,Voluntary,Regular Employee,False
W107897,2019-03-17,,,Regular Employee,False
W107898,2019-12-26,2022-11-04,Voluntary,Regular Employee,False
W107899,2019-06-30,,,Regular Employee,False
W107900,2014-05-24,,,Regular Employee,False
W107901,2018-12-24,,,Regular Employee,False
W107902,2019-07-11,2024-05-24,Voluntary,Regular Employee,False
W107903,2015-12-21,,,Regular Employee,False
W107904,2020-02-09,2023-01-21,Involuntary,Regular Employee,False
W107905,2020-01-16,2022-10-15,Voluntary,Regular Employee,False
W107906,2019-03-14,,,Regular Employee,False
W107907,2020-05-25,,,Regular Employee,False
W107908,2019-07-16,2024-07-29,Voluntary,Regular Employee,False
W107909,2015-03-10,2023-02-12,Voluntary,Regular Employee,False
W107910,2017-01-23,,,Regular Employee,False
W107911,2021-03-15,2026-05-03,Voluntary,Regular Employee,False
W107912,2015-01-11,,,Regular Employee,False
W107913,2012-07-14,,,Regular Employee,False
W107914,2021-05-29,,,Regular Employee,False
W107915,2020-01-09,2025-04-08,Voluntary,Regular Employee,False
W107916,2018-08-25,,,Regular Employee,False
W107917,2017-10-26,,,Regular Employee,False
W107918,2014-11-28,2025-03-23,Voluntary,Regular Employee,False
W107919,2020-12-19,2023-02-20,Voluntary,Regular Employee,False
W107920,2020-10-06,2025-11-20,Voluntary,Regular Employee,False
W107921,2022-01-26,2023-12-26,Involuntary,Regular Employee,False
W107922,2013-10-08,2023-05-27,Voluntary,Regular Employee,False
W107923,2012-03-24,,,Regular Employee,False
W107924,2012-08-09,2022-10-20,Voluntary,Regular Employee,False
W107925,2019-03-14,,,Regular Employee,False
W107926,2022-04-19,2023-02-21,Voluntary,Regular Employee,False
W107927,2016-04-05,,,Regular Employee,False
W107928,2019-02-19,2024-02-03,Involuntary,Regular Employee,False
W107929,2014-06-06,2022-11-23,Involuntary,Regular Employee,False
W107930,2022-04-19,,,Regular Employee,False
W107931,2013-03-28,,,Regular Employee,False
W107932,2018-04-20,,,Regular Employee,False
W107933,2021-12-22,,,Regular Employee,False
W107934,2021-08-17,2023-07-01,Voluntary,Regular Employee,False
W107935,2019-03-26,,,Regular Employee,False
W107936,2020-03-14,,,Regular Employee,False
W107937,2013-11-27,,,Regular Employee,False
W107938,2011-12-23,,,Regular Employee,False
W107939,2013-12-31,,,Regular Employee,False
W107940,2018-01-23,,,Regular Employee,False
W107941,2017-12-26,2024-04-19,Voluntary,Regular Employee,False
W107942,2022-06-04,,,Regular Employee,False
W107943,2002-09-09,2026-06-05,Voluntary,Regular Employee,False
W107944,2016-11-08,2025-09-11,Voluntary,Regular Employee,False
W107945,2017-05-14,,,Regular Employee,False
W107946,2021-10-13,2026-06-10,Involuntary,Regular Employee,False
W107947,2013-11-09,,,Regular Employee,False
W107948,2020-05-02,,,Regular Employee,False
W107949,2013-02-20,,,Regular Employee,False
W107950,2021-12-13,2026-03-25,Voluntary,Regular Employee,False
W107951,2021-05-22,,,Regular Employee,False
W107952,2020-11-09,2023-07-16,Voluntary,Regular Employee,False
W107953,2014-09-16,2022-10-09,Voluntary,Regular Employee,False
W107954,2021-01-02,,,Regular Employee,False
W107955,2010-09-12,2024-03-09,Voluntary,Regular Employee,False
W107956,2019-03-30,,,Regular Employee,False
W107957,2016-02-05,2025-07-03,Involuntary,Regular Employee,False
W107958,2015-08-25,,,Regular Employee,False
W107959,2021-02-12,,,Regular Employee,False
W107960,2020-11-22,,,Regular Employee,False
W107961,2017-09-29,2025-07-23,Voluntary,Regular Employee,False
W107962,2019-07-12,2024-07-11,Voluntary,Regular Employee,False
W107963,2016-04-09,,,Regular Employee,False
W107964,2021-06-10,2024-06-09,Voluntary,Regular Employee,False
W107965,2021-12-09,2025-11-06,Voluntary,Regular Employee,False
W107966,2012-10-21,2025-08-29,Involuntary,Regular Employee,False
W107967,2017-08-04,2024-10-03,Voluntary,Regular Employee,False
W107968,2021-01-30,,,Regular Employee,False
W107969,2020-07-06,,,Regular Employee,False
W107970,2019-11-06,,,Regular Employee,False
W107971,2022-02-04,,,Regular Employee,False
W107972,2021-10-13,2023-02-06,Voluntary,Regular Employee,False
W107973,2022-03-22,2025-08-12,Voluntary,Regular Employee,False
W107974,2019-12-24,2023-05-05,Voluntary,Regular Employee,False
W107975,2020-12-29,2022-08-27,Voluntary,Regular Employee,False
W107976,2013-07-26,2022-09-28,Voluntary,Regular Employee,False
W107977,2021-09-13,,,Regular Employee,False
W107978,2022-05-20,2023-03-29,Voluntary,Regular Employee,False
W107979,2012-06-07,,,Regular Employee,False
W107980,2018-08-07,2024-02-01,Voluntary,Regular Employee,False
W107981,2021-09-28,,,Regular Employee,False
W107982,2017-06-24,,,Regular Employee,False
W107983,2019-09-21,2025-06-05,Involuntary,Regular Employee,False
W107984,2020-09-18,,,Regular Employee,False
W107985,2020-10-04,,,Regular Employee,False
W107986,2011-03-07,,,Regular Employee,False
W107987,2021-07-19,2025-12-30,Voluntary,Regular Employee,False
W107988,2021-07-25,,,Regular Employee,False
W107989,2020-09-27,,,Regular Employee,False
W107990,2021-01-26,2023-06-22,Involuntary,Regular Employee,False
W107991,2012-10-25,,,Regular Employee,False
W107992,2016-11-17,2023-09-12,Voluntary,Regular Employee,False
W107993,2014-04-13,2022-11-02,Involuntary,Regular Employee,False
W107994,2017-10-01,2024-06-06,Voluntary,Regular Employee,False
W107995,2017-06-10,,,Regular Employee,False
W107996,2018-12-07,2023-09-07,Voluntary,Regular Employee,False
W107997,2020-03-24,,,Regular Employee,False
W107998,2020-07-14,,,Regular Employee,False
W107999,2004-09-28,,,Regular Employee,False
W108000,2020-09-06,,,Regular Employee,False
W108001,2021-11-25,,,Regular Employee,False
W108002,2020-07-31,2023-05-11,Involuntary,Regular Employee,False
W108003,2021-05-04,2024-12-30,Voluntary,Regular Employee,False
W108004,2021-12-01,2022-07-18,Voluntary,Regular Employee,False
W108005,2020-03-28,,,Regular Employee,False
W108006,2021-07-07,,,Regular Employee,False
W108007,2017-08-29,,,Regular Employee,False
W108008,2022-02-27,,,Regular Employee,False
W108009,2018-09-25,2024-07-10,Voluntary,Regular Employee,False
W108010,2012-01-30,,,Regular Employee,False
W108011,2017-11-22,,,Regular Employee,False
W108012,2022-03-26,,,Regular Employee,False
W108013,2022-06-12,2025-11-26,Voluntary,Regular Employee,False
W108014,2021-02-24,,,Regular Employee,False
W108015,2021-03-22,,,Regular Employee,False
W108016,2014-09-08,2025-10-13,Voluntary,Regular Employee,False
W108017,2019-06-08,,,Regular Employee,False
W108018,2018-09-09,,,Regular Employee,False
W108019,2019-04-29,,,Regular Employee,False
W108020,2013-12-07,,,Regular Employee,False
W108021,2021-01-08,2024-03-02,Involuntary,Regular Employee,False
W108022,2022-01-23,2024-10-09,Voluntary,Regular Employee,False
W108023,2021-12-16,,,Regular Employee,False
W108024,2016-08-19,,,Regular Employee,False
W108025,2019-11-27,,,Regular Employee,False
W108026,2018-11-24,,,Regular Employee,False
W108027,2013-01-22,2026-06-11,Voluntary,Regular Employee,False
W108028,2014-01-12,,,Regular Employee,False
W108029,2019-09-30,,,Regular Employee,False
W108030,2019-08-30,,,Regular Employee,False
W108031,2020-06-14,,,Regular Employee,False
W108032,2020-10-05,2024-03-06,Voluntary,Regular Employee,False
W108033,2021-02-24,,,Regular Employee,False
W108034,2017-04-10,,,Regular Employee,False
W108035,2019-04-27,2024-11-22,Voluntary,Regular Employee,False
W108036,2019-09-19,,,Regular Employee,False
W108037,2019-03-29,2024-02-07,Involuntary,Regular Employee,False
W108038,2018-12-14,2023-11-30,Involuntary,Regular Employee,False
W108039,2017-05-03,,,Regular Employee,False
W108040,2022-01-10,2024-11-10,Voluntary,Regular Employee,False
W108041,2022-05-16,,,Regular Employee,False
W108042,2021-07-21,,,Regular Employee,False
W108043,2022-06-12,,,Regular Employee,False
W108044,2019-06-29,,,Regular Employee,False
W108045,2019-06-15,,,Regular Employee,False
W108046,2021-09-23,2026-04-24,Voluntary,Regular Employee,False
W108047,2016-04-15,2023-07-16,Voluntary,Regular Employee,False
W108048,2016-08-26,,,Regular Employee,False
W108049,2021-09-28,,,Regular Employee,False
W108050,2019-04-03,,,Regular Employee,False
W108051,2020-04-23,,,Regular Employee,False
W108052,2017-11-10,,,Regular Employee,False
W108053,2020-03-14,,,Regular Employee,False
W108054,2019-09-17,2023-04-17,Voluntary,Regular Employee,False
W108055,2021-01-02,,,Regular Employee,False
W108056,2020-03-19,2024-08-06,Voluntary,Regular Employee,False
W108057,2018-02-27,2025-08-05,Voluntary,Regular Employee,False
W108058,2022-04-05,2022-08-17,Voluntary,Regular Employee,False
W108059,2006-01-17,,,Regular Employee,False
W108060,2020-02-11,,,Regular Employee,False
W108061,2020-11-14,2024-12-05,Voluntary,Regular Employee,False
W108062,2017-01-04,,,Regular Employee,False
W108063,2016-04-06,,,Regular Employee,False
W108064,2020-03-06,2023-09-28,Voluntary,Regular Employee,False
W108065,2016-05-22,,,Regular Employee,False
W108066,2021-04-19,2026-01-25,Voluntary,Regular Employee,False
W108067,2021-06-08,,,Regular Employee,False
W108068,2018-07-29,2024-05-09,Voluntary,Regular Employee,False
W108069,2015-05-14,,,Regular Employee,False
W108070,2021-11-18,,,Regular Employee,False
W108071,2019-04-27,2022-08-06,Voluntary,Regular Employee,False
W108072,2014-10-11,,,Regular Employee,False
W108073,2020-08-18,,,Regular Employee,False
W108074,2020-07-14,,,Regular Employee,False
W108075,2019-10-15,2022-08-18,Voluntary,Regular Employee,False
W108076,2020-10-14,,,Regular Employee,False
W108077,2020-08-22,,,Regular Employee,False
W108078,2010-12-06,,,Regular Employee,False
W108079,2019-04-16,,,Regular Employee,False
W108080,2008-11-03,,,Regular Employee,False
W108081,2013-09-17,,,Regular Employee,False
W108082,2019-06-14,,,Regular Employee,False
W108083,2017-03-13,2025-05-16,Voluntary,Regular Employee,False
W108084,2017-03-31,,,Regular Employee,False
W108085,2018-08-14,2022-12-08,Voluntary,Regular Employee,False
W108086,2019-07-02,,,Regular Employee,False
W108087,2019-04-16,2024-02-15,Involuntary,Regular Employee,False
W108088,2021-09-14,2022-08-11,Voluntary,Regular Employee,False
W108089,2010-08-11,,,Regular Employee,False
W108090,2017-08-01,,,Regular Employee,False
W108091,2022-01-18,2024-06-11,Voluntary,Regular Employee,False
W108092,2015-04-17,,,Regular Employee,False
W108093,2017-07-15,2022-12-26,Involuntary,Regular Employee,False
W108094,2017-04-14,,,Regular Employee,False
W108095,2021-04-14,,,Regular Employee,False
W108096,2019-12-30,,,Regular Employee,False
W108097,2019-05-05,2022-07-11,Voluntary,Regular Employee,False
W108098,2019-06-04,,,Regular Employee,False
W108099,2013-01-11,2022-10-25,Voluntary,Regular Employee,False
W108100,2021-07-21,,,Regular Employee,False
W108101,2013-12-12,,,Regular Employee,False
W108102,2018-02-10,,,Regular Employee,False
W108103,2002-06-30,,,Regular Employee,False
W108104,2017-07-24,,,Regular Employee,False
W108105,2022-05-15,,,Regular Employee,False
W108106,2021-01-01,2024-02-15,Involuntary,Regular Employee,False
W108107,2009-05-30,,,Regular Employee,False
W108108,2022-03-29,,,Regular Employee,False
W108109,2021-10-22,2023-01-02,Voluntary,Regular Employee,False
W108110,2022-05-13,2024-04-18,Involuntary,Regular Employee,False
W108111,2021-05-06,,,Regular Employee,False
W108112,2021-11-18,2022-08-07,Voluntary,Regular Employee,False
W108113,2014-09-09,,,Regular Employee,False
W108114,2018-11-23,2025-08-10,Voluntary,Regular Employee,False
W108115,2021-10-07,,,Regular Employee,False
W108116,2017-09-10,2025-03-06,Voluntary,Regular Employee,False
W108117,2012-02-14,2025-01-31,Voluntary,Regular Employee,False
W108118,2020-05-31,,,Regular Employee,False
W108119,2022-05-05,2025-06-17,Involuntary,Regular Employee,False
W108120,2021-01-08,,,Regular Employee,False
W108121,2019-12-20,,,Regular Employee,False
W108122,2002-06-30,,,Regular Employee,False
W108123,2016-01-18,2026-06-28,Voluntary,Regular Employee,False
W108124,2014-03-10,2023-02-13,Voluntary,Regular Employee,False
W108125,2015-03-26,,,Regular Employee,False
W108126,2019-09-16,,,Regular Employee,False
W108127,2010-11-02,,,Regular Employee,False
W108128,2021-02-22,,,Regular Employee,False
W108129,2021-10-16,,,Regular Employee,False
W108130,2022-05-15,,,Regular Employee,False
W108131,2022-04-18,2023-02-26,Voluntary,Regular Employee,False
W108132,2017-03-07,,,Regular Employee,False
W108133,2013-05-28,,,Regular Employee,False
W108134,2017-08-13,2023-03-05,Voluntary,Regular Employee,False
W108135,2020-06-22,,,Regular Employee,False
W108136,2011-09-20,,,Regular Employee,False
W108137,2018-09-05,,,Regular Employee,False
W108138,2017-06-14,,,Regular Employee,False
W108139,2021-06-10,2023-08-08,Voluntary,Regular Employee,False
W108140,2019-06-05,2024-12-28,Involuntary,Regular Employee,False
W108141,2014-06-19,,,Regular Employee,False
W108142,2018-11-19,2024-04-18,Voluntary,Regular Employee,False
W108143,2008-06-02,,,Regular Employee,False
W108144,2022-01-15,2024-08-06,Involuntary,Regular Employee,False
W108145,2018-08-03,2023-06-04,Voluntary,Regular Employee,False
W108146,2017-08-25,,,Regular Employee,False
W108147,2013-12-11,,,Regular Employee,False
W108148,2016-03-15,2024-05-18,Voluntary,Regular Employee,False
W108149,2021-10-27,,,Regular Employee,False
W108150,2020-09-21,,,Regular Employee,False
W108151,2012-03-28,,,Regular Employee,False
W108152,2019-03-18,2024-08-15,Voluntary,Regular Employee,False
W108153,2011-12-12,2025-02-10,Voluntary,Regular Employee,False
W108154,2020-05-28,,,Regular Employee,False
W108155,2022-05-27,,,Regular Employee,False
W108156,2016-10-21,2023-08-04,Voluntary,Regular Employee,False
W108157,2022-01-31,2025-07-30,Voluntary,Regular Employee,False
W108158,2018-04-05,,,Regular Employee,False
W108159,2009-03-26,,,Regular Employee,False
W108160,2013-01-08,,,Regular Employee,False
W108161,2019-02-14,,,Regular Employee,False
W108162,2017-09-27,,,Regular Employee,False
W108163,2021-11-04,,,Regular Employee,False
W108164,2021-12-04,2024-08-21,Involuntary,Regular Employee,False
W108165,2017-07-24,,,Regular Employee,False
W108166,2021-03-04,,,Regular Employee,False
W108167,2018-09-03,,,Regular Employee,False
W108168,2012-03-09,2023-10-10,Voluntary,Regular Employee,False
W108169,2022-03-26,,,Regular Employee,False
W108170,2013-07-07,2025-05-15,Voluntary,Regular Employee,False
W108171,2021-08-08,,,Regular Employee,False
W108172,2021-11-04,2022-12-07,Involuntary,Regular Employee,False
W108173,2020-10-04,,,Regular Employee,False
W108174,2018-05-25,,,Regular Employee,False
W108175,2012-10-30,,,Regular Employee,False
W108176,2008-07-07,2023-05-29,Voluntary,Regular Employee,False
W108177,2021-12-12,2023-02-20,Voluntary,Regular Employee,False
W108178,2020-10-09,,,Regular Employee,False
W108179,2021-07-09,,,Regular Employee,False
W108180,2012-07-13,,,Regular Employee,False
W108181,2021-07-04,2023-05-19,Voluntary,Regular Employee,False
W108182,2022-02-26,2022-10-23,Voluntary,Regular Employee,False
W108183,2014-06-10,,,Regular Employee,False
W108184,2010-05-14,,,Regular Employee,False
W108185,2021-08-14,,,Regular Employee,False
W108186,2017-05-05,,,Regular Employee,False
W108187,2017-09-29,,,Regular Employee,False
W108188,2013-09-02,,,Regular Employee,False
W108189,2020-06-30,2022-12-22,Voluntary,Regular Employee,False
W108190,2022-06-12,,,Regular Employee,False
W108191,2021-12-14,,,Regular Employee,False
W108192,2021-10-19,,,Regular Employee,False
W108193,2019-04-17,2023-06-11,Voluntary,Regular Employee,False
W108194,2010-07-01,,,Regular Employee,False
W108195,2012-11-09,,,Regular Employee,False
W108196,2002-06-30,2024-04-08,Voluntary,Regular Employee,False
W108197,2017-09-30,2022-10-26,Voluntary,Regular Employee,False
W108198,2019-07-20,,,Regular Employee,False
W108199,2015-09-28,2023-04-15,Voluntary,Regular Employee,False
W108200,2019-06-20,,,Regular Employee,False
W108201,2017-07-25,,,Regular Employee,False
W108202,2021-03-21,2024-03-08,Voluntary,Regular Employee,False
W108203,2020-10-31,2022-10-04,Voluntary,Regular Employee,False
W108204,2018-11-17,,,Regular Employee,False
W108205,2020-03-27,,,Regular Employee,False
W108206,2017-07-21,2023-02-04,Voluntary,Regular Employee,False
W108207,2022-04-18,2024-02-15,Involuntary,Regular Employee,False
W108208,2021-05-04,2025-08-10,Voluntary,Regular Employee,False
W108209,2021-07-12,,,Regular Employee,False
W108210,2019-03-05,2023-03-30,Voluntary,Regular Employee,False
W108211,2021-04-17,,,Regular Employee,False
W108212,2018-05-26,,,Regular Employee,False
W108213,2022-05-27,2023-01-03,Voluntary,Regular Employee,False
W108214,2021-12-28,,,Regular Employee,False
W108215,2020-02-10,,,Regular Employee,False
W108216,2012-04-30,,,Regular Employee,False
W108217,2013-10-06,,,Regular Employee,False
W108218,2013-08-08,,,Regular Employee,False
W108219,2017-03-01,2024-06-26,Voluntary,Regular Employee,False
W108220,2017-03-31,,,Regular Employee,False
W108221,2020-03-24,,,Regular Employee,False
W108222,2017-01-30,2023-06-20,Voluntary,Regular Employee,False
W108223,2018-03-25,,,Regular Employee,False
W108224,2010-02-07,2024-04-02,Voluntary,Regular Employee,False
W108225,2018-04-18,2026-05-31,Voluntary,Regular Employee,False
W108226,2019-05-12,2026-05-03,Voluntary,Regular Employee,False
W108227,2019-05-18,,,Regular Employee,False
W108228,2019-07-18,,,Regular Employee,False
W108229,2011-07-17,2022-08-18,Voluntary,Regular Employee,False
W108230,2007-07-22,2025-05-17,Voluntary,Regular Employee,False
W108231,2008-04-10,2025-07-24,Voluntary,Regular Employee,False
W108232,2019-08-21,,,Regular Employee,False
W108233,2021-12-11,,,Regular Employee,False
W108234,2014-07-02,,,Regular Employee,False
W108235,2022-04-15,2022-10-27,Voluntary,Regular Employee,False
W108236,2019-05-09,2023-01-13,Voluntary,Regular Employee,False
W108237,2021-03-12,2024-03-22,Voluntary,Regular Employee,False
W108238,2020-08-01,,,Regular Employee,False
W108239,2002-06-30,,,Regular Employee,False
W108240,2021-05-08,,,Regular Employee,False
W108241,2021-03-01,2022-11-10,Voluntary,Regular Employee,False
W108242,2019-03-16,2026-03-03,Involuntary,Regular Employee,False
W108243,2019-04-27,2024-03-19,Voluntary,Regular Employee,False
W108244,2016-03-03,2022-07-09,Involuntary,Regular Employee,False
W108245,2021-01-13,,,Regular Employee,False
W108246,2017-03-21,,,Regular Employee,False
W108247,2021-02-07,2022-10-20,Voluntary,Regular Employee,False
W108248,2015-11-17,,,Regular Employee,False
W108249,2020-10-10,,,Regular Employee,False
W108250,2019-02-03,,,Regular Employee,False
W108251,2021-03-18,,,Regular Employee,False
W108252,2021-09-23,,,Regular Employee,False
W108253,2022-02-09,,,Regular Employee,False
W108254,2008-07-26,,,Regular Employee,False
W108255,2020-03-20,,,Regular Employee,False
W108256,2015-05-18,,,Regular Employee,False
W108257,2022-03-18,,,Regular Employee,False
W108258,2002-06-30,,,Regular Employee,False
W108259,2015-02-24,2025-07-27,Voluntary,Regular Employee,False
W108260,2022-04-20,2023-07-30,Involuntary,Regular Employee,False
W108261,2020-03-05,2024-02-15,Involuntary,Regular Employee,False
W108262,2020-04-29,2025-05-24,Voluntary,Regular Employee,False
W108263,2019-05-21,2023-04-20,Involuntary,Regular Employee,False
W108264,2022-01-15,2023-09-19,Voluntary,Regular Employee,False
W108265,2021-11-20,2023-07-18,Voluntary,Regular Employee,False
W108266,2020-01-24,2024-04-17,Voluntary,Regular Employee,False
W108267,2020-09-29,,,Regular Employee,False
W108268,2004-10-17,2022-09-13,Voluntary,Regular Employee,False
W108269,2017-12-29,,,Regular Employee,False
W108270,2022-01-22,2022-09-06,Voluntary,Regular Employee,False
W108271,2016-01-16,,,Regular Employee,False
W108272,2020-07-31,,,Regular Employee,False
W108273,2022-05-26,,,Regular Employee,False
W108274,2013-06-03,2022-11-28,Voluntary,Regular Employee,False
W108275,2019-03-30,2023-08-24,Voluntary,Regular Employee,False
W108276,2020-01-04,,,Regular Employee,False
W108277,2021-10-14,2024-02-06,Voluntary,Regular Employee,False
W108278,2020-07-19,2023-12-03,Voluntary,Regular Employee,False
W108279,2008-07-14,,,Regular Employee,False
W108280,2021-06-22,,,Regular Employee,False
W108281,2018-03-01,,,Regular Employee,False
W108282,2021-10-05,,,Regular Employee,False
W108283,2013-11-20,2023-12-16,Voluntary,Regular Employee,False
W108284,2020-07-01,2023-10-30,Voluntary,Regular Employee,False
W108285,2020-07-26,,,Regular Employee,False
W108286,2020-06-28,,,Regular Employee,False
W108287,2021-05-02,2022-12-27,Voluntary,Regular Employee,False
W108288,2021-10-29,,,Regular Employee,False
W108289,2020-08-09,2026-05-19,Voluntary,Regular Employee,False
W108290,2017-10-21,,,Regular Employee,False
W108291,2019-01-26,,,Regular Employee,False
W108292,2021-06-13,2023-09-15,Voluntary,Regular Employee,False
W108293,2018-05-02,,,Regular Employee,False
W108294,2010-05-16,2025-04-15,Voluntary,Regular Employee,False
W108295,2020-04-08,2023-11-07,Voluntary,Regular Employee,False
W108296,2015-07-23,,,Regular Employee,False
W108297,2020-12-29,2025-10-11,Voluntary,Regular Employee,False
W108298,2013-12-05,2023-04-01,Voluntary,Regular Employee,False
W108299,2021-05-08,,,Regular Employee,False
W108300,2017-11-30,,,Regular Employee,False
W108301,2021-01-12,2024-02-15,Involuntary,Regular Employee,False
W108302,2012-07-31,2022-11-01,Involuntary,Regular Employee,False
W108303,2019-03-12,2025-10-25,Voluntary,Regular Employee,False
W108304,2010-07-29,2022-10-02,Voluntary,Regular Employee,False
W108305,2021-05-20,,,Regular Employee,False
W108306,2008-02-25,,,Regular Employee,False
W108307,2014-02-12,2023-10-11,Voluntary,Regular Employee,False
W108308,2019-03-22,,,Regular Employee,False
W108309,2019-05-27,2022-12-08,Voluntary,Regular Employee,False
W108310,2021-04-30,,,Regular Employee,False
W108311,2022-06-09,2023-01-12,Voluntary,Regular Employee,False
W108312,2012-05-16,2022-09-27,Voluntary,Regular Employee,False
W108313,2014-03-28,,,Regular Employee,False
W108314,2018-10-24,,,Regular Employee,False
W108315,2018-02-16,,,Regular Employee,False
W108316,2017-12-31,2022-07-18,Involuntary,Regular Employee,False
W108317,2020-12-23,,,Regular Employee,False
W108318,2019-11-03,,,Regular Employee,False
W108319,2015-01-21,,,Regular Employee,False
W108320,2015-11-27,2025-10-09,Voluntary,Regular Employee,False
W108321,2019-11-20,,,Regular Employee,False
W108322,2019-07-18,,,Regular Employee,False
W108323,2018-09-21,,,Regular Employee,False
W108324,2018-10-22,2024-02-15,Involuntary,Regular Employee,False
W108325,2022-01-24,2025-10-14,Voluntary,Regular Employee,False
W108326,2017-01-11,2023-02-28,Voluntary,Regular Employee,False
W108327,2021-04-08,,,Regular Employee,False
W108328,2020-03-19,2024-07-02,Voluntary,Regular Employee,False
W108329,2015-08-21,2023-07-14,Voluntary,Regular Employee,False
W108330,2014-12-27,2023-12-11,Voluntary,Regular Employee,False
W108331,2019-05-21,,,Regular Employee,False
W108332,2016-07-10,2023-02-03,Involuntary,Regular Employee,False
W108333,2021-10-20,2023-08-19,Involuntary,Regular Employee,False
W108334,2021-04-18,2023-09-30,Involuntary,Regular Employee,False
W108335,2016-06-16,2024-02-15,Involuntary,Regular Employee,False
W108336,2017-10-05,2023-06-13,Voluntary,Regular Employee,False
W108337,2014-10-08,,,Regular Employee,False
W108338,2015-03-05,,,Regular Employee,False
W108339,2016-08-24,,,Regular Employee,False
W108340,2017-09-23,,,Regular Employee,False
W108341,2020-05-19,2024-02-16,Voluntary,Regular Employee,False
W108342,2019-05-10,,,Regular Employee,False
W108343,2018-04-17,2025-08-25,Involuntary,Regular Employee,False
W108344,2019-08-28,,,Regular Employee,False
W108345,2018-05-14,2025-11-10,Involuntary,Regular Employee,False
W108346,2021-11-04,,,Regular Employee,False
W108347,2021-12-09,,,Regular Employee,False
W108348,2020-09-09,2022-07-02,Voluntary,Regular Employee,False
W108349,2020-09-24,,,Regular Employee,False
W108350,2021-11-19,,,Regular Employee,False
W108351,2021-07-04,,,Regular Employee,False
W108352,2020-01-24,,,Regular Employee,False
W108353,2013-06-18,,,Regular Employee,False
W108354,2016-09-11,,,Regular Employee,False
W108355,2020-05-20,,,Regular Employee,False
W108356,2019-10-14,,,Regular Employee,False
W108357,2022-02-05,,,Regular Employee,False
W108358,2022-01-12,,,Regular Employee,False
W108359,2021-05-20,2023-02-21,Voluntary,Regular Employee,False
W108360,2017-12-11,2022-10-29,Voluntary,Regular Employee,False
W108361,2021-01-16,,,Regular Employee,False
W108362,2016-05-09,,,Regular Employee,False
W108363,2019-06-30,,,Regular Employee,False
W108364,2008-05-07,,,Regular Employee,False
W108365,2017-08-10,,,Regular Employee,False
W108366,2020-07-31,2022-07-16,Voluntary,Regular Employee,False
W108367,2017-09-29,,,Regular Employee,False
W108368,2010-08-22,2023-10-22,Voluntary,Regular Employee,False
W108369,2020-03-31,,,Regular Employee,False
W108370,2019-05-12,,,Regular Employee,False
W108371,2007-05-24,2026-04-16,Voluntary,Regular Employee,False
W108372,2022-03-17,2024-12-30,Voluntary,Regular Employee,False
W108373,2015-07-09,,,Regular Employee,False
W108374,2019-06-11,,,Regular Employee,False
W108375,2021-12-04,2023-11-29,Voluntary,Regular Employee,False
W108376,2020-06-02,2024-04-07,Voluntary,Regular Employee,False
W108377,2012-12-13,,,Regular Employee,False
W108378,2022-04-15,,,Regular Employee,False
W108379,2018-04-27,,,Regular Employee,False
W108380,2021-03-28,,,Regular Employee,False
W108381,2014-03-24,,,Regular Employee,False
W108382,2017-09-11,,,Regular Employee,False
W108383,2021-09-10,,,Regular Employee,False
W108384,2021-08-23,,,Regular Employee,False
W108385,2021-10-01,,,Regular Employee,False
W108386,2021-11-21,,,Regular Employee,False
W108387,2021-10-04,2024-08-17,Voluntary,Regular Employee,False
W108388,2018-04-04,2025-05-27,Involuntary,Regular Employee,False
W108389,2021-04-17,2023-05-09,Voluntary,Regular Employee,False
W108390,2021-01-05,2025-09-14,Involuntary,Regular Employee,False
W108391,2021-06-06,,,Regular Employee,False
W108392,2020-03-15,,,Regular Employee,False
W108393,2022-03-24,2022-08-31,Involuntary,Regular Employee,False
W108394,2021-09-22,2022-08-31,Involuntary,Regular Employee,False
W108395,2021-05-12,,,Regular Employee,False
W108396,2021-01-06,2024-08-18,Voluntary,Regular Employee,False
W108397,2013-11-16,,,Regular Employee,False
W108398,2018-11-26,,,Regular Employee,False
W108399,2016-09-22,,,Regular Employee,False
W108400,2016-08-31,2022-09-02,Involuntary,Regular Employee,False
W108401,2019-08-08,2025-04-15,Voluntary,Regular Employee,False
W108402,2012-06-07,,,Regular Employee,False
W108403,2012-10-24,2024-11-13,Voluntary,Regular Employee,False
W108404,2012-03-10,,,Regular Employee,False
W108405,2014-10-21,,,Regular Employee,False
W108406,2008-01-17,,,Regular Employee,False
W108407,2020-09-02,,,Regular Employee,False
W108408,2022-01-26,2023-05-18,Voluntary,Regular Employee,False
W108409,2018-07-22,2022-10-21,Voluntary,Regular Employee,False
W108410,2021-01-25,,,Regular Employee,False
W108411,2020-06-12,2023-09-08,Voluntary,Regular Employee,False
W108412,2021-01-09,,,Regular Employee,False
W108413,2014-10-29,2026-02-10,Voluntary,Regular Employee,False
W108414,2019-11-22,2025-06-23,Voluntary,Regular Employee,False
W108415,2019-11-01,,,Regular Employee,False
W108416,2015-11-21,,,Regular Employee,False
W108417,2022-02-15,2024-04-10,Involuntary,Regular Employee,False
W108418,2019-04-20,,,Regular Employee,False
W108419,2021-12-02,2025-08-10,Involuntary,Regular Employee,False
W108420,2022-05-26,,,Regular Employee,False
W108421,2018-03-18,,,Regular Employee,False
W108422,2022-02-18,2023-04-22,Voluntary,Regular Employee,False
W108423,2019-12-04,,,Regular Employee,False
W108424,2014-08-06,2023-08-15,Voluntary,Regular Employee,False
W108425,2019-01-09,2025-01-15,Voluntary,Regular Employee,False
W108426,2021-07-27,2022-07-19,Involuntary,Regular Employee,False
W108427,2021-06-06,,,Regular Employee,False
W108428,2020-04-12,,,Regular Employee,False
W108429,2021-06-05,,,Regular Employee,False
W108430,2018-05-31,2022-10-09,Involuntary,Regular Employee,False
W108431,2017-12-02,,,Regular Employee,False
W108432,2012-02-14,,,Regular Employee,False
W108433,2021-01-19,,,Regular Employee,False
W108434,2019-04-09,,,Regular Employee,False
W108435,2019-12-09,,,Regular Employee,False
W108436,2017-11-28,,,Regular Employee,False
W108437,2020-11-27,2024-02-15,Involuntary,Regular Employee,False
W108438,2017-06-01,2024-04-27,Voluntary,Regular Employee,False
W108439,2022-04-29,,,Regular Employee,False
W108440,2012-09-27,,,Regular Employee,False
W108441,2009-02-16,,,Regular Employee,False
W108442,2021-09-12,2023-02-24,Voluntary,Regular Employee,False
W108443,2019-04-28,,,Regular Employee,False
W108444,2019-11-17,,,Regular Employee,False
W108445,2015-08-16,,,Regular Employee,False
W108446,2021-07-05,,,Regular Employee,False
W108447,2018-11-19,,,Regular Employee,False
W108448,2019-03-07,,,Regular Employee,False
W108449,2022-06-12,,,Regular Employee,False
W108450,2017-10-16,2023-11-05,Voluntary,Regular Employee,False
W108451,2016-04-11,,,Regular Employee,False
W108452,2019-07-16,2022-10-27,Voluntary,Regular Employee,False
W108453,2019-06-27,,,Regular Employee,False
W108454,2020-06-25,,,Regular Employee,False
W108455,2019-04-17,,,Regular Employee,False
W108456,2021-12-14,2025-07-20,Voluntary,Regular Employee,False
W108457,2021-10-09,,,Regular Employee,False
W108458,2021-12-21,2023-06-22,Voluntary,Regular Employee,False
W108459,2022-05-04,,,Regular Employee,False
W108460,2021-12-11,2025-02-12,Voluntary,Regular Employee,False
W108461,2021-05-03,,,Regular Employee,False
W108462,2017-07-09,,,Regular Employee,False
W108463,2015-04-21,2024-09-23,Involuntary,Regular Employee,False
W108464,2021-07-01,,,Regular Employee,False
W108465,2019-03-19,2023-01-07,Voluntary,Regular Employee,False
W108466,2016-04-09,,,Regular Employee,False
W108467,2021-06-12,,,Regular Employee,False
W108468,2002-06-30,,,Regular Employee,False
W108469,2009-12-10,2023-02-28,Voluntary,Regular Employee,False
W108470,2021-03-31,,,Regular Employee,False
W108471,2020-03-07,2023-12-10,Voluntary,Regular Employee,False
W108472,2018-11-06,2023-02-16,Voluntary,Regular Employee,False
W108473,2017-08-23,2023-07-14,Involuntary,Regular Employee,False
W108474,2016-01-23,,,Regular Employee,False
W108475,2021-01-26,2026-03-25,Voluntary,Regular Employee,False
W108476,2016-06-02,,,Regular Employee,False
W108477,2009-12-08,,,Regular Employee,False
W108478,2022-05-09,,,Regular Employee,False
W108479,2021-05-16,,,Regular Employee,False
W108480,2020-07-29,2024-03-14,Involuntary,Regular Employee,False
W108481,2018-12-21,,,Regular Employee,False
W108482,2022-06-12,,,Regular Employee,False
W108483,2016-11-28,,,Regular Employee,False
W108484,2022-05-21,,,Regular Employee,False
W108485,2020-07-22,,,Regular Employee,False
W108486,2016-04-11,,,Regular Employee,False
W108487,2019-10-18,,,Regular Employee,False
W108488,2021-10-01,,,Regular Employee,False
W108489,2022-06-06,,,Regular Employee,False
W108490,2014-11-27,,,Regular Employee,False
W108491,2022-04-02,,,Regular Employee,False
W108492,2017-07-01,,,Regular Employee,False
W108493,2021-05-21,2024-05-11,Involuntary,Regular Employee,False
W108494,2021-01-29,2022-08-13,Voluntary,Regular Employee,False
W108495,2021-01-16,2023-11-13,Involuntary,Regular Employee,False
W108496,2021-03-19,,,Regular Employee,False
W108497,2021-06-10,2025-10-22,Voluntary,Regular Employee,False
W108498,2010-05-02,2023-02-28,Voluntary,Regular Employee,False
W108499,2012-03-29,,,Regular Employee,False
W108500,2019-11-06,,,Regular Employee,False
W108501,2017-12-07,,,Regular Employee,False
W108502,2022-05-29,2022-11-08,Voluntary,Regular Employee,False
W108503,2002-06-30,,,Regular Employee,False
W108504,2017-08-12,,,Regular Employee,False
W108505,2015-11-03,,,Regular Employee,False
W108506,2021-09-20,,,Regular Employee,False
W108507,2017-10-29,,,Regular Employee,False
W108508,2021-04-30,2022-09-08,Voluntary,Regular Employee,False
W108509,2021-11-03,2022-10-26,Voluntary,Regular Employee,False
W108510,2019-05-13,,,Regular Employee,False
W108511,2020-12-16,,,Regular Employee,False
W108512,2020-02-23,2026-03-22,Voluntary,Regular Employee,False
W108513,2021-01-22,,,Regular Employee,False
W108514,2009-02-08,,,Regular Employee,False
W108515,2010-10-15,,,Regular Employee,False
W108516,2014-08-09,,,Regular Employee,False
W108517,2021-02-01,2023-02-04,Voluntary,Regular Employee,False
W108518,2018-01-28,,,Regular Employee,False
W108519,2017-01-03,,,Regular Employee,False
W108520,2020-10-19,,,Regular Employee,False
W108521,2022-02-23,2024-11-14,Voluntary,Regular Employee,False
W108522,2020-12-24,2022-10-18,Voluntary,Regular Employee,False
W108523,2017-02-12,,,Regular Employee,False
W108524,2019-11-21,,,Regular Employee,False
W108525,2012-06-07,,,Regular Employee,False
W108526,2021-05-20,,,Regular Employee,False
W108527,2016-12-24,,,Regular Employee,False
W108528,2014-10-06,,,Regular Employee,False
W108529,2020-08-07,,,Regular Employee,False
W108530,2011-02-19,,,Regular Employee,False
W108531,2020-12-25,,,Regular Employee,False
W108532,2021-12-30,,,Regular Employee,False
W108533,2022-06-12,,,Regular Employee,False
W108534,2016-02-28,,,Regular Employee,False
W108535,2021-01-01,2023-06-26,Voluntary,Regular Employee,False
W108536,2020-07-23,,,Regular Employee,False
W108537,2020-10-21,,,Regular Employee,False
W108538,2016-10-12,2023-03-27,Voluntary,Regular Employee,False
W108539,2018-01-08,,,Regular Employee,False
W108540,2016-11-01,,,Regular Employee,False
W108541,2010-07-30,2024-01-23,Voluntary,Regular Employee,False
W108542,2019-10-26,2022-10-26,Voluntary,Regular Employee,False
W108543,2017-01-14,,,Regular Employee,False
W108544,2015-09-10,2022-08-10,Voluntary,Regular Employee,False
W108545,2020-11-08,2025-06-27,Voluntary,Regular Employee,False
W108546,2016-10-05,,,Regular Employee,False
W108547,2015-08-08,,,Regular Employee,False
W108548,2014-06-26,2023-02-04,Voluntary,Regular Employee,False
W108549,2020-02-05,,,Regular Employee,False
W108550,2019-05-01,2024-02-15,Involuntary,Regular Employee,False
W108551,2022-04-24,2022-10-17,Voluntary,Regular Employee,False
W108552,2019-05-09,,,Regular Employee,False
W108553,2013-07-16,2022-09-12,Voluntary,Regular Employee,False
W108554,2019-03-25,2024-11-13,Voluntary,Regular Employee,False
W108555,2021-05-03,,,Regular Employee,False
W108556,2014-06-05,,,Regular Employee,False
W108557,2020-10-30,,,Regular Employee,False
W108558,2014-08-05,,,Regular Employee,False
W108559,2012-12-27,,,Regular Employee,False
W108560,2014-09-22,,,Regular Employee,False
W108561,2018-02-03,,,Regular Employee,False
W108562,2021-08-08,,,Regular Employee,False
W108563,2017-01-30,,,Regular Employee,False
W108564,2010-02-02,,,Regular Employee,False
W108565,2011-01-05,2023-09-07,Voluntary,Regular Employee,False
W108566,2016-07-14,,,Regular Employee,False
W108567,2020-03-05,2023-04-03,Voluntary,Regular Employee,False
W108568,2020-10-26,,,Regular Employee,False
W108569,2012-01-16,2022-09-08,Voluntary,Regular Employee,False
W108570,2019-06-16,,,Regular Employee,False
W108571,2011-10-07,,,Regular Employee,False
W108572,2010-08-17,,,Regular Employee,False
W108573,2020-05-13,2025-06-27,Voluntary,Regular Employee,False
W108574,2014-08-31,,,Regular Employee,False
W108575,2015-12-15,2023-04-12,Voluntary,Regular Employee,False
W108576,2020-05-22,2023-04-14,Involuntary,Regular Employee,False
W108577,2018-09-13,2024-02-28,Voluntary,Regular Employee,False
W108578,2022-03-26,,,Regular Employee,False
W108579,2019-05-30,,,Regular Employee,False
W108580,2020-08-19,2023-04-02,Voluntary,Regular Employee,False
W108581,2018-12-11,2023-01-23,Voluntary,Regular Employee,False
W108582,2020-05-08,,,Regular Employee,False
W108583,2017-12-18,,,Regular Employee,False
W108584,2020-11-17,2023-10-18,Voluntary,Regular Employee,False
W108585,2012-12-25,2025-02-19,Voluntary,Regular Employee,False
W108586,2013-10-06,,,Regular Employee,False
W108587,2022-05-03,2022-12-24,Voluntary,Regular Employee,False
W108588,2021-05-13,,,Regular Employee,False
W108589,2008-06-24,,,Regular Employee,False
W108590,2009-06-14,,,Regular Employee,False
W108591,2013-07-31,,,Regular Employee,False
W108592,2007-09-27,,,Regular Employee,False
W108593,2021-05-13,2023-04-10,Voluntary,Regular Employee,False
W108594,2019-05-29,2022-10-12,Involuntary,Regular Employee,False
W108595,2016-05-21,2023-05-06,Involuntary,Regular Employee,False
W108596,2020-01-09,,,Regular Employee,False
W108597,2015-08-09,,,Regular Employee,False
W108598,2019-01-20,,,Regular Employee,False
W108599,2011-03-26,,,Regular Employee,False
W108600,2022-02-28,,,Regular Employee,False
W108601,2021-07-05,2026-03-20,Voluntary,Regular Employee,False
W108602,2022-06-12,,,Regular Employee,False
W108603,2010-11-25,,,Regular Employee,False
W108604,2018-04-27,,,Regular Employee,False
W108605,2015-06-17,2024-11-29,Voluntary,Regular Employee,False
W108606,2022-05-27,,,Regular Employee,False
W108607,2019-10-08,2023-12-06,Involuntary,Regular Employee,False
W108608,2008-07-10,2024-01-17,Voluntary,Regular Employee,False
W108609,2018-10-12,,,Regular Employee,False
W108610,2017-02-19,,,Regular Employee,False
W108611,2020-03-02,,,Regular Employee,False
W108612,2021-02-06,,,Regular Employee,False
W108613,2013-11-25,,,Regular Employee,False
W108614,2021-12-27,,,Regular Employee,False
W108615,2019-06-11,,,Regular Employee,False
W108616,2017-01-14,,,Regular Employee,False
W108617,2020-08-22,2022-11-07,Voluntary,Regular Employee,False
W108618,2022-06-12,,,Regular Employee,False
W108619,2019-03-18,,,Regular Employee,False
W108620,2019-03-09,2022-10-17,Involuntary,Regular Employee,False
W108621,2022-01-09,,,Regular Employee,False
W108622,2013-09-24,,,Regular Employee,False
W108623,2020-04-24,2023-10-21,Voluntary,Regular Employee,False
W108624,2014-10-30,2024-02-15,Involuntary,Regular Employee,False
W108625,2021-07-05,,,Regular Employee,False
W108626,2020-01-25,2024-08-04,Involuntary,Regular Employee,False
W108627,2020-08-03,,,Regular Employee,False
W108628,2022-03-02,,,Regular Employee,False
W108629,2020-12-20,,,Regular Employee,False
W108630,2022-01-08,,,Regular Employee,False
W108631,2018-06-23,,,Regular Employee,False
W108632,2021-09-21,,,Regular Employee,False
W108633,2006-05-30,,,Regular Employee,False
W108634,2020-08-14,2026-02-10,Involuntary,Regular Employee,False
W108635,2018-11-18,,,Regular Employee,False
W108636,2019-09-04,2023-04-12,Voluntary,Regular Employee,False
W108637,2017-09-20,,,Regular Employee,False
W108638,2008-07-10,2023-09-13,Involuntary,Regular Employee,False
W108639,2019-07-20,,,Regular Employee,False
W108640,2018-09-11,,,Regular Employee,False
W108641,2012-07-07,2023-05-13,Voluntary,Regular Employee,False
W108642,2013-11-04,,,Regular Employee,False
W108643,2022-03-13,,,Regular Employee,False
W108644,2020-10-24,,,Regular Employee,False
W108645,2021-05-31,2024-01-23,Involuntary,Regular Employee,False
W108646,2016-12-15,,,Regular Employee,False
W108647,2015-12-20,,,Regular Employee,False
W108648,2017-03-21,,,Regular Employee,False
W108649,2020-02-22,,,Regular Employee,False
W108650,2008-08-08,,,Regular Employee,False
W108651,2022-03-22,,,Regular Employee,False
W108652,2016-11-20,2022-07-08,Voluntary,Regular Employee,False
W108653,2021-12-14,2025-03-15,Involuntary,Regular Employee,False
W108654,2008-12-20,2026-01-30,Involuntary,Regular Employee,False
W108655,2019-06-27,2023-06-27,Voluntary,Regular Employee,False
W108656,2019-09-24,2023-10-13,Involuntary,Regular Employee,False
W108657,2020-06-20,,,Regular Employee,False
W108658,2020-04-18,,,Regular Employee,False
W108659,2021-09-23,,,Regular Employee,False
W108660,2021-01-26,,,Regular Employee,False
W108661,2021-12-23,,,Regular Employee,False
W108662,2021-04-04,2024-02-15,Involuntary,Regular Employee,False
W108663,2021-08-01,,,Regular Employee,False
W108664,2020-05-01,,,Regular Employee,False
W108665,2016-09-26,,,Regular Employee,False
W108666,2015-10-09,2024-07-12,Voluntary,Regular Employee,False
W108667,2020-02-02,,,Regular Employee,False
W108668,2021-09-12,,,Regular Employee,False
W108669,2022-06-12,,,Regular Employee,False
W108670,2016-06-02,,,Regular Employee,False
W108671,2019-08-21,2026-03-19,Voluntary,Regular Employee,False
W108672,2021-07-19,,,Regular Employee,False
W108673,2016-01-15,2026-03-16,Voluntary,Regular Employee,False
W108674,2012-01-07,,,Regular Employee,False
W108675,2014-12-02,,,Regular Employee,False
W108676,2017-12-19,2024-02-15,Involuntary,Regular Employee,False
W108677,2020-06-15,,,Regular Employee,False
W108678,2022-04-25,,,Regular Employee,False
W108679,2020-03-09,,,Regular Employee,False
W108680,2019-11-02,,,Regular Employee,False
W108681,2015-10-06,,,Regular Employee,False
W108682,2008-10-20,2025-02-19,Voluntary,Regular Employee,False
W108683,2016-11-01,,,Regular Employee,False
W108684,2015-08-12,2023-03-02,Voluntary,Regular Employee,False
W108685,2017-11-03,,,Regular Employee,False
W108686,2021-04-13,,,Regular Employee,False
W108687,2021-06-02,,,Regular Employee,False
W108688,2022-04-28,2024-08-28,Voluntary,Regular Employee,False
W108689,2019-02-14,,,Regular Employee,False
W108690,2021-08-05,,,Regular Employee,False
W108691,2018-01-09,,,Regular Employee,False
W108692,2021-11-30,2024-10-20,Voluntary,Regular Employee,False
W108693,2011-09-12,,,Regular Employee,False
W108694,2013-04-13,,,Regular Employee,False
W108695,2019-02-22,,,Regular Employee,False
W108696,2020-08-04,,,Regular Employee,False
W108697,2021-05-05,,,Regular Employee,False
W108698,2021-06-04,,,Regular Employee,False
W108699,2019-11-12,2025-08-12,Voluntary,Regular Employee,False
W108700,2004-07-27,,,Regular Employee,False
W108701,2015-12-12,2025-06-26,Voluntary,Regular Employee,False
W108702,2019-02-13,,,Regular Employee,False
W108703,2019-12-06,2025-02-04,Involuntary,Regular Employee,False
W108704,2019-02-21,,,Regular Employee,False
W108705,2020-02-18,,,Regular Employee,False
W108706,2017-06-11,2022-09-06,Voluntary,Regular Employee,False
W108707,2011-01-30,2024-05-03,Voluntary,Regular Employee,False
W108708,2018-04-05,,,Regular Employee,False
W108709,2021-11-04,,,Regular Employee,False
W108710,2015-02-03,,,Regular Employee,False
W108711,2022-01-21,2023-10-15,Voluntary,Regular Employee,False
W108712,2021-04-09,2025-02-09,Voluntary,Regular Employee,False
W108713,2021-01-14,,,Regular Employee,False
W108714,2016-05-29,2024-04-28,Voluntary,Regular Employee,False
W108715,2018-11-05,2022-11-30,Voluntary,Regular Employee,False
W108716,2021-11-26,,,Regular Employee,False
W108717,2016-02-14,2026-03-17,Voluntary,Regular Employee,False
W108718,2021-04-25,2022-08-09,Voluntary,Regular Employee,False
W108719,2020-08-18,,,Regular Employee,False
W108720,2019-05-15,,,Regular Employee,False
W108721,2018-04-27,,,Regular Employee,False
W108722,2017-12-02,,,Regular Employee,False
W108723,2017-11-26,,,Regular Employee,False
W108724,2020-10-23,,,Regular Employee,False
W108725,2019-12-04,,,Regular Employee,False
W108726,2021-02-06,2024-01-02,Voluntary,Regular Employee,False
W108727,2022-02-11,2023-07-09,Voluntary,Regular Employee,False
W108728,2022-02-02,,,Regular Employee,False
W108729,2014-12-12,,,Regular Employee,False
W108730,2018-04-03,2026-02-21,Involuntary,Regular Employee,False
W108731,2018-08-28,,,Regular Employee,False
W108732,2019-10-28,,,Regular Employee,False
W108733,2021-10-11,2024-12-19,Involuntary,Regular Employee,False
W108734,2021-04-26,,,Regular Employee,False
W108735,2015-05-09,,,Regular Employee,False
W108736,2018-06-28,2023-01-19,Voluntary,Regular Employee,False
W108737,2022-05-03,,,Regular Employee,False
W108738,2018-11-21,2026-06-15,Voluntary,Regular Employee,False
W108739,2021-08-03,,,Regular Employee,False
W108740,2018-10-02,2023-09-13,Voluntary,Regular Employee,False
W108741,2021-12-30,,,Regular Employee,False
W108742,2019-03-28,,,Regular Employee,False
W108743,2014-04-11,,,Regular Employee,False
W108744,2021-09-06,,,Regular Employee,False
W108745,2016-01-18,,,Regular Employee,False
W108746,2019-03-06,2023-08-04,Voluntary,Regular Employee,False
W108747,2015-08-01,,,Regular Employee,False
W108748,2020-07-21,,,Regular Employee,False
W108749,2021-10-26,,,Regular Employee,False
W108750,2021-04-08,2025-03-31,Voluntary,Regular Employee,False
W108751,2019-01-24,,,Regular Employee,False
W108752,2020-06-24,,,Regular Employee,False
W108753,2017-01-12,,,Regular Employee,False
W108754,2015-03-16,2025-08-31,Voluntary,Regular Employee,False
W108755,2021-02-22,2024-01-09,Voluntary,Regular Employee,False
W108756,2021-06-05,,,Regular Employee,False
W108757,2016-11-15,2023-05-30,Voluntary,Regular Employee,False
W108758,2021-04-30,,,Regular Employee,False
W108759,2019-05-02,2023-09-28,Voluntary,Regular Employee,False
W108760,2020-03-12,,,Regular Employee,False
W108761,2018-07-20,,,Regular Employee,False
W108762,2022-06-12,2025-06-11,Voluntary,Regular Employee,False
W108763,2020-01-11,,,Regular Employee,False
W108764,2016-10-26,,,Regular Employee,False
W108765,2021-01-13,,,Regular Employee,False
W108766,2022-04-27,2022-11-05,Involuntary,Regular Employee,False
W108767,2015-12-05,,,Regular Employee,False
W108768,2020-06-30,,,Regular Employee,False
W108769,2018-08-21,,,Regular Employee,False
W108770,2022-05-20,2023-05-04,Voluntary,Regular Employee,False
W108771,2013-01-12,,,Regular Employee,False
W108772,2022-02-06,,,Regular Employee,False
W108773,2009-12-01,2025-01-20,Voluntary,Regular Employee,False
W108774,2018-06-03,,,Regular Employee,False
W108775,2021-09-29,,,Regular Employee,False
W108776,2022-05-30,,,Regular Employee,False
W108777,2010-12-04,2026-02-28,Voluntary,Regular Employee,False
W108778,2015-08-24,,,Regular Employee,False
W108779,2019-03-06,,,Regular Employee,False
W108780,2021-05-12,,,Regular Employee,False
W108781,2020-12-11,2023-09-04,Voluntary,Regular Employee,False
W108782,2021-11-09,,,Regular Employee,False
W108783,2016-07-18,2022-11-07,Voluntary,Regular Employee,False
W108784,2020-05-21,,,Regular Employee,False
W108785,2020-04-29,,,Regular Employee,False
W108786,2021-04-19,,,Regular Employee,False
W108787,2009-09-15,,,Regular Employee,False
W108788,2016-11-11,,,Regular Employee,False
W108789,2022-01-30,2023-07-17,Voluntary,Regular Employee,False
W108790,2021-06-09,,,Regular Employee,False
W108791,2012-07-19,2026-06-26,Involuntary,Regular Employee,False
W108792,2022-04-14,,,Regular Employee,False
W108793,2021-05-18,,,Regular Employee,False
W108794,2016-10-04,2024-04-27,Voluntary,Regular Employee,False
W108795,2016-12-26,,,Regular Employee,False
W108796,2009-06-14,,,Regular Employee,False
W108797,2020-08-17,,,Regular Employee,False
W108798,2022-03-12,2023-03-20,Voluntary,Regular Employee,False
W108799,2014-05-08,2025-07-26,Voluntary,Regular Employee,False
W108800,2022-04-28,,,Regular Employee,False
W108801,2017-07-05,2022-10-20,Voluntary,Regular Employee,False
W108802,2012-02-21,2025-07-09,Voluntary,Regular Employee,False
W108803,2020-04-02,2023-02-08,Voluntary,Regular Employee,False
W108804,2017-04-19,,,Regular Employee,False
W108805,2020-08-06,,,Regular Employee,False
W108806,2015-12-02,2022-10-12,Voluntary,Regular Employee,False
W108807,2021-03-06,,,Regular Employee,False
W108808,2015-03-30,,,Regular Employee,False
W108809,2008-10-22,2022-11-23,Voluntary,Regular Employee,False
W108810,2021-08-02,,,Regular Employee,False
W108811,2020-01-07,2026-06-12,Voluntary,Regular Employee,False
W108812,2021-05-15,2023-04-09,Involuntary,Regular Employee,False
W108813,2022-05-28,,,Regular Employee,False
W108814,2008-05-20,,,Regular Employee,False
W108815,2012-08-14,,,Regular Employee,False
W108816,2016-04-01,,,Regular Employee,False
W108817,2016-11-25,,,Regular Employee,False
W108818,2019-11-07,,,Regular Employee,False
W108819,2019-01-07,2025-10-08,Voluntary,Regular Employee,False
W108820,2020-11-19,2024-04-26,Voluntary,Regular Employee,False
W108821,2019-01-29,2023-08-25,Voluntary,Regular Employee,False
W108822,2007-05-20,,,Regular Employee,False
W108823,2018-11-23,2022-10-19,Voluntary,Regular Employee,False
W108824,2019-10-10,,,Regular Employee,False
W108825,2020-07-12,2025-05-14,Voluntary,Regular Employee,False
W108826,2015-03-30,,,Regular Employee,False
W108827,2015-05-08,,,Regular Employee,False
W108828,2022-06-12,,,Regular Employee,False
W108829,2020-05-12,2026-05-05,Involuntary,Regular Employee,False
W108830,2017-07-28,2022-12-28,Involuntary,Regular Employee,False
W108831,2021-02-17,,,Regular Employee,False
W108832,2011-05-20,2023-06-26,Voluntary,Regular Employee,False
W108833,2022-03-22,,,Regular Employee,False
W108834,2020-08-17,,,Regular Employee,False
W108835,2019-06-17,2026-03-02,Voluntary,Regular Employee,False
W108836,2018-07-26,,,Regular Employee,False
W108837,2016-06-01,,,Regular Employee,False
W108838,2020-04-08,,,Regular Employee,False
W108839,2018-01-05,2024-08-18,Voluntary,Regular Employee,False
W108840,2021-04-09,,,Regular Employee,False
W108841,2017-03-04,,,Regular Employee,False
W108842,2022-03-27,2022-08-15,Involuntary,Regular Employee,False
W108843,2016-08-17,,,Regular Employee,False
W108844,2019-07-10,,,Regular Employee,False
W108845,2021-09-04,,,Regular Employee,False
W108846,2021-08-11,,,Regular Employee,False
W108847,2014-06-29,,,Regular Employee,False
W108848,2020-01-18,2023-01-29,Voluntary,Regular Employee,False
W108849,2020-10-19,,,Regular Employee,False
W108850,2022-01-27,2024-02-11,Voluntary,Regular Employee,False
W108851,2021-09-18,2026-05-27,Voluntary,Regular Employee,False
W108852,2021-07-30,2026-05-28,Voluntary,Regular Employee,False
W108853,2015-01-21,2023-11-19,Voluntary,Regular Employee,False
W108854,2021-10-23,2025-11-30,Involuntary,Regular Employee,False
W108855,2018-12-27,,,Regular Employee,False
W108856,2019-08-09,,,Regular Employee,False
W108857,2012-05-13,,,Regular Employee,False
W108858,2017-06-15,,,Regular Employee,False
W108859,2019-05-06,2025-06-26,Involuntary,Regular Employee,False
W108860,2013-12-03,,,Regular Employee,False
W108861,2019-09-26,2022-10-26,Voluntary,Regular Employee,False
W108862,2017-05-30,2024-07-22,Involuntary,Regular Employee,False
W108863,2021-01-15,2026-03-12,Voluntary,Regular Employee,False
W108864,2021-09-07,2023-05-01,Voluntary,Regular Employee,False
W108865,2018-05-14,2023-05-29,Voluntary,Regular Employee,False
W108866,2021-04-22,2023-01-27,Voluntary,Regular Employee,False
W108867,2018-12-27,,,Regular Employee,False
W108868,2021-12-25,2025-08-05,Involuntary,Regular Employee,False
W108869,2016-12-11,,,Regular Employee,False
W108870,2017-09-16,,,Regular Employee,False
W108871,2015-05-19,,,Regular Employee,False
W108872,2017-12-09,,,Regular Employee,False
W108873,2020-08-15,,,Regular Employee,False
W108874,2013-02-18,2023-06-05,Involuntary,Regular Employee,False
W108875,2012-02-07,,,Regular Employee,False
W108876,2021-11-04,,,Regular Employee,False
W108877,2020-02-28,,,Regular Employee,False
W108878,2021-12-04,,,Regular Employee,False
W108879,2020-06-05,2026-01-10,Voluntary,Regular Employee,False
W108880,2019-03-22,,,Regular Employee,False
W108881,2021-08-09,2022-07-19,Voluntary,Regular Employee,False
W108882,2009-09-27,,,Regular Employee,False
W108883,2020-09-09,2023-06-09,Involuntary,Regular Employee,False
W108884,2018-12-29,,,Regular Employee,False
W108885,2012-06-06,2022-09-17,Voluntary,Regular Employee,False
W108886,2015-07-17,,,Regular Employee,False
W108887,2017-09-02,2026-05-12,Involuntary,Regular Employee,False
W108888,2021-09-29,2024-02-03,Involuntary,Regular Employee,False
W108889,2018-09-25,2023-01-17,Voluntary,Regular Employee,False
W108890,2015-07-08,,,Regular Employee,False
W108891,2022-01-25,,,Regular Employee,False
W108892,2022-05-16,2023-12-25,Voluntary,Regular Employee,False
W108893,2011-01-31,2025-11-01,Involuntary,Regular Employee,False
W108894,2021-05-29,,,Regular Employee,False
W108895,2018-11-05,,,Regular Employee,False
W108896,2021-07-06,2023-04-26,Voluntary,Regular Employee,False
W108897,2021-10-13,2025-08-05,Voluntary,Regular Employee,False
W108898,2020-05-25,2026-05-31,Involuntary,Regular Employee,False
W108899,2017-01-13,,,Regular Employee,False
W108900,2021-06-01,,,Regular Employee,False
W108901,2022-03-14,,,Regular Employee,False
W108902,2002-06-30,2024-05-15,Voluntary,Regular Employee,False
W108903,2012-08-10,,,Regular Employee,False
W108904,2018-01-09,,,Regular Employee,False
W108905,2015-09-12,2024-09-19,Voluntary,Regular Employee,False
W108906,2021-01-08,,,Regular Employee,False
W108907,2017-10-07,,,Regular Employee,False
W108908,2019-03-04,,,Regular Employee,False
W108909,2021-10-06,,,Regular Employee,False
W108910,2014-10-03,2025-02-10,Voluntary,Regular Employee,False
W108911,2021-06-20,2023-02-22,Voluntary,Regular Employee,False
W108912,2019-08-01,2024-09-14,Voluntary,Regular Employee,False
W108913,2016-05-29,2024-05-14,Voluntary,Regular Employee,False
W108914,2010-03-15,,,Regular Employee,False
W108915,2018-11-01,2023-02-11,Voluntary,Regular Employee,False
W108916,2021-10-14,,,Regular Employee,False
W108917,2019-03-04,,,Regular Employee,False
W108918,2018-03-25,,,Regular Employee,False
W108919,2009-10-09,,,Regular Employee,False
W108920,2018-12-16,,,Regular Employee,False
W108921,2017-07-21,,,Regular Employee,False
W108922,2006-11-26,,,Regular Employee,False
W108923,2019-03-29,2023-06-13,Voluntary,Regular Employee,False
W108924,2022-04-08,2024-06-20,Voluntary,Regular Employee,False
W108925,2013-10-09,,,Regular Employee,False
W108926,2016-06-16,,,Regular Employee,False
W108927,2022-04-29,2023-10-10,Voluntary,Regular Employee,False
W108928,2010-07-01,2023-11-14,Involuntary,Regular Employee,False
W108929,2015-04-23,,,Regular Employee,False
W108930,2021-01-16,2024-12-26,Voluntary,Regular Employee,False
W108931,2021-06-20,,,Regular Employee,False
W108932,2021-03-04,,,Regular Employee,False
W108933,2019-02-25,2023-07-11,Involuntary,Regular Employee,False
W108934,2021-08-01,2025-10-24,Involuntary,Regular Employee,False
W108935,2020-11-12,2026-04-19,Voluntary,Regular Employee,False
W108936,2014-12-18,,,Regular Employee,False
W108937,2022-04-23,,,Regular Employee,False
W108938,2013-03-30,,,Regular Employee,False
W108939,2015-03-19,,,Regular Employee,False
W108940,2020-08-15,,,Regular Employee,False
W108941,2020-08-05,,,Regular Employee,False
W108942,2013-09-13,,,Regular Employee,False
W108943,2014-04-16,,,Regular Employee,False
W108944,2022-05-15,,,Regular Employee,False
W108945,2021-04-06,,,Regular Employee,False
W108946,2019-09-12,2025-05-20,Voluntary,Regular Employee,False
W108947,2016-11-13,2022-07-10,Voluntary,Regular Employee,False
W108948,2021-10-03,2025-04-23,Involuntary,Regular Employee,False
W108949,2012-11-23,,,Regular Employee,False
W108950,2021-02-07,2026-05-18,Involuntary,Regular Employee,False
W108951,2012-10-08,,,Regular Employee,False
W108952,2019-07-04,2023-12-08,Voluntary,Regular Employee,False
W108953,2020-01-11,,,Regular Employee,False
W108954,2021-06-25,,,Regular Employee,False
W108955,2016-11-07,,,Regular Employee,False
W108956,2017-04-06,2025-01-11,Voluntary,Regular Employee,False
W108957,2003-03-08,2025-07-02,Voluntary,Regular Employee,False
W108958,2021-01-09,,,Regular Employee,False
W108959,2020-08-04,,,Regular Employee,False
W108960,2020-05-29,2025-01-12,Voluntary,Regular Employee,False
W108961,2020-07-29,,,Regular Employee,False
W108962,2016-08-12,2025-07-17,Voluntary,Regular Employee,False
W108963,2019-01-27,,,Regular Employee,False
W108964,2021-02-27,,,Regular Employee,False
W108965,2020-01-07,2025-01-30,Voluntary,Regular Employee,False
W108966,2020-02-26,,,Regular Employee,False
W108967,2022-03-19,,,Regular Employee,False
W108968,2018-02-24,2023-10-18,Voluntary,Regular Employee,False
W108969,2020-09-07,,,Regular Employee,False
W108970,2021-12-03,2026-04-02,Voluntary,Regular Employee,False
W108971,2020-11-21,,,Regular Employee,False
W108972,2021-09-12,,,Regular Employee,False
W108973,2016-09-07,,,Regular Employee,False
W108974,2015-01-14,2022-09-18,Voluntary,Regular Employee,False
W108975,2018-10-17,2024-08-28,Involuntary,Regular Employee,False
W108976,2020-05-20,,,Regular Employee,False
W108977,2018-09-03,2024-01-21,Voluntary,Regular Employee,False
W108978,2013-05-10,,,Regular Employee,False
W108979,2011-05-05,,,Regular Employee,False
W108980,2013-02-20,,,Regular Employee,False
W108981,2022-04-27,2024-08-14,Involuntary,Regular Employee,False
W108982,2012-12-13,2023-08-13,Voluntary,Regular Employee,False
W108983,2022-04-01,2023-04-07,Voluntary,Regular Employee,False
W108984,2017-08-31,2022-10-01,Voluntary,Regular Employee,False
W108985,2010-05-18,,,Regular Employee,False
W108986,2022-05-31,2022-07-07,Voluntary,Regular Employee,False
W108987,2013-12-04,,,Regular Employee,False
W108988,2013-05-20,,,Regular Employee,False
W108989,2012-11-13,2024-12-28,Involuntary,Regular Employee,False
W108990,2015-06-23,,,Regular Employee,False
W108991,2008-01-20,,,Regular Employee,False
W108992,2019-07-08,,,Regular Employee,False
W108993,2022-05-11,,,Regular Employee,False
W108994,2016-11-20,2024-03-08,Voluntary,Regular Employee,False
W108995,2021-10-09,,,Regular Employee,False
W108996,2021-03-21,,,Regular Employee,False
W108997,2021-09-10,,,Regular Employee,False
W108998,2019-07-12,2022-08-15,Involuntary,Regular Employee,False
W108999,2017-10-08,2025-10-13,Involuntary,Regular Employee,False
W109000,2018-09-10,,,Regular Employee,False
W109001,2021-05-24,,,Regular Employee,False
W109002,2013-03-26,2024-06-05,Involuntary,Regular Employee,False
W109003,2010-03-02,,,Regular Employee,False
W109004,2013-06-23,,,Regular Employee,False
W109005,2020-05-19,,,Regular Employee,False
W109006,2013-02-07,,,Regular Employee,False
W109007,2018-08-11,,,Regular Employee,False
W109008,2018-12-31,,,Regular Employee,False
W109009,2022-04-01,2025-05-21,Voluntary,Regular Employee,False
W109010,2020-09-28,2024-03-06,Voluntary,Regular Employee,False
W109011,2018-10-19,,,Regular Employee,False
W109012,2021-12-14,2023-12-17,Voluntary,Regular Employee,False
W109013,2018-02-05,,,Regular Employee,False
W109014,2018-08-17,,,Regular Employee,False
W109015,2021-10-28,,,Regular Employee,False
W109016,2021-10-15,2024-02-26,Involuntary,Regular Employee,False
W109017,2017-10-23,2026-03-21,Voluntary,Regular Employee,False
W109018,2020-11-28,,,Regular Employee,False
W109019,2011-12-16,,,Regular Employee,False
W109020,2022-06-12,2023-01-28,Involuntary,Regular Employee,False
W109021,2022-05-26,2022-12-07,Involuntary,Regular Employee,False
W109022,2020-01-22,,,Regular Employee,False
W109023,2020-12-24,2024-06-06,Voluntary,Regular Employee,False
W109024,2017-07-12,,,Regular Employee,False
W109025,2019-05-09,,,Regular Employee,False
W109026,2021-08-14,,,Regular Employee,False
W109027,2021-02-04,2023-08-29,Involuntary,Regular Employee,False
W109028,2013-09-23,,,Regular Employee,False
W109029,2021-09-06,,,Regular Employee,False
W109030,2022-02-03,,,Regular Employee,False
W109031,2021-03-17,2024-02-15,Involuntary,Regular Employee,False
W109032,2019-03-15,2022-09-21,Involuntary,Regular Employee,False
W109033,2021-07-01,,,Regular Employee,False
W109034,2014-02-09,2024-06-02,Voluntary,Regular Employee,False
W109035,2021-08-28,,,Regular Employee,False
W109036,2005-07-05,,,Regular Employee,False
W109037,2017-05-30,,,Regular Employee,False
W109038,2018-09-19,2025-07-27,Voluntary,Regular Employee,False
W109039,2021-11-21,,,Regular Employee,False
W109040,2020-07-19,,,Regular Employee,False
W109041,2011-04-20,,,Regular Employee,False
W109042,2012-12-03,2025-07-25,Voluntary,Regular Employee,False
W109043,2018-07-04,,,Regular Employee,False
W109044,2021-04-20,,,Regular Employee,False
W109045,2022-06-02,,,Regular Employee,False
W109046,2021-08-23,,,Regular Employee,False
W109047,2021-10-29,2022-11-23,Voluntary,Regular Employee,False
W109048,2020-08-25,,,Regular Employee,False
W109049,2017-10-09,,,Regular Employee,False
W109050,2022-06-04,,,Regular Employee,False
W109051,2015-02-01,2022-08-22,Voluntary,Regular Employee,False
W109052,2020-07-02,,,Regular Employee,False
W109053,2018-01-08,2026-04-14,Voluntary,Regular Employee,False
W109054,2019-01-30,,,Regular Employee,False
W109055,2021-09-21,,,Regular Employee,False
W109056,2022-03-14,2023-03-24,Voluntary,Regular Employee,False
W109057,2016-01-05,,,Regular Employee,False
W109058,2015-07-08,,,Regular Employee,False
W109059,2020-05-16,,,Regular Employee,False
W109060,2017-04-27,,,Regular Employee,False
W109061,2020-10-14,,,Regular Employee,False
W109062,2018-02-22,,,Regular Employee,False
W109063,2019-03-16,2024-05-24,Involuntary,Regular Employee,False
W109064,2017-01-18,,,Regular Employee,False
W109065,2021-01-26,2022-09-16,Voluntary,Regular Employee,False
W109066,2021-01-27,,,Regular Employee,False
W109067,2021-10-18,,,Regular Employee,False
W109068,2020-08-04,2025-07-11,Involuntary,Regular Employee,False
W109069,2014-11-14,,,Regular Employee,False
W109070,2022-02-10,2025-07-30,Voluntary,Regular Employee,False
W109071,2006-05-10,,,Regular Employee,False
W109072,2017-02-27,,,Regular Employee,False
W109073,2018-10-26,,,Regular Employee,False
W109074,2021-08-05,2023-03-09,Involuntary,Regular Employee,False
W109075,2021-10-11,2026-04-03,Voluntary,Regular Employee,False
W109076,2011-06-02,,,Regular Employee,False
W109077,2011-09-02,,,Regular Employee,False
W109078,2019-01-29,,,Regular Employee,False
W109079,2020-04-23,,,Regular Employee,False
W109080,2016-06-11,,,Regular Employee,False
W109081,2020-03-06,2023-03-10,Voluntary,Regular Employee,False
W109082,2018-02-17,,,Regular Employee,False
W109083,2021-08-12,2023-09-08,Voluntary,Regular Employee,False
W109084,2019-02-19,,,Regular Employee,False
W109085,2013-06-04,,,Regular Employee,False
W109086,2020-04-15,,,Regular Employee,False
W109087,2021-09-12,2023-12-21,Involuntary,Regular Employee,False
W109088,2021-06-09,,,Regular Employee,False
W109089,2018-10-03,,,Regular Employee,False
W109090,2017-10-17,,,Regular Employee,False
W109091,2019-03-26,2022-10-13,Involuntary,Regular Employee,False
W109092,2018-10-09,,,Regular Employee,False
W109093,2019-05-14,,,Regular Employee,False
W109094,2022-01-27,,,Regular Employee,False
W109095,2020-08-10,,,Regular Employee,False
W109096,2022-03-01,2024-02-15,Involuntary,Regular Employee,False
W109097,2020-12-18,,,Regular Employee,False
W109098,2022-04-26,,,Regular Employee,False
W109099,2008-04-26,2025-05-31,Voluntary,Regular Employee,False
W109100,2022-03-11,2022-08-29,Involuntary,Regular Employee,False
W109101,2022-03-07,2023-06-20,Involuntary,Regular Employee,False
W109102,2018-04-09,,,Regular Employee,False
W109103,2008-07-10,2024-08-11,Voluntary,Regular Employee,False
W109104,2021-09-05,2023-08-17,Involuntary,Regular Employee,False
W109105,2013-09-20,,,Regular Employee,False
W109106,2013-09-14,2023-06-07,Involuntary,Regular Employee,False
W109107,2021-05-16,,,Regular Employee,False
W109108,2020-04-19,2024-01-03,Voluntary,Regular Employee,False
W109109,2021-01-22,,,Regular Employee,False
W109110,2020-11-27,2026-02-21,Voluntary,Regular Employee,False
W109111,2013-12-07,2023-03-11,Voluntary,Regular Employee,False
W109112,2016-01-10,,,Regular Employee,False
W109113,2021-12-01,2026-06-08,Voluntary,Regular Employee,False
W109114,2020-08-24,,,Regular Employee,False
W109115,2019-01-29,,,Regular Employee,False
W109116,2016-11-09,,,Regular Employee,False
W109117,2021-08-24,2022-10-30,Voluntary,Regular Employee,False
W109118,2014-12-23,2022-08-02,Voluntary,Regular Employee,False
W109119,2020-04-26,,,Regular Employee,False
W109120,2019-07-08,2024-04-22,Voluntary,Regular Employee,False
W109121,2016-11-02,2024-08-16,Voluntary,Regular Employee,False
W109122,2012-06-28,2024-07-18,Voluntary,Regular Employee,False
W109123,2021-06-15,2024-11-15,Voluntary,Regular Employee,False
W109124,2018-12-03,2024-12-16,Voluntary,Regular Employee,False
W109125,2020-07-25,,,Regular Employee,False
W109126,2016-03-28,,,Regular Employee,False
W109127,2019-11-28,2025-03-11,Voluntary,Regular Employee,False
W109128,2019-04-10,2022-09-09,Voluntary,Regular Employee,False
W109129,2022-05-20,,,Regular Employee,False
W109130,2016-01-28,2023-02-21,Voluntary,Regular Employee,False
W109131,2022-06-12,2022-07-31,Voluntary,Regular Employee,False
W109132,2019-10-05,2023-12-09,Voluntary,Regular Employee,False
W109133,2014-06-13,2023-07-21,Involuntary,Regular Employee,False
W109134,2019-04-02,2022-08-17,Voluntary,Regular Employee,False
W109135,2017-04-30,,,Regular Employee,False
W109136,2020-01-17,,,Regular Employee,False
W109137,2016-05-28,,,Regular Employee,False
W109138,2017-05-27,2025-12-21,Voluntary,Regular Employee,False
W109139,2016-08-06,,,Regular Employee,False
W109140,2019-01-16,2024-06-12,Voluntary,Regular Employee,False
W109141,2022-06-12,,,Regular Employee,False
W109142,2021-07-31,,,Regular Employee,False
W109143,2013-09-30,,,Regular Employee,False
W109144,2020-05-30,2023-11-30,Voluntary,Regular Employee,False
W109145,2019-01-22,,,Regular Employee,False
W109146,2017-09-29,,,Regular Employee,False
W109147,2018-11-17,2024-07-19,Involuntary,Regular Employee,False
W109148,2022-01-29,2024-12-13,Voluntary,Regular Employee,False
W109149,2015-06-28,,,Regular Employee,False
W109150,2010-10-02,,,Regular Employee,False
W109151,2017-10-10,,,Regular Employee,False
W109152,2006-08-02,2023-08-16,Voluntary,Regular Employee,False
W109153,2018-05-23,,,Regular Employee,False
W109154,2017-07-16,,,Regular Employee,False
W109155,2021-11-08,,,Regular Employee,False
W109156,2022-04-21,2023-12-27,Voluntary,Regular Employee,False
W109157,2021-03-23,,,Regular Employee,False
W109158,2019-04-05,,,Regular Employee,False
W109159,2018-06-21,,,Regular Employee,False
W109160,2008-11-27,2025-07-18,Voluntary,Regular Employee,False
W109161,2018-03-06,,,Regular Employee,False
W109162,2011-07-04,2025-06-12,Voluntary,Regular Employee,False
W109163,2016-04-28,,,Regular Employee,False
W109164,2011-12-01,,,Regular Employee,False
W109165,2020-03-24,,,Regular Employee,False
W109166,2006-10-08,2023-10-01,Involuntary,Regular Employee,False
W109167,2020-08-15,,,Regular Employee,False
W109168,2017-12-14,,,Regular Employee,False
W109169,2021-08-26,,,Regular Employee,False
W109170,2011-01-31,,,Regular Employee,False
W109171,2013-06-22,,,Regular Employee,False
W109172,2020-03-24,,,Regular Employee,False
W109173,2020-05-23,,,Regular Employee,False
W109174,2021-01-10,,,Regular Employee,False
W109175,2020-07-14,,,Regular Employee,False
W109176,2022-05-23,2023-09-26,Voluntary,Regular Employee,False
W109177,2020-08-28,,,Regular Employee,False
W109178,2015-02-09,2023-02-04,Voluntary,Regular Employee,False
W109179,2014-12-17,,,Regular Employee,False
W109180,2022-02-22,,,Regular Employee,False
W109181,2021-10-19,,,Regular Employee,False
W109182,2021-01-24,2025-10-11,Voluntary,Regular Employee,False
W109183,2015-03-30,,,Regular Employee,False
W109184,2021-10-26,2025-04-09,Voluntary,Regular Employee,False
W109185,2020-12-31,,,Regular Employee,False
W109186,2018-06-14,,,Regular Employee,False
W109187,2018-06-04,,,Regular Employee,False
W109188,2008-07-27,,,Regular Employee,False
W109189,2015-05-28,,,Regular Employee,False
W109190,2020-09-10,,,Regular Employee,False
W109191,2022-06-02,2022-12-04,Voluntary,Regular Employee,False
W109192,2021-04-05,2025-04-06,Voluntary,Regular Employee,False
W109193,2010-12-21,2025-01-29,Voluntary,Regular Employee,False
W109194,2006-08-01,,,Regular Employee,False
W109195,2022-01-31,2025-10-23,Voluntary,Regular Employee,False
W109196,2019-02-19,2024-07-22,Voluntary,Regular Employee,False
W109197,2006-12-17,2022-07-17,Voluntary,Regular Employee,False
W109198,2017-09-06,,,Regular Employee,False
W109199,2022-03-28,,,Regular Employee,False
W109200,2021-06-25,2025-01-25,Voluntary,Regular Employee,False
W109201,2013-04-20,,,Regular Employee,False
W109202,2022-05-29,2023-05-27,Voluntary,Regular Employee,False
W109203,2022-05-09,,,Regular Employee,False
W109204,2019-01-12,,,Regular Employee,False
W109205,2017-11-26,,,Regular Employee,False
W109206,2017-03-29,,,Regular Employee,False
W109207,2021-06-29,2023-04-23,Voluntary,Regular Employee,False
W109208,2020-07-26,,,Regular Employee,False
W109209,2019-10-12,,,Regular Employee,False
W109210,2020-07-30,2022-11-21,Involuntary,Regular Employee,False
W109211,2019-06-02,2025-09-11,Voluntary,Regular Employee,False
W109212,2018-01-15,,,Regular Employee,False
W109213,2018-01-08,,,Regular Employee,False
W109214,2022-05-01,,,Regular Employee,False
W109215,2017-05-04,,,Regular Employee,False
W109216,2021-11-29,2023-02-14,Voluntary,Regular Employee,False
W109217,2017-01-04,,,Regular Employee,False
W109218,2017-01-01,,,Regular Employee,False
W109219,2022-02-18,,,Regular Employee,False
W109220,2018-12-14,2022-10-13,Involuntary,Regular Employee,False
W109221,2018-08-09,2022-07-26,Voluntary,Regular Employee,False
W109222,2022-01-21,2025-11-03,Voluntary,Regular Employee,False
W109223,2015-09-02,,,Regular Employee,False
W109224,2014-12-21,,,Regular Employee,False
W109225,2021-02-08,,,Regular Employee,False
W109226,2009-11-13,,,Regular Employee,False
W109227,2016-04-09,,,Regular Employee,False
W109228,2018-03-29,2024-01-03,Involuntary,Regular Employee,False
W109229,2018-11-23,2023-10-11,Involuntary,Regular Employee,False
W109230,2012-04-11,,,Regular Employee,False
W109231,2022-01-15,,,Regular Employee,False
W109232,2020-07-22,,,Regular Employee,False
W109233,2021-10-22,2023-12-11,Voluntary,Regular Employee,False
W109234,2021-12-15,,,Regular Employee,False
W109235,2021-12-13,2023-10-20,Involuntary,Regular Employee,False
W109236,2004-05-17,,,Regular Employee,False
W109237,2019-11-01,,,Regular Employee,False
W109238,2019-11-15,,,Regular Employee,False
W109239,2019-09-24,,,Regular Employee,False
W109240,2022-02-23,,,Regular Employee,False
W109241,2022-06-10,,,Regular Employee,False
W109242,2016-11-23,,,Regular Employee,False
W109243,2010-09-23,2023-11-01,Voluntary,Regular Employee,False
W109244,2020-08-16,,,Regular Employee,False
W109245,2020-06-08,,,Regular Employee,False
W109246,2021-05-27,2026-03-11,Voluntary,Regular Employee,False
W109247,2016-12-19,,,Regular Employee,False
W109248,2022-06-12,2026-02-03,Voluntary,Regular Employee,False
W109249,2005-02-06,2024-05-30,Involuntary,Regular Employee,False
W109250,2011-03-29,2024-09-07,Voluntary,Regular Employee,False
W109251,2019-03-25,2024-01-01,Voluntary,Regular Employee,False
W109252,2015-07-03,2024-06-09,Voluntary,Regular Employee,False
W109253,2016-01-19,,,Regular Employee,False
W109254,2021-04-20,,,Regular Employee,False
W109255,2008-02-10,,,Regular Employee,False
W109256,2020-06-05,,,Regular Employee,False
W109257,2019-10-27,2023-06-17,Voluntary,Regular Employee,False
W109258,2014-11-21,,,Regular Employee,False
W109259,2021-10-05,,,Regular Employee,False
W109260,2020-09-11,2022-12-09,Voluntary,Regular Employee,False
W109261,2018-09-21,,,Regular Employee,False
W109262,2018-01-01,2023-02-01,Voluntary,Regular Employee,False
W109263,2020-11-04,,,Regular Employee,False
W109264,2019-01-09,2024-05-11,Voluntary,Regular Employee,False
W109265,2021-02-10,2022-08-22,Voluntary,Regular Employee,False
W109266,2012-03-28,2024-08-17,Involuntary,Regular Employee,False
W109267,2009-06-14,,,Regular Employee,False
W109268,2020-04-10,2025-11-01,Voluntary,Regular Employee,False
W109269,2021-12-01,,,Regular Employee,False
W109270,2017-12-27,2023-03-05,Involuntary,Regular Employee,False
W109271,2012-12-16,,,Regular Employee,False
W109272,2020-01-11,,,Regular Employee,False
W109273,2004-04-20,,,Regular Employee,False
W109274,2021-07-09,,,Regular Employee,False
W109275,2022-05-14,,,Regular Employee,False
W109276,2022-03-09,2025-04-03,Voluntary,Regular Employee,False
W109277,2018-12-26,,,Regular Employee,False
W109278,2017-05-24,,,Regular Employee,False
W109279,2019-03-30,,,Regular Employee,False
W109280,2020-08-17,2024-11-27,Voluntary,Regular Employee,False
W109281,2021-06-08,2024-12-14,Voluntary,Regular Employee,False
W109282,2015-05-03,,,Regular Employee,False
W109283,2021-08-24,,,Regular Employee,False
W109284,2020-09-03,2023-07-23,Voluntary,Regular Employee,False
W109285,2014-12-09,,,Regular Employee,False
W109286,2021-10-14,2022-11-27,Voluntary,Regular Employee,False
W109287,2019-05-24,2023-08-27,Voluntary,Regular Employee,False
W109288,2012-04-26,,,Regular Employee,False
W109289,2020-05-20,,,Regular Employee,False
W109290,2021-07-16,,,Regular Employee,False
W109291,2020-06-12,2024-05-20,Voluntary,Regular Employee,False
W109292,2015-10-20,2022-07-11,Voluntary,Regular Employee,False
W109293,2021-05-06,,,Regular Employee,False
W109294,2017-01-19,,,Regular Employee,False
W109295,2021-02-05,,,Regular Employee,False
W109296,2018-08-29,,,Regular Employee,False
W109297,2021-11-23,2022-08-07,Voluntary,Regular Employee,False
W109298,2004-01-19,2025-10-04,Voluntary,Regular Employee,False
W109299,2020-02-08,2024-09-23,Voluntary,Regular Employee,False
W109300,2018-11-12,2026-03-23,Voluntary,Regular Employee,False
W109301,2021-01-11,,,Regular Employee,False
W109302,2017-05-08,2024-06-30,Voluntary,Regular Employee,False
W109303,2017-11-01,,,Regular Employee,False
W109304,2015-01-26,2022-08-13,Voluntary,Regular Employee,False
W109305,2017-07-23,,,Regular Employee,False
W109306,2018-08-18,,,Regular Employee,False
W109307,2017-06-29,,,Regular Employee,False
W109308,2018-11-06,2026-03-07,Voluntary,Regular Employee,False
W109309,2021-04-26,,,Regular Employee,False
W109310,2018-01-23,2023-11-21,Voluntary,Regular Employee,False
W109311,2015-09-22,,,Regular Employee,False
W109312,2018-01-13,,,Regular Employee,False
W109313,2018-03-21,2022-10-22,Voluntary,Regular Employee,False
W109314,2005-09-24,,,Regular Employee,False
W109315,2019-03-18,,,Regular Employee,False
W109316,2014-10-05,2022-09-27,Voluntary,Regular Employee,False
W109317,2022-04-19,2026-01-26,Voluntary,Regular Employee,False
W109318,2020-11-15,,,Regular Employee,False
W109319,2022-05-02,,,Regular Employee,False
W109320,2020-07-04,,,Regular Employee,False
W109321,2016-04-28,,,Regular Employee,False
W109322,2021-07-29,,,Regular Employee,False
W109323,2022-02-16,,,Regular Employee,False
W109324,2017-01-07,2026-01-04,Voluntary,Regular Employee,False
W109325,2020-02-13,,,Regular Employee,False
W109326,2014-12-31,,,Regular Employee,False
W109327,2006-06-14,2025-08-01,Voluntary,Regular Employee,False
W109328,2015-08-30,2026-03-21,Voluntary,Regular Employee,False
W109329,2015-07-15,2025-03-26,Voluntary,Regular Employee,False
W109330,2021-03-30,,,Regular Employee,False
W109331,2019-06-19,,,Regular Employee,False
W109332,2021-09-23,2024-03-02,Involuntary,Regular Employee,False
W109333,2015-04-21,,,Regular Employee,False
W109334,2016-02-24,2024-02-15,Involuntary,Regular Employee,False
W109335,2017-12-21,2022-10-24,Voluntary,Regular Employee,False
W109336,2013-05-17,2022-09-13,Voluntary,Regular Employee,False
W109337,2004-06-19,2025-09-04,Voluntary,Regular Employee,False
W109338,2021-03-31,2025-11-30,Involuntary,Regular Employee,False
W109339,2021-10-25,,,Regular Employee,False
W109340,2014-06-05,,,Regular Employee,False
W109341,2021-05-06,,,Regular Employee,False
W109342,2021-12-26,,,Regular Employee,False
W109343,2015-12-01,,,Regular Employee,False
W109344,2019-06-19,,,Regular Employee,False
W109345,2018-02-23,,,Regular Employee,False
W109346,2020-09-27,,,Regular Employee,False
W109347,2018-12-02,2023-04-18,Involuntary,Regular Employee,False
W109348,2019-10-06,,,Regular Employee,False
W109349,2020-06-01,,,Regular Employee,False
W109350,2014-01-12,,,Regular Employee,False
W109351,2017-12-16,,,Regular Employee,False
W109352,2017-10-09,,,Regular Employee,False
W109353,2020-06-13,,,Regular Employee,False
W109354,2020-12-09,,,Regular Employee,False
W109355,2018-01-16,2023-09-27,Voluntary,Regular Employee,False
W109356,2019-09-26,,,Regular Employee,False
W109357,2019-03-11,2023-09-19,Voluntary,Regular Employee,False
W109358,2017-01-10,2025-04-02,Voluntary,Regular Employee,False
W109359,2019-08-18,2023-09-28,Voluntary,Regular Employee,False
W109360,2019-08-27,,,Regular Employee,False
W109361,2017-08-21,2023-05-06,Voluntary,Regular Employee,False
W109362,2021-11-29,,,Regular Employee,False
W109363,2017-06-22,,,Regular Employee,False
W109364,2022-05-06,2023-01-24,Voluntary,Regular Employee,False
W109365,2016-07-29,2025-05-21,Involuntary,Regular Employee,False
W109366,2009-06-30,2025-04-25,Voluntary,Regular Employee,False
W109367,2022-02-16,2026-01-20,Voluntary,Regular Employee,False
W109368,2022-01-12,2024-07-11,Voluntary,Regular Employee,False
W109369,2018-04-27,2024-03-28,Voluntary,Regular Employee,False
W109370,2021-03-11,,,Regular Employee,False
W109371,2022-05-28,,,Regular Employee,False
W109372,2011-06-30,,,Regular Employee,False
W109373,2018-03-08,,,Regular Employee,False
W109374,2019-05-10,,,Regular Employee,False
W109375,2018-11-05,,,Regular Employee,False
W109376,2019-09-06,,,Regular Employee,False
W109377,2020-06-24,,,Regular Employee,False
W109378,2021-09-25,,,Regular Employee,False
W109379,2018-05-23,,,Regular Employee,False
W109380,2022-01-18,2026-06-23,Involuntary,Regular Employee,False
W109381,2022-02-14,2023-07-29,Voluntary,Regular Employee,False
W109382,2005-08-12,2023-04-05,Voluntary,Regular Employee,False
W109383,2017-08-13,2023-08-07,Voluntary,Regular Employee,False
W109384,2022-04-30,,,Regular Employee,False
W109385,2022-03-13,2023-08-20,Voluntary,Regular Employee,False
W109386,2021-04-12,2023-01-29,Involuntary,Regular Employee,False
W109387,2022-01-06,,,Regular Employee,False
W109388,2021-12-24,2022-08-10,Involuntary,Regular Employee,False
W109389,2017-03-05,2023-07-19,Voluntary,Regular Employee,False
W109390,2015-03-22,,,Regular Employee,False
W109391,2015-01-13,2026-03-19,Involuntary,Regular Employee,False
W109392,2002-06-30,2023-11-11,Voluntary,Regular Employee,False
W109393,2022-03-22,,,Regular Employee,False
W109394,2012-06-10,,,Regular Employee,False
W109395,2017-05-23,2023-05-10,Voluntary,Regular Employee,False
W109396,2018-01-29,2025-08-25,Voluntary,Regular Employee,False
W109397,2020-09-22,,,Regular Employee,False
W109398,2019-10-19,,,Regular Employee,False
W109399,2019-12-10,,,Regular Employee,False
W109400,2013-10-21,,,Regular Employee,False
W109401,2010-11-08,,,Regular Employee,False
W109402,2020-05-07,,,Regular Employee,False
W109403,2021-09-15,,,Regular Employee,False
W109404,2021-12-01,2023-07-06,Involuntary,Regular Employee,False
W109405,2021-12-14,2024-12-05,Voluntary,Regular Employee,False
W109406,2017-10-19,2023-02-01,Involuntary,Regular Employee,False
W109407,2022-01-18,,,Regular Employee,False
W109408,2021-08-18,,,Regular Employee,False
W109409,2019-03-02,,,Regular Employee,False
W109410,2021-07-31,,,Regular Employee,False
W109411,2019-05-28,,,Regular Employee,False
W109412,2021-05-21,2022-09-10,Involuntary,Regular Employee,False
W109413,2017-02-03,,,Regular Employee,False
W109414,2020-05-28,,,Regular Employee,False
W109415,2018-01-01,,,Regular Employee,False
W109416,2019-12-09,,,Regular Employee,False
W109417,2018-12-20,,,Regular Employee,False
W109418,2015-02-07,2023-05-17,Voluntary,Regular Employee,False
W109419,2018-01-08,2025-10-02,Voluntary,Regular Employee,False
W109420,2019-09-22,,,Regular Employee,False
W109421,2018-08-02,2025-09-23,Voluntary,Regular Employee,False
W109422,2021-12-03,,,Regular Employee,False
W109423,2020-05-29,,,Regular Employee,False
W109424,2015-05-13,2022-10-18,Voluntary,Regular Employee,False
W109425,2013-01-26,2023-07-24,Voluntary,Regular Employee,False
W109426,2022-02-23,2023-07-22,Voluntary,Regular Employee,False
W109427,2021-12-03,,,Regular Employee,False
W109428,2021-07-20,,,Regular Employee,False
W109429,2008-04-30,,,Regular Employee,False
W109430,2021-07-24,2024-03-24,Voluntary,Regular Employee,False
W109431,2018-06-06,2023-03-28,Voluntary,Regular Employee,False
W109432,2018-11-02,2025-10-18,Voluntary,Regular Employee,False
W109433,2019-03-27,2026-05-31,Involuntary,Regular Employee,False
W109434,2018-12-17,,,Regular Employee,False
W109435,2019-09-15,,,Regular Employee,False
W109436,2022-02-28,,,Regular Employee,False
W109437,2020-04-09,2022-09-30,Involuntary,Regular Employee,False
W109438,2019-05-04,,,Regular Employee,False
W109439,2019-08-19,,,Regular Employee,False
W109440,2018-02-14,,,Regular Employee,False
W109441,2019-03-13,,,Regular Employee,False
W109442,2013-06-25,,,Regular Employee,False
W109443,2015-08-25,,,Regular Employee,False
W109444,2015-01-01,,,Regular Employee,False
W109445,2017-12-07,,,Regular Employee,False
W109446,2019-04-18,,,Regular Employee,False
W109447,2021-09-10,,,Regular Employee,False
W109448,2016-11-12,,,Regular Employee,False
W109449,2016-06-28,,,Regular Employee,False
W109450,2017-07-22,,,Regular Employee,False
W109451,2021-07-16,,,Regular Employee,False
W109452,2017-12-18,,,Regular Employee,False
W109453,2019-06-17,2023-07-16,Involuntary,Regular Employee,False
W109454,2022-04-24,,,Regular Employee,False
W109455,2016-08-03,2023-07-19,Voluntary,Regular Employee,False
W109456,2020-04-13,,,Regular Employee,False
W109457,2012-01-02,,,Regular Employee,False
W109458,2019-07-28,,,Regular Employee,False
W109459,2009-07-01,2023-06-19,Voluntary,Regular Employee,False
W109460,2019-01-05,2023-03-24,Voluntary,Regular Employee,False
W109461,2006-11-12,,,Regular Employee,False
W109462,2020-06-20,,,Regular Employee,False
W109463,2018-09-10,,,Regular Employee,False
W109464,2021-06-27,,,Regular Employee,False
W109465,2020-07-24,,,Regular Employee,False
W109466,2004-09-08,,,Regular Employee,False
W109467,2011-09-18,,,Regular Employee,False
W109468,2008-01-28,,,Regular Employee,False
W109469,2021-04-05,,,Regular Employee,False
W109470,2016-05-27,,,Regular Employee,False
W109471,2018-05-09,,,Regular Employee,False
W109472,2020-03-05,2025-02-04,Voluntary,Regular Employee,False
W109473,2020-11-30,,,Regular Employee,False
W109474,2020-01-25,,,Regular Employee,False
W109475,2019-01-01,,,Regular Employee,False
W109476,2003-02-18,,,Regular Employee,False
W109477,2016-10-03,,,Regular Employee,False
W109478,2019-10-03,,,Regular Employee,False
W109479,2019-11-01,,,Regular Employee,False
W109480,2021-06-08,2024-09-16,Voluntary,Regular Employee,False
W109481,2017-01-21,,,Regular Employee,False
W109482,2019-09-16,,,Regular Employee,False
W109483,2021-08-01,,,Regular Employee,False
W109484,2020-07-07,,,Regular Employee,False
W109485,2019-03-19,,,Regular Employee,False
W109486,2020-09-15,2022-11-14,Voluntary,Regular Employee,False
W109487,2020-12-05,2026-06-21,Voluntary,Regular Employee,False
W109488,2018-10-25,,,Regular Employee,False
W109489,2011-06-11,,,Regular Employee,False
W109490,2015-03-08,,,Regular Employee,False
W109491,2021-12-10,2022-11-02,Voluntary,Regular Employee,False
W109492,2013-02-26,,,Regular Employee,False
W109493,2004-01-25,,,Regular Employee,False
W109494,2018-02-09,2024-12-26,Voluntary,Regular Employee,False
W109495,2022-02-17,,,Regular Employee,False
W109496,2015-02-16,,,Regular Employee,False
W109497,2019-02-03,,,Regular Employee,False
W109498,2019-10-21,,,Regular Employee,False
W109499,2022-04-16,,,Regular Employee,False
W109500,2012-06-21,,,Regular Employee,False
W109501,2018-01-02,2024-03-18,Voluntary,Regular Employee,False
W109502,2010-09-09,2025-10-04,Voluntary,Regular Employee,False
W109503,2022-05-10,2026-03-14,Voluntary,Regular Employee,False
W109504,2018-12-16,,,Regular Employee,False
W109505,2022-05-16,,,Regular Employee,False
W109506,2012-10-28,,,Regular Employee,False
W109507,2021-06-18,2023-09-07,Voluntary,Regular Employee,False
W109508,2019-01-04,2025-04-26,Voluntary,Regular Employee,False
W109509,2018-10-27,2026-02-21,Involuntary,Regular Employee,False
W109510,2022-04-19,,,Regular Employee,False
W109511,2008-03-31,2024-12-24,Voluntary,Regular Employee,False
W109512,2020-12-08,,,Regular Employee,False
W109513,2017-08-23,,,Regular Employee,False
W109514,2022-04-10,2026-06-12,Voluntary,Regular Employee,False
W109515,2017-04-03,,,Regular Employee,False
W109516,2021-08-14,2023-12-12,Voluntary,Regular Employee,False
W109517,2020-06-30,2026-02-03,Voluntary,Regular Employee,False
W109518,2017-10-20,2024-11-10,Involuntary,Regular Employee,False
W109519,2016-10-06,,,Regular Employee,False
W109520,2011-03-25,2023-03-18,Voluntary,Regular Employee,False
W109521,2016-11-20,,,Regular Employee,False
W109522,2014-09-22,,,Regular Employee,False
W109523,2022-05-07,,,Regular Employee,False
W109524,2017-05-27,,,Regular Employee,False
W109525,2018-02-12,2025-06-21,Voluntary,Regular Employee,False
W109526,2021-06-21,2022-09-04,Voluntary,Regular Employee,False
W109527,2016-09-02,,,Regular Employee,False
W109528,2018-08-28,2025-11-26,Involuntary,Regular Employee,False
W109529,2021-08-27,2023-05-25,Voluntary,Regular Employee,False
W109530,2012-11-18,2024-06-14,Voluntary,Regular Employee,False
W109531,2020-11-24,2023-01-19,Voluntary,Regular Employee,False
W109532,2017-01-28,,,Regular Employee,False
W109533,2022-03-18,,,Regular Employee,False
W109534,2020-01-21,2025-05-12,Voluntary,Regular Employee,False
W109535,2020-03-19,2025-05-03,Involuntary,Regular Employee,False
W109536,2021-09-24,2023-08-28,Voluntary,Regular Employee,False
W109537,2020-05-10,2024-01-02,Voluntary,Regular Employee,False
W109538,2015-07-22,2023-06-08,Involuntary,Regular Employee,False
W109539,2018-08-23,,,Regular Employee,False
W109540,2022-04-20,2023-04-11,Voluntary,Regular Employee,False
W109541,2019-11-18,,,Regular Employee,False
W109542,2021-07-21,,,Regular Employee,False
W109543,2014-08-21,,,Regular Employee,False
W109544,2021-03-19,,,Regular Employee,False
W109545,2022-06-12,,,Regular Employee,False
W109546,2020-08-10,2025-02-24,Voluntary,Regular Employee,False
W109547,2013-06-11,,,Regular Employee,False
W109548,2022-03-29,2023-11-24,Voluntary,Regular Employee,False
W109549,2017-08-30,,,Regular Employee,False
W109550,2021-06-17,,,Regular Employee,False
W109551,2021-10-15,2025-05-26,Voluntary,Regular Employee,False
W109552,2019-01-30,2024-02-15,Involuntary,Regular Employee,False
W109553,2022-01-01,2024-07-22,Voluntary,Regular Employee,False
W109554,2015-10-03,2024-02-15,Involuntary,Regular Employee,False
W109555,2018-06-13,,,Regular Employee,False
W109556,2012-06-10,,,Regular Employee,False
W109557,2022-05-07,2025-03-07,Voluntary,Regular Employee,False
W109558,2018-01-16,2025-12-14,Voluntary,Regular Employee,False
W109559,2014-07-19,,,Regular Employee,False
W109560,2021-08-09,2025-01-31,Voluntary,Regular Employee,False
W109561,2018-03-01,,,Regular Employee,False
W109562,2014-02-05,,,Regular Employee,False
W109563,2021-09-18,2024-03-02,Voluntary,Regular Employee,False
W109564,2022-01-19,2022-12-22,Involuntary,Regular Employee,False
W109565,2022-03-08,2025-06-29,Voluntary,Regular Employee,False
W109566,2020-10-30,2025-11-05,Involuntary,Regular Employee,False
W109567,2021-08-22,2025-08-22,Voluntary,Regular Employee,False
W109568,2020-10-21,2026-01-21,Voluntary,Regular Employee,False
W109569,2017-11-04,,,Regular Employee,False
W109570,2012-07-06,,,Regular Employee,False
W109571,2020-02-19,,,Regular Employee,False
W109572,2020-02-21,,,Regular Employee,False
W109573,2019-01-06,,,Regular Employee,False
W109574,2002-06-30,,,Regular Employee,False
W109575,2021-09-11,2025-11-16,Voluntary,Regular Employee,False
W109576,2019-08-02,2025-08-02,Voluntary,Regular Employee,False
W109577,2015-12-11,,,Regular Employee,False
W109578,2014-12-06,,,Regular Employee,False
W109579,2018-10-27,,,Regular Employee,False
W109580,2020-10-29,,,Regular Employee,False
W109581,2011-07-31,,,Regular Employee,False
W109582,2013-05-30,,,Regular Employee,False
W109583,2022-01-01,2023-09-27,Voluntary,Regular Employee,False
W109584,2020-06-14,2023-05-07,Voluntary,Regular Employee,False
W109585,2012-04-03,,,Regular Employee,False
W109586,2020-06-20,,,Regular Employee,False
W109587,2013-11-17,,,Regular Employee,False
W109588,2021-04-26,2023-03-31,Voluntary,Regular Employee,False
W109589,2020-12-06,2024-12-05,Voluntary,Regular Employee,False
W109590,2017-03-01,,,Regular Employee,False
W109591,2021-11-08,,,Regular Employee,False
W109592,2019-02-01,,,Regular Employee,False
W109593,2017-06-13,,,Regular Employee,False
W109594,2020-12-28,,,Regular Employee,False
W109595,2018-08-25,,,Regular Employee,False
W109596,2020-11-13,2022-08-12,Voluntary,Regular Employee,False
W109597,2021-07-23,,,Regular Employee,False
W109598,2021-06-14,,,Regular Employee,False
W109599,2020-07-28,,,Regular Employee,False
W109600,2018-06-04,,,Regular Employee,False
W109601,2019-10-20,,,Regular Employee,False
W109602,2020-01-03,,,Regular Employee,False
W109603,2016-03-30,2024-05-05,Voluntary,Regular Employee,False
W109604,2020-06-21,2022-09-09,Voluntary,Regular Employee,False
W109605,2018-11-18,,,Regular Employee,False
W109606,2020-07-21,2022-11-20,Involuntary,Regular Employee,False
W109607,2015-07-31,,,Regular Employee,False
W109608,2021-01-26,,,Regular Employee,False
W109609,2020-10-20,2024-09-07,Voluntary,Regular Employee,False
W109610,2021-08-22,2022-09-25,Voluntary,Regular Employee,False
W109611,2020-07-14,2023-02-04,Voluntary,Regular Employee,False
W109612,2013-01-07,,,Regular Employee,False
W109613,2015-09-24,,,Regular Employee,False
W109614,2020-03-06,,,Regular Employee,False
W109615,2015-04-18,2022-12-22,Voluntary,Regular Employee,False
W109616,2016-03-20,,,Regular Employee,False
W109617,2020-09-14,,,Regular Employee,False
W109618,2015-12-08,,,Regular Employee,False
W109619,2019-11-30,2023-09-04,Voluntary,Regular Employee,False
W109620,2020-10-26,2024-11-06,Voluntary,Regular Employee,False
W109621,2020-04-15,,,Regular Employee,False
W109622,2020-09-08,2023-05-21,Involuntary,Regular Employee,False
W109623,2020-08-12,,,Regular Employee,False
W109624,2020-01-11,,,Regular Employee,False
W109625,2019-01-27,,,Regular Employee,False
W109626,2022-06-12,,,Regular Employee,False
W109627,2019-06-01,,,Regular Employee,False
W109628,2016-11-05,,,Regular Employee,False
W109629,2021-06-13,,,Regular Employee,False
W109630,2015-05-09,2025-01-26,Involuntary,Regular Employee,False
W109631,2020-11-17,,,Regular Employee,False
W109632,2012-08-13,,,Regular Employee,False
W109633,2019-12-14,,,Regular Employee,False
W109634,2012-11-24,2023-11-15,Involuntary,Regular Employee,False
W109635,2020-10-27,,,Regular Employee,False
W109636,2010-07-13,,,Regular Employee,False
W109637,2022-03-30,,,Regular Employee,False
W109638,2022-02-23,,,Regular Employee,False
W109639,2021-03-03,,,Regular Employee,False
W109640,2020-03-15,2024-12-06,Involuntary,Regular Employee,False
W109641,2014-03-08,2024-08-08,Voluntary,Regular Employee,False
W109642,2009-11-29,,,Regular Employee,False
W109643,2021-07-29,2023-09-24,Voluntary,Regular Employee,False
W109644,2020-12-20,,,Regular Employee,False
W109645,2012-06-09,2023-03-18,Voluntary,Regular Employee,False
W109646,2019-02-06,,,Regular Employee,False
W109647,2014-05-11,,,Regular Employee,False
W109648,2015-03-07,,,Regular Employee,False
W109649,2018-12-03,,,Regular Employee,False
W109650,2021-11-15,,,Regular Employee,False
W109651,2021-03-01,,,Regular Employee,False
W109652,2022-01-21,,,Regular Employee,False
W109653,2020-06-24,,,Regular Employee,False
W109654,2022-05-21,2022-11-05,Voluntary,Regular Employee,False
W109655,2019-11-20,2023-02-03,Involuntary,Regular Employee,False
W109656,2021-02-11,,,Regular Employee,False
W109657,2002-06-30,2026-03-02,Voluntary,Regular Employee,False
W109658,2011-02-16,,,Regular Employee,False
W109659,2020-05-15,,,Regular Employee,False
W109660,2021-02-27,,,Regular Employee,False
W109661,2022-05-14,,,Regular Employee,False
W109662,2018-12-03,,,Regular Employee,False
W109663,2009-04-18,,,Regular Employee,False
W109664,2021-02-03,,,Regular Employee,False
W109665,2015-11-20,2022-11-27,Voluntary,Regular Employee,False
W109666,2011-03-22,,,Regular Employee,False
W109667,2021-09-26,,,Regular Employee,False
W109668,2020-12-09,,,Regular Employee,False
W109669,2012-06-22,,,Regular Employee,False
W109670,2020-10-25,,,Regular Employee,False
W109671,2020-08-05,2025-04-19,Voluntary,Regular Employee,False
W109672,2012-12-28,2025-06-01,Voluntary,Regular Employee,False
W109673,2014-07-07,,,Regular Employee,False
W109674,2021-08-10,,,Regular Employee,False
W109675,2016-09-17,2024-03-18,Involuntary,Regular Employee,False
W109676,2009-01-04,,,Regular Employee,False
W109677,2018-08-26,2024-02-28,Voluntary,Regular Employee,False
W109678,2005-07-24,2026-03-24,Involuntary,Regular Employee,False
W109679,2019-02-02,2024-08-08,Voluntary,Regular Employee,False
W109680,2007-07-22,,,Regular Employee,False
W109681,2019-02-21,,,Regular Employee,False
W109682,2019-07-30,2023-12-15,Voluntary,Regular Employee,False
W109683,2017-03-21,,,Regular Employee,False
W109684,2015-09-18,,,Regular Employee,False
W109685,2011-06-16,,,Regular Employee,False
W109686,2019-08-18,,,Regular Employee,False
W109687,2020-12-19,,,Regular Employee,False
W109688,2017-05-23,2026-04-29,Voluntary,Regular Employee,False
W109689,2021-12-20,,,Regular Employee,False
W109690,2019-12-28,,,Regular Employee,False
W109691,2020-06-16,,,Regular Employee,False
W109692,2013-01-20,2025-02-16,Voluntary,Regular Employee,False
W109693,2021-01-14,,,Regular Employee,False
W109694,2016-02-07,,,Regular Employee,False
W109695,2022-02-28,,,Regular Employee,False
W109696,2014-09-10,,,Regular Employee,False
W109697,2012-09-22,,,Regular Employee,False
W109698,2015-12-01,2024-06-14,Voluntary,Regular Employee,False
W109699,2017-03-08,2022-09-06,Involuntary,Regular Employee,False
W109700,2011-03-01,,,Regular Employee,False
W109701,2015-04-19,,,Regular Employee,False
W109702,2017-11-05,2023-04-07,Voluntary,Regular Employee,False
W109703,2021-10-06,,,Regular Employee,False
W109704,2021-11-13,,,Regular Employee,False
W109705,2011-07-14,,,Regular Employee,False
W109706,2008-11-26,,,Regular Employee,False
W109707,2021-04-21,2024-02-22,Involuntary,Regular Employee,False
W109708,2021-06-27,2024-02-15,Involuntary,Regular Employee,False
W109709,2012-08-23,,,Regular Employee,False
W109710,2020-12-27,2023-10-05,Voluntary,Regular Employee,False
W109711,2003-10-28,,,Regular Employee,False
W109712,2020-11-27,,,Regular Employee,False
W109713,2015-08-31,2026-04-20,Voluntary,Regular Employee,False
W109714,2017-07-17,,,Regular Employee,False
W109715,2017-07-31,2023-01-07,Voluntary,Regular Employee,False
W109716,2014-03-19,2024-11-11,Voluntary,Regular Employee,False
W109717,2021-01-21,,,Regular Employee,False
W109718,2019-12-22,,,Regular Employee,False
W109719,2021-05-05,,,Regular Employee,False
W109720,2017-07-27,,,Regular Employee,False
W109721,2017-09-29,2022-11-10,Voluntary,Regular Employee,False
W109722,2014-06-02,,,Regular Employee,False
W109723,2019-03-08,2025-12-28,Voluntary,Regular Employee,False
W109724,2019-12-14,,,Regular Employee,False
W109725,2020-07-25,,,Regular Employee,False
W109726,2016-06-24,,,Regular Employee,False
W109727,2019-12-16,,,Regular Employee,False
W109728,2021-07-02,,,Regular Employee,False
W109729,2021-10-27,2025-04-01,Voluntary,Regular Employee,False
W109730,2022-06-12,2023-04-24,Voluntary,Regular Employee,False
W109731,2020-10-31,,,Regular Employee,False
W109732,2015-01-14,,,Regular Employee,False
W109733,2002-06-30,2023-07-17,Involuntary,Regular Employee,False
W109734,2017-08-20,2024-02-15,Involuntary,Regular Employee,False
W109735,2006-06-21,,,Regular Employee,False
W109736,2019-05-20,,,Regular Employee,False
W109737,2020-12-28,2023-05-22,Voluntary,Regular Employee,False
W109738,2020-01-20,,,Regular Employee,False
W109739,2016-05-14,,,Regular Employee,False
W109740,2022-04-14,,,Regular Employee,False
W109741,2011-11-07,2025-11-28,Involuntary,Regular Employee,False
W109742,2018-08-27,,,Regular Employee,False
W109743,2021-08-06,,,Regular Employee,False
W109744,2020-12-16,,,Regular Employee,False
W109745,2021-06-08,,,Regular Employee,False
W109746,2016-01-11,2024-11-28,Voluntary,Regular Employee,False
W109747,2018-11-25,,,Regular Employee,False
W109748,2018-12-19,,,Regular Employee,False
W109749,2016-10-26,,,Regular Employee,False
W109750,2022-05-31,2023-04-06,Involuntary,Regular Employee,False
W109751,2019-04-14,2024-06-10,Voluntary,Regular Employee,False
W109752,2018-12-27,,,Regular Employee,False
W109753,2022-02-09,2024-05-30,Voluntary,Regular Employee,False
W109754,2016-03-08,,,Regular Employee,False
W109755,2014-11-16,2022-07-18,Voluntary,Regular Employee,False
W109756,2014-05-01,,,Regular Employee,False
W109757,2022-05-17,2022-10-22,Voluntary,Regular Employee,False
W109758,2020-08-11,2024-11-02,Voluntary,Regular Employee,False
W109759,2002-06-30,,,Regular Employee,False
W109760,2014-03-23,,,Regular Employee,False
W109761,2020-09-08,2023-01-30,Voluntary,Regular Employee,False
W109762,2019-01-13,,,Regular Employee,False
W109763,2015-07-07,2024-02-15,Involuntary,Regular Employee,False
W109764,2022-06-12,,,Regular Employee,False
W109765,2010-09-12,2023-09-13,Voluntary,Regular Employee,False
W109766,2016-01-24,,,Regular Employee,False
W109767,2019-03-19,2022-09-10,Involuntary,Regular Employee,False
W109768,2019-03-09,,,Regular Employee,False
W109769,2020-03-07,2025-03-07,Voluntary,Regular Employee,False
W109770,2019-06-02,,,Regular Employee,False
W109771,2018-07-09,,,Regular Employee,False
W109772,2019-05-13,,,Regular Employee,False
W109773,2021-06-02,2024-02-15,Involuntary,Regular Employee,False
W109774,2021-04-08,2024-11-24,Voluntary,Regular Employee,False
W109775,2020-12-10,,,Regular Employee,False
W109776,2019-08-11,,,Regular Employee,False
W109777,2020-03-21,2025-05-28,Voluntary,Regular Employee,False
W109778,2018-10-09,,,Regular Employee,False
W109779,2020-11-16,,,Regular Employee,False
W109780,2018-02-28,,,Regular Employee,False
W109781,2018-07-06,2023-06-28,Voluntary,Regular Employee,False
W109782,2008-09-20,,,Regular Employee,False
W109783,2002-06-30,,,Regular Employee,False
W109784,2020-08-25,,,Regular Employee,False
W109785,2019-09-05,2025-01-05,Voluntary,Regular Employee,False
W109786,2017-02-26,,,Regular Employee,False
W109787,2021-06-21,2022-10-27,Involuntary,Regular Employee,False
W109788,2014-10-10,,,Regular Employee,False
W109789,2020-02-17,,,Regular Employee,False
W109790,2012-12-20,,,Regular Employee,False
W109791,2020-02-12,2025-11-05,Voluntary,Regular Employee,False
W109792,2020-11-28,,,Regular Employee,False
W109793,2019-04-19,,,Regular Employee,False
W109794,2017-11-14,,,Regular Employee,False
W109795,2021-11-09,,,Regular Employee,False
W109796,2013-04-16,,,Regular Employee,False
W109797,2010-12-12,,,Regular Employee,False
W109798,2019-04-03,2022-07-23,Voluntary,Regular Employee,False
W109799,2020-11-07,2024-02-17,Involuntary,Regular Employee,False
W109800,2021-08-25,2023-03-20,Voluntary,Regular Employee,False
W109801,2020-01-13,,,Regular Employee,False
W109802,2008-10-22,,,Regular Employee,False
W109803,2013-03-26,2023-10-23,Voluntary,Regular Employee,False
W109804,2017-03-25,2025-10-27,Voluntary,Regular Employee,False
W109805,2017-03-08,2024-04-26,Voluntary,Regular Employee,False
W109806,2016-07-14,,,Regular Employee,False
W109807,2015-09-29,,,Regular Employee,False
W109808,2018-07-15,,,Regular Employee,False
W109809,2007-08-31,,,Regular Employee,False
W109810,2006-04-23,,,Regular Employee,False
W109811,2021-06-15,,,Regular Employee,False
W109812,2021-11-20,,,Regular Employee,False
W109813,2002-06-30,2024-01-25,Voluntary,Regular Employee,False
W109814,2019-05-28,,,Regular Employee,False
W109815,2016-02-09,,,Regular Employee,False
W109816,2019-04-03,2023-09-28,Voluntary,Regular Employee,False
W109817,2020-06-08,,,Regular Employee,False
W109818,2013-04-01,2024-02-15,Involuntary,Regular Employee,False
W109819,2020-01-27,,,Regular Employee,False
W109820,2019-06-12,2023-12-14,Voluntary,Regular Employee,False
W109821,2020-08-07,,,Regular Employee,False
W109822,2013-12-24,,,Regular Employee,False
W109823,2021-04-26,2024-02-15,Involuntary,Regular Employee,False
W109824,2021-08-15,,,Regular Employee,False
W109825,2021-11-24,,,Regular Employee,False
W109826,2002-06-30,2022-12-24,Voluntary,Regular Employee,False
W109827,2019-12-20,2024-05-10,Voluntary,Regular Employee,False
W109828,2020-03-06,2023-05-24,Involuntary,Regular Employee,False
W109829,2018-08-27,,,Regular Employee,False
W109830,2022-04-13,,,Regular Employee,False
W109831,2021-07-11,,,Regular Employee,False
W109832,2017-09-24,2022-12-03,Voluntary,Regular Employee,False
W109833,2022-06-12,,,Regular Employee,False
W109834,2021-02-28,,,Regular Employee,False
W109835,2021-05-09,2023-01-31,Involuntary,Regular Employee,False
W109836,2015-03-27,,,Regular Employee,False
W109837,2020-11-14,,,Regular Employee,False
W109838,2004-07-28,,,Regular Employee,False
W109839,2019-07-29,,,Regular Employee,False
W109840,2019-11-06,,,Regular Employee,False
W109841,2021-09-28,,,Regular Employee,False
W109842,2020-09-26,2023-04-23,Voluntary,Regular Employee,False
W109843,2022-05-19,2023-03-21,Voluntary,Regular Employee,False
W109844,2018-05-05,2023-04-10,Voluntary,Regular Employee,False
W109845,2019-05-03,2022-07-12,Voluntary,Regular Employee,False
W109846,2016-12-16,,,Regular Employee,False
W109847,2020-01-20,,,Regular Employee,False
W109848,2018-07-17,2024-01-20,Voluntary,Regular Employee,False
W109849,2018-03-27,,,Regular Employee,False
W109850,2018-12-17,2025-07-18,Voluntary,Regular Employee,False
W109851,2014-12-12,2024-05-14,Voluntary,Regular Employee,False
W109852,2016-04-11,2023-02-10,Voluntary,Regular Employee,False
W109853,2019-05-08,2023-06-09,Involuntary,Regular Employee,False
W109854,2020-03-12,,,Regular Employee,False
W109855,2017-05-11,,,Regular Employee,False
W109856,2012-07-11,,,Regular Employee,False
W109857,2018-07-24,,,Regular Employee,False
W109858,2021-07-28,2022-07-06,Voluntary,Regular Employee,False
W109859,2014-12-17,,,Regular Employee,False
W109860,2017-12-16,,,Regular Employee,False
W109861,2018-07-08,2026-05-01,Voluntary,Regular Employee,False
W109862,2021-04-30,,,Regular Employee,False
W109863,2020-12-02,,,Regular Employee,False
W109864,2020-04-14,2026-01-15,Voluntary,Regular Employee,False
W109865,2021-02-17,2025-10-08,Voluntary,Regular Employee,False
W109866,2018-08-28,,,Regular Employee,False
W109867,2022-02-09,2023-11-29,Voluntary,Regular Employee,False
W109868,2012-05-04,,,Regular Employee,False
W109869,2020-10-23,2023-09-18,Voluntary,Regular Employee,False
W109870,2013-09-16,,,Regular Employee,False
W109871,2017-12-19,2023-02-24,Voluntary,Regular Employee,False
W109872,2022-01-03,2026-01-13,Voluntary,Regular Employee,False
W109873,2020-08-16,2022-10-09,Voluntary,Regular Employee,False
W109874,2020-07-02,2026-03-30,Voluntary,Regular Employee,False
W109875,2021-11-06,,,Regular Employee,False
W109876,2016-06-06,,,Regular Employee,False
W109877,2017-10-03,2025-10-11,Voluntary,Regular Employee,False
W109878,2019-09-18,2024-10-16,Involuntary,Regular Employee,False
W109879,2021-02-09,2026-02-14,Voluntary,Regular Employee,False
W109880,2020-12-01,2023-01-12,Involuntary,Regular Employee,False
W109881,2020-10-23,2024-06-23,Voluntary,Regular Employee,False
W109882,2019-05-01,,,Regular Employee,False
W109883,2018-07-22,2024-12-23,Voluntary,Regular Employee,False
W109884,2022-06-12,2024-03-25,Involuntary,Regular Employee,False
W109885,2021-04-25,,,Regular Employee,False
W109886,2018-10-03,,,Regular Employee,False
W109887,2018-05-31,,,Regular Employee,False
W109888,2016-03-19,,,Regular Employee,False
W109889,2018-04-29,,,Regular Employee,False
W109890,2019-05-10,,,Regular Employee,False
W109891,2019-03-12,,,Regular Employee,False
W109892,2017-08-14,,,Regular Employee,False
W109893,2021-01-30,,,Regular Employee,False
W109894,2021-08-22,,,Regular Employee,False
W109895,2017-03-18,,,Regular Employee,False
W109896,2014-03-15,2024-03-24,Voluntary,Regular Employee,False
W109897,2020-01-08,2025-12-26,Voluntary,Regular Employee,False
W109898,2021-12-30,2025-04-21,Voluntary,Regular Employee,False
W109899,2014-12-25,,,Regular Employee,False
W109900,2019-02-01,2025-08-09,Voluntary,Regular Employee,False
W109901,2011-08-18,,,Regular Employee,False
W109902,2022-01-11,2023-09-22,Voluntary,Regular Employee,False
W109903,2006-12-31,,,Regular Employee,False
W109904,2021-09-07,,,Regular Employee,False
W109905,2017-10-30,,,Regular Employee,False
W109906,2022-06-12,,,Regular Employee,False
W109907,2021-10-18,,,Regular Employee,False
W109908,2020-12-17,2024-04-17,Voluntary,Regular Employee,False
W109909,2004-11-03,2024-02-15,Involuntary,Regular Employee,False
W109910,2021-09-10,2023-10-24,Involuntary,Regular Employee,False
W109911,2021-06-30,2023-09-07,Voluntary,Regular Employee,False
W109912,2022-05-04,,,Regular Employee,False
W109913,2010-02-12,,,Regular Employee,False
W109914,2005-03-24,,,Regular Employee,False
W109915,2019-11-15,2026-06-11,Voluntary,Regular Employee,False
W109916,2018-07-22,,,Regular Employee,False
W109917,2014-02-01,,,Regular Employee,False
W109918,2021-09-03,2026-02-07,Involuntary,Regular Employee,False
W109919,2017-06-23,2023-06-05,Voluntary,Regular Employee,False
W109920,2020-07-07,2024-03-20,Involuntary,Regular Employee,False
W109921,2015-05-09,,,Regular Employee,False
W109922,2019-05-18,,,Regular Employee,False
W109923,2019-03-19,,,Regular Employee,False
W109924,2017-03-03,2023-06-01,Voluntary,Regular Employee,False
W109925,2020-11-29,,,Regular Employee,False
W109926,2020-01-14,,,Regular Employee,False
W109927,2013-11-21,,,Regular Employee,False
W109928,2019-10-24,,,Regular Employee,False
W109929,2021-08-08,,,Regular Employee,False
W109930,2012-12-30,,,Regular Employee,False
W109931,2021-10-16,,,Regular Employee,False
W109932,2020-11-29,2023-03-28,Voluntary,Regular Employee,False
W109933,2006-02-23,,,Regular Employee,False
W109934,2019-06-13,,,Regular Employee,False
W109935,2020-07-25,2025-08-26,Voluntary,Regular Employee,False
W109936,2017-09-14,,,Regular Employee,False
W109937,2004-11-21,,,Regular Employee,False
W109938,2021-04-02,,,Regular Employee,False
W109939,2007-09-18,,,Regular Employee,False
W109940,2022-03-11,2023-07-01,Voluntary,Regular Employee,False
W109941,2020-02-27,,,Regular Employee,False
W109942,2017-07-05,2025-09-25,Voluntary,Regular Employee,False
W109943,2019-06-24,,,Regular Employee,False
W109944,2021-04-21,,,Regular Employee,False
W109945,2013-10-16,,,Regular Employee,False
W109946,2022-06-12,2022-10-10,Voluntary,Regular Employee,False
W109947,2004-12-26,2026-06-15,Voluntary,Regular Employee,False
W109948,2020-06-02,,,Regular Employee,False
W109949,2019-05-06,2025-08-28,Voluntary,Regular Employee,False
W109950,2021-02-17,2023-09-27,Voluntary,Regular Employee,False
W109951,2020-06-20,2024-03-29,Voluntary,Regular Employee,False
W109952,2019-06-21,2025-07-01,Voluntary,Regular Employee,False
W109953,2021-03-09,,,Regular Employee,False
W109954,2021-08-17,2023-10-10,Voluntary,Regular Employee,False
W109955,2021-03-07,,,Regular Employee,False
W109956,2014-05-05,2024-08-22,Involuntary,Regular Employee,False
W109957,2021-05-04,2024-05-11,Voluntary,Regular Employee,False
W109958,2021-01-17,,,Regular Employee,False
W109959,2017-12-17,,,Regular Employee,False
W109960,2021-08-02,,,Regular Employee,False
W109961,2016-09-28,,,Regular Employee,False
W109962,2015-08-25,,,Regular Employee,False
W109963,2009-06-29,,,Regular Employee,False
W109964,2014-10-06,2024-02-15,Involuntary,Regular Employee,False
W109965,2021-04-08,,,Regular Employee,False
W109966,2020-11-21,,,Regular Employee,False
W109967,2019-07-22,,,Regular Employee,False
W109968,2016-07-31,2025-09-15,Voluntary,Regular Employee,False
W109969,2019-06-02,,,Regular Employee,False
W109970,2022-03-19,2024-10-19,Involuntary,Regular Employee,False
W109971,2019-07-14,2025-10-16,Voluntary,Regular Employee,False
W109972,2019-09-11,,,Regular Employee,False
W109973,2022-01-25,,,Regular Employee,False
W109974,2020-07-31,,,Regular Employee,False
W109975,2022-05-16,2022-09-26,Voluntary,Regular Employee,False
W109976,2022-04-05,2023-06-02,Voluntary,Regular Employee,False
W109977,2021-10-03,,,Regular Employee,False
W109978,2014-02-04,,,Regular Employee,False
W109979,2012-10-17,2023-04-26,Voluntary,Regular Employee,False
W109980,2012-08-16,,,Regular Employee,False
W109981,2008-06-28,2023-08-12,Voluntary,Regular Employee,False
W109982,2019-06-11,2022-10-12,Involuntary,Regular Employee,False
W109983,2015-08-20,,,Regular Employee,False
W109984,2018-11-06,,,Regular Employee,False
W109985,2021-05-20,,,Regular Employee,False
W109986,2018-11-27,,,Regular Employee,False
W109987,2014-07-11,,,Regular Employee,False
W109988,2013-07-09,2022-10-24,Voluntary,Regular Employee,False
W109989,2022-01-25,,,Regular Employee,False
W109990,2019-04-03,,,Regular Employee,False
W109991,2022-06-12,,,Regular Employee,False
W109992,2020-12-30,,,Regular Employee,False
W109993,2017-05-27,,,Regular Employee,False
W109994,2022-04-16,,,Regular Employee,False
W109995,2021-12-10,2024-05-14,Involuntary,Regular Employee,False
W109996,2018-05-18,,,Regular Employee,False
W109997,2017-02-12,2022-08-02,Involuntary,Regular Employee,False
W109998,2005-12-02,,,Regular Employee,False
W109999,2019-10-02,2026-02-05,Voluntary,Regular Employee,False
W110000,2016-08-21,2023-03-18,Voluntary,Regular Employee,False
W110001,2019-05-11,2022-07-21,Voluntary,Regular Employee,False
W110002,2015-11-14,,,Regular Employee,False
W110003,2020-04-25,,,Regular Employee,False
W110004,2013-12-26,,,Regular Employee,False
W110005,2014-03-13,,,Regular Employee,False
W110006,2017-10-28,2023-06-12,Voluntary,Regular Employee,False
W110007,2020-06-03,,,Regular Employee,False
W110008,2020-03-31,,,Regular Employee,False
W110009,2020-12-03,,,Regular Employee,False
W110010,2016-01-13,2023-11-24,Voluntary,Regular Employee,False
W110011,2014-08-23,,,Regular Employee,False
W110012,2018-10-28,2023-09-23,Voluntary,Regular Employee,False
W110013,2019-04-17,,,Regular Employee,False
W110014,2021-03-21,,,Regular Employee,False
W110015,2019-02-16,2023-10-31,Voluntary,Regular Employee,False
W110016,2021-07-22,,,Regular Employee,False
W110017,2018-08-30,,,Regular Employee,False
W110018,2021-02-03,,,Regular Employee,False
W110019,2021-09-09,2024-11-27,Voluntary,Regular Employee,False
W110020,2016-06-19,,,Regular Employee,False
W110021,2016-04-12,,,Regular Employee,False
W110022,2021-10-25,2025-05-14,Voluntary,Regular Employee,False
W110023,2017-05-21,,,Regular Employee,False
W110024,2021-11-04,,,Regular Employee,False
W110025,2021-07-12,,,Regular Employee,False
W110026,2009-07-24,,,Regular Employee,False
W110027,2021-03-19,,,Regular Employee,False
W110028,2018-01-17,,,Regular Employee,False
W110029,2014-05-16,,,Regular Employee,False
W110030,2019-11-14,2024-02-15,Involuntary,Regular Employee,False
W110031,2022-04-17,,,Regular Employee,False
W110032,2014-06-09,,,Regular Employee,False
W110033,2020-01-27,2024-08-31,Voluntary,Regular Employee,False
W110034,2020-05-25,,,Regular Employee,False
W110035,2017-01-27,2025-03-29,Voluntary,Regular Employee,False
W110036,2018-09-27,2024-08-31,Voluntary,Regular Employee,False
W110037,2022-06-12,,,Regular Employee,False
W110038,2020-08-27,2025-03-26,Voluntary,Regular Employee,False
W110039,2017-09-30,,,Regular Employee,False
W110040,2022-05-19,2022-09-17,Voluntary,Regular Employee,False
W110041,2013-04-13,,,Regular Employee,False
W110042,2020-03-05,,,Regular Employee,False
W110043,2021-02-24,,,Regular Employee,False
W110044,2014-04-02,,,Regular Employee,False
W110045,2015-12-01,2023-06-22,Voluntary,Regular Employee,False
W110046,2006-04-07,,,Regular Employee,False
W110047,2019-06-17,,,Regular Employee,False
W110048,2021-04-10,2025-03-28,Voluntary,Regular Employee,False
W110049,2022-04-23,2026-04-22,Voluntary,Regular Employee,False
W110050,2016-12-31,2024-02-15,Involuntary,Regular Employee,False
W110051,2003-08-15,,,Regular Employee,False
W110052,2021-07-22,2024-08-24,Voluntary,Regular Employee,False
W110053,2020-01-24,2023-06-04,Involuntary,Regular Employee,False
W110054,2016-07-19,,,Regular Employee,False
W110055,2015-09-15,2026-04-23,Voluntary,Regular Employee,False
W110056,2017-03-25,2022-12-18,Voluntary,Regular Employee,False
W110057,2017-01-02,,,Regular Employee,False
W110058,2021-07-15,,,Regular Employee,False
W110059,2016-04-03,,,Regular Employee,False
W110060,2018-06-17,2024-09-21,Involuntary,Regular Employee,False
W110061,2017-07-09,,,Regular Employee,False
W110062,2017-07-09,,,Regular Employee,False
W110063,2015-05-09,2026-05-18,Voluntary,Regular Employee,False
W110064,2017-05-04,2023-01-29,Voluntary,Regular Employee,False
W110065,2021-02-17,,,Regular Employee,False
W110066,2002-06-30,,,Regular Employee,False
W110067,2022-04-24,,,Regular Employee,False
W110068,2020-01-01,,,Regular Employee,False
W110069,2021-01-06,2022-07-01,Voluntary,Regular Employee,False
W110070,2015-02-02,,,Regular Employee,False
W110071,2020-10-24,,,Regular Employee,False
W110072,2021-07-08,2025-08-28,Voluntary,Regular Employee,False
W110073,2016-08-11,,,Regular Employee,False
W110074,2022-03-11,,,Regular Employee,False
W110075,2019-05-31,2024-02-15,Involuntary,Regular Employee,False
W110076,2021-02-28,,,Regular Employee,False
W110077,2021-12-17,,,Regular Employee,False
W110078,2017-04-03,,,Regular Employee,False
W110079,2007-10-30,,,Regular Employee,False
W110080,2017-10-31,,,Regular Employee,False
W110081,2013-10-25,2022-08-12,Voluntary,Regular Employee,False
W110082,2019-11-30,,,Regular Employee,False
W110083,2019-11-24,,,Regular Employee,False
W110084,2013-04-30,2023-12-24,Voluntary,Regular Employee,False
W110085,2015-04-12,,,Regular Employee,False
W110086,2019-09-24,,,Regular Employee,False
W110087,2021-12-15,,,Regular Employee,False
W110088,2016-06-16,,,Regular Employee,False
W110089,2020-09-02,,,Regular Employee,False
W110090,2022-01-19,2024-01-03,Involuntary,Regular Employee,False
W110091,2013-09-10,2026-02-15,Voluntary,Regular Employee,False
W110092,2017-03-01,,,Regular Employee,False
W110093,2019-09-10,,,Regular Employee,False
W110094,2019-10-24,,,Regular Employee,False
W110095,2021-09-26,2023-08-30,Voluntary,Regular Employee,False
W110096,2013-07-13,,,Regular Employee,False
W110097,2016-06-25,,,Regular Employee,False
W110098,2006-10-04,,,Regular Employee,False
W110099,2019-07-17,2024-12-01,Voluntary,Regular Employee,False
W110100,2017-10-30,2026-03-22,Voluntary,Regular Employee,False
W110101,2020-09-27,,,Regular Employee,False
W110102,2013-12-24,,,Regular Employee,False
W110103,2017-06-16,,,Regular Employee,False
W110104,2020-01-26,,,Regular Employee,False
W110105,2016-06-21,,,Regular Employee,False
W110106,2020-04-11,,,Regular Employee,False
W110107,2020-02-16,2023-09-07,Voluntary,Regular Employee,False
W110108,2017-12-09,,,Regular Employee,False
W110109,2021-10-07,,,Regular Employee,False
W110110,2016-01-20,2024-04-21,Involuntary,Regular Employee,False
W110111,2019-06-15,2026-03-17,Voluntary,Regular Employee,False
W110112,2012-11-18,2024-09-04,Voluntary,Regular Employee,False
W110113,2019-10-30,,,Regular Employee,False
W110114,2021-11-12,,,Regular Employee,False
W110115,2020-04-20,,,Regular Employee,False
W110116,2021-12-25,2024-07-18,Voluntary,Regular Employee,False
W110117,2020-11-28,,,Regular Employee,False
W110118,2022-04-08,2022-09-01,Involuntary,Regular Employee,False
W110119,2022-04-12,,,Regular Employee,False
W110120,2022-04-27,,,Regular Employee,False
W110121,2018-09-29,,,Regular Employee,False
W110122,2022-02-07,2026-06-26,Voluntary,Regular Employee,False
W110123,2015-08-28,,,Regular Employee,False
W110124,2020-01-04,,,Regular Employee,False
W110125,2019-08-31,,,Regular Employee,False
W110126,2020-12-30,,,Regular Employee,False
W110127,2019-04-07,2024-02-15,Involuntary,Regular Employee,False
W110128,2012-08-18,2024-01-04,Voluntary,Regular Employee,False
W110129,2022-03-23,,,Regular Employee,False
W110130,2021-10-26,,,Regular Employee,False
W110131,2021-02-18,2022-12-03,Voluntary,Regular Employee,False
W110132,2021-12-23,2025-01-07,Voluntary,Regular Employee,False
W110133,2018-07-12,,,Regular Employee,False
W110134,2022-04-15,,,Regular Employee,False
W110135,2020-09-07,,,Regular Employee,False
W110136,2017-09-24,,,Regular Employee,False
W110137,2021-03-20,2022-09-27,Involuntary,Regular Employee,False
W110138,2017-07-02,2026-01-15,Voluntary,Regular Employee,False
W110139,2014-10-30,,,Regular Employee,False
W110140,2020-06-21,,,Regular Employee,False
W110141,2017-10-21,2023-12-15,Voluntary,Regular Employee,False
W110142,2021-08-16,,,Regular Employee,False
W110143,2018-06-30,,,Regular Employee,False
W110144,2020-09-12,2024-11-02,Involuntary,Regular Employee,False
W110145,2012-04-15,2026-02-24,Voluntary,Regular Employee,False
W110146,2020-12-05,,,Regular Employee,False
W110147,2020-05-25,,,Regular Employee,False
W110148,2015-12-31,,,Regular Employee,False
W110149,2019-08-06,,,Regular Employee,False
W110150,2013-03-02,2024-12-07,Voluntary,Regular Employee,False
W110151,2012-04-17,,,Regular Employee,False
W110152,2013-11-28,,,Regular Employee,False
W110153,2016-08-22,,,Regular Employee,False
W110154,2018-06-07,2025-07-19,Voluntary,Regular Employee,False
W110155,2002-06-30,,,Regular Employee,False
W110156,2012-04-28,,,Regular Employee,False
W110157,2011-12-03,,,Regular Employee,False
W110158,2002-06-30,2023-09-10,Voluntary,Regular Employee,False
W110159,2017-08-18,,,Regular Employee,False
W110160,2017-09-29,,,Regular Employee,False
W110161,2021-12-27,,,Regular Employee,False
W110162,2021-07-12,2024-08-18,Voluntary,Regular Employee,False
W110163,2019-09-07,,,Regular Employee,False
W110164,2021-02-21,,,Regular Employee,False
W110165,2018-07-04,,,Regular Employee,False
W110166,2005-06-22,,,Regular Employee,False
W110167,2021-09-26,,,Regular Employee,False
W110168,2021-08-05,,,Regular Employee,False
W110169,2015-12-15,,,Regular Employee,False
W110170,2020-05-16,2023-05-14,Voluntary,Regular Employee,False
W110171,2021-01-24,,,Regular Employee,False
W110172,2017-09-16,,,Regular Employee,False
W110173,2012-05-19,2024-02-15,Involuntary,Regular Employee,False
W110174,2004-04-16,,,Regular Employee,False
W110175,2021-05-15,,,Regular Employee,False
W110176,2022-02-10,,,Regular Employee,False
W110177,2018-08-12,,,Regular Employee,False
W110178,2021-05-01,,,Regular Employee,False
W110179,2013-05-26,,,Regular Employee,False
W110180,2022-04-08,,,Regular Employee,False
W110181,2021-04-07,2022-11-03,Voluntary,Regular Employee,False
W110182,2021-04-19,,,Regular Employee,False
W110183,2017-02-15,2022-08-21,Involuntary,Regular Employee,False
W110184,2021-11-13,,,Regular Employee,False
W110185,2019-12-23,2024-07-18,Voluntary,Regular Employee,False
W110186,2008-06-08,2025-04-09,Voluntary,Regular Employee,False
W110187,2021-10-31,,,Regular Employee,False
W110188,2012-12-31,2023-10-20,Voluntary,Regular Employee,False
W110189,2016-12-29,,,Regular Employee,False
W110190,2013-03-23,,,Regular Employee,False
W110191,2021-10-09,,,Regular Employee,False
W110192,2018-09-23,,,Regular Employee,False
W110193,2016-10-20,2024-09-28,Voluntary,Regular Employee,False
W110194,2016-04-25,,,Regular Employee,False
W110195,2020-12-08,,,Regular Employee,False
W110196,2019-03-25,,,Regular Employee,False
W110197,2020-02-04,2022-07-25,Voluntary,Regular Employee,False
W110198,2021-06-23,,,Regular Employee,False
W110199,2013-10-17,,,Regular Employee,False
W110200,2022-02-05,,,Regular Employee,False
W110201,2015-07-09,,,Regular Employee,False
W110202,2019-07-29,,,Regular Employee,False
W110203,2020-08-21,2022-07-15,Voluntary,Regular Employee,False
W110204,2016-03-25,,,Regular Employee,False
W110205,2016-08-21,2023-04-18,Voluntary,Regular Employee,False
W110206,2018-06-04,,,Regular Employee,False
W110207,2022-03-23,2023-08-29,Involuntary,Regular Employee,False
W110208,2018-02-04,,,Regular Employee,False
W110209,2017-04-05,,,Regular Employee,False
W110210,2020-08-18,,,Regular Employee,False
W110211,2015-12-30,2024-11-28,Involuntary,Regular Employee,False
W110212,2014-06-22,,,Regular Employee,False
W110213,2021-04-03,2024-07-17,Voluntary,Regular Employee,False
W110214,2022-04-08,,,Regular Employee,False
W110215,2021-08-16,2022-08-18,Involuntary,Regular Employee,False
W110216,2020-08-29,,,Regular Employee,False
W110217,2019-04-24,,,Regular Employee,False
W110218,2013-06-06,,,Regular Employee,False
W110219,2017-07-14,,,Regular Employee,False
W110220,2014-08-09,2025-04-01,Voluntary,Regular Employee,False
W110221,2020-11-28,2023-03-24,Voluntary,Regular Employee,False
W110222,2021-04-09,2026-04-14,Voluntary,Regular Employee,False
W110223,2014-04-30,2023-10-30,Voluntary,Regular Employee,False
W110224,2021-01-03,,,Regular Employee,False
W110225,2015-10-22,,,Regular Employee,False
W110226,2018-10-04,,,Regular Employee,False
W110227,2014-08-09,,,Regular Employee,False
W110228,2022-03-15,,,Regular Employee,False
W110229,2021-12-21,2022-10-25,Voluntary,Regular Employee,False
W110230,2017-01-14,,,Regular Employee,False
W110231,2020-04-19,,,Regular Employee,False
W110232,2022-05-19,2024-02-20,Involuntary,Regular Employee,False
W110233,2021-12-09,,,Regular Employee,False
W110234,2021-12-24,,,Regular Employee,False
W110235,2002-06-30,2022-12-13,Voluntary,Regular Employee,False
W110236,2018-09-01,2023-02-21,Voluntary,Regular Employee,False
W110237,2015-12-31,,,Regular Employee,False
W110238,2022-06-12,,,Regular Employee,False
W110239,2016-06-10,2022-11-26,Voluntary,Regular Employee,False
W110240,2019-03-09,,,Regular Employee,False
W110241,2015-11-01,,,Regular Employee,False
W110242,2002-06-30,,,Regular Employee,False
W110243,2010-02-12,,,Regular Employee,False
W110244,2022-01-24,2025-06-03,Voluntary,Regular Employee,False
W110245,2004-10-16,,,Regular Employee,False
W110246,2005-04-24,,,Regular Employee,False
W110247,2017-06-16,,,Regular Employee,False
W110248,2019-06-12,,,Regular Employee,False
W110249,2020-08-15,,,Regular Employee,False
W110250,2017-06-07,2026-06-07,Voluntary,Regular Employee,False
W110251,2019-06-30,,,Regular Employee,False
W110252,2015-01-28,2023-03-06,Voluntary,Regular Employee,False
W110253,2022-02-24,,,Regular Employee,False
W110254,2019-03-13,2024-08-24,Voluntary,Regular Employee,False
W110255,2014-06-18,,,Regular Employee,False
W110256,2018-12-14,,,Regular Employee,False
W110257,2010-08-28,2023-03-19,Involuntary,Regular Employee,False
W110258,2014-11-09,,,Regular Employee,False
W110259,2021-04-14,2023-09-11,Involuntary,Regular Employee,False
W110260,2021-11-18,,,Regular Employee,False
W110261,2020-07-29,,,Regular Employee,False
W110262,2015-02-14,,,Regular Employee,False
W110263,2014-12-23,2025-09-20,Voluntary,Regular Employee,False
W110264,2015-04-23,,,Regular Employee,False
W110265,2021-06-20,,,Regular Employee,False
W110266,2020-10-13,2024-03-06,Involuntary,Regular Employee,False
W110267,2014-10-10,2024-04-21,Voluntary,Regular Employee,False
W110268,2022-05-21,2024-01-27,Voluntary,Regular Employee,False
W110269,2011-03-12,,,Regular Employee,False
W110270,2015-04-21,2024-02-02,Involuntary,Regular Employee,False
W110271,2019-09-11,,,Regular Employee,False
W110272,2019-07-08,2024-09-20,Voluntary,Regular Employee,False
W110273,2018-03-03,,,Regular Employee,False
W110274,2014-09-01,2026-04-25,Voluntary,Regular Employee,False
W110275,2016-03-20,,,Regular Employee,False
W110276,2020-01-30,,,Regular Employee,False
W110277,2021-05-27,,,Regular Employee,False
W110278,2008-11-14,,,Regular Employee,False
W110279,2019-09-10,2023-06-09,Involuntary,Regular Employee,False
W110280,2016-05-19,2024-07-27,Voluntary,Regular Employee,False
W110281,2019-09-28,,,Regular Employee,False
W110282,2019-09-24,,,Regular Employee,False
W110283,2018-11-16,2024-02-15,Involuntary,Regular Employee,False
W110284,2018-01-18,2025-10-28,Involuntary,Regular Employee,False
W110285,2022-06-03,,,Regular Employee,False
W110286,2020-07-30,,,Regular Employee,False
W110287,2019-03-02,2024-01-29,Voluntary,Regular Employee,False
W110288,2012-11-19,2025-03-22,Voluntary,Regular Employee,False
W110289,2019-10-13,,,Regular Employee,False
W110290,2020-09-26,,,Regular Employee,False
W110291,2012-11-11,,,Regular Employee,False
W110292,2016-09-04,,,Regular Employee,False
W110293,2008-06-16,,,Regular Employee,False
W110294,2012-10-06,,,Regular Employee,False
W110295,2019-08-09,,,Regular Employee,False
W110296,2018-06-29,,,Regular Employee,False
W110297,2004-12-27,2025-02-13,Voluntary,Regular Employee,False
W110298,2019-02-12,,,Regular Employee,False
W110299,2021-11-29,,,Regular Employee,False
W110300,2018-03-16,,,Regular Employee,False
W110301,2016-06-24,,,Regular Employee,False
W110302,2015-11-23,,,Regular Employee,False
W110303,2018-12-03,2024-02-15,Involuntary,Regular Employee,False
W110304,2019-06-21,,,Regular Employee,False
W110305,2021-12-11,,,Regular Employee,False
W110306,2017-03-09,,,Regular Employee,False
W110307,2020-05-19,2023-11-11,Involuntary,Regular Employee,False
W110308,2020-11-13,,,Regular Employee,False
W110309,2020-11-15,,,Regular Employee,False
W110310,2016-12-28,,,Regular Employee,False
W110311,2013-01-09,2024-06-13,Voluntary,Regular Employee,False
W110312,2016-04-01,,,Regular Employee,False
W110313,2020-01-28,,,Regular Employee,False
W110314,2009-04-20,,,Regular Employee,False
W110315,2016-10-09,,,Regular Employee,False
W110316,2021-02-10,,,Regular Employee,False
W110317,2016-10-05,,,Regular Employee,False
W110318,2020-01-28,,,Regular Employee,False
W110319,2007-03-15,2024-07-12,Voluntary,Regular Employee,False
W110320,2015-02-23,,,Regular Employee,False
W110321,2022-06-12,,,Regular Employee,False
W110322,2016-01-08,,,Regular Employee,False
W110323,2021-01-10,,,Regular Employee,False
W110324,2017-07-26,,,Regular Employee,False
W110325,2018-06-05,,,Regular Employee,False
W110326,2019-10-24,,,Regular Employee,False
W110327,2020-03-21,2022-10-17,Voluntary,Regular Employee,False
W110328,2021-07-22,2026-06-24,Voluntary,Regular Employee,False
W110329,2015-05-06,2023-05-23,Voluntary,Regular Employee,False
W110330,2011-02-17,,,Regular Employee,False
W110331,2021-01-27,2023-12-18,Voluntary,Regular Employee,False
W110332,2022-02-25,,,Regular Employee,False
W110333,2017-10-08,,,Regular Employee,False
W110334,2013-10-08,2022-07-14,Involuntary,Regular Employee,False
W110335,2016-07-04,,,Regular Employee,False
W110336,2018-03-18,,,Regular Employee,False
W110337,2006-02-17,2023-03-14,Involuntary,Regular Employee,False
W110338,2019-09-26,,,Regular Employee,False
W110339,2021-04-17,,,Regular Employee,False
W110340,2016-10-08,,,Regular Employee,False
W110341,2019-08-08,,,Regular Employee,False
W110342,2016-05-23,2024-07-22,Voluntary,Regular Employee,False
W110343,2017-01-18,,,Regular Employee,False
W110344,2021-12-23,,,Regular Employee,False
W110345,2019-01-22,,,Regular Employee,False
W110346,2020-01-02,2024-12-23,Voluntary,Regular Employee,False
W110347,2017-12-31,,,Regular Employee,False
W110348,2009-10-28,,,Regular Employee,False
W110349,2016-03-31,2023-07-08,Voluntary,Regular Employee,False
W110350,2022-01-22,2023-04-20,Voluntary,Regular Employee,False
W110351,2022-06-12,,,Regular Employee,False
W110352,2013-08-24,,,Regular Employee,False
W110353,2014-06-08,,,Regular Employee,False
W110354,2017-05-19,2025-03-21,Involuntary,Regular Employee,False
W110355,2021-10-25,,,Regular Employee,False
W110356,2020-12-02,,,Regular Employee,False
W110357,2021-01-13,,,Regular Employee,False
W110358,2019-10-23,,,Regular Employee,False
W110359,2017-10-16,,,Regular Employee,False
W110360,2017-01-22,,,Regular Employee,False
W110361,2020-06-16,2024-02-15,Involuntary,Regular Employee,False
W110362,2021-12-12,,,Regular Employee,False
W110363,2021-04-28,,,Regular Employee,False
W110364,2017-10-09,,,Regular Employee,False
W110365,2018-11-15,,,Regular Employee,False
W110366,2018-02-23,,,Regular Employee,False
W110367,2021-06-12,2023-05-01,Voluntary,Regular Employee,False
W110368,2019-08-07,,,Regular Employee,False
W110369,2021-09-15,,,Regular Employee,False
W110370,2017-12-07,,,Regular Employee,False
W110371,2018-05-30,,,Regular Employee,False
W110372,2019-06-21,,,Regular Employee,False
W110373,2019-01-17,,,Regular Employee,False
W110374,2019-02-11,2023-08-16,Voluntary,Regular Employee,False
W110375,2019-07-15,,,Regular Employee,False
W110376,2022-02-12,,,Regular Employee,False
W110377,2020-08-29,,,Regular Employee,False
W110378,2013-11-09,2026-01-03,Voluntary,Regular Employee,False
W110379,2022-06-12,,,Regular Employee,False
W110380,2021-04-28,,,Regular Employee,False
W110381,2018-01-13,,,Regular Employee,False
W110382,2017-12-22,,,Regular Employee,False
W110383,2018-08-31,2026-06-07,Voluntary,Regular Employee,False
W110384,2009-04-02,,,Regular Employee,False
W110385,2017-04-01,,,Regular Employee,False
W110386,2006-11-04,,,Regular Employee,False
W110387,2019-06-26,,,Regular Employee,False
W110388,2021-05-02,,,Regular Employee,False
W110389,2021-08-15,,,Regular Employee,False
W110390,2017-10-10,,,Regular Employee,False
W110391,2016-12-11,2024-02-22,Voluntary,Regular Employee,False
W110392,2004-06-17,,,Regular Employee,False
W110393,2016-09-14,,,Regular Employee,False
W110394,2021-11-18,2024-12-13,Voluntary,Regular Employee,False
W110395,2018-08-23,2023-08-01,Voluntary,Regular Employee,False
W110396,2017-12-25,,,Regular Employee,False
W110397,2018-01-09,,,Regular Employee,False
W110398,2010-07-11,2024-11-13,Voluntary,Regular Employee,False
W110399,2019-11-02,,,Regular Employee,False
W110400,2013-10-15,,,Regular Employee,False
W110401,2022-01-01,2023-03-11,Voluntary,Regular Employee,False
W110402,2020-03-13,2023-05-07,Voluntary,Regular Employee,False
W110403,2006-06-20,,,Regular Employee,False
W110404,2017-06-02,2023-04-25,Involuntary,Regular Employee,False
W110405,2019-04-07,2024-01-07,Voluntary,Regular Employee,False
W110406,2019-11-07,2023-07-02,Voluntary,Regular Employee,False
W110407,2013-03-29,,,Regular Employee,False
W110408,2014-08-16,,,Regular Employee,False
W110409,2016-10-27,2024-11-10,Voluntary,Regular Employee,False
W110410,2013-08-03,,,Regular Employee,False
W110411,2022-02-01,,,Regular Employee,False
W110412,2020-11-09,,,Regular Employee,False
W110413,2010-07-08,2026-01-06,Voluntary,Regular Employee,False
W110414,2013-10-28,2024-06-27,Voluntary,Regular Employee,False
W110415,2016-12-21,,,Regular Employee,False
W110416,2022-05-05,,,Regular Employee,False
W110417,2021-02-10,,,Regular Employee,False
W110418,2018-05-05,,,Regular Employee,False
W110419,2018-04-06,,,Regular Employee,False
W110420,2018-04-11,,,Regular Employee,False
W110421,2020-04-18,,,Regular Employee,False
W110422,2016-04-16,,,Regular Employee,False
W110423,2019-06-18,,,Regular Employee,False
W110424,2017-06-08,2023-07-27,Voluntary,Regular Employee,False
W110425,2021-05-20,2023-10-05,Voluntary,Regular Employee,False
W110426,2018-03-01,,,Regular Employee,False
W110427,2016-06-02,2024-07-13,Voluntary,Regular Employee,False
W110428,2018-02-09,,,Regular Employee,False
W110429,2016-03-20,2026-02-20,Voluntary,Regular Employee,False
W110430,2022-02-20,,,Regular Employee,False
W110431,2015-07-18,,,Regular Employee,False
W110432,2021-11-03,,,Regular Employee,False
W110433,2014-04-08,2025-04-30,Voluntary,Regular Employee,False
W110434,2020-07-08,2025-05-16,Voluntary,Regular Employee,False
W110435,2013-12-29,,,Regular Employee,False
W110436,2014-06-20,,,Regular Employee,False
W110437,2006-09-25,2023-02-20,Voluntary,Regular Employee,False
W110438,2022-03-31,,,Regular Employee,False
W110439,2018-07-14,,,Regular Employee,False
W110440,2021-07-05,2023-01-27,Voluntary,Regular Employee,False
W110441,2016-01-18,,,Regular Employee,False
W110442,2021-01-09,,,Regular Employee,False
W110443,2020-04-30,,,Regular Employee,False
W110444,2022-02-10,,,Regular Employee,False
W110445,2013-04-07,,,Regular Employee,False
W110446,2022-01-26,,,Regular Employee,False
W110447,2021-11-22,,,Regular Employee,False
W110448,2019-08-11,2025-02-08,Involuntary,Regular Employee,False
W110449,2015-05-31,,,Regular Employee,False
W110450,2019-08-05,2022-11-12,Voluntary,Regular Employee,False
W110451,2018-05-03,,,Regular Employee,False
W110452,2019-07-05,,,Regular Employee,False
W110453,2014-11-21,2022-09-11,Voluntary,Regular Employee,False
W110454,2015-10-15,,,Regular Employee,False
W110455,2018-07-03,2022-12-11,Voluntary,Regular Employee,False
W110456,2017-08-18,,,Regular Employee,False
W110457,2019-03-16,,,Regular Employee,False
W110458,2021-11-13,2023-12-01,Voluntary,Regular Employee,False
W110459,2017-11-02,,,Regular Employee,False
W110460,2014-10-19,,,Regular Employee,False
W110461,2020-06-06,,,Regular Employee,False
W110462,2017-10-26,2024-11-30,Voluntary,Regular Employee,False
W110463,2013-03-21,,,Regular Employee,False
W110464,2006-04-24,,,Regular Employee,False
W110465,2015-12-25,,,Regular Employee,False
W110466,2014-06-03,,,Regular Employee,False
W110467,2011-01-21,,,Regular Employee,False
W110468,2020-12-19,,,Regular Employee,False
W110469,2016-11-01,,,Regular Employee,False
W110470,2022-05-17,,,Regular Employee,False
W110471,2022-01-05,,,Regular Employee,False
W110472,2017-07-14,,,Regular Employee,False
W110473,2022-01-18,,,Regular Employee,False
W110474,2006-11-17,,,Regular Employee,False
W110475,2021-07-29,,,Regular Employee,False
W110476,2022-06-12,,,Regular Employee,False
W110477,2022-06-12,2023-03-11,Voluntary,Regular Employee,False
W110478,2018-06-12,,,Regular Employee,False
W110479,2018-08-23,,,Regular Employee,False
W110480,2020-11-29,2025-11-08,Voluntary,Regular Employee,False
W110481,2012-07-23,,,Regular Employee,False
W110482,2021-12-07,,,Regular Employee,False
W110483,2020-06-05,2022-11-16,Voluntary,Regular Employee,False
W110484,2021-09-29,2025-03-30,Voluntary,Regular Employee,False
W110485,2002-06-30,,,Regular Employee,False
W110486,2016-12-17,2024-06-19,Voluntary,Regular Employee,False
W110487,2017-01-24,2025-05-25,Voluntary,Regular Employee,False
W110488,2022-05-23,,,Regular Employee,False
W110489,2021-03-04,,,Regular Employee,False
W110490,2019-09-30,,,Regular Employee,False
W110491,2015-01-29,2024-08-28,Voluntary,Regular Employee,False
W110492,2020-08-20,2026-05-12,Voluntary,Regular Employee,False
W110493,2017-03-31,,,Regular Employee,False
W110494,2018-03-18,,,Regular Employee,False
W110495,2016-09-21,,,Regular Employee,False
W110496,2019-09-06,,,Regular Employee,False
W110497,2021-12-21,2025-07-16,Voluntary,Regular Employee,False
W110498,2021-04-02,,,Regular Employee,False
W110499,2015-01-12,,,Regular Employee,False
W110500,2009-12-21,,,Regular Employee,False
W110501,2013-05-28,,,Regular Employee,False
W110502,2019-08-08,,,Regular Employee,False
W110503,2015-04-23,2022-11-20,Voluntary,Regular Employee,False
W110504,2021-12-31,,,Regular Employee,False
W110505,2021-07-30,,,Regular Employee,False
W110506,2016-05-27,,,Regular Employee,False
W110507,2015-12-15,2023-02-09,Voluntary,Regular Employee,False
W110508,2022-02-06,,,Regular Employee,False
W110509,2018-08-10,2024-10-04,Voluntary,Regular Employee,False
W110510,2017-02-23,,,Regular Employee,False
W110511,2005-03-28,,,Regular Employee,False
W110512,2014-06-05,,,Regular Employee,False
W110513,2015-08-11,2023-04-08,Voluntary,Regular Employee,False
W110514,2011-10-22,2024-02-29,Voluntary,Regular Employee,False
W110515,2021-01-24,,,Regular Employee,False
W110516,2007-06-12,,,Regular Employee,False
W110517,2002-06-30,,,Regular Employee,False
W110518,2016-10-15,2024-08-26,Voluntary,Regular Employee,False
W110519,2022-01-26,,,Regular Employee,False
W110520,2020-01-16,2024-06-22,Voluntary,Regular Employee,False
W110521,2022-05-05,,,Regular Employee,False
W110522,2010-10-05,,,Regular Employee,False
W110523,2021-11-03,,,Regular Employee,False
W110524,2021-09-14,,,Regular Employee,False
W110525,2019-01-23,,,Regular Employee,False
W110526,2016-11-04,,,Regular Employee,False
W110527,2020-02-10,,,Regular Employee,False
W110528,2020-11-21,,,Regular Employee,False
W110529,2020-06-28,,,Regular Employee,False
W110530,2017-01-04,,,Regular Employee,False
W110531,2019-09-22,2024-08-06,Voluntary,Regular Employee,False
W110532,2022-01-11,,,Regular Employee,False
W110533,2020-04-24,,,Regular Employee,False
W110534,2002-06-30,,,Regular Employee,False
W110535,2012-09-04,,,Regular Employee,False
W110536,2019-05-07,,,Regular Employee,False
W110537,2013-11-21,2023-02-08,Voluntary,Regular Employee,False
W110538,2014-03-08,2024-04-19,Voluntary,Regular Employee,False
W110539,2018-04-22,2023-03-22,Involuntary,Regular Employee,False
W110540,2019-06-29,,,Regular Employee,False
W110541,2018-09-14,,,Regular Employee,False
W110542,2020-07-25,2025-04-04,Voluntary,Regular Employee,False
W110543,2021-11-13,,,Regular Employee,False
W110544,2012-05-04,2024-12-29,Involuntary,Regular Employee,False
W110545,2020-05-17,,,Regular Employee,False
W110546,2015-12-16,2022-11-01,Voluntary,Regular Employee,False
W110547,2020-07-19,,,Regular Employee,False
W110548,2017-04-19,,,Regular Employee,False
W110549,2017-01-29,,,Regular Employee,False
W110550,2022-03-12,,,Regular Employee,False
W110551,2021-12-02,,,Regular Employee,False
W110552,2009-03-17,,,Regular Employee,False
W110553,2016-08-26,2026-05-22,Involuntary,Regular Employee,False
W110554,2018-04-27,2024-05-26,Voluntary,Regular Employee,False
W110555,2020-05-13,,,Regular Employee,False
W110556,2021-08-07,2023-03-15,Voluntary,Regular Employee,False
W110557,2016-10-30,,,Regular Employee,False
W110558,2022-03-25,,,Regular Employee,False
W110559,2020-04-16,,,Regular Employee,False
W110560,2018-11-08,,,Regular Employee,False
W110561,2018-12-15,2023-05-25,Voluntary,Regular Employee,False
W110562,2020-11-16,2024-02-15,Involuntary,Regular Employee,False
W110563,2016-12-13,,,Regular Employee,False
W110564,2018-08-24,2024-12-23,Voluntary,Regular Employee,False
W110565,2006-06-22,,,Regular Employee,False
W110566,2020-07-31,,,Regular Employee,False
W110567,2021-01-22,,,Regular Employee,False
W110568,2020-11-08,,,Regular Employee,False
W110569,2018-08-04,,,Regular Employee,False
W110570,2017-06-17,,,Regular Employee,False
W110571,2013-08-09,2023-11-27,Voluntary,Regular Employee,False
W110572,2020-12-31,,,Regular Employee,False
W110573,2020-04-29,,,Regular Employee,False
W110574,2021-04-28,2022-11-29,Voluntary,Regular Employee,False
W110575,2021-02-10,2024-06-26,Voluntary,Regular Employee,False
W110576,2021-11-17,2024-07-20,Involuntary,Regular Employee,False
W110577,2017-09-25,2025-04-16,Involuntary,Regular Employee,False
W110578,2009-04-09,,,Regular Employee,False
W110579,2015-10-01,,,Regular Employee,False
W110580,2021-01-05,,,Regular Employee,False
W110581,2013-09-20,2024-05-15,Involuntary,Regular Employee,False
W110582,2019-10-06,2023-01-14,Voluntary,Regular Employee,False
W110583,2021-11-22,2024-03-02,Voluntary,Regular Employee,False
W110584,2018-04-13,,,Regular Employee,False
W110585,2015-08-11,,,Regular Employee,False
W110586,2017-12-24,,,Regular Employee,False
W110587,2019-01-23,,,Regular Employee,False
W110588,2013-10-11,,,Regular Employee,False
W110589,2016-05-14,,,Regular Employee,False
W110590,2002-06-30,2023-05-27,Involuntary,Regular Employee,False
W110591,2018-06-26,,,Regular Employee,False
W110592,2021-06-25,,,Regular Employee,False
W110593,2022-03-31,,,Regular Employee,False
W110594,2022-03-08,2023-01-12,Involuntary,Regular Employee,False
W110595,2019-12-26,2023-04-19,Voluntary,Regular Employee,False
W110596,2022-02-12,2022-07-22,Voluntary,Regular Employee,False
W110597,2019-04-10,,,Regular Employee,False
W110598,2018-02-21,,,Regular Employee,False
W110599,2019-07-24,,,Regular Employee,False
W110600,2020-05-24,2022-08-16,Voluntary,Regular Employee,False
W110601,2019-02-28,,,Regular Employee,False
W110602,2021-01-30,,,Regular Employee,False
W110603,2021-08-15,,,Regular Employee,False
W110604,2022-06-12,2022-12-17,Voluntary,Regular Employee,False
W110605,2021-08-20,2026-05-24,Involuntary,Regular Employee,False
W110606,2014-08-09,2022-09-13,Voluntary,Regular Employee,False
W110607,2019-01-06,,,Regular Employee,False
W110608,2018-09-12,2024-09-03,Voluntary,Regular Employee,False
W110609,2021-05-21,,,Regular Employee,False
W110610,2013-10-24,,,Regular Employee,False
W110611,2020-04-09,,,Regular Employee,False
W110612,2019-02-06,,,Regular Employee,False
W110613,2020-12-10,,,Regular Employee,False
W110614,2013-11-04,2022-11-30,Voluntary,Regular Employee,False
W110615,2021-01-26,,,Regular Employee,False
W110616,2019-03-05,,,Regular Employee,False
W110617,2021-11-27,2022-10-26,Voluntary,Regular Employee,False
W110618,2014-02-11,2023-01-13,Voluntary,Regular Employee,False
W110619,2017-12-05,,,Regular Employee,False
W110620,2019-01-23,2026-03-25,Involuntary,Regular Employee,False
W110621,2017-03-10,,,Regular Employee,False
W110622,2020-02-15,,,Regular Employee,False
W110623,2019-11-13,2026-03-25,Voluntary,Regular Employee,False
W110624,2015-10-21,,,Regular Employee,False
W110625,2005-07-31,2024-01-07,Voluntary,Regular Employee,False
W110626,2009-07-17,2023-03-24,Involuntary,Regular Employee,False
W110627,2021-02-14,,,Regular Employee,False
W110628,2022-04-04,,,Regular Employee,False
W110629,2014-09-22,,,Regular Employee,False
W110630,2015-05-18,,,Regular Employee,False
W110631,2012-03-03,2026-03-08,Voluntary,Regular Employee,False
W110632,2020-12-19,2022-10-31,Voluntary,Regular Employee,False
W110633,2011-08-06,2023-06-05,Voluntary,Regular Employee,False
W110634,2018-04-19,2024-02-15,Involuntary,Regular Employee,False
W110635,2021-11-02,,,Regular Employee,False
W110636,2019-01-06,,,Regular Employee,False
W110637,2008-10-21,,,Regular Employee,False
W110638,2019-07-10,2024-02-15,Involuntary,Regular Employee,False
W110639,2011-01-05,,,Regular Employee,False
W110640,2022-01-05,,,Regular Employee,False
W110641,2019-08-11,2026-02-06,Voluntary,Regular Employee,False
W110642,2018-05-30,,,Regular Employee,False
W110643,2015-10-20,2023-06-15,Voluntary,Regular Employee,False
W110644,2020-04-30,,,Regular Employee,False
W110645,2018-11-06,,,Regular Employee,False
W110646,2020-09-20,,,Regular Employee,False
W110647,2010-07-31,,,Regular Employee,False
W110648,2019-10-02,,,Regular Employee,False
W110649,2016-03-12,,,Regular Employee,False
W110650,2019-08-19,2022-11-03,Voluntary,Regular Employee,False
W110651,2020-03-20,,,Regular Employee,False
W110652,2022-04-26,,,Regular Employee,False
W110653,2021-01-22,,,Regular Employee,False
W110654,2021-10-17,2023-09-28,Voluntary,Regular Employee,False
W110655,2019-07-16,,,Regular Employee,False
W110656,2022-01-18,,,Regular Employee,False
W110657,2016-04-28,,,Regular Employee,False
W110658,2010-04-20,2026-04-24,Voluntary,Regular Employee,False
W110659,2022-02-04,,,Regular Employee,False
W110660,2020-12-04,,,Regular Employee,False
W110661,2018-10-09,,,Regular Employee,False
W110662,2022-05-22,2022-09-08,Voluntary,Regular Employee,False
W110663,2022-06-02,,,Regular Employee,False
W110664,2019-12-12,,,Regular Employee,False
W110665,2021-11-29,2022-12-04,Voluntary,Regular Employee,False
W110666,2021-08-21,,,Regular Employee,False
W110667,2022-02-27,2025-10-16,Involuntary,Regular Employee,False
W110668,2014-08-30,,,Regular Employee,False
W110669,2022-05-27,2022-08-06,Voluntary,Regular Employee,False
W110670,2015-09-28,,,Regular Employee,False
W110671,2020-05-06,,,Regular Employee,False
W110672,2017-02-10,,,Regular Employee,False
W110673,2018-05-22,,,Regular Employee,False
W110674,2012-07-12,,,Regular Employee,False
W110675,2021-04-16,2022-09-08,Voluntary,Regular Employee,False
W110676,2019-07-23,,,Regular Employee,False
W110677,2021-01-25,,,Regular Employee,False
W110678,2019-10-06,,,Regular Employee,False
W110679,2021-09-04,,,Regular Employee,False
W110680,2013-02-03,,,Regular Employee,False
W110681,2012-02-15,,,Regular Employee,False
W110682,2015-10-17,,,Regular Employee,False
W110683,2020-04-02,2023-12-13,Voluntary,Regular Employee,False
W110684,2022-01-11,2022-09-04,Voluntary,Regular Employee,False
W110685,2017-12-07,,,Regular Employee,False
W110686,2021-09-06,,,Regular Employee,False
W110687,2022-05-21,2023-11-23,Voluntary,Regular Employee,False
W110688,2014-01-14,2023-04-21,Voluntary,Regular Employee,False
W110689,2022-01-24,,,Regular Employee,False
W110690,2013-11-13,2023-06-10,Involuntary,Regular Employee,False
W110691,2020-04-01,2024-04-14,Voluntary,Regular Employee,False
W110692,2020-01-02,2024-02-18,Voluntary,Regular Employee,False
W110693,2019-07-05,,,Regular Employee,False
W110694,2018-05-09,,,Regular Employee,False
W110695,2020-08-12,,,Regular Employee,False
W110696,2013-07-11,,,Regular Employee,False
W110697,2006-12-03,,,Regular Employee,False
W110698,2013-06-21,,,Regular Employee,False
W110699,2018-06-08,,,Regular Employee,False
W110700,2015-09-27,2023-04-07,Voluntary,Regular Employee,False
W110701,2012-07-04,2024-06-15,Involuntary,Regular Employee,False
W110702,2010-01-17,2025-12-30,Voluntary,Regular Employee,False
W110703,2019-12-17,2025-03-23,Voluntary,Regular Employee,False
W110704,2020-04-12,2024-04-13,Voluntary,Regular Employee,False
W110705,2021-05-03,,,Regular Employee,False
W110706,2012-09-12,,,Regular Employee,False
W110707,2021-12-06,,,Regular Employee,False
W110708,2020-10-08,,,Regular Employee,False
W110709,2021-02-08,,,Regular Employee,False
W110710,2015-10-13,,,Regular Employee,False
W110711,2017-02-13,,,Regular Employee,False
W110712,2022-03-25,2024-02-21,Voluntary,Regular Employee,False
W110713,2021-07-15,,,Regular Employee,False
W110714,2022-03-20,2023-02-08,Voluntary,Regular Employee,False
W110715,2019-09-10,,,Regular Employee,False
W110716,2018-06-28,,,Regular Employee,False
W110717,2019-03-17,,,Regular Employee,False
W110718,2014-12-21,,,Regular Employee,False
W110719,2019-03-27,,,Regular Employee,False
W110720,2019-01-10,2024-02-27,Voluntary,Regular Employee,False
W110721,2018-01-16,2023-07-11,Voluntary,Regular Employee,False
W110722,2019-10-04,,,Regular Employee,False
W110723,2020-01-06,2022-08-29,Voluntary,Regular Employee,False
W110724,2012-06-08,,,Regular Employee,False
W110725,2018-04-13,,,Regular Employee,False
W110726,2021-07-23,2022-10-24,Voluntary,Regular Employee,False
W110727,2020-11-17,,,Regular Employee,False
W110728,2017-08-30,,,Regular Employee,False
W110729,2020-10-05,,,Regular Employee,False
W110730,2020-06-24,,,Regular Employee,False
W110731,2022-01-19,2023-08-16,Voluntary,Regular Employee,False
W110732,2022-02-25,,,Regular Employee,False
W110733,2020-03-15,,,Regular Employee,False
W110734,2021-08-15,2024-05-21,Voluntary,Regular Employee,False
W110735,2019-09-26,,,Regular Employee,False
W110736,2020-09-30,2024-10-14,Voluntary,Regular Employee,False
W110737,2018-11-07,,,Regular Employee,False
W110738,2015-10-05,,,Regular Employee,False
W110739,2017-07-24,2023-09-26,Involuntary,Regular Employee,False
W110740,2019-02-04,2024-07-31,Voluntary,Regular Employee,False
W110741,2021-01-27,,,Regular Employee,False
W110742,2014-10-01,,,Regular Employee,False
W110743,2020-12-16,,,Regular Employee,False
W110744,2018-04-01,,,Regular Employee,False
W110745,2012-10-30,2022-12-15,Voluntary,Regular Employee,False
W110746,2022-06-12,2022-07-20,Voluntary,Regular Employee,False
W110747,2018-06-10,2022-10-09,Voluntary,Regular Employee,False
W110748,2002-06-30,,,Regular Employee,False
W110749,2016-01-12,,,Regular Employee,False
W110750,2013-01-05,2024-09-08,Voluntary,Regular Employee,False
W110751,2021-07-16,,,Regular Employee,False
W110752,2018-09-05,,,Regular Employee,False
W110753,2016-12-03,2023-10-16,Voluntary,Regular Employee,False
W110754,2006-10-12,2025-03-06,Voluntary,Regular Employee,False
W110755,2008-04-08,2024-02-15,Involuntary,Regular Employee,False
W110756,2019-12-31,,,Regular Employee,False
W110757,2022-05-18,2024-02-07,Voluntary,Regular Employee,False
W110758,2021-10-24,,,Regular Employee,False
W110759,2018-09-21,2025-12-24,Voluntary,Regular Employee,False
W110760,2019-01-20,,,Regular Employee,False
W110761,2014-02-08,,,Regular Employee,False
W110762,2013-09-09,2022-11-24,Voluntary,Regular Employee,False
W110763,2018-11-10,2024-10-10,Voluntary,Regular Employee,False
W110764,2016-04-28,,,Regular Employee,False
W110765,2009-06-30,,,Regular Employee,False
W110766,2013-12-30,2025-03-30,Voluntary,Regular Employee,False
W110767,2021-05-12,,,Regular Employee,False
W110768,2007-08-10,2023-02-11,Voluntary,Regular Employee,False
W110769,2020-05-01,2025-07-20,Voluntary,Regular Employee,False
W110770,2019-03-09,2023-12-23,Voluntary,Regular Employee,False
W110771,2020-04-16,,,Regular Employee,False
W110772,2022-02-21,2025-07-13,Voluntary,Regular Employee,False
W110773,2021-09-24,2022-12-15,Voluntary,Regular Employee,False
W110774,2012-03-10,,,Regular Employee,False
W110775,2022-06-12,,,Regular Employee,False
W110776,2022-01-10,,,Regular Employee,False
W110777,2019-08-25,,,Regular Employee,False
W110778,2017-11-02,,,Regular Employee,False
W110779,2022-02-04,,,Regular Employee,False
W110780,2019-04-25,,,Regular Employee,False
W110781,2021-08-08,2022-11-03,Voluntary,Regular Employee,False
W110782,2020-07-22,,,Regular Employee,False
W110783,2014-10-26,,,Regular Employee,False
W110784,2020-09-01,2024-02-12,Voluntary,Regular Employee,False
W110785,2021-01-31,,,Regular Employee,False
W110786,2021-01-07,,,Regular Employee,False
W110787,2019-11-02,,,Regular Employee,False
W110788,2018-10-30,2023-07-24,Voluntary,Regular Employee,False
W110789,2002-06-30,,,Regular Employee,False
W110790,2016-09-20,2023-03-07,Voluntary,Regular Employee,False
W110791,2018-04-05,,,Regular Employee,False
W110792,2019-11-09,2023-11-30,Voluntary,Regular Employee,False
W110793,2020-05-26,,,Regular Employee,False
W110794,2022-03-13,2023-10-21,Voluntary,Regular Employee,False
W110795,2021-05-11,,,Regular Employee,False
W110796,2021-12-17,2025-10-28,Voluntary,Regular Employee,False
W110797,2021-02-19,,,Regular Employee,False
W110798,2020-06-30,,,Regular Employee,False
W110799,2022-02-11,2023-03-06,Voluntary,Regular Employee,False
W110800,2004-06-14,,,Regular Employee,False
W110801,2021-04-12,,,Regular Employee,False
W110802,2019-03-09,2023-01-25,Involuntary,Regular Employee,False
W110803,2015-06-16,,,Regular Employee,False
W110804,2021-04-26,,,Regular Employee,False
W110805,2005-05-31,2022-09-29,Voluntary,Regular Employee,False
W110806,2020-09-18,,,Regular Employee,False
W110807,2020-11-15,2023-12-31,Voluntary,Regular Employee,False
W110808,2021-05-24,2026-02-17,Voluntary,Regular Employee,False
W110809,2020-08-30,,,Regular Employee,False
W110810,2014-01-21,,,Regular Employee,False
W110811,2021-02-22,2024-01-24,Voluntary,Regular Employee,False
W110812,2020-01-30,,,Regular Employee,False
W110813,2017-07-13,2023-07-02,Voluntary,Regular Employee,False
W110814,2018-03-11,,,Regular Employee,False
W110815,2017-02-28,,,Regular Employee,False
W110816,2019-11-06,,,Regular Employee,False
W110817,2005-02-03,,,Regular Employee,False
W110818,2020-08-10,,,Regular Employee,False
W110819,2016-08-29,,,Regular Employee,False
W110820,2022-05-03,2024-11-13,Voluntary,Regular Employee,False
W110821,2022-01-12,,,Regular Employee,False
W110822,2017-01-12,2023-04-29,Involuntary,Regular Employee,False
W110823,2006-10-27,2024-02-15,Involuntary,Regular Employee,False
W110824,2020-04-05,,,Regular Employee,False
W110825,2021-09-19,,,Regular Employee,False
W110826,2011-03-20,,,Regular Employee,False
W110827,2019-07-21,,,Regular Employee,False
W110828,2021-11-14,,,Regular Employee,False
W110829,2020-04-27,2024-02-27,Voluntary,Regular Employee,False
W110830,2010-03-04,2025-03-15,Involuntary,Regular Employee,False
W110831,2018-12-08,2025-08-20,Voluntary,Regular Employee,False
W110832,2019-09-08,,,Regular Employee,False
W110833,2021-01-08,2022-10-30,Voluntary,Regular Employee,False
W110834,2021-02-17,,,Regular Employee,False
W110835,2020-11-17,,,Regular Employee,False
W110836,2021-11-15,,,Regular Employee,False
W110837,2018-05-24,,,Regular Employee,False
W110838,2014-05-27,,,Regular Employee,False
W110839,2021-10-15,,,Regular Employee,False
W110840,2016-07-04,2023-06-30,Voluntary,Regular Employee,False
W110841,2018-09-12,,,Regular Employee,False
W110842,2020-02-13,,,Regular Employee,False
W110843,2020-10-12,,,Regular Employee,False
W110844,2017-12-10,2023-11-07,Voluntary,Regular Employee,False
W110845,2011-08-15,,,Regular Employee,False
W110846,2020-09-01,,,Regular Employee,False
W110847,2018-12-21,2024-03-12,Voluntary,Regular Employee,False
W110848,2022-04-06,2024-11-10,Voluntary,Regular Employee,False
W110849,2014-11-29,,,Regular Employee,False
W110850,2021-04-22,2024-07-29,Involuntary,Regular Employee,False
W110851,2020-04-16,2022-08-29,Voluntary,Regular Employee,False
W110852,2019-03-09,,,Regular Employee,False
W110853,2022-05-06,2022-07-01,Voluntary,Regular Employee,False
W110854,2015-03-14,,,Regular Employee,False
W110855,2018-01-23,,,Regular Employee,False
W110856,2020-01-02,2023-02-05,Voluntary,Regular Employee,False
W110857,2022-01-28,,,Regular Employee,False
W110858,2017-08-14,,,Regular Employee,False
W110859,2012-04-12,,,Regular Employee,False
W110860,2018-11-24,2022-07-11,Voluntary,Regular Employee,False
W110861,2019-01-28,,,Regular Employee,False
W110862,2014-10-01,2024-04-16,Voluntary,Regular Employee,False
W110863,2017-12-02,,,Regular Employee,False
W110864,2016-11-15,2025-09-08,Involuntary,Regular Employee,False
W110865,2016-09-14,,,Regular Employee,False
W110866,2017-07-22,,,Regular Employee,False
W110867,2019-06-20,,,Regular Employee,False
W110868,2016-11-21,,,Regular Employee,False
W110869,2018-05-28,2023-06-20,Voluntary,Regular Employee,False
W110870,2009-11-24,,,Regular Employee,False
W110871,2021-01-30,2025-02-05,Voluntary,Regular Employee,False
W110872,2015-02-28,,,Regular Employee,False
W110873,2011-10-26,2023-09-26,Involuntary,Regular Employee,False
W110874,2021-03-16,,,Regular Employee,False
W110875,2022-03-09,,,Regular Employee,False
W110876,2021-10-31,,,Regular Employee,False
W110877,2006-07-20,2026-05-04,Voluntary,Regular Employee,False
W110878,2014-07-13,2023-07-23,Voluntary,Regular Employee,False
W110879,2020-03-30,2023-12-11,Involuntary,Regular Employee,False
W110880,2021-01-22,2025-02-10,Involuntary,Regular Employee,False
W110881,2019-01-19,2026-04-27,Voluntary,Regular Employee,False
W110882,2010-05-23,,,Regular Employee,False
W110883,2018-11-14,2025-07-26,Voluntary,Regular Employee,False
W110884,2017-03-23,,,Regular Employee,False
W110885,2004-09-20,,,Regular Employee,False
W110886,2022-05-03,2023-05-09,Voluntary,Regular Employee,False
W110887,2018-04-02,,,Regular Employee,False
W110888,2022-01-19,2025-07-29,Voluntary,Regular Employee,False
W110889,2019-06-21,,,Regular Employee,False
W110890,2019-12-18,,,Regular Employee,False
W110891,2018-09-01,2023-05-30,Voluntary,Regular Employee,False
W110892,2020-08-31,,,Regular Employee,False
W110893,2012-03-19,,,Regular Employee,False
W110894,2020-02-20,2024-06-20,Voluntary,Regular Employee,False
W110895,2016-02-12,2024-02-15,Involuntary,Regular Employee,False
W110896,2018-07-23,2024-12-26,Voluntary,Regular Employee,False
W110897,2019-11-18,2024-02-15,Involuntary,Regular Employee,False
W110898,2020-12-20,,,Regular Employee,False
W110899,2011-06-19,2025-07-07,Voluntary,Regular Employee,False
W110900,2021-01-25,,,Regular Employee,False
W110901,2020-11-05,2023-03-02,Involuntary,Regular Employee,False
W110902,2019-06-10,2026-01-17,Voluntary,Regular Employee,False
W110903,2017-07-05,,,Regular Employee,False
W110904,2017-05-09,,,Regular Employee,False
W110905,2021-04-02,,,Regular Employee,False
W110906,2013-09-22,,,Regular Employee,False
W110907,2022-01-29,2023-08-26,Involuntary,Regular Employee,False
W110908,2021-01-12,2026-06-25,Voluntary,Regular Employee,False
W110909,2015-11-10,,,Regular Employee,False
W110910,2022-02-04,2023-10-16,Voluntary,Regular Employee,False
W110911,2018-02-09,,,Regular Employee,False
W110912,2015-12-29,,,Regular Employee,False
W110913,2012-07-15,,,Regular Employee,False
W110914,2003-07-16,,,Regular Employee,False
W110915,2021-05-30,,,Regular Employee,False
W110916,2022-04-28,,,Regular Employee,False
W110917,2018-12-19,,,Regular Employee,False
W110918,2021-09-12,,,Regular Employee,False
W110919,2019-12-18,2023-11-28,Involuntary,Regular Employee,False
W110920,2020-08-15,,,Regular Employee,False
W110921,2014-07-26,,,Regular Employee,False
W110922,2019-03-04,2025-09-12,Voluntary,Regular Employee,False
W110923,2019-05-19,,,Regular Employee,False
W110924,2021-11-05,,,Regular Employee,False
W110925,2021-12-02,,,Regular Employee,False
W110926,2019-01-22,2024-09-20,Voluntary,Regular Employee,False
W110927,2017-02-08,2023-05-04,Voluntary,Regular Employee,False
W110928,2019-10-20,2024-12-01,Voluntary,Regular Employee,False
W110929,2017-07-15,2022-08-27,Voluntary,Regular Employee,False
W110930,2019-06-10,,,Regular Employee,False
W110931,2018-07-28,2024-12-25,Voluntary,Regular Employee,False
W110932,2020-03-17,,,Regular Employee,False
W110933,2018-10-14,,,Regular Employee,False
W110934,2020-04-03,,,Regular Employee,False
W110935,2017-10-29,2023-09-10,Voluntary,Regular Employee,False
W110936,2021-12-26,,,Regular Employee,False
W110937,2015-01-04,,,Regular Employee,False
W110938,2020-05-12,,,Regular Employee,False
W110939,2018-02-17,2022-12-29,Voluntary,Regular Employee,False
W110940,2013-02-07,,,Regular Employee,False
W110941,2019-01-22,,,Regular Employee,False
W110942,2017-08-12,,,Regular Employee,False
W110943,2021-05-21,,,Regular Employee,False
W110944,2018-12-29,,,Regular Employee,False
W110945,2014-10-16,2025-05-23,Voluntary,Regular Employee,False
W110946,2006-10-19,,,Regular Employee,False
W110947,2020-05-21,2022-08-15,Voluntary,Regular Employee,False
W110948,2019-11-18,2025-03-07,Involuntary,Regular Employee,False
W110949,2016-06-23,2024-07-27,Voluntary,Regular Employee,False
W110950,2018-11-05,2023-11-21,Involuntary,Regular Employee,False
W110951,2016-05-25,,,Regular Employee,False
W110952,2018-09-29,,,Regular Employee,False
W110953,2021-11-27,2025-03-10,Voluntary,Regular Employee,False
W110954,2009-02-14,,,Regular Employee,False
W110955,2017-08-30,,,Regular Employee,False
W110956,2021-11-16,,,Regular Employee,False
W110957,2007-04-22,,,Regular Employee,False
W110958,2020-02-15,,,Regular Employee,False
W110959,2018-01-15,,,Regular Employee,False
W110960,2019-09-13,,,Regular Employee,False
W110961,2017-04-05,,,Regular Employee,False
W110962,2021-01-01,2022-12-30,Voluntary,Regular Employee,False
W110963,2016-12-27,2022-09-21,Voluntary,Regular Employee,False
W110964,2017-07-28,,,Regular Employee,False
W110965,2022-02-08,,,Regular Employee,False
W110966,2014-04-08,2026-04-27,Involuntary,Regular Employee,False
W110967,2017-09-03,2024-09-28,Voluntary,Regular Employee,False
W110968,2010-08-28,2026-01-14,Voluntary,Regular Employee,False
W110969,2010-02-05,,,Regular Employee,False
W110970,2019-01-24,2024-02-15,Involuntary,Regular Employee,False
W110971,2019-02-08,,,Regular Employee,False
W110972,2016-04-19,,,Regular Employee,False
W110973,2012-12-15,,,Regular Employee,False
W110974,2019-02-19,,,Regular Employee,False
W110975,2020-06-06,,,Regular Employee,False
W110976,2015-08-14,,,Regular Employee,False
W110977,2020-03-16,,,Regular Employee,False
W110978,2020-08-21,,,Regular Employee,False
W110979,2017-06-30,,,Regular Employee,False
W110980,2017-07-26,,,Regular Employee,False
W110981,2020-12-23,,,Regular Employee,False
W110982,2019-04-04,,,Regular Employee,False
W110983,2013-05-08,,,Regular Employee,False
W110984,2019-05-09,,,Regular Employee,False
W110985,2019-03-21,2023-10-24,Voluntary,Regular Employee,False
W110986,2007-02-05,,,Regular Employee,False
W110987,2022-03-19,,,Regular Employee,False
W110988,2012-11-26,,,Regular Employee,False
W110989,2021-12-05,2023-09-16,Voluntary,Regular Employee,False
W110990,2020-09-15,,,Regular Employee,False
W110991,2020-09-02,2023-09-01,Voluntary,Regular Employee,False
W110992,2019-11-29,2026-02-21,Voluntary,Regular Employee,False
W110993,2020-08-29,,,Regular Employee,False
W110994,2018-12-26,,,Regular Employee,False
W110995,2020-12-29,2024-02-15,Involuntary,Regular Employee,False
W110996,2011-03-25,,,Regular Employee,False
W110997,2016-05-19,2025-09-24,Involuntary,Regular Employee,False
W110998,2019-10-20,2025-07-06,Voluntary,Regular Employee,False
W110999,2015-07-29,2023-03-08,Voluntary,Regular Employee,False
W111000,2014-12-25,,,Regular Employee,False
W111001,2018-03-04,,,Regular Employee,True
W111002,2018-09-11,,,Regular Employee,True
W111003,2016-05-06,,,Regular Employee,True
W111004,2017-10-17,,,Regular Employee,True
W111005,2008-09-06,,,Regular Employee,True
W111006,2011-09-18,,,Regular Employee,True
W111007,2009-01-19,,,Regular Employee,True
W111008,2009-11-19,,,Regular Employee,True
W111009,2018-12-13,,,Regular Employee,True
W111010,2010-07-26,,,Regular Employee,True
W111011,2013-02-14,,,Regular Employee,True
W111012,2009-05-02,,,Regular Employee,True
W111013,2022-07-08,,,Regular Employee,False
W111014,2022-07-21,2025-04-19,Voluntary,Regular Employee,False
W111015,2022-07-29,2023-09-22,Voluntary,Regular Employee,False
W111016,2022-07-26,,,Regular Employee,False
W111017,2022-07-11,2023-01-24,Involuntary,Regular Employee,False
W111018,2022-07-11,,,Regular Employee,False
W111019,2022-07-26,2023-10-05,Voluntary,Regular Employee,False
W111020,2022-07-02,2024-02-28,Voluntary,Regular Employee,False
W111021,2022-07-12,2025-11-27,Voluntary,Regular Employee,False
W111022,2022-07-15,,,Regular Employee,False
W111023,2022-07-02,,,Regular Employee,False
W111024,2022-07-27,,,Regular Employee,False
W111025,2022-07-01,,,Regular Employee,False
W111026,2022-07-05,,,Regular Employee,False
W111027,2022-07-15,,,Regular Employee,False
W111028,2022-07-04,2026-01-23,Voluntary,Regular Employee,False
W111029,2022-07-10,2023-09-10,Involuntary,Regular Employee,False
W111030,2022-07-05,2025-04-04,Voluntary,Regular Employee,False
W111031,2022-07-09,,,Regular Employee,False
W111032,2022-07-27,,,Regular Employee,False
W111033,2022-07-08,,,Regular Employee,False
W111034,2022-07-01,2022-10-02,Voluntary,Regular Employee,False
W111035,2022-07-25,2023-02-11,Voluntary,Regular Employee,False
W111036,2022-07-25,,,Regular Employee,False
W111037,2022-07-06,2023-03-30,Voluntary,Regular Employee,False
W111038,2022-07-27,,,Regular Employee,False
W111039,2022-07-09,,,Regular Employee,False
W111040,2022-07-30,,,Regular Employee,False
W111041,2022-07-19,2023-05-30,Involuntary,Regular Employee,False
W111042,2022-07-24,,,Regular Employee,False
W111043,2022-07-27,,,Regular Employee,False
W111044,2022-07-05,2025-09-23,Voluntary,Regular Employee,False
W111045,2022-07-18,,,Regular Employee,False
W111046,2022-07-02,2026-05-07,Voluntary,Regular Employee,False
W111047,2022-07-28,,,Regular Employee,False
W111048,2022-07-30,2026-03-12,Voluntary,Regular Employee,False
W111049,2022-07-15,,,Regular Employee,False
W111050,2022-07-17,,,Regular Employee,False
W111051,2022-07-15,2023-01-19,Voluntary,Regular Employee,False
W111052,2022-07-28,,,Regular Employee,False
W111053,2022-07-24,,,Regular Employee,False
W111054,2022-07-24,,,Regular Employee,False
W111055,2022-07-27,,,Regular Employee,False
W111056,2022-07-22,,,Regular Employee,False
W111057,2022-07-11,,,Regular Employee,False
W111058,2022-07-09,2024-08-09,Involuntary,Regular Employee,False
W111059,2022-07-14,2024-02-01,Voluntary,Regular Employee,False
W111060,2022-07-20,2022-09-26,Voluntary,Regular Employee,False
W111061,2022-07-26,2025-07-14,Voluntary,Regular Employee,False
W111062,2022-07-11,2025-09-12,Voluntary,Regular Employee,False
W111063,2022-07-12,,,Regular Employee,False
W111064,2022-07-24,,,Regular Employee,False
W111065,2022-07-26,,,Regular Employee,False
W111066,2022-07-19,,,Regular Employee,False
W111067,2022-07-09,,,Regular Employee,False
W111068,2022-07-25,2025-08-08,Voluntary,Regular Employee,False
W111069,2022-07-26,,,Regular Employee,False
W111070,2022-07-08,2023-08-07,Voluntary,Regular Employee,False
W111071,2022-07-30,,,Regular Employee,False
W111072,2022-07-03,,,Regular Employee,False
W111073,2022-07-25,,,Regular Employee,False
W111074,2022-07-20,,,Regular Employee,False
W111075,2022-07-14,2024-11-04,Voluntary,Regular Employee,False
W111076,2022-07-01,2026-02-17,Voluntary,Regular Employee,False
W111077,2022-07-15,,,Regular Employee,False
W111078,2022-07-25,,,Regular Employee,False
W111079,2022-07-19,,,Regular Employee,False
W111080,2022-07-21,2026-05-01,Involuntary,Regular Employee,False
W111081,2022-07-27,2022-11-27,Voluntary,Regular Employee,False
W111082,2022-07-19,,,Regular Employee,False
W111083,2022-07-01,2023-01-09,Voluntary,Regular Employee,False
W111084,2022-07-22,,,Regular Employee,False
W111085,2022-07-25,,,Regular Employee,False
W111086,2022-07-02,,,Regular Employee,False
W111087,2022-07-28,2023-05-30,Involuntary,Regular Employee,False
W111088,2022-07-24,,,Regular Employee,False
W111089,2022-07-26,,,Regular Employee,False
W111090,2022-07-15,2025-03-19,Voluntary,Regular Employee,False
W111091,2022-07-25,,,Regular Employee,False
W111092,2022-07-02,,,Regular Employee,False
W111093,2022-07-16,2024-06-01,Voluntary,Regular Employee,False
W111094,2022-07-25,,,Regular Employee,False
W111095,2022-07-21,2024-12-29,Involuntary,Regular Employee,False
W111096,2022-07-16,2022-12-14,Involuntary,Regular Employee,False
W111097,2022-07-31,,,Regular Employee,False
W111098,2022-07-05,,,Regular Employee,False
W111099,2022-07-02,,,Regular Employee,False
W111100,2022-07-07,,,Regular Employee,False
W111101,2022-07-07,,,Regular Employee,False
W111102,2022-07-29,2025-07-14,Involuntary,Regular Employee,False
W111103,2022-07-05,2024-02-15,Involuntary,Regular Employee,False
W111104,2022-07-09,2024-08-25,Voluntary,Regular Employee,False
W111105,2022-07-08,2025-03-15,Involuntary,Regular Employee,False
W111106,2022-07-01,2024-11-25,Voluntary,Regular Employee,False
W111107,2022-07-10,2023-09-14,Voluntary,Regular Employee,False
W111108,2022-07-02,,,Regular Employee,False
W111109,2022-07-31,2026-01-25,Involuntary,Regular Employee,False
W111110,2022-07-24,,,Regular Employee,False
W111111,2022-07-12,2023-12-28,Voluntary,Regular Employee,False
W111112,2022-07-22,2025-06-11,Involuntary,Regular Employee,False
W111113,2022-07-18,,,Regular Employee,False
W111114,2022-07-08,2023-06-16,Voluntary,Regular Employee,False
W111115,2022-07-29,2022-09-27,Voluntary,Regular Employee,False
W111116,2022-07-28,2023-03-26,Voluntary,Regular Employee,False
W111117,2022-07-13,,,Regular Employee,False
W111118,2022-07-12,2023-09-08,Involuntary,Regular Employee,False
W111119,2022-07-03,2023-11-03,Involuntary,Regular Employee,False
W111120,2022-07-17,2026-05-06,Involuntary,Regular Employee,False
W111121,2022-07-26,2025-08-06,Voluntary,Regular Employee,False
W111122,2022-07-21,2024-02-15,Involuntary,Regular Employee,False
W111123,2022-07-27,,,Regular Employee,False
W111124,2022-07-16,2023-06-13,Voluntary,Regular Employee,False
W111125,2022-07-03,2023-03-05,Voluntary,Regular Employee,False
W111126,2022-07-07,,,Regular Employee,False
W111127,2022-07-09,,,Regular Employee,False
W111128,2022-07-05,2023-05-14,Voluntary,Regular Employee,False
W111129,2022-07-27,,,Regular Employee,False
W111130,2022-07-15,,,Regular Employee,False
W111131,2022-07-27,2023-01-02,Involuntary,Regular Employee,False
W111132,2022-07-17,,,Regular Employee,False
W111133,2022-07-16,2022-12-18,Voluntary,Regular Employee,False
W111134,2022-07-14,,,Regular Employee,False
W111135,2022-07-12,2022-10-28,Involuntary,Regular Employee,False
W111136,2022-07-29,2022-10-22,Voluntary,Regular Employee,False
W111137,2022-07-16,2025-09-16,Voluntary,Regular Employee,False
W111138,2022-07-18,2025-10-03,Voluntary,Regular Employee,False
W111139,2022-07-15,,,Regular Employee,False
W111140,2022-07-07,2023-04-23,Voluntary,Regular Employee,False
W111141,2022-07-04,2024-01-14,Voluntary,Regular Employee,False
W111142,2022-07-09,,,Regular Employee,False
W111143,2022-07-31,,,Regular Employee,False
W111144,2022-07-21,,,Regular Employee,False
W111145,2022-07-12,2025-12-04,Voluntary,Regular Employee,False
W111146,2022-07-31,,,Regular Employee,False
W111147,2022-07-22,,,Regular Employee,False
W111148,2022-07-04,,,Regular Employee,False
W111149,2022-07-24,2022-08-23,Voluntary,Regular Employee,False
W111150,2022-07-01,,,Regular Employee,False
W111151,2022-07-23,2024-02-15,Involuntary,Regular Employee,False
W111152,2022-07-12,,,Regular Employee,False
W111153,2022-07-24,,,Regular Employee,False
W111154,2022-07-28,,,Regular Employee,False
W111155,2022-07-18,2024-04-18,Voluntary,Regular Employee,False
W111156,2022-07-11,,,Regular Employee,False
W111157,2022-07-03,2024-02-15,Involuntary,Regular Employee,False
W111158,2022-07-30,,,Regular Employee,False
W111159,2022-07-15,2026-04-13,Voluntary,Regular Employee,False
W111160,2022-07-24,2024-07-28,Voluntary,Regular Employee,False
W111161,2022-07-15,,,Regular Employee,False
W111162,2022-07-31,,,Regular Employee,False
W111163,2022-07-12,2022-12-21,Voluntary,Regular Employee,False
W111164,2022-07-28,2023-02-23,Involuntary,Regular Employee,False
W111165,2022-07-22,,,Regular Employee,False
W111166,2022-07-05,,,Regular Employee,False
W111167,2022-07-12,2023-03-13,Voluntary,Regular Employee,False
W111168,2022-07-17,,,Regular Employee,False
W111169,2022-07-16,2022-12-16,Voluntary,Regular Employee,False
W111170,2022-07-14,2022-09-17,Voluntary,Regular Employee,False
W111171,2022-07-05,2023-09-21,Voluntary,Regular Employee,False
W111172,2022-07-15,,,Regular Employee,False
W111173,2022-07-30,,,Regular Employee,False
W111174,2022-07-07,2024-06-26,Voluntary,Regular Employee,False
W111175,2022-07-11,,,Regular Employee,False
W111176,2022-07-10,2025-05-31,Voluntary,Regular Employee,False
W111177,2022-07-28,2024-01-16,Voluntary,Regular Employee,False
W111178,2022-07-15,,,Regular Employee,False
W111179,2022-07-14,,,Regular Employee,False
W111180,2022-07-05,,,Regular Employee,False
W111181,2022-07-24,,,Regular Employee,False
W111182,2022-07-10,2024-08-22,Voluntary,Regular Employee,False
W111183,2022-07-28,,,Regular Employee,False
W111184,2022-07-27,,,Regular Employee,False
W111185,2022-07-03,,,Regular Employee,False
W111186,2022-07-14,,,Regular Employee,False
W111187,2022-07-19,,,Regular Employee,False
W111188,2022-07-06,2022-12-27,Voluntary,Regular Employee,False
W111189,2022-07-23,,,Regular Employee,False
W111190,2022-07-23,,,Regular Employee,False
W111191,2022-07-16,,,Regular Employee,False
W111192,2022-07-25,,,Regular Employee,False
W111193,2022-07-03,,,Regular Employee,False
W111194,2022-07-14,,,Regular Employee,False
W111195,2022-07-19,,,Regular Employee,False
W111196,2022-07-24,2025-10-09,Voluntary,Regular Employee,False
W111197,2022-07-12,,,Regular Employee,False
W111198,2022-07-22,,,Regular Employee,False
W111199,2022-07-28,,,Regular Employee,False
W111200,2022-07-06,2022-09-15,Voluntary,Regular Employee,False
W111201,2022-07-04,,,Regular Employee,False
W111202,2022-07-09,,,Regular Employee,False
W111203,2022-07-06,,,Regular Employee,False
W111204,2022-07-20,,,Regular Employee,False
W111205,2022-07-06,,,Regular Employee,False
W111206,2022-08-05,2023-02-18,Voluntary,Regular Employee,False
W111207,2022-08-30,2023-04-24,Voluntary,Regular Employee,False
W111208,2022-08-06,2023-01-17,Voluntary,Regular Employee,False
W111209,2022-08-16,2024-05-21,Voluntary,Regular Employee,False
W111210,2022-08-31,,,Regular Employee,False
W111211,2022-08-11,2026-06-12,Voluntary,Regular Employee,False
W111212,2022-08-11,2024-04-04,Voluntary,Regular Employee,False
W111213,2022-08-10,2023-05-20,Voluntary,Regular Employee,False
W111214,2022-08-03,2023-07-15,Voluntary,Regular Employee,False
W111215,2022-08-10,2023-02-04,Voluntary,Regular Employee,False
W111216,2022-08-10,2025-01-02,Voluntary,Regular Employee,False
W111217,2022-08-21,,,Regular Employee,False
W111218,2022-08-24,,,Regular Employee,False
W111219,2022-08-30,,,Regular Employee,False
W111220,2022-08-20,,,Regular Employee,False
W111221,2022-08-14,2023-05-14,Voluntary,Regular Employee,False
W111222,2022-08-27,,,Regular Employee,False
W111223,2022-08-15,2023-07-15,Involuntary,Regular Employee,False
W111224,2022-08-16,,,Regular Employee,False
W111225,2022-08-02,,,Regular Employee,False
W111226,2022-08-26,2022-11-19,Involuntary,Regular Employee,False
W111227,2022-08-10,,,Regular Employee,False
W111228,2022-08-13,,,Regular Employee,False
W111229,2022-08-06,,,Regular Employee,False
W111230,2022-08-17,2025-11-29,Voluntary,Regular Employee,False
W111231,2022-08-12,2022-11-02,Voluntary,Regular Employee,False
W111232,2022-08-05,2025-12-17,Voluntary,Regular Employee,False
W111233,2022-08-30,,,Regular Employee,False
W111234,2022-08-18,,,Regular Employee,False
W111235,2022-08-12,,,Regular Employee,False
W111236,2022-08-25,2025-05-31,Voluntary,Regular Employee,False
W111237,2022-08-02,2024-09-20,Voluntary,Regular Employee,False
W111238,2022-08-28,2023-06-06,Voluntary,Regular Employee,False
W111239,2022-08-07,,,Regular Employee,False
W111240,2022-08-10,,,Regular Employee,False
W111241,2022-08-03,2022-10-16,Voluntary,Regular Employee,False
W111242,2022-08-14,2024-05-25,Voluntary,Regular Employee,False
W111243,2022-08-14,,,Regular Employee,False
W111244,2022-08-07,,,Regular Employee,False
W111245,2022-08-02,2024-03-30,Voluntary,Regular Employee,False
W111246,2022-08-30,,,Regular Employee,False
W111247,2022-08-28,,,Regular Employee,False
W111248,2022-08-05,,,Regular Employee,False
W111249,2022-08-23,,,Regular Employee,False
W111250,2022-08-12,2022-10-23,Involuntary,Regular Employee,False
W111251,2022-08-14,2024-10-28,Voluntary,Regular Employee,False
W111252,2022-08-19,2024-02-27,Involuntary,Regular Employee,False
W111253,2022-08-30,2024-07-05,Voluntary,Regular Employee,False
W111254,2022-08-01,,,Regular Employee,False
W111255,2022-08-27,,,Regular Employee,False
W111256,2022-08-14,2023-05-10,Voluntary,Regular Employee,False
W111257,2022-08-04,2023-06-19,Voluntary,Regular Employee,False
W111258,2022-08-17,2023-02-20,Voluntary,Regular Employee,False
W111259,2022-08-07,,,Regular Employee,False
W111260,2022-08-04,2023-11-02,Voluntary,Regular Employee,False
W111261,2022-08-11,,,Regular Employee,False
W111262,2022-08-15,2022-10-06,Voluntary,Regular Employee,False
W111263,2022-08-15,2025-05-03,Voluntary,Regular Employee,False
W111264,2022-08-27,2023-09-16,Voluntary,Regular Employee,False
W111265,2022-08-02,,,Regular Employee,False
W111266,2022-08-22,,,Regular Employee,False
W111267,2022-08-11,,,Regular Employee,False
W111268,2022-08-10,,,Regular Employee,False
W111269,2022-08-07,,,Regular Employee,False
W111270,2022-08-02,,,Regular Employee,False
W111271,2022-08-03,2023-09-15,Voluntary,Regular Employee,False
W111272,2022-08-24,,,Regular Employee,False
W111273,2022-08-22,2026-02-14,Involuntary,Regular Employee,False
W111274,2022-08-01,,,Regular Employee,False
W111275,2022-08-15,,,Regular Employee,False
W111276,2022-08-07,,,Regular Employee,False
W111277,2022-08-12,,,Regular Employee,False
W111278,2022-08-16,2022-11-13,Voluntary,Regular Employee,False
W111279,2022-08-02,,,Regular Employee,False
W111280,2022-08-19,,,Regular Employee,False
W111281,2022-08-11,,,Regular Employee,False
W111282,2022-08-12,2026-05-06,Voluntary,Regular Employee,False
W111283,2022-08-22,,,Regular Employee,False
W111284,2022-08-31,,,Regular Employee,False
W111285,2022-08-05,,,Regular Employee,False
W111286,2022-08-04,2023-06-25,Voluntary,Regular Employee,False
W111287,2022-08-15,2026-06-19,Voluntary,Regular Employee,False
W111288,2022-08-19,,,Regular Employee,False
W111289,2022-08-04,2023-11-11,Involuntary,Regular Employee,False
W111290,2022-08-10,2023-05-13,Voluntary,Regular Employee,False
W111291,2022-08-16,2023-10-26,Voluntary,Regular Employee,False
W111292,2022-08-27,2025-05-01,Voluntary,Regular Employee,False
W111293,2022-08-15,2026-03-05,Voluntary,Regular Employee,False
W111294,2022-08-05,2023-02-18,Voluntary,Regular Employee,False
W111295,2022-08-04,2024-01-11,Voluntary,Regular Employee,False
W111296,2022-08-03,,,Regular Employee,False
W111297,2022-08-28,2022-12-31,Voluntary,Regular Employee,False
W111298,2022-08-07,,,Regular Employee,False
W111299,2022-08-08,,,Regular Employee,False
W111300,2022-08-02,2023-10-26,Voluntary,Regular Employee,False
W111301,2022-08-31,2023-05-14,Voluntary,Regular Employee,False
W111302,2022-08-16,2024-11-04,Voluntary,Regular Employee,False
W111303,2022-08-24,,,Regular Employee,False
W111304,2022-08-11,2023-05-19,Voluntary,Regular Employee,False
W111305,2022-08-22,,,Regular Employee,False
W111306,2022-08-20,,,Regular Employee,False
W111307,2022-08-19,2023-11-09,Voluntary,Regular Employee,False
W111308,2022-08-09,2023-05-13,Voluntary,Regular Employee,False
W111309,2022-08-01,,,Regular Employee,False
W111310,2022-08-18,2023-02-16,Involuntary,Regular Employee,False
W111311,2022-08-03,,,Regular Employee,False
W111312,2022-08-23,,,Regular Employee,False
W111313,2022-08-03,2022-10-05,Voluntary,Regular Employee,False
W111314,2022-08-30,,,Regular Employee,False
W111315,2022-08-18,2023-02-08,Voluntary,Regular Employee,False
W111316,2022-08-15,,,Regular Employee,False
W111317,2022-08-14,,,Regular Employee,False
W111318,2022-08-13,,,Regular Employee,False
W111319,2022-08-25,2022-12-06,Voluntary,Regular Employee,False
W111320,2022-08-30,2024-09-02,Involuntary,Regular Employee,False
W111321,2022-08-14,2023-04-20,Voluntary,Regular Employee,False
W111322,2022-08-26,,,Regular Employee,False
W111323,2022-08-14,2023-08-26,Voluntary,Regular Employee,False
W111324,2022-08-16,,,Regular Employee,False
W111325,2022-08-04,,,Regular Employee,False
W111326,2022-08-05,,,Regular Employee,False
W111327,2022-08-06,,,Regular Employee,False
W111328,2022-08-30,,,Regular Employee,False
W111329,2022-08-05,,,Regular Employee,False
W111330,2022-08-08,2025-10-29,Voluntary,Regular Employee,False
W111331,2022-08-15,2025-05-11,Voluntary,Regular Employee,False
W111332,2022-08-31,2024-07-25,Voluntary,Regular Employee,False
W111333,2022-08-15,2022-12-13,Voluntary,Regular Employee,False
W111334,2022-08-10,,,Regular Employee,False
W111335,2022-08-28,,,Regular Employee,False
W111336,2022-08-19,2025-09-10,Voluntary,Regular Employee,False
W111337,2022-08-24,,,Regular Employee,False
W111338,2022-08-29,,,Regular Employee,False
W111339,2022-08-24,,,Regular Employee,False
W111340,2022-08-03,,,Regular Employee,False
W111341,2022-08-24,,,Regular Employee,False
W111342,2022-08-08,2025-10-20,Voluntary,Regular Employee,False
W111343,2022-08-04,2025-10-17,Voluntary,Regular Employee,False
W111344,2022-08-07,,,Regular Employee,False
W111345,2022-08-08,,,Regular Employee,False
W111346,2022-08-15,2022-11-15,Voluntary,Regular Employee,False
W111347,2022-08-08,,,Regular Employee,False
W111348,2022-08-21,,,Regular Employee,False
W111349,2022-08-06,,,Regular Employee,False
W111350,2022-08-20,,,Regular Employee,False
W111351,2022-08-26,,,Regular Employee,False
W111352,2022-08-16,,,Regular Employee,False
W111353,2022-08-18,,,Regular Employee,False
W111354,2022-08-14,,,Regular Employee,False
W111355,2022-08-23,2026-04-10,Voluntary,Regular Employee,False
W111356,2022-08-19,2024-02-15,Involuntary,Regular Employee,False
W111357,2022-08-07,,,Regular Employee,False
W111358,2022-08-22,,,Regular Employee,False
W111359,2022-08-20,2025-03-06,Involuntary,Regular Employee,False
W111360,2022-08-20,2023-06-01,Involuntary,Regular Employee,False
W111361,2022-08-11,,,Regular Employee,False
W111362,2022-08-03,,,Regular Employee,False
W111363,2022-08-08,2024-05-28,Voluntary,Regular Employee,False
W111364,2022-08-02,,,Regular Employee,False
W111365,2022-08-24,,,Regular Employee,False
W111366,2022-08-30,,,Regular Employee,False
W111367,2022-08-28,2025-07-17,Voluntary,Regular Employee,False
W111368,2022-08-31,2023-10-25,Voluntary,Regular Employee,False
W111369,2022-08-11,2025-06-06,Voluntary,Regular Employee,False
W111370,2022-08-24,2026-03-15,Voluntary,Regular Employee,False
W111371,2022-08-04,,,Regular Employee,False
W111372,2022-08-09,,,Regular Employee,False
W111373,2022-08-24,,,Regular Employee,False
W111374,2022-08-13,,,Regular Employee,False
W111375,2022-08-31,,,Regular Employee,False
W111376,2022-08-27,,,Regular Employee,False
W111377,2022-08-01,,,Regular Employee,False
W111378,2022-08-18,,,Regular Employee,False
W111379,2022-08-22,,,Regular Employee,False
W111380,2022-08-10,2025-09-25,Voluntary,Regular Employee,False
W111381,2022-08-24,,,Regular Employee,False
W111382,2022-08-11,2025-05-27,Voluntary,Regular Employee,False
W111383,2022-08-09,,,Regular Employee,False
W111384,2022-08-01,,,Regular Employee,False
W111385,2022-08-03,,,Regular Employee,False
W111386,2022-08-11,2023-12-02,Voluntary,Regular Employee,False
W111387,2022-08-07,,,Regular Employee,False
W111388,2022-08-15,2024-04-07,Voluntary,Regular Employee,False
W111389,2022-08-08,2023-10-21,Voluntary,Regular Employee,False
W111390,2022-08-19,2025-04-05,Voluntary,Regular Employee,False
W111391,2022-08-21,2023-04-09,Involuntary,Regular Employee,False
W111392,2022-08-19,,,Regular Employee,False
W111393,2022-08-31,2023-08-17,Involuntary,Regular Employee,False
W111394,2022-08-14,2023-10-05,Voluntary,Regular Employee,False
W111395,2022-08-17,2023-01-02,Involuntary,Regular Employee,False
W111396,2022-08-31,,,Regular Employee,False
W111397,2022-08-03,,,Regular Employee,False
W111398,2022-08-06,,,Regular Employee,False
W111399,2022-08-09,2022-10-23,Voluntary,Regular Employee,False
W111400,2022-08-31,,,Regular Employee,False
W111401,2022-08-24,2023-05-29,Voluntary,Regular Employee,False
W111402,2022-08-17,,,Regular Employee,False
W111403,2022-08-05,,,Regular Employee,False
W111404,2022-08-27,,,Regular Employee,False
W111405,2022-08-24,2023-10-12,Voluntary,Regular Employee,False
W111406,2022-08-15,2023-06-18,Involuntary,Regular Employee,False
W111407,2022-08-03,,,Regular Employee,False
W111408,2022-08-12,2026-04-12,Involuntary,Regular Employee,False
W111409,2022-09-16,2023-04-17,Voluntary,Regular Employee,False
W111410,2022-09-04,2024-05-24,Voluntary,Regular Employee,False
W111411,2022-09-20,,,Regular Employee,False
W111412,2022-09-26,2024-07-25,Voluntary,Regular Employee,False
W111413,2022-09-26,2025-10-20,Involuntary,Regular Employee,False
W111414,2022-09-25,,,Regular Employee,False
W111415,2022-09-09,,,Regular Employee,False
W111416,2022-09-29,,,Regular Employee,False
W111417,2022-09-01,2024-03-25,Voluntary,Regular Employee,False
W111418,2022-09-14,2024-02-15,Involuntary,Regular Employee,False
W111419,2022-09-02,2023-08-15,Involuntary,Regular Employee,False
W111420,2022-09-03,,,Regular Employee,False
W111421,2022-09-15,2022-10-09,Involuntary,Regular Employee,False
W111422,2022-09-07,2023-11-22,Involuntary,Regular Employee,False
W111423,2022-09-05,2022-12-26,Voluntary,Regular Employee,False
W111424,2022-09-15,,,Regular Employee,False
W111425,2022-09-26,,,Regular Employee,False
W111426,2022-09-04,2025-11-27,Voluntary,Regular Employee,False
W111427,2022-09-27,2026-01-25,Voluntary,Regular Employee,False
W111428,2022-09-13,,,Regular Employee,False
W111429,2022-09-14,2023-05-01,Voluntary,Regular Employee,False
W111430,2022-09-09,,,Regular Employee,False
W111431,2022-09-14,,,Regular Employee,False
W111432,2022-09-06,,,Regular Employee,False
W111433,2022-09-16,,,Regular Employee,False
W111434,2022-09-20,,,Regular Employee,False
W111435,2022-09-16,,,Regular Employee,False
W111436,2022-09-06,,,Regular Employee,False
W111437,2022-09-03,2024-02-15,Involuntary,Regular Employee,False
W111438,2022-09-28,2024-11-28,Involuntary,Regular Employee,False
W111439,2022-09-13,,,Regular Employee,False
W111440,2022-09-14,,,Regular Employee,False
W111441,2022-09-13,2023-03-24,Voluntary,Regular Employee,False
W111442,2022-09-23,2023-04-22,Voluntary,Regular Employee,False
W111443,2022-09-10,,,Regular Employee,False
W111444,2022-09-04,2024-05-05,Involuntary,Regular Employee,False
W111445,2022-09-10,,,Regular Employee,False
W111446,2022-09-13,,,Regular Employee,False
W111447,2022-09-24,2023-05-27,Voluntary,Regular Employee,False
W111448,2022-09-10,,,Regular Employee,False
W111449,2022-09-20,,,Regular Employee,False
W111450,2022-09-07,2024-05-22,Voluntary,Regular Employee,False
W111451,2022-09-20,,,Regular Employee,False
W111452,2022-09-06,2026-06-27,Voluntary,Regular Employee,False
W111453,2022-09-24,,,Regular Employee,False
W111454,2022-09-19,,,Regular Employee,False
W111455,2022-09-15,,,Regular Employee,False
W111456,2022-09-26,2023-06-25,Voluntary,Regular Employee,False
W111457,2022-09-24,,,Regular Employee,False
W111458,2022-09-28,,,Regular Employee,False
W111459,2022-09-13,2022-11-10,Involuntary,Regular Employee,False
W111460,2022-09-13,2022-11-18,Voluntary,Regular Employee,False
W111461,2022-09-18,,,Regular Employee,False
W111462,2022-09-11,,,Regular Employee,False
W111463,2022-09-01,2026-02-22,Voluntary,Regular Employee,False
W111464,2022-09-23,2023-06-19,Voluntary,Regular Employee,False
W111465,2022-09-12,2023-05-11,Voluntary,Regular Employee,False
W111466,2022-09-05,,,Regular Employee,False
W111467,2022-09-07,2022-10-18,Voluntary,Regular Employee,False
W111468,2022-09-20,2025-12-07,Voluntary,Regular Employee,False
W111469,2022-09-23,,,Regular Employee,False
W111470,2022-09-08,,,Regular Employee,False
W111471,2022-09-10,2024-07-04,Voluntary,Regular Employee,False
W111472,2022-09-21,,,Regular Employee,False
W111473,2022-09-11,2025-05-22,Voluntary,Regular Employee,False
W111474,2022-09-13,,,Regular Employee,False
W111475,2022-09-20,,,Regular Employee,False
W111476,2022-09-07,,,Regular Employee,False
W111477,2022-09-27,,,Regular Employee,False
W111478,2022-09-17,,,Regular Employee,False
W111479,2022-09-18,2023-05-15,Involuntary,Regular Employee,False
W111480,2022-09-05,2022-12-15,Voluntary,Regular Employee,False
W111481,2022-09-28,,,Regular Employee,False
W111482,2022-09-03,2026-01-01,Involuntary,Regular Employee,False
W111483,2022-09-26,,,Regular Employee,False
W111484,2022-09-02,2026-02-04,Voluntary,Regular Employee,False
W111485,2022-09-19,2024-12-04,Voluntary,Regular Employee,False
W111486,2022-09-14,,,Regular Employee,False
W111487,2022-09-29,2024-07-09,Voluntary,Regular Employee,False
W111488,2022-09-19,,,Regular Employee,False
W111489,2022-09-12,2024-06-27,Involuntary,Regular Employee,False
W111490,2022-09-01,2025-09-03,Voluntary,Regular Employee,False
W111491,2022-09-10,,,Regular Employee,False
W111492,2022-09-28,2023-10-16,Voluntary,Regular Employee,False
W111493,2022-09-20,,,Regular Employee,False
W111494,2022-09-21,2024-09-03,Voluntary,Regular Employee,False
W111495,2022-09-28,2022-12-10,Voluntary,Regular Employee,False
W111496,2022-09-30,,,Regular Employee,False
W111497,2022-09-19,,,Regular Employee,False
W111498,2022-09-30,2026-01-15,Voluntary,Regular Employee,False
W111499,2022-09-23,,,Regular Employee,False
W111500,2022-09-25,,,Regular Employee,False
W111501,2022-09-27,2023-08-07,Voluntary,Regular Employee,False
W111502,2022-09-19,,,Regular Employee,False
W111503,2022-09-04,,,Regular Employee,False
W111504,2022-09-12,2025-03-23,Voluntary,Regular Employee,False
W111505,2022-09-17,,,Regular Employee,False
W111506,2022-09-15,,,Regular Employee,False
W111507,2022-09-28,,,Regular Employee,False
W111508,2022-09-14,,,Regular Employee,False
W111509,2022-09-25,2024-07-09,Voluntary,Regular Employee,False
W111510,2022-09-03,2023-08-24,Involuntary,Regular Employee,False
W111511,2022-09-27,,,Regular Employee,False
W111512,2022-09-26,,,Regular Employee,False
W111513,2022-09-29,,,Regular Employee,False
W111514,2022-09-11,,,Regular Employee,False
W111515,2022-09-14,,,Regular Employee,False
W111516,2022-09-15,,,Regular Employee,False
W111517,2022-09-02,,,Regular Employee,False
W111518,2022-09-21,2025-02-21,Voluntary,Regular Employee,False
W111519,2022-09-05,,,Regular Employee,False
W111520,2022-09-29,,,Regular Employee,False
W111521,2022-09-06,2025-11-29,Voluntary,Regular Employee,False
W111522,2022-09-25,,,Regular Employee,False
W111523,2022-09-16,2023-10-26,Voluntary,Regular Employee,False
W111524,2022-09-26,,,Regular Employee,False
W111525,2022-09-01,,,Regular Employee,False
W111526,2022-09-23,2023-02-05,Voluntary,Regular Employee,False
W111527,2022-09-05,2023-07-31,Voluntary,Regular Employee,False
W111528,2022-09-11,2023-03-13,Involuntary,Regular Employee,False
W111529,2022-09-19,,,Regular Employee,False
W111530,2022-09-22,2025-09-05,Voluntary,Regular Employee,False
W111531,2022-09-01,,,Regular Employee,False
W111532,2022-09-02,,,Regular Employee,False
W111533,2022-09-04,2025-11-15,Voluntary,Regular Employee,False
W111534,2022-09-01,,,Regular Employee,False
W111535,2022-09-16,,,Regular Employee,False
W111536,2022-09-21,2023-01-11,Voluntary,Regular Employee,False
W111537,2022-09-06,,,Regular Employee,False
W111538,2022-09-29,,,Regular Employee,False
W111539,2022-09-11,2023-01-08,Voluntary,Regular Employee,False
W111540,2022-09-11,2022-11-15,Voluntary,Regular Employee,False
W111541,2022-09-05,,,Regular Employee,False
W111542,2022-09-28,2025-01-27,Voluntary,Regular Employee,False
W111543,2022-09-28,,,Regular Employee,False
W111544,2022-09-01,2025-06-27,Voluntary,Regular Employee,False
W111545,2022-09-24,,,Regular Employee,False
W111546,2022-09-16,,,Regular Employee,False
W111547,2022-09-25,,,Regular Employee,False
W111548,2022-09-16,2022-11-26,Voluntary,Regular Employee,False
W111549,2022-09-18,,,Regular Employee,False
W111550,2022-09-11,,,Regular Employee,False
W111551,2022-09-12,,,Regular Employee,False
W111552,2022-09-23,,,Regular Employee,False
W111553,2022-09-21,2023-08-03,Involuntary,Regular Employee,False
W111554,2022-09-29,2023-05-06,Involuntary,Regular Employee,False
W111555,2022-09-29,,,Regular Employee,False
W111556,2022-09-01,,,Regular Employee,False
W111557,2022-09-04,,,Regular Employee,False
W111558,2022-09-11,,,Regular Employee,False
W111559,2022-09-24,2024-02-15,Involuntary,Regular Employee,False
W111560,2022-09-12,2022-10-22,Voluntary,Regular Employee,False
W111561,2022-09-10,2024-09-18,Voluntary,Regular Employee,False
W111562,2022-09-27,,,Regular Employee,False
W111563,2022-09-04,,,Regular Employee,False
W111564,2022-09-28,,,Regular Employee,False
W111565,2022-09-07,,,Regular Employee,False
W111566,2022-09-14,,,Regular Employee,False
W111567,2022-09-14,2025-04-11,Voluntary,Regular Employee,False
W111568,2022-09-16,2023-03-23,Voluntary,Regular Employee,False
W111569,2022-09-15,2024-04-19,Voluntary,Regular Employee,False
W111570,2022-09-06,,,Regular Employee,False
W111571,2022-09-20,2023-11-22,Voluntary,Regular Employee,False
W111572,2022-09-17,,,Regular Employee,False
W111573,2022-09-07,,,Regular Employee,False
W111574,2022-09-29,,,Regular Employee,False
W111575,2022-09-29,,,Regular Employee,False
W111576,2022-09-17,2024-09-22,Voluntary,Regular Employee,False
W111577,2022-09-20,2024-11-06,Voluntary,Regular Employee,False
W111578,2022-09-20,,,Regular Employee,False
W111579,2022-09-14,,,Regular Employee,False
W111580,2022-09-18,,,Regular Employee,False
W111581,2022-09-06,,,Regular Employee,False
W111582,2022-09-28,2023-09-18,Voluntary,Regular Employee,False
W111583,2022-09-21,,,Regular Employee,False
W111584,2022-09-22,2023-03-16,Involuntary,Regular Employee,False
W111585,2022-09-29,,,Regular Employee,False
W111586,2022-09-22,2026-05-12,Voluntary,Regular Employee,False
W111587,2022-10-14,2024-02-15,Involuntary,Regular Employee,False
W111588,2022-10-10,,,Regular Employee,False
W111589,2022-10-19,2023-07-23,Voluntary,Regular Employee,False
W111590,2022-10-05,2025-04-28,Voluntary,Regular Employee,False
W111591,2022-10-21,2025-07-04,Voluntary,Regular Employee,False
W111592,2022-10-16,,,Regular Employee,False
W111593,2022-10-07,2023-05-27,Voluntary,Regular Employee,False
W111594,2022-10-24,,,Regular Employee,False
W111595,2022-10-21,2025-09-30,Voluntary,Regular Employee,False
W111596,2022-10-15,,,Regular Employee,False
W111597,2022-10-31,2024-03-06,Voluntary,Regular Employee,False
W111598,2022-10-05,,,Regular Employee,False
W111599,2022-10-19,2026-01-18,Voluntary,Regular Employee,False
W111600,2022-10-19,,,Regular Employee,False
W111601,2022-10-31,,,Regular Employee,False
W111602,2022-10-18,2025-08-10,Involuntary,Regular Employee,False
W111603,2022-10-06,,,Regular Employee,False
W111604,2022-10-18,,,Regular Employee,False
W111605,2022-10-06,,,Regular Employee,False
W111606,2022-10-06,,,Regular Employee,False
W111607,2022-10-05,2024-04-29,Voluntary,Regular Employee,False
W111608,2022-10-04,2023-04-04,Voluntary,Regular Employee,False
W111609,2022-10-25,2025-06-12,Voluntary,Regular Employee,False
W111610,2022-10-11,,,Regular Employee,False
W111611,2022-10-28,,,Regular Employee,False
W111612,2022-10-30,,,Regular Employee,False
W111613,2022-10-25,,,Regular Employee,False
W111614,2022-10-07,,,Regular Employee,False
W111615,2022-10-21,2023-07-04,Voluntary,Regular Employee,False
W111616,2022-10-01,,,Regular Employee,False
W111617,2022-10-13,,,Regular Employee,False
W111618,2022-10-02,,,Regular Employee,False
W111619,2022-10-05,,,Regular Employee,False
W111620,2022-10-24,2025-04-27,Voluntary,Regular Employee,False
W111621,2022-10-11,2022-11-18,Involuntary,Regular Employee,False
W111622,2022-10-14,2023-01-31,Voluntary,Regular Employee,False
W111623,2022-10-22,,,Regular Employee,False
W111624,2022-10-05,,,Regular Employee,False
W111625,2022-10-28,2023-06-11,Voluntary,Regular Employee,False
W111626,2022-10-08,2022-12-31,Voluntary,Regular Employee,False
W111627,2022-10-31,,,Regular Employee,False
W111628,2022-10-06,2025-10-28,Voluntary,Regular Employee,False
W111629,2022-10-07,,,Regular Employee,False
W111630,2022-10-16,,,Regular Employee,False
W111631,2022-10-29,,,Regular Employee,False
W111632,2022-10-15,2023-02-09,Voluntary,Regular Employee,False
W111633,2022-10-31,2026-04-18,Voluntary,Regular Employee,False
W111634,2022-10-17,2023-02-25,Involuntary,Regular Employee,False
W111635,2022-10-14,2023-03-23,Voluntary,Regular Employee,False
W111636,2022-10-12,,,Regular Employee,False
W111637,2022-10-16,2024-05-30,Voluntary,Regular Employee,False
W111638,2022-10-25,,,Regular Employee,False
W111639,2022-10-02,2026-05-17,Voluntary,Regular Employee,False
W111640,2022-10-30,,,Regular Employee,False
W111641,2022-10-06,,,Regular Employee,False
W111642,2022-10-26,,,Regular Employee,False
W111643,2022-10-18,,,Regular Employee,False
W111644,2022-10-13,2023-10-11,Voluntary,Regular Employee,False
W111645,2022-10-09,,,Regular Employee,False
W111646,2022-10-06,,,Regular Employee,False
W111647,2022-10-24,,,Regular Employee,False
W111648,2022-10-23,,,Regular Employee,False
W111649,2022-10-30,,,Regular Employee,False
W111650,2022-10-29,2026-06-10,Voluntary,Regular Employee,False
W111651,2022-10-18,,,Regular Employee,False
W111652,2022-10-11,2024-07-11,Involuntary,Regular Employee,False
W111653,2022-10-06,2024-03-18,Voluntary,Regular Employee,False
W111654,2022-10-01,2024-06-28,Involuntary,Regular Employee,False
W111655,2022-10-15,,,Regular Employee,False
W111656,2022-10-19,,,Regular Employee,False
W111657,2022-10-08,2025-08-23,Involuntary,Regular Employee,False
W111658,2022-10-29,,,Regular Employee,False
W111659,2022-10-01,2022-12-10,Voluntary,Regular Employee,False
W111660,2022-10-25,2025-09-13,Voluntary,Regular Employee,False
W111661,2022-10-14,,,Regular Employee,False
W111662,2022-10-21,2024-03-07,Involuntary,Regular Employee,False
W111663,2022-10-13,,,Regular Employee,False
W111664,2022-10-05,2024-07-19,Voluntary,Regular Employee,False
W111665,2022-10-19,2024-12-16,Involuntary,Regular Employee,False
W111666,2022-10-17,,,Regular Employee,False
W111667,2022-10-19,,,Regular Employee,False
W111668,2022-10-02,,,Regular Employee,False
W111669,2022-10-20,2025-06-24,Voluntary,Regular Employee,False
W111670,2022-10-21,,,Regular Employee,False
W111671,2022-10-20,,,Regular Employee,False
W111672,2022-10-19,,,Regular Employee,False
W111673,2022-10-20,,,Regular Employee,False
W111674,2022-10-11,2023-05-07,Voluntary,Regular Employee,False
W111675,2022-10-15,,,Regular Employee,False
W111676,2022-10-18,,,Regular Employee,False
W111677,2022-10-15,2025-12-26,Voluntary,Regular Employee,False
W111678,2022-10-17,2023-08-28,Involuntary,Regular Employee,False
W111679,2022-10-01,2023-06-01,Involuntary,Regular Employee,False
W111680,2022-10-12,2025-10-01,Involuntary,Regular Employee,False
W111681,2022-10-11,2026-04-01,Voluntary,Regular Employee,False
W111682,2022-10-17,,,Regular Employee,False
W111683,2022-10-06,,,Regular Employee,False
W111684,2022-10-12,2024-05-10,Voluntary,Regular Employee,False
W111685,2022-10-12,,,Regular Employee,False
W111686,2022-10-11,2022-12-17,Involuntary,Regular Employee,False
W111687,2022-10-27,2023-03-03,Voluntary,Regular Employee,False
W111688,2022-10-23,2022-12-24,Voluntary,Regular Employee,False
W111689,2022-10-21,,,Regular Employee,False
W111690,2022-10-12,2022-12-11,Involuntary,Regular Employee,False
W111691,2022-10-20,,,Regular Employee,False
W111692,2022-10-26,2023-10-19,Involuntary,Regular Employee,False
W111693,2022-10-06,,,Regular Employee,False
W111694,2022-10-26,2023-07-06,Voluntary,Regular Employee,False
W111695,2022-10-08,,,Regular Employee,False
W111696,2022-10-04,,,Regular Employee,False
W111697,2022-10-21,,,Regular Employee,False
W111698,2022-10-19,,,Regular Employee,False
W111699,2022-10-20,2025-03-14,Involuntary,Regular Employee,False
W111700,2022-10-08,,,Regular Employee,False
W111701,2022-10-23,,,Regular Employee,False
W111702,2022-10-13,2023-11-02,Voluntary,Regular Employee,False
W111703,2022-10-21,2022-11-06,Voluntary,Regular Employee,False
W111704,2022-10-03,,,Regular Employee,False
W111705,2022-10-21,,,Regular Employee,False
W111706,2022-10-09,2023-05-26,Voluntary,Regular Employee,False
W111707,2022-10-23,2022-11-09,Voluntary,Regular Employee,False
W111708,2022-10-10,,,Regular Employee,False
W111709,2022-10-27,2023-02-19,Voluntary,Regular Employee,False
W111710,2022-10-16,2026-06-06,Voluntary,Regular Employee,False
W111711,2022-10-04,,,Regular Employee,False
W111712,2022-10-19,,,Regular Employee,False
W111713,2022-10-26,2023-11-07,Voluntary,Regular Employee,False
W111714,2022-10-22,2023-09-21,Involuntary,Regular Employee,False
W111715,2022-10-13,,,Regular Employee,False
W111716,2022-10-14,,,Regular Employee,False
W111717,2022-10-16,,,Regular Employee,False
W111718,2022-10-13,,,Regular Employee,False
W111719,2022-10-15,2023-05-24,Voluntary,Regular Employee,False
W111720,2022-10-10,,,Regular Employee,False
W111721,2022-10-21,,,Regular Employee,False
W111722,2022-10-06,,,Regular Employee,False
W111723,2022-10-05,2025-11-15,Voluntary,Regular Employee,False
W111724,2022-10-28,,,Regular Employee,False
W111725,2022-10-30,,,Regular Employee,False
W111726,2022-10-08,2023-02-27,Voluntary,Regular Employee,False
W111727,2022-10-21,,,Regular Employee,False
W111728,2022-10-14,,,Regular Employee,False
W111729,2022-10-20,2024-10-28,Voluntary,Regular Employee,False
W111730,2022-10-21,,,Regular Employee,False
W111731,2022-10-24,2023-03-21,Voluntary,Regular Employee,False
W111732,2022-10-13,2023-12-12,Voluntary,Regular Employee,False
W111733,2022-10-02,,,Regular Employee,False
W111734,2022-10-15,2026-05-06,Voluntary,Regular Employee,False
W111735,2022-10-14,,,Regular Employee,False
W111736,2022-10-13,,,Regular Employee,False
W111737,2022-10-07,,,Regular Employee,False
W111738,2022-10-06,,,Regular Employee,False
W111739,2022-10-10,,,Regular Employee,False
W111740,2022-10-31,2023-02-13,Voluntary,Regular Employee,False
W111741,2022-10-24,,,Regular Employee,False
W111742,2022-10-27,,,Regular Employee,False
W111743,2022-10-23,,,Regular Employee,False
W111744,2022-10-01,,,Regular Employee,False
W111745,2022-10-28,,,Regular Employee,False
W111746,2022-10-13,,,Regular Employee,False
W111747,2022-10-17,,,Regular Employee,False
W111748,2022-10-28,2026-01-02,Voluntary,Regular Employee,False
W111749,2022-10-18,,,Regular Employee,False
W111750,2022-10-16,2025-02-15,Voluntary,Regular Employee,False
W111751,2022-10-22,2026-02-02,Involuntary,Regular Employee,False
W111752,2022-10-24,2023-02-01,Voluntary,Regular Employee,False
W111753,2022-10-31,,,Regular Employee,False
W111754,2022-10-19,,,Regular Employee,False
W111755,2022-10-26,2024-02-25,Voluntary,Regular Employee,False
W111756,2022-10-23,,,Regular Employee,False
W111757,2022-10-18,2025-01-22,Voluntary,Regular Employee,False
W111758,2022-10-17,,,Regular Employee,False
W111759,2022-10-31,,,Regular Employee,False
W111760,2022-10-11,2022-12-08,Involuntary,Regular Employee,False
W111761,2022-10-14,2023-06-17,Voluntary,Regular Employee,False
W111762,2022-10-10,,,Regular Employee,False
W111763,2022-10-14,2022-11-29,Voluntary,Regular Employee,False
W111764,2022-10-03,,,Regular Employee,False
W111765,2022-10-28,2024-09-12,Voluntary,Regular Employee,False
W111766,2022-10-03,,,Regular Employee,False
W111767,2022-10-17,2023-05-28,Voluntary,Regular Employee,False
W111768,2022-10-11,,,Regular Employee,False
W111769,2022-10-17,2023-07-02,Voluntary,Regular Employee,False
W111770,2022-10-05,,,Regular Employee,False
W111771,2022-10-22,,,Regular Employee,False
W111772,2022-10-10,2023-06-10,Involuntary,Regular Employee,False
W111773,2022-10-20,,,Regular Employee,False
W111774,2022-10-26,,,Regular Employee,False
W111775,2022-10-28,,,Regular Employee,False
W111776,2022-10-29,2024-08-11,Voluntary,Regular Employee,False
W111777,2022-10-26,,,Regular Employee,False
W111778,2022-10-26,,,Regular Employee,False
W111779,2022-10-15,,,Regular Employee,False
W111780,2022-10-13,,,Regular Employee,False
W111781,2022-10-28,,,Regular Employee,False
W111782,2022-10-26,,,Regular Employee,False
W111783,2022-10-05,2025-06-13,Voluntary,Regular Employee,False
W111784,2022-10-01,,,Regular Employee,False
W111785,2022-10-10,,,Regular Employee,False
W111786,2022-10-26,2023-03-09,Voluntary,Regular Employee,False
W111787,2022-10-06,,,Regular Employee,False
W111788,2022-10-26,,,Regular Employee,False
W111789,2022-10-19,,,Regular Employee,False
W111790,2022-10-08,,,Regular Employee,False
W111791,2022-10-26,,,Regular Employee,False
W111792,2022-10-27,2022-12-23,Voluntary,Regular Employee,False
W111793,2022-10-14,,,Regular Employee,False
W111794,2022-10-27,2024-01-02,Involuntary,Regular Employee,False
W111795,2022-10-04,2026-03-23,Voluntary,Regular Employee,False
W111796,2022-10-16,,,Regular Employee,False
W111797,2022-10-20,,,Regular Employee,False
W111798,2022-10-20,2024-09-01,Involuntary,Regular Employee,False
W111799,2022-10-23,,,Regular Employee,False
W111800,2022-10-16,2022-12-17,Voluntary,Regular Employee,False
W111801,2022-10-30,2023-12-19,Voluntary,Regular Employee,False
W111802,2022-10-30,2025-04-06,Voluntary,Regular Employee,False
W111803,2022-10-31,,,Regular Employee,False
W111804,2022-10-04,,,Regular Employee,False
W111805,2022-10-08,,,Regular Employee,False
W111806,2022-10-19,2023-06-11,Voluntary,Regular Employee,False
W111807,2022-10-21,2026-06-01,Voluntary,Regular Employee,False
W111808,2022-10-01,2025-04-11,Voluntary,Regular Employee,False
W111809,2022-11-24,,,Regular Employee,False
W111810,2022-11-26,,,Regular Employee,False
W111811,2022-11-15,,,Regular Employee,False
W111812,2022-11-28,,,Regular Employee,False
W111813,2022-11-22,2024-02-15,Involuntary,Regular Employee,False
W111814,2022-11-06,2024-06-25,Voluntary,Regular Employee,False
W111815,2022-11-04,2023-06-23,Voluntary,Regular Employee,False
W111816,2022-11-22,,,Regular Employee,False
W111817,2022-11-07,2023-02-14,Voluntary,Regular Employee,False
W111818,2022-11-16,,,Regular Employee,False
W111819,2022-11-06,2023-03-27,Voluntary,Regular Employee,False
W111820,2022-11-19,,,Regular Employee,False
W111821,2022-11-26,2023-02-10,Voluntary,Regular Employee,False
W111822,2022-11-04,2025-10-02,Voluntary,Regular Employee,False
W111823,2022-11-09,,,Regular Employee,False
W111824,2022-11-20,2023-05-27,Voluntary,Regular Employee,False
W111825,2022-11-16,2022-12-29,Voluntary,Regular Employee,False
W111826,2022-11-02,,,Regular Employee,False
W111827,2022-11-03,,,Regular Employee,False
W111828,2022-11-11,,,Regular Employee,False
W111829,2022-11-02,2023-02-03,Voluntary,Regular Employee,False
W111830,2022-11-30,,,Regular Employee,False
W111831,2022-11-14,,,Regular Employee,False
W111832,2022-11-03,2025-11-17,Involuntary,Regular Employee,False
W111833,2022-11-22,2026-01-08,Voluntary,Regular Employee,False
W111834,2022-11-23,,,Regular Employee,False
W111835,2022-11-20,,,Regular Employee,False
W111836,2022-11-30,,,Regular Employee,False
W111837,2022-11-14,,,Regular Employee,False
W111838,2022-11-16,,,Regular Employee,False
W111839,2022-11-01,,,Regular Employee,False
W111840,2022-11-12,,,Regular Employee,False
W111841,2022-11-14,,,Regular Employee,False
W111842,2022-11-26,,,Regular Employee,False
W111843,2022-11-16,,,Regular Employee,False
W111844,2022-11-02,,,Regular Employee,False
W111845,2022-11-18,,,Regular Employee,False
W111846,2022-11-27,,,Regular Employee,False
W111847,2022-11-10,2023-12-09,Voluntary,Regular Employee,False
W111848,2022-11-19,,,Regular Employee,False
W111849,2022-11-14,,,Regular Employee,False
W111850,2022-11-19,2023-10-05,Involuntary,Regular Employee,False
W111851,2022-11-27,2022-12-10,Involuntary,Regular Employee,False
W111852,2022-11-30,,,Regular Employee,False
W111853,2022-11-29,,,Regular Employee,False
W111854,2022-11-08,,,Regular Employee,False
W111855,2022-11-04,2024-03-26,Voluntary,Regular Employee,False
W111856,2022-11-23,2023-01-08,Voluntary,Regular Employee,False
W111857,2022-11-11,,,Regular Employee,False
W111858,2022-11-19,,,Regular Employee,False
W111859,2022-11-24,,,Regular Employee,False
W111860,2022-11-29,,,Regular Employee,False
W111861,2022-11-28,2023-02-26,Involuntary,Regular Employee,False
W111862,2022-11-10,,,Regular Employee,False
W111863,2022-11-24,,,Regular Employee,False
W111864,2022-11-10,,,Regular Employee,False
W111865,2022-11-22,,,Regular Employee,False
W111866,2022-11-21,2023-05-18,Involuntary,Regular Employee,False
W111867,2022-11-21,2026-05-14,Voluntary,Regular Employee,False
W111868,2022-11-27,2025-08-31,Voluntary,Regular Employee,False
W111869,2022-11-03,,,Regular Employee,False
W111870,2022-11-16,,,Regular Employee,False
W111871,2022-11-02,2025-03-13,Voluntary,Regular Employee,False
W111872,2022-11-14,,,Regular Employee,False
W111873,2022-11-10,,,Regular Employee,False
W111874,2022-11-17,,,Regular Employee,False
W111875,2022-11-24,2025-04-09,Voluntary,Regular Employee,False
W111876,2022-11-21,,,Regular Employee,False
W111877,2022-11-25,,,Regular Employee,False
W111878,2022-11-08,2026-05-25,Involuntary,Regular Employee,False
W111879,2022-11-07,,,Regular Employee,False
W111880,2022-11-28,,,Regular Employee,False
W111881,2022-11-30,2024-02-22,Involuntary,Regular Employee,False
W111882,2022-11-30,,,Regular Employee,False
W111883,2022-11-17,2026-05-30,Voluntary,Regular Employee,False
W111884,2022-11-24,,,Regular Employee,False
W111885,2022-11-03,,,Regular Employee,False
W111886,2022-11-19,,,Regular Employee,False
W111887,2022-11-03,2025-11-27,Voluntary,Regular Employee,False
W111888,2022-11-23,2023-08-09,Voluntary,Regular Employee,False
W111889,2022-11-14,,,Regular Employee,False
W111890,2022-11-29,2024-03-04,Voluntary,Regular Employee,False
W111891,2022-11-29,,,Regular Employee,False
W111892,2022-11-01,,,Regular Employee,False
W111893,2022-11-08,2023-03-07,Voluntary,Regular Employee,False
W111894,2022-11-23,,,Regular Employee,False
W111895,2022-11-30,,,Regular Employee,False
W111896,2022-11-09,,,Regular Employee,False
W111897,2022-11-19,,,Regular Employee,False
W111898,2022-11-20,,,Regular Employee,False
W111899,2022-11-26,2024-05-25,Voluntary,Regular Employee,False
W111900,2022-11-20,2023-04-24,Involuntary,Regular Employee,False
W111901,2022-11-18,2022-12-05,Voluntary,Regular Employee,False
W111902,2022-11-10,2023-10-17,Voluntary,Regular Employee,False
W111903,2022-11-07,,,Regular Employee,False
W111904,2022-11-08,,,Regular Employee,False
W111905,2022-11-10,2023-04-22,Voluntary,Regular Employee,False
W111906,2022-11-25,2025-07-24,Voluntary,Regular Employee,False
W111907,2022-11-22,2023-05-28,Voluntary,Regular Employee,False
W111908,2022-11-22,,,Regular Employee,False
W111909,2022-11-12,,,Regular Employee,False
W111910,2022-11-13,2023-09-01,Voluntary,Regular Employee,False
W111911,2022-11-27,,,Regular Employee,False
W111912,2022-11-23,,,Regular Employee,False
W111913,2022-11-16,2024-09-12,Voluntary,Regular Employee,False
W111914,2022-11-30,,,Regular Employee,False
W111915,2022-11-03,2024-03-11,Voluntary,Regular Employee,False
W111916,2022-11-20,,,Regular Employee,False
W111917,2022-11-01,2022-12-19,Voluntary,Regular Employee,False
W111918,2022-11-24,,,Regular Employee,False
W111919,2022-11-10,2024-01-08,Voluntary,Regular Employee,False
W111920,2022-11-29,,,Regular Employee,False
W111921,2022-11-01,,,Regular Employee,False
W111922,2022-11-04,,,Regular Employee,False
W111923,2022-11-11,2023-04-15,Voluntary,Regular Employee,False
W111924,2022-11-05,,,Regular Employee,False
W111925,2022-11-04,2025-01-08,Voluntary,Regular Employee,False
W111926,2022-11-09,,,Regular Employee,False
W111927,2022-11-18,2023-04-03,Voluntary,Regular Employee,False
W111928,2022-11-18,,,Regular Employee,False
W111929,2022-11-22,,,Regular Employee,False
W111930,2022-11-09,,,Regular Employee,False
W111931,2022-11-12,,,Regular Employee,False
W111932,2022-11-09,,,Regular Employee,False
W111933,2022-11-04,,,Regular Employee,False
W111934,2022-11-19,2026-03-14,Voluntary,Regular Employee,False
W111935,2022-11-28,2026-02-03,Involuntary,Regular Employee,False
W111936,2022-11-19,,,Regular Employee,False
W111937,2022-11-13,2023-09-23,Voluntary,Regular Employee,False
W111938,2022-11-03,,,Regular Employee,False
W111939,2022-11-07,,,Regular Employee,False
W111940,2022-11-04,,,Regular Employee,False
W111941,2022-11-01,,,Regular Employee,False
W111942,2022-11-20,,,Regular Employee,False
W111943,2022-11-29,2023-02-22,Voluntary,Regular Employee,False
W111944,2022-11-19,2023-03-11,Voluntary,Regular Employee,False
W111945,2022-11-28,,,Regular Employee,False
W111946,2022-11-05,,,Regular Employee,False
W111947,2022-11-01,,,Regular Employee,False
W111948,2022-11-11,,,Regular Employee,False
W111949,2022-11-19,2023-03-12,Voluntary,Regular Employee,False
W111950,2022-11-19,2024-02-15,Involuntary,Regular Employee,False
W111951,2022-11-02,,,Regular Employee,False
W111952,2022-11-14,2023-06-18,Voluntary,Regular Employee,False
W111953,2022-11-16,2026-06-25,Voluntary,Regular Employee,False
W111954,2022-11-27,2023-04-11,Voluntary,Regular Employee,False
W111955,2022-11-27,2025-01-23,Voluntary,Regular Employee,False
W111956,2022-11-18,2025-05-04,Voluntary,Regular Employee,False
W111957,2022-11-05,2023-01-20,Voluntary,Regular Employee,False
W111958,2022-11-10,,,Regular Employee,False
W111959,2022-11-18,2023-07-21,Involuntary,Regular Employee,False
W111960,2022-11-22,,,Regular Employee,False
W111961,2022-11-20,,,Regular Employee,False
W111962,2022-11-24,2023-03-25,Voluntary,Regular Employee,False
W111963,2022-11-06,,,Regular Employee,False
W111964,2022-11-19,,,Regular Employee,False
W111965,2022-11-18,2025-12-05,Voluntary,Regular Employee,False
W111966,2022-11-20,,,Regular Employee,False
W111967,2022-11-22,2025-08-24,Voluntary,Regular Employee,False
W111968,2022-11-01,,,Regular Employee,False
W111969,2022-11-06,2025-09-13,Voluntary,Regular Employee,False
W111970,2022-11-29,,,Regular Employee,False
W111971,2022-11-25,2025-01-30,Voluntary,Regular Employee,False
W111972,2022-11-23,,,Regular Employee,False
W111973,2022-11-12,2024-07-18,Involuntary,Regular Employee,False
W111974,2022-11-15,2024-06-11,Voluntary,Regular Employee,False
W111975,2022-11-03,,,Regular Employee,False
W111976,2022-11-13,,,Regular Employee,False
W111977,2022-11-04,,,Regular Employee,False
W111978,2022-11-04,2023-02-04,Voluntary,Regular Employee,False
W111979,2022-11-06,,,Regular Employee,False
W111980,2022-11-20,,,Regular Employee,False
W111981,2022-11-08,,,Regular Employee,False
W111982,2022-11-03,,,Regular Employee,False
W111983,2022-11-21,2026-04-11,Voluntary,Regular Employee,False
W111984,2022-11-25,,,Regular Employee,False
W111985,2022-11-26,,,Regular Employee,False
W111986,2022-11-16,,,Regular Employee,False
W111987,2022-11-23,2022-12-24,Voluntary,Regular Employee,False
W111988,2022-11-27,,,Regular Employee,False
W111989,2022-11-12,2024-12-26,Involuntary,Regular Employee,False
W111990,2022-11-13,2025-02-03,Voluntary,Regular Employee,False
W111991,2022-11-21,2023-08-30,Voluntary,Regular Employee,False
W111992,2022-11-20,2026-03-10,Voluntary,Regular Employee,False
W111993,2022-11-01,2023-09-26,Voluntary,Regular Employee,False
W111994,2022-11-22,,,Regular Employee,False
W111995,2022-11-24,2024-01-19,Involuntary,Regular Employee,False
W111996,2022-11-21,2023-01-26,Voluntary,Regular Employee,False
W111997,2022-11-25,,,Regular Employee,False
W111998,2022-11-21,2025-01-16,Voluntary,Regular Employee,False
W111999,2022-11-21,,,Regular Employee,False
W112000,2022-11-09,2024-02-15,Involuntary,Regular Employee,False
W112001,2022-11-23,,,Regular Employee,False
W112002,2022-11-01,2024-02-27,Voluntary,Regular Employee,False
W112003,2022-11-23,,,Regular Employee,False
W112004,2022-11-20,2026-02-15,Voluntary,Regular Employee,False
W112005,2022-11-26,2024-09-24,Voluntary,Regular Employee,False
W112006,2022-11-03,,,Regular Employee,False
W112007,2022-11-17,2023-03-17,Voluntary,Regular Employee,False
W112008,2022-11-30,,,Regular Employee,False
W112009,2022-11-24,,,Regular Employee,False
W112010,2022-11-21,,,Regular Employee,False
W112011,2022-11-15,2023-04-21,Voluntary,Regular Employee,False
W112012,2022-11-28,,,Regular Employee,False
W112013,2022-11-17,,,Regular Employee,False
W112014,2022-11-11,,,Regular Employee,False
W112015,2022-11-14,,,Regular Employee,False
W112016,2022-11-17,,,Regular Employee,False
W112017,2022-12-28,2024-11-11,Voluntary,Regular Employee,False
W112018,2022-12-08,,,Regular Employee,False
W112019,2022-12-07,2024-02-19,Voluntary,Regular Employee,False
W112020,2022-12-24,2024-02-15,Involuntary,Regular Employee,False
W112021,2022-12-06,2024-05-18,Voluntary,Regular Employee,False
W112022,2022-12-28,,,Regular Employee,False
W112023,2022-12-29,,,Regular Employee,False
W112024,2022-12-04,,,Regular Employee,False
W112025,2022-12-28,,,Regular Employee,False
W112026,2022-12-28,2025-07-31,Voluntary,Regular Employee,False
W112027,2022-12-24,2023-03-25,Voluntary,Regular Employee,False
W112028,2022-12-02,,,Regular Employee,False
W112029,2022-12-08,,,Regular Employee,False
W112030,2022-12-13,2023-08-20,Voluntary,Regular Employee,False
W112031,2022-12-06,2024-05-08,Voluntary,Regular Employee,False
W112032,2022-12-21,2026-04-05,Voluntary,Regular Employee,False
W112033,2022-12-13,,,Regular Employee,False
W112034,2022-12-03,,,Regular Employee,False
W112035,2022-12-20,,,Regular Employee,False
W112036,2022-12-01,,,Regular Employee,False
W112037,2022-12-20,,,Regular Employee,False
W112038,2022-12-21,,,Regular Employee,False
W112039,2022-12-13,,,Regular Employee,False
W112040,2022-12-24,,,Regular Employee,False
W112041,2022-12-04,2026-02-07,Voluntary,Regular Employee,False
W112042,2022-12-04,2026-04-15,Voluntary,Regular Employee,False
W112043,2022-12-05,2024-07-09,Involuntary,Regular Employee,False
W112044,2022-12-19,2023-01-11,Voluntary,Regular Employee,False
W112045,2022-12-19,,,Regular Employee,False
W112046,2022-12-08,2025-10-07,Voluntary,Regular Employee,False
W112047,2022-12-15,2024-08-22,Voluntary,Regular Employee,False
W112048,2022-12-26,,,Regular Employee,False
W112049,2022-12-20,,,Regular Employee,False
W112050,2022-12-05,2024-06-19,Involuntary,Regular Employee,False
W112051,2022-12-27,2024-06-05,Voluntary,Regular Employee,False
W112052,2022-12-07,2023-07-20,Voluntary,Regular Employee,False
W112053,2022-12-26,,,Regular Employee,False
W112054,2022-12-11,,,Regular Employee,False
W112055,2022-12-16,2023-06-02,Voluntary,Regular Employee,False
W112056,2022-12-22,,,Regular Employee,False
W112057,2022-12-19,,,Regular Employee,False
W112058,2022-12-25,2023-09-25,Voluntary,Regular Employee,False
W112059,2022-12-13,2025-07-01,Involuntary,Regular Employee,False
W112060,2022-12-22,,,Regular Employee,False
W112061,2022-12-25,,,Regular Employee,False
W112062,2022-12-13,,,Regular Employee,False
W112063,2022-12-14,2024-03-13,Voluntary,Regular Employee,False
W112064,2022-12-22,2023-04-29,Voluntary,Regular Employee,False
W112065,2022-12-31,,,Regular Employee,False
W112066,2022-12-23,2024-06-18,Voluntary,Regular Employee,False
W112067,2022-12-18,2025-08-09,Voluntary,Regular Employee,False
W112068,2022-12-13,2026-05-27,Voluntary,Regular Employee,False
W112069,2022-12-14,,,Regular Employee,False
W112070,2022-12-11,2023-02-19,Voluntary,Regular Employee,False
W112071,2022-12-23,2025-10-31,Voluntary,Regular Employee,False
W112072,2022-12-04,2023-08-02,Voluntary,Regular Employee,False
W112073,2022-12-12,,,Regular Employee,False
W112074,2022-12-22,2026-01-24,Voluntary,Regular Employee,False
W112075,2022-12-26,2023-07-27,Voluntary,Regular Employee,False
W112076,2022-12-06,2024-08-31,Voluntary,Regular Employee,False
W112077,2022-12-31,,,Regular Employee,False
W112078,2022-12-09,2024-02-24,Voluntary,Regular Employee,False
W112079,2022-12-11,,,Regular Employee,False
W112080,2022-12-20,2024-04-23,Voluntary,Regular Employee,False
W112081,2022-12-30,2024-11-02,Voluntary,Regular Employee,False
W112082,2022-12-17,,,Regular Employee,False
W112083,2022-12-18,,,Regular Employee,False
W112084,2022-12-17,,,Regular Employee,False
W112085,2022-12-31,2023-03-13,Voluntary,Regular Employee,False
W112086,2022-12-16,,,Regular Employee,False
W112087,2022-12-07,2023-06-11,Voluntary,Regular Employee,False
W112088,2022-12-14,,,Regular Employee,False
W112089,2022-12-29,2026-05-08,Voluntary,Regular Employee,False
W112090,2022-12-30,,,Regular Employee,False
W112091,2022-12-12,,,Regular Employee,False
W112092,2022-12-11,,,Regular Employee,False
W112093,2022-12-20,2024-07-04,Voluntary,Regular Employee,False
W112094,2022-12-31,,,Regular Employee,False
W112095,2022-12-25,,,Regular Employee,False
W112096,2022-12-12,2023-04-16,Voluntary,Regular Employee,False
W112097,2022-12-19,,,Regular Employee,False
W112098,2022-12-16,,,Regular Employee,False
W112099,2022-12-29,,,Regular Employee,False
W112100,2022-12-18,,,Regular Employee,False
W112101,2022-12-23,2023-01-17,Voluntary,Regular Employee,False
W112102,2022-12-12,2024-06-22,Voluntary,Regular Employee,False
W112103,2022-12-18,,,Regular Employee,False
W112104,2022-12-11,2023-06-10,Voluntary,Regular Employee,False
W112105,2022-12-29,,,Regular Employee,False
W112106,2022-12-28,2024-09-30,Voluntary,Regular Employee,False
W112107,2022-12-01,,,Regular Employee,False
W112108,2022-12-06,,,Regular Employee,False
W112109,2022-12-09,2025-08-24,Voluntary,Regular Employee,False
W112110,2022-12-21,,,Regular Employee,False
W112111,2022-12-03,,,Regular Employee,False
W112112,2022-12-08,,,Regular Employee,False
W112113,2022-12-28,,,Regular Employee,False
W112114,2022-12-30,,,Regular Employee,False
W112115,2022-12-06,2024-11-06,Involuntary,Regular Employee,False
W112116,2022-12-19,2024-02-15,Involuntary,Regular Employee,False
W112117,2022-12-02,2023-07-06,Involuntary,Regular Employee,False
W112118,2022-12-17,2023-12-22,Voluntary,Regular Employee,False
W112119,2022-12-06,2024-01-16,Voluntary,Regular Employee,False
W112120,2022-12-25,,,Regular Employee,False
W112121,2022-12-08,,,Regular Employee,False
W112122,2022-12-22,,,Regular Employee,False
W112123,2022-12-03,2023-12-24,Voluntary,Regular Employee,False
W112124,2022-12-22,,,Regular Employee,False
W112125,2022-12-19,,,Regular Employee,False
W112126,2022-12-09,,,Regular Employee,False
W112127,2022-12-30,,,Regular Employee,False
W112128,2022-12-10,2025-07-26,Voluntary,Regular Employee,False
W112129,2022-12-21,,,Regular Employee,False
W112130,2022-12-20,2023-01-09,Involuntary,Regular Employee,False
W112131,2022-12-10,,,Regular Employee,False
W112132,2022-12-17,2023-08-05,Voluntary,Regular Employee,False
W112133,2022-12-25,,,Regular Employee,False
W112134,2022-12-11,,,Regular Employee,False
W112135,2022-12-10,2024-06-29,Voluntary,Regular Employee,False
W112136,2022-12-03,2023-07-14,Voluntary,Regular Employee,False
W112137,2022-12-19,,,Regular Employee,False
W112138,2022-12-05,,,Regular Employee,False
W112139,2022-12-28,2023-07-31,Voluntary,Regular Employee,False
W112140,2022-12-07,,,Regular Employee,False
W112141,2022-12-21,,,Regular Employee,False
W112142,2022-12-20,,,Regular Employee,False
W112143,2022-12-27,,,Regular Employee,False
W112144,2022-12-28,,,Regular Employee,False
W112145,2022-12-08,,,Regular Employee,False
W112146,2022-12-12,,,Regular Employee,False
W112147,2022-12-31,2026-02-28,Involuntary,Regular Employee,False
W112148,2022-12-21,2023-05-14,Involuntary,Regular Employee,False
W112149,2022-12-25,2023-08-16,Voluntary,Regular Employee,False
W112150,2022-12-21,,,Regular Employee,False
W112151,2022-12-21,2026-05-24,Voluntary,Regular Employee,False
W112152,2022-12-30,,,Regular Employee,False
W112153,2022-12-05,,,Regular Employee,False
W112154,2022-12-10,,,Regular Employee,False
W112155,2022-12-26,2023-05-22,Voluntary,Regular Employee,False
W112156,2022-12-01,,,Regular Employee,False
W112157,2022-12-09,,,Regular Employee,False
W112158,2022-12-23,,,Regular Employee,False
W112159,2022-12-05,,,Regular Employee,False
W112160,2022-12-29,2026-04-26,Voluntary,Regular Employee,False
W112161,2022-12-04,,,Regular Employee,False
W112162,2022-12-10,2024-09-13,Voluntary,Regular Employee,False
W112163,2022-12-26,,,Regular Employee,False
W112164,2022-12-11,,,Regular Employee,False
W112165,2022-12-27,,,Regular Employee,False
W112166,2022-12-21,,,Regular Employee,False
W112167,2022-12-20,,,Regular Employee,False
W112168,2022-12-16,,,Regular Employee,False
W112169,2022-12-17,2023-08-18,Voluntary,Regular Employee,False
W112170,2022-12-07,2026-02-15,Voluntary,Regular Employee,False
W112171,2022-12-31,,,Regular Employee,False
W112172,2022-12-26,,,Regular Employee,False
W112173,2022-12-16,2025-01-29,Voluntary,Regular Employee,False
W112174,2022-12-07,,,Regular Employee,False
W112175,2022-12-11,2023-02-02,Involuntary,Regular Employee,False
W112176,2022-12-25,2023-12-11,Voluntary,Regular Employee,False
W112177,2022-12-04,,,Regular Employee,False
W112178,2022-12-04,,,Regular Employee,False
W112179,2022-12-08,,,Regular Employee,False
W112180,2022-12-24,2023-05-08,Voluntary,Regular Employee,False
W112181,2022-12-27,2024-10-08,Voluntary,Regular Employee,False
W112182,2022-12-11,,,Regular Employee,False
W112183,2022-12-03,2025-04-21,Involuntary,Regular Employee,False
W112184,2022-12-29,,,Regular Employee,False
W112185,2022-12-03,,,Regular Employee,False
W112186,2022-12-20,,,Regular Employee,False
W112187,2022-12-19,,,Regular Employee,False
W112188,2022-12-25,,,Regular Employee,False
W112189,2022-12-21,2024-11-12,Voluntary,Regular Employee,False
W112190,2022-12-06,2023-06-27,Voluntary,Regular Employee,False
W112191,2022-12-13,,,Regular Employee,False
W112192,2022-12-20,2025-10-04,Voluntary,Regular Employee,False
W112193,2022-12-29,,,Regular Employee,False
W112194,2022-12-10,,,Regular Employee,False
W112195,2022-12-11,,,Regular Employee,False
W112196,2023-01-18,,,Regular Employee,False
W112197,2023-01-15,2023-04-19,Voluntary,Regular Employee,False
W112198,2023-01-06,2024-04-25,Voluntary,Regular Employee,False
W112199,2023-01-22,2023-04-26,Voluntary,Regular Employee,False
W112200,2023-01-12,2026-01-31,Voluntary,Regular Employee,False
W112201,2023-01-07,,,Regular Employee,False
W112202,2023-01-14,,,Regular Employee,False
W112203,2023-01-12,2025-01-17,Voluntary,Regular Employee,False
W112204,2023-01-04,,,Regular Employee,False
W112205,2023-01-30,,,Regular Employee,False
W112206,2023-01-21,2023-04-14,Voluntary,Regular Employee,False
W112207,2023-01-15,,,Regular Employee,False
W112208,2023-01-05,,,Regular Employee,False
W112209,2023-01-29,2023-07-09,Voluntary,Regular Employee,False
W112210,2023-01-15,,,Regular Employee,False
W112211,2023-01-05,2023-04-30,Voluntary,Regular Employee,False
W112212,2023-01-28,,,Regular Employee,False
W112213,2023-01-20,,,Regular Employee,False
W112214,2023-01-21,2025-01-08,Voluntary,Regular Employee,False
W112215,2023-01-13,2024-03-12,Voluntary,Regular Employee,False
W112216,2023-01-10,2024-07-10,Voluntary,Regular Employee,False
W112217,2023-01-31,2023-06-26,Voluntary,Regular Employee,False
W112218,2023-01-08,,,Regular Employee,False
W112219,2023-01-15,,,Regular Employee,False
W112220,2023-01-28,2025-06-01,Voluntary,Regular Employee,False
W112221,2023-01-23,,,Regular Employee,False
W112222,2023-01-14,,,Regular Employee,False
W112223,2023-01-30,2024-03-03,Voluntary,Regular Employee,False
W112224,2023-01-24,,,Regular Employee,False
W112225,2023-01-18,2023-09-21,Involuntary,Regular Employee,False
W112226,2023-01-10,,,Regular Employee,False
W112227,2023-01-13,,,Regular Employee,False
W112228,2023-01-22,,,Regular Employee,False
W112229,2023-01-15,,,Regular Employee,False
W112230,2023-01-09,,,Regular Employee,False
W112231,2023-01-21,,,Regular Employee,False
W112232,2023-01-31,,,Regular Employee,False
W112233,2023-01-14,,,Regular Employee,False
W112234,2023-01-05,,,Regular Employee,False
W112235,2023-01-12,,,Regular Employee,False
W112236,2023-01-12,,,Regular Employee,False
W112237,2023-01-18,2023-10-09,Voluntary,Regular Employee,False
W112238,2023-01-29,2023-09-18,Voluntary,Regular Employee,False
W112239,2023-01-14,2023-07-22,Involuntary,Regular Employee,False
W112240,2023-01-30,,,Regular Employee,False
W112241,2023-01-01,,,Regular Employee,False
W112242,2023-01-17,,,Regular Employee,False
W112243,2023-01-07,2024-12-29,Voluntary,Regular Employee,False
W112244,2023-01-09,2025-04-03,Voluntary,Regular Employee,False
W112245,2023-01-24,,,Regular Employee,False
W112246,2023-01-21,2024-10-29,Voluntary,Regular Employee,False
W112247,2023-01-25,,,Regular Employee,False
W112248,2023-01-18,2025-07-13,Voluntary,Regular Employee,False
W112249,2023-01-26,,,Regular Employee,False
W112250,2023-01-18,2025-10-08,Voluntary,Regular Employee,False
W112251,2023-01-05,,,Regular Employee,False
W112252,2023-01-05,2025-03-25,Voluntary,Regular Employee,False
W112253,2023-01-26,,,Regular Employee,False
W112254,2023-01-28,,,Regular Employee,False
W112255,2023-01-09,,,Regular Employee,False
W112256,2023-01-27,2025-08-12,Voluntary,Regular Employee,False
W112257,2023-01-25,2023-04-29,Involuntary,Regular Employee,False
W112258,2023-01-20,2024-07-25,Voluntary,Regular Employee,False
W112259,2023-01-04,2023-09-24,Voluntary,Regular Employee,False
W112260,2023-01-05,,,Regular Employee,False
W112261,2023-01-13,2024-07-01,Voluntary,Regular Employee,False
W112262,2023-01-14,,,Regular Employee,False
W112263,2023-01-12,,,Regular Employee,False
W112264,2023-01-11,,,Regular Employee,False
W112265,2023-01-10,,,Regular Employee,False
W112266,2023-01-05,,,Regular Employee,False
W112267,2023-01-28,2025-09-16,Voluntary,Regular Employee,False
W112268,2023-01-06,,,Regular Employee,False
W112269,2023-01-12,,,Regular Employee,False
W112270,2023-01-24,2023-10-16,Voluntary,Regular Employee,False
W112271,2023-01-16,,,Regular Employee,False
W112272,2023-01-23,,,Regular Employee,False
W112273,2023-01-29,,,Regular Employee,False
W112274,2023-01-29,2023-07-27,Voluntary,Regular Employee,False
W112275,2023-01-06,,,Regular Employee,False
W112276,2023-01-17,,,Regular Employee,False
W112277,2023-01-15,2025-03-25,Voluntary,Regular Employee,False
W112278,2023-01-09,2025-05-16,Voluntary,Regular Employee,False
W112279,2023-01-04,2023-08-10,Voluntary,Regular Employee,False
W112280,2023-01-28,,,Regular Employee,False
W112281,2023-01-01,,,Regular Employee,False
W112282,2023-01-23,,,Regular Employee,False
W112283,2023-01-08,,,Regular Employee,False
W112284,2023-01-09,2023-02-05,Voluntary,Regular Employee,False
W112285,2023-01-05,,,Regular Employee,False
W112286,2023-01-21,,,Regular Employee,False
W112287,2023-01-26,2024-02-15,Involuntary,Regular Employee,False
W112288,2023-01-23,2025-09-07,Voluntary,Regular Employee,False
W112289,2023-01-20,,,Regular Employee,False
W112290,2023-01-07,,,Regular Employee,False
W112291,2023-01-02,,,Regular Employee,False
W112292,2023-01-07,,,Regular Employee,False
W112293,2023-01-24,2023-05-25,Involuntary,Regular Employee,False
W112294,2023-01-11,,,Regular Employee,False
W112295,2023-01-31,,,Regular Employee,False
W112296,2023-01-01,2024-09-04,Voluntary,Regular Employee,False
W112297,2023-01-22,,,Regular Employee,False
W112298,2023-01-15,,,Regular Employee,False
W112299,2023-01-10,,,Regular Employee,False
W112300,2023-01-05,,,Regular Employee,False
W112301,2023-01-17,,,Regular Employee,False
W112302,2023-01-28,,,Regular Employee,False
W112303,2023-01-20,,,Regular Employee,False
W112304,2023-01-11,,,Regular Employee,False
W112305,2023-01-04,,,Regular Employee,False
W112306,2023-01-11,,,Regular Employee,False
W112307,2023-01-24,,,Regular Employee,False
W112308,2023-01-14,2026-06-18,Voluntary,Regular Employee,False
W112309,2023-01-13,2024-12-21,Voluntary,Regular Employee,False
W112310,2023-01-15,,,Regular Employee,False
W112311,2023-01-22,2023-05-24,Voluntary,Regular Employee,False
W112312,2023-01-29,,,Regular Employee,False
W112313,2023-01-26,,,Regular Employee,False
W112314,2023-01-02,2026-03-03,Involuntary,Regular Employee,False
W112315,2023-01-12,2026-02-13,Involuntary,Regular Employee,False
W112316,2023-01-06,2024-06-12,Involuntary,Regular Employee,False
W112317,2023-01-29,,,Regular Employee,False
W112318,2023-01-19,2023-09-26,Voluntary,Regular Employee,False
W112319,2023-01-16,,,Regular Employee,False
W112320,2023-01-16,2024-02-15,Involuntary,Regular Employee,False
W112321,2023-01-04,2026-06-19,Involuntary,Regular Employee,False
W112322,2023-01-18,,,Regular Employee,False
W112323,2023-01-30,,,Regular Employee,False
W112324,2023-01-13,,,Regular Employee,False
W112325,2023-01-17,2026-03-23,Voluntary,Regular Employee,False
W112326,2023-01-16,,,Regular Employee,False
W112327,2023-01-03,,,Regular Employee,False
W112328,2023-01-05,2023-06-09,Voluntary,Regular Employee,False
W112329,2023-01-17,2024-12-15,Voluntary,Regular Employee,False
W112330,2023-01-31,2025-05-28,Voluntary,Regular Employee,False
W112331,2023-01-09,2023-03-10,Voluntary,Regular Employee,False
W112332,2023-01-10,2024-01-07,Involuntary,Regular Employee,False
W112333,2023-01-25,,,Regular Employee,False
W112334,2023-01-19,,,Regular Employee,False
W112335,2023-01-14,,,Regular Employee,False
W112336,2023-01-04,2024-03-12,Voluntary,Regular Employee,False
W112337,2023-01-26,,,Regular Employee,False
W112338,2023-01-20,,,Regular Employee,False
W112339,2023-01-04,,,Regular Employee,False
W112340,2023-01-04,,,Regular Employee,False
W112341,2023-01-09,,,Regular Employee,False
W112342,2023-01-05,,,Regular Employee,False
W112343,2023-01-31,2024-02-15,Involuntary,Regular Employee,False
W112344,2023-01-07,,,Regular Employee,False
W112345,2023-01-11,2025-07-06,Voluntary,Regular Employee,False
W112346,2023-01-25,2025-10-10,Voluntary,Regular Employee,False
W112347,2023-01-08,,,Regular Employee,False
W112348,2023-01-02,,,Regular Employee,False
W112349,2023-01-23,,,Regular Employee,False
W112350,2023-01-31,2024-01-11,Voluntary,Regular Employee,False
W112351,2023-01-01,2024-09-09,Voluntary,Regular Employee,False
W112352,2023-01-07,2026-04-12,Voluntary,Regular Employee,False
W112353,2023-01-25,2025-06-30,Voluntary,Regular Employee,False
W112354,2023-01-04,,,Regular Employee,False
W112355,2023-01-29,2025-12-13,Voluntary,Regular Employee,False
W112356,2023-01-26,2023-07-21,Involuntary,Regular Employee,False
W112357,2023-01-10,,,Regular Employee,False
W112358,2023-01-10,,,Regular Employee,False
W112359,2023-01-08,2025-02-01,Voluntary,Regular Employee,False
W112360,2023-01-06,,,Regular Employee,False
W112361,2023-01-02,2023-06-22,Voluntary,Regular Employee,False
W112362,2023-01-03,,,Regular Employee,False
W112363,2023-01-30,2024-01-14,Involuntary,Regular Employee,False
W112364,2023-01-21,2023-03-24,Voluntary,Regular Employee,False
W112365,2023-01-30,2023-03-08,Voluntary,Regular Employee,False
W112366,2023-01-05,2024-04-27,Voluntary,Regular Employee,False
W112367,2023-01-10,,,Regular Employee,False
W112368,2023-01-10,2024-03-04,Voluntary,Regular Employee,False
W112369,2023-01-08,2025-07-19,Voluntary,Regular Employee,False
W112370,2023-01-09,2026-06-19,Voluntary,Regular Employee,False
W112371,2023-01-18,,,Regular Employee,False
W112372,2023-01-16,,,Regular Employee,False
W112373,2023-01-27,,,Regular Employee,False
W112374,2023-01-15,2026-05-05,Voluntary,Regular Employee,False
W112375,2023-01-15,,,Regular Employee,False
W112376,2023-01-09,,,Regular Employee,False
W112377,2023-01-17,2025-04-27,Voluntary,Regular Employee,False
W112378,2023-01-14,2023-10-14,Voluntary,Regular Employee,False
W112379,2023-01-18,,,Regular Employee,False
W112380,2023-01-28,2024-02-15,Involuntary,Regular Employee,False
W112381,2023-01-20,,,Regular Employee,False
W112382,2023-01-04,,,Regular Employee,False
W112383,2023-01-01,,,Regular Employee,False
W112384,2023-01-24,2025-09-21,Involuntary,Regular Employee,False
W112385,2023-01-29,2025-04-05,Voluntary,Regular Employee,False
W112386,2023-02-14,,,Regular Employee,False
W112387,2023-02-07,2023-03-02,Voluntary,Regular Employee,False
W112388,2023-02-09,,,Regular Employee,False
W112389,2023-02-11,2023-07-01,Voluntary,Regular Employee,False
W112390,2023-02-03,,,Regular Employee,False
W112391,2023-02-02,2025-10-06,Voluntary,Regular Employee,False
W112392,2023-02-21,2023-06-15,Voluntary,Regular Employee,False
W112393,2023-02-10,,,Regular Employee,False
W112394,2023-02-02,,,Regular Employee,False
W112395,2023-02-01,,,Regular Employee,False
W112396,2023-02-18,2024-12-29,Voluntary,Regular Employee,False
W112397,2023-02-17,,,Regular Employee,False
W112398,2023-02-06,,,Regular Employee,False
W112399,2023-02-09,,,Regular Employee,False
W112400,2023-02-26,,,Regular Employee,False
W112401,2023-02-23,,,Regular Employee,False
W112402,2023-02-18,,,Regular Employee,False
W112403,2023-02-13,2025-02-23,Voluntary,Regular Employee,False
W112404,2023-02-11,,,Regular Employee,False
W112405,2023-02-16,,,Regular Employee,False
W112406,2023-02-12,2025-01-27,Voluntary,Regular Employee,False
W112407,2023-02-25,,,Regular Employee,False
W112408,2023-02-03,2025-09-23,Voluntary,Regular Employee,False
W112409,2023-02-16,,,Regular Employee,False
W112410,2023-02-01,,,Regular Employee,False
W112411,2023-02-25,2023-05-26,Voluntary,Regular Employee,False
W112412,2023-02-22,2023-12-16,Voluntary,Regular Employee,False
W112413,2023-02-05,,,Regular Employee,False
W112414,2023-02-25,2024-11-13,Voluntary,Regular Employee,False
W112415,2023-02-28,2025-04-29,Involuntary,Regular Employee,False
W112416,2023-02-04,2024-05-19,Voluntary,Regular Employee,False
W112417,2023-02-21,2024-04-07,Voluntary,Regular Employee,False
W112418,2023-02-22,2024-09-17,Voluntary,Regular Employee,False
W112419,2023-02-25,,,Regular Employee,False
W112420,2023-02-21,,,Regular Employee,False
W112421,2023-02-04,,,Regular Employee,False
W112422,2023-02-18,,,Regular Employee,False
W112423,2023-02-14,2025-05-08,Voluntary,Regular Employee,False
W112424,2023-02-14,2023-04-04,Voluntary,Regular Employee,False
W112425,2023-02-10,2026-03-18,Involuntary,Regular Employee,False
W112426,2023-02-17,2023-03-10,Voluntary,Regular Employee,False
W112427,2023-02-24,2024-11-23,Voluntary,Regular Employee,False
W112428,2023-02-26,,,Regular Employee,False
W112429,2023-02-13,2023-07-16,Voluntary,Regular Employee,False
W112430,2023-02-25,,,Regular Employee,False
W112431,2023-02-08,2023-06-20,Voluntary,Regular Employee,False
W112432,2023-02-02,,,Regular Employee,False
W112433,2023-02-18,2025-06-19,Voluntary,Regular Employee,False
W112434,2023-02-07,,,Regular Employee,False
W112435,2023-02-20,,,Regular Employee,False
W112436,2023-02-27,,,Regular Employee,False
W112437,2023-02-04,,,Regular Employee,False
W112438,2023-02-28,,,Regular Employee,False
W112439,2023-02-06,,,Regular Employee,False
W112440,2023-02-01,2023-12-11,Voluntary,Regular Employee,False
W112441,2023-02-02,,,Regular Employee,False
W112442,2023-02-06,,,Regular Employee,False
W112443,2023-02-08,2024-05-18,Voluntary,Regular Employee,False
W112444,2023-02-21,,,Regular Employee,False
W112445,2023-02-05,,,Regular Employee,False
W112446,2023-02-02,,,Regular Employee,False
W112447,2023-02-20,2025-01-15,Involuntary,Regular Employee,False
W112448,2023-02-15,,,Regular Employee,False
W112449,2023-02-17,,,Regular Employee,False
W112450,2023-02-09,,,Regular Employee,False
W112451,2023-02-23,2023-07-22,Voluntary,Regular Employee,False
W112452,2023-02-12,,,Regular Employee,False
W112453,2023-02-04,,,Regular Employee,False
W112454,2023-02-13,,,Regular Employee,False
W112455,2023-02-28,2025-11-19,Voluntary,Regular Employee,False
W112456,2023-02-04,2025-05-16,Involuntary,Regular Employee,False
W112457,2023-02-21,,,Regular Employee,False
W112458,2023-02-04,,,Regular Employee,False
W112459,2023-02-16,,,Regular Employee,False
W112460,2023-02-12,,,Regular Employee,False
W112461,2023-02-28,,,Regular Employee,False
W112462,2023-02-04,2023-05-13,Involuntary,Regular Employee,False
W112463,2023-02-13,,,Regular Employee,False
W112464,2023-02-12,,,Regular Employee,False
W112465,2023-02-15,2026-05-18,Voluntary,Regular Employee,False
W112466,2023-02-03,2023-04-21,Voluntary,Regular Employee,False
W112467,2023-02-26,,,Regular Employee,False
W112468,2023-02-26,,,Regular Employee,False
W112469,2023-02-08,,,Regular Employee,False
W112470,2023-02-24,,,Regular Employee,False
W112471,2023-02-19,,,Regular Employee,False
W112472,2023-02-06,,,Regular Employee,False
W112473,2023-02-26,,,Regular Employee,False
W112474,2023-02-11,,,Regular Employee,False
W112475,2023-02-04,,,Regular Employee,False
W112476,2023-02-01,2023-07-02,Voluntary,Regular Employee,False
W112477,2023-02-16,,,Regular Employee,False
W112478,2023-02-14,2023-07-11,Voluntary,Regular Employee,False
W112479,2023-02-21,,,Regular Employee,False
W112480,2023-02-02,,,Regular Employee,False
W112481,2023-02-24,,,Regular Employee,False
W112482,2023-02-13,,,Regular Employee,False
W112483,2023-02-28,,,Regular Employee,False
W112484,2023-02-12,,,Regular Employee,False
W112485,2023-02-12,,,Regular Employee,False
W112486,2023-02-25,,,Regular Employee,False
W112487,2023-02-07,,,Regular Employee,False
W112488,2023-02-02,,,Regular Employee,False
W112489,2023-02-28,2025-01-24,Voluntary,Regular Employee,False
W112490,2023-02-28,2025-05-31,Voluntary,Regular Employee,False
W112491,2023-02-05,,,Regular Employee,False
W112492,2023-02-13,2023-06-04,Voluntary,Regular Employee,False
W112493,2023-02-14,,,Regular Employee,False
W112494,2023-02-13,2024-09-28,Voluntary,Regular Employee,False
W112495,2023-02-27,,,Regular Employee,False
W112496,2023-02-20,,,Regular Employee,False
W112497,2023-02-25,,,Regular Employee,False
W112498,2023-02-17,2025-09-26,Voluntary,Regular Employee,False
W112499,2023-02-27,2025-08-24,Voluntary,Regular Employee,False
W112500,2023-02-17,,,Regular Employee,False
W112501,2023-02-22,2023-05-28,Voluntary,Regular Employee,False
W112502,2023-02-10,2023-03-16,Voluntary,Regular Employee,False
W112503,2023-02-20,,,Regular Employee,False
W112504,2023-02-01,,,Regular Employee,False
W112505,2023-02-17,,,Regular Employee,False
W112506,2023-02-04,2024-06-30,Involuntary,Regular Employee,False
W112507,2023-02-17,2023-10-15,Voluntary,Regular Employee,False
W112508,2023-02-13,2023-10-18,Involuntary,Regular Employee,False
W112509,2023-02-11,,,Regular Employee,False
W112510,2023-02-23,,,Regular Employee,False
W112511,2023-02-13,,,Regular Employee,False
W112512,2023-02-17,,,Regular Employee,False
W112513,2023-02-13,,,Regular Employee,False
W112514,2023-02-11,,,Regular Employee,False
W112515,2023-02-15,2024-01-04,Voluntary,Regular Employee,False
W112516,2023-02-17,2024-03-04,Voluntary,Regular Employee,False
W112517,2023-02-18,,,Regular Employee,False
W112518,2023-02-18,,,Regular Employee,False
W112519,2023-02-07,2024-02-15,Involuntary,Regular Employee,False
W112520,2023-02-24,2024-02-08,Voluntary,Regular Employee,False
W112521,2023-02-19,,,Regular Employee,False
W112522,2023-02-15,2026-04-25,Involuntary,Regular Employee,False
W112523,2023-02-15,,,Regular Employee,False
W112524,2023-02-22,2025-09-20,Voluntary,Regular Employee,False
W112525,2023-02-08,,,Regular Employee,False
W112526,2023-02-21,,,Regular Employee,False
W112527,2023-02-15,,,Regular Employee,False
W112528,2023-02-07,,,Regular Employee,False
W112529,2023-02-19,,,Regular Employee,False
W112530,2023-02-24,,,Regular Employee,False
W112531,2023-02-17,,,Regular Employee,False
W112532,2023-02-24,,,Regular Employee,False
W112533,2023-02-10,,,Regular Employee,False
W112534,2023-02-16,2023-08-08,Voluntary,Regular Employee,False
W112535,2023-02-28,2024-07-18,Voluntary,Regular Employee,False
W112536,2023-02-08,,,Regular Employee,False
W112537,2023-02-23,2024-04-30,Involuntary,Regular Employee,False
W112538,2023-02-20,,,Regular Employee,False
W112539,2023-02-20,2026-01-28,Voluntary,Regular Employee,False
W112540,2023-02-06,2024-01-13,Voluntary,Regular Employee,False
W112541,2023-02-27,2024-09-12,Voluntary,Regular Employee,False
W112542,2023-02-23,,,Regular Employee,False
W112543,2023-02-22,,,Regular Employee,False
W112544,2023-02-10,,,Regular Employee,False
W112545,2023-02-28,,,Regular Employee,False
W112546,2023-02-13,,,Regular Employee,False
W112547,2023-02-05,,,Regular Employee,False
W112548,2023-02-18,2024-02-25,Voluntary,Regular Employee,False
W112549,2023-02-26,2025-01-17,Voluntary,Regular Employee,False
W112550,2023-02-23,,,Regular Employee,False
W112551,2023-02-06,2025-12-14,Voluntary,Regular Employee,False
W112552,2023-02-08,2025-12-11,Voluntary,Regular Employee,False
W112553,2023-02-27,2026-06-15,Voluntary,Regular Employee,False
W112554,2023-02-13,,,Regular Employee,False
W112555,2023-02-07,,,Regular Employee,False
W112556,2023-02-13,,,Regular Employee,False
W112557,2023-02-27,,,Regular Employee,False
W112558,2023-02-20,,,Regular Employee,False
W112559,2023-02-05,2026-04-19,Involuntary,Regular Employee,False
W112560,2023-02-17,2023-04-04,Involuntary,Regular Employee,False
W112561,2023-02-12,,,Regular Employee,False
W112562,2023-02-01,,,Regular Employee,False
W112563,2023-02-14,,,Regular Employee,False
W112564,2023-02-25,,,Regular Employee,False
W112565,2023-02-27,,,Regular Employee,False
W112566,2023-02-10,,,Regular Employee,False
W112567,2023-02-09,2026-03-20,Voluntary,Regular Employee,False
W112568,2023-02-17,2024-02-15,Involuntary,Regular Employee,False
W112569,2023-02-10,,,Regular Employee,False
W112570,2023-02-03,2025-01-22,Voluntary,Regular Employee,False
W112571,2023-02-17,,,Regular Employee,False
W112572,2023-02-07,,,Regular Employee,False
W112573,2023-02-09,2023-04-05,Voluntary,Regular Employee,False
W112574,2023-02-02,,,Regular Employee,False
W112575,2023-02-07,,,Regular Employee,False
W112576,2023-02-22,,,Regular Employee,False
W112577,2023-02-03,,,Regular Employee,False
W112578,2023-03-17,,,Regular Employee,False
W112579,2023-03-01,,,Regular Employee,False
W112580,2023-03-20,,,Regular Employee,False
W112581,2023-03-09,,,Regular Employee,False
W112582,2023-03-19,,,Regular Employee,False
W112583,2023-03-27,2024-05-20,Voluntary,Regular Employee,False
W112584,2023-03-20,,,Regular Employee,False
W112585,2023-03-07,,,Regular Employee,False
W112586,2023-03-15,2024-02-15,Involuntary,Regular Employee,False
W112587,2023-03-11,,,Regular Employee,False
W112588,2023-03-22,,,Regular Employee,False
W112589,2023-03-12,2025-09-11,Voluntary,Regular Employee,False
W112590,2023-03-29,2023-10-04,Voluntary,Regular Employee,False
W112591,2023-03-03,2025-12-22,Voluntary,Regular Employee,False
W112592,2023-03-25,,,Regular Employee,False
W112593,2023-03-21,2026-06-27,Voluntary,Regular Employee,False
W112594,2023-03-05,,,Regular Employee,False
W112595,2023-03-08,2024-04-01,Voluntary,Regular Employee,False
W112596,2023-03-10,2025-08-06,Voluntary,Regular Employee,False
W112597,2023-03-24,,,Regular Employee,False
W112598,2023-03-15,,,Regular Employee,False
W112599,2023-03-05,2023-06-27,Involuntary,Regular Employee,False
W112600,2023-03-30,2024-03-28,Voluntary,Regular Employee,False
W112601,2023-03-31,,,Regular Employee,False
W112602,2023-03-16,2025-01-25,Voluntary,Regular Employee,False
W112603,2023-03-23,,,Regular Employee,False
W112604,2023-03-02,2024-02-29,Voluntary,Regular Employee,False
W112605,2023-03-31,2024-10-02,Involuntary,Regular Employee,False
W112606,2023-03-16,,,Regular Employee,False
W112607,2023-03-06,2023-07-30,Voluntary,Regular Employee,False
W112608,2023-03-18,,,Regular Employee,False
W112609,2023-03-13,,,Regular Employee,False
W112610,2023-03-25,,,Regular Employee,False
W112611,2023-03-11,2023-07-18,Involuntary,Regular Employee,False
W112612,2023-03-20,,,Regular Employee,False
W112613,2023-03-13,,,Regular Employee,False
W112614,2023-03-14,2023-04-03,Involuntary,Regular Employee,False
W112615,2023-03-01,2024-03-08,Voluntary,Regular Employee,False
W112616,2023-03-10,,,Regular Employee,False
W112617,2023-03-19,2024-03-04,Involuntary,Regular Employee,False
W112618,2023-03-23,,,Regular Employee,False
W112619,2023-03-08,2024-02-07,Voluntary,Regular Employee,False
W112620,2023-03-01,,,Regular Employee,False
W112621,2023-03-08,,,Regular Employee,False
W112622,2023-03-02,,,Regular Employee,False
W112623,2023-03-27,,,Regular Employee,False
W112624,2023-03-03,2023-05-17,Voluntary,Regular Employee,False
W112625,2023-03-31,2023-05-11,Voluntary,Regular Employee,False
W112626,2023-03-08,,,Regular Employee,False
W112627,2023-03-08,2026-01-30,Voluntary,Regular Employee,False
W112628,2023-03-17,,,Regular Employee,False
W112629,2023-03-21,,,Regular Employee,False
W112630,2023-03-30,2025-06-06,Voluntary,Regular Employee,False
W112631,2023-03-18,2023-06-19,Voluntary,Regular Employee,False
W112632,2023-03-20,,,Regular Employee,False
W112633,2023-03-24,,,Regular Employee,False
W112634,2023-03-30,,,Regular Employee,False
W112635,2023-03-14,2023-05-14,Voluntary,Regular Employee,False
W112636,2023-03-29,,,Regular Employee,False
W112637,2023-03-02,,,Regular Employee,False
W112638,2023-03-14,,,Regular Employee,False
W112639,2023-03-01,2024-09-13,Voluntary,Regular Employee,False
W112640,2023-03-12,2023-11-14,Involuntary,Regular Employee,False
W112641,2023-03-09,,,Regular Employee,False
W112642,2023-03-19,2025-06-26,Voluntary,Regular Employee,False
W112643,2023-03-29,2026-02-05,Voluntary,Regular Employee,False
W112644,2023-03-17,,,Regular Employee,False
W112645,2023-03-29,,,Regular Employee,False
W112646,2023-03-21,,,Regular Employee,False
W112647,2023-03-15,,,Regular Employee,False
W112648,2023-03-01,,,Regular Employee,False
W112649,2023-03-27,2024-02-05,Voluntary,Regular Employee,False
W112650,2023-03-09,2026-05-22,Involuntary,Regular Employee,False
W112651,2023-03-13,2024-05-22,Voluntary,Regular Employee,False
W112652,2023-03-02,,,Regular Employee,False
W112653,2023-03-28,,,Regular Employee,False
W112654,2023-03-22,,,Regular Employee,False
W112655,2023-03-25,,,Regular Employee,False
W112656,2023-03-15,,,Regular Employee,False
W112657,2023-03-08,,,Regular Employee,False
W112658,2023-03-22,,,Regular Employee,False
W112659,2023-03-18,2026-06-18,Voluntary,Regular Employee,False
W112660,2023-03-03,,,Regular Employee,False
W112661,2023-03-11,,,Regular Employee,False
W112662,2023-03-22,2025-01-25,Voluntary,Regular Employee,False
W112663,2023-03-09,2025-01-29,Voluntary,Regular Employee,False
W112664,2023-03-09,,,Regular Employee,False
W112665,2023-03-22,2024-04-17,Voluntary,Regular Employee,False
W112666,2023-03-30,,,Regular Employee,False
W112667,2023-03-27,,,Regular Employee,False
W112668,2023-03-13,,,Regular Employee,False
W112669,2023-03-18,,,Regular Employee,False
W112670,2023-03-30,,,Regular Employee,False
W112671,2023-03-17,,,Regular Employee,False
W112672,2023-03-30,2024-06-27,Voluntary,Regular Employee,False
W112673,2023-03-07,2026-06-30,Voluntary,Regular Employee,False
W112674,2023-03-09,2023-06-01,Voluntary,Regular Employee,False
W112675,2023-03-15,2025-04-18,Voluntary,Regular Employee,False
W112676,2023-03-07,,,Regular Employee,False
W112677,2023-03-09,2024-11-07,Voluntary,Regular Employee,False
W112678,2023-03-28,,,Regular Employee,False
W112679,2023-03-12,,,Regular Employee,False
W112680,2023-03-15,2023-04-19,Voluntary,Regular Employee,False
W112681,2023-03-05,,,Regular Employee,False
W112682,2023-03-28,,,Regular Employee,False
W112683,2023-03-25,2025-12-21,Voluntary,Regular Employee,False
W112684,2023-03-09,,,Regular Employee,False
W112685,2023-03-20,,,Regular Employee,False
W112686,2023-03-28,,,Regular Employee,False
W112687,2023-03-29,2023-11-16,Voluntary,Regular Employee,False
W112688,2023-03-23,,,Regular Employee,False
W112689,2023-03-06,2024-10-09,Voluntary,Regular Employee,False
W112690,2023-03-21,,,Regular Employee,False
W112691,2023-03-14,,,Regular Employee,False
W112692,2023-03-23,,,Regular Employee,False
W112693,2023-03-01,,,Regular Employee,False
W112694,2023-03-23,,,Regular Employee,False
W112695,2023-03-18,,,Regular Employee,False
W112696,2023-03-27,,,Regular Employee,False
W112697,2023-03-31,,,Regular Employee,False
W112698,2023-03-09,,,Regular Employee,False
W112699,2023-03-21,,,Regular Employee,False
W112700,2023-03-28,2023-09-01,Voluntary,Regular Employee,False
W112701,2023-03-08,2026-03-09,Voluntary,Regular Employee,False
W112702,2023-03-10,,,Regular Employee,False
W112703,2023-03-25,,,Regular Employee,False
W112704,2023-03-18,2025-10-26,Voluntary,Regular Employee,False
W112705,2023-03-20,,,Regular Employee,False
W112706,2023-03-15,,,Regular Employee,False
W112707,2023-03-27,2025-10-01,Voluntary,Regular Employee,False
W112708,2023-03-21,2023-08-26,Voluntary,Regular Employee,False
W112709,2023-03-09,2023-12-24,Voluntary,Regular Employee,False
W112710,2023-03-06,,,Regular Employee,False
W112711,2023-03-15,,,Regular Employee,False
W112712,2023-03-23,2023-09-29,Involuntary,Regular Employee,False
W112713,2023-03-21,,,Regular Employee,False
W112714,2023-03-17,2024-02-03,Voluntary,Regular Employee,False
W112715,2023-03-01,,,Regular Employee,False
W112716,2023-03-20,2024-01-24,Involuntary,Regular Employee,False
W112717,2023-03-15,,,Regular Employee,False
W112718,2023-03-04,2023-12-20,Voluntary,Regular Employee,False
W112719,2023-03-24,,,Regular Employee,False
W112720,2023-03-16,,,Regular Employee,False
W112721,2023-03-27,2023-11-18,Voluntary,Regular Employee,False
W112722,2023-03-04,,,Regular Employee,False
W112723,2023-03-04,,,Regular Employee,False
W112724,2023-03-16,2023-08-26,Voluntary,Regular Employee,False
W112725,2023-03-15,2024-11-03,Voluntary,Regular Employee,False
W112726,2023-03-19,,,Regular Employee,False
W112727,2023-03-03,,,Regular Employee,False
W112728,2023-03-18,2024-05-13,Involuntary,Regular Employee,False
W112729,2023-03-31,,,Regular Employee,False
W112730,2023-03-22,,,Regular Employee,False
W112731,2023-03-26,,,Regular Employee,False
W112732,2023-03-05,2026-03-07,Voluntary,Regular Employee,False
W112733,2023-03-10,,,Regular Employee,False
W112734,2023-03-05,,,Regular Employee,False
W112735,2023-03-22,2024-08-17,Voluntary,Regular Employee,False
W112736,2023-03-16,2024-02-24,Voluntary,Regular Employee,False
W112737,2023-03-13,,,Regular Employee,False
W112738,2023-03-27,2025-06-29,Voluntary,Regular Employee,False
W112739,2023-03-26,2024-06-30,Voluntary,Regular Employee,False
W112740,2023-03-07,2023-05-26,Voluntary,Regular Employee,False
W112741,2023-03-13,2026-04-28,Involuntary,Regular Employee,False
W112742,2023-03-25,,,Regular Employee,False
W112743,2023-03-10,,,Regular Employee,False
W112744,2023-03-06,2026-01-29,Voluntary,Regular Employee,False
W112745,2023-03-09,,,Regular Employee,False
W112746,2023-03-22,,,Regular Employee,False
W112747,2023-03-15,2023-08-11,Voluntary,Regular Employee,False
W112748,2023-03-23,,,Regular Employee,False
W112749,2023-03-31,,,Regular Employee,False
W112750,2023-03-16,2026-06-25,Voluntary,Regular Employee,False
W112751,2023-03-15,,,Regular Employee,False
W112752,2023-03-06,,,Regular Employee,False
W112753,2023-03-09,2024-02-24,Voluntary,Regular Employee,False
W112754,2023-03-24,,,Regular Employee,False
W112755,2023-03-13,,,Regular Employee,False
W112756,2023-03-13,2025-09-12,Voluntary,Regular Employee,False
W112757,2023-03-26,,,Regular Employee,False
W112758,2023-03-14,2024-02-15,Involuntary,Regular Employee,False
W112759,2023-03-15,2025-01-23,Voluntary,Regular Employee,False
W112760,2023-03-02,,,Regular Employee,False
W112761,2023-03-28,,,Regular Employee,False
W112762,2023-03-12,,,Regular Employee,False
W112763,2023-03-15,,,Regular Employee,False
W112764,2023-03-07,,,Regular Employee,False
W112765,2023-03-14,,,Regular Employee,False
W112766,2023-03-23,2025-08-01,Voluntary,Regular Employee,False
W112767,2023-03-22,,,Regular Employee,False
W112768,2023-03-01,2024-01-10,Voluntary,Regular Employee,False
W112769,2023-03-31,2023-11-25,Voluntary,Regular Employee,False
W112770,2023-03-13,,,Regular Employee,False
W112771,2023-03-07,,,Regular Employee,False
W112772,2023-03-11,2024-06-29,Voluntary,Regular Employee,False
W112773,2023-03-13,,,Regular Employee,False
W112774,2023-03-05,2024-04-03,Voluntary,Regular Employee,False
W112775,2023-03-31,,,Regular Employee,False
W112776,2023-03-30,,,Regular Employee,False
W112777,2023-03-24,,,Regular Employee,False
W112778,2023-03-11,,,Regular Employee,False
W112779,2023-03-06,,,Regular Employee,False
W112780,2023-03-09,,,Regular Employee,False
W112781,2023-03-23,,,Regular Employee,False
W112782,2023-04-30,2023-06-25,Voluntary,Regular Employee,False
W112783,2023-04-27,2025-03-10,Voluntary,Regular Employee,False
W112784,2023-04-19,2024-02-15,Involuntary,Regular Employee,False
W112785,2023-04-21,2023-06-29,Voluntary,Regular Employee,False
W112786,2023-04-04,,,Regular Employee,False
W112787,2023-04-30,2024-03-30,Voluntary,Regular Employee,False
W112788,2023-04-03,2024-12-01,Voluntary,Regular Employee,False
W112789,2023-04-21,2024-02-15,Involuntary,Regular Employee,False
W112790,2023-04-04,,,Regular Employee,False
W112791,2023-04-21,2024-07-11,Voluntary,Regular Employee,False
W112792,2023-04-16,2024-03-29,Voluntary,Regular Employee,False
W112793,2023-04-09,,,Regular Employee,False
W112794,2023-04-05,2025-09-01,Voluntary,Regular Employee,False
W112795,2023-04-24,,,Regular Employee,False
W112796,2023-04-26,,,Regular Employee,False
W112797,2023-04-03,2026-01-14,Voluntary,Regular Employee,False
W112798,2023-04-12,,,Regular Employee,False
W112799,2023-04-27,,,Regular Employee,False
W112800,2023-04-09,2024-02-15,Involuntary,Regular Employee,False
W112801,2023-04-26,2025-08-21,Voluntary,Regular Employee,False
W112802,2023-04-19,,,Regular Employee,False
W112803,2023-04-02,,,Regular Employee,False
W112804,2023-04-05,,,Regular Employee,False
W112805,2023-04-11,,,Regular Employee,False
W112806,2023-04-14,2024-11-05,Involuntary,Regular Employee,False
W112807,2023-04-07,,,Regular Employee,False
W112808,2023-04-01,,,Regular Employee,False
W112809,2023-04-07,,,Regular Employee,False
W112810,2023-04-05,,,Regular Employee,False
W112811,2023-04-27,,,Regular Employee,False
W112812,2023-04-01,,,Regular Employee,False
W112813,2023-04-19,2023-09-23,Voluntary,Regular Employee,False
W112814,2023-04-12,2024-02-15,Involuntary,Regular Employee,False
W112815,2023-04-30,,,Regular Employee,False
W112816,2023-04-23,,,Regular Employee,False
W112817,2023-04-23,,,Regular Employee,False
W112818,2023-04-12,,,Regular Employee,False
W112819,2023-04-12,2023-07-28,Voluntary,Regular Employee,False
W112820,2023-04-13,2024-08-06,Voluntary,Regular Employee,False
W112821,2023-04-13,,,Regular Employee,False
W112822,2023-04-25,,,Regular Employee,False
W112823,2023-04-16,,,Regular Employee,False
W112824,2023-04-30,,,Regular Employee,False
W112825,2023-04-10,,,Regular Employee,False
W112826,2023-04-16,2025-10-30,Voluntary,Regular Employee,False
W112827,2023-04-18,,,Regular Employee,False
W112828,2023-04-03,2023-10-12,Voluntary,Regular Employee,False
W112829,2023-04-06,,,Regular Employee,False
W112830,2023-04-22,,,Regular Employee,False
W112831,2023-04-04,,,Regular Employee,False
W112832,2023-04-06,2025-06-06,Voluntary,Regular Employee,False
W112833,2023-04-20,,,Regular Employee,False
W112834,2023-04-07,,,Regular Employee,False
W112835,2023-04-30,,,Regular Employee,False
W112836,2023-04-28,2026-01-19,Voluntary,Regular Employee,False
W112837,2023-04-05,,,Regular Employee,False
W112838,2023-04-06,2025-10-28,Voluntary,Regular Employee,False
W112839,2023-04-12,,,Regular Employee,False
W112840,2023-04-27,,,Regular Employee,False
W112841,2023-04-25,,,Regular Employee,False
W112842,2023-04-18,2026-03-05,Voluntary,Regular Employee,False
W112843,2023-04-11,2024-06-15,Involuntary,Regular Employee,False
W112844,2023-04-29,2024-02-21,Voluntary,Regular Employee,False
W112845,2023-04-25,2024-02-15,Involuntary,Regular Employee,False
W112846,2023-04-03,2023-09-15,Voluntary,Regular Employee,False
W112847,2023-04-26,,,Regular Employee,False
W112848,2023-04-07,,,Regular Employee,False
W112849,2023-04-24,2025-12-08,Voluntary,Regular Employee,False
W112850,2023-04-07,,,Regular Employee,False
W112851,2023-04-26,,,Regular Employee,False
W112852,2023-04-14,,,Regular Employee,False
W112853,2023-04-21,,,Regular Employee,False
W112854,2023-04-08,2023-06-20,Involuntary,Regular Employee,False
W112855,2023-04-20,,,Regular Employee,False
W112856,2023-04-06,2023-11-04,Voluntary,Regular Employee,False
W112857,2023-04-13,2025-12-01,Voluntary,Regular Employee,False
W112858,2023-04-20,,,Regular Employee,False
W112859,2023-04-28,2023-11-27,Involuntary,Regular Employee,False
W112860,2023-04-19,2023-05-06,Voluntary,Regular Employee,False
W112861,2023-04-10,,,Regular Employee,False
W112862,2023-04-29,2023-08-06,Voluntary,Regular Employee,False
W112863,2023-04-02,2024-10-26,Voluntary,Regular Employee,False
W112864,2023-04-17,,,Regular Employee,False
W112865,2023-04-16,,,Regular Employee,False
W112866,2023-04-10,2025-06-18,Voluntary,Regular Employee,False
W112867,2023-04-30,2025-02-26,Voluntary,Regular Employee,False
W112868,2023-04-06,2025-09-13,Voluntary,Regular Employee,False
W112869,2023-04-20,,,Regular Employee,False
W112870,2023-04-24,2023-12-27,Voluntary,Regular Employee,False
W112871,2023-04-17,2023-05-28,Involuntary,Regular Employee,False
W112872,2023-04-02,,,Regular Employee,False
W112873,2023-04-24,2024-06-22,Involuntary,Regular Employee,False
W112874,2023-04-09,2025-03-10,Voluntary,Regular Employee,False
W112875,2023-04-25,2024-04-30,Voluntary,Regular Employee,False
W112876,2023-04-20,,,Regular Employee,False
W112877,2023-04-04,2024-02-22,Voluntary,Regular Employee,False
W112878,2023-04-18,,,Regular Employee,False
W112879,2023-04-10,2023-08-31,Voluntary,Regular Employee,False
W112880,2023-04-25,,,Regular Employee,False
W112881,2023-04-19,,,Regular Employee,False
W112882,2023-04-02,,,Regular Employee,False
W112883,2023-04-10,,,Regular Employee,False
W112884,2023-04-23,2024-08-17,Voluntary,Regular Employee,False
W112885,2023-04-12,2025-08-29,Voluntary,Regular Employee,False
W112886,2023-04-19,2025-03-21,Voluntary,Regular Employee,False
W112887,2023-04-22,2024-08-07,Voluntary,Regular Employee,False
W112888,2023-04-09,,,Regular Employee,False
W112889,2023-04-30,,,Regular Employee,False
W112890,2023-04-14,,,Regular Employee,False
W112891,2023-04-20,,,Regular Employee,False
W112892,2023-04-01,,,Regular Employee,False
W112893,2023-04-10,,,Regular Employee,False
W112894,2023-04-28,,,Regular Employee,False
W112895,2023-04-08,,,Regular Employee,False
W112896,2023-04-09,2024-04-29,Voluntary,Regular Employee,False
W112897,2023-04-02,,,Regular Employee,False
W112898,2023-04-27,2025-09-25,Voluntary,Regular Employee,False
W112899,2023-04-18,,,Regular Employee,False
W112900,2023-04-15,,,Regular Employee,False
W112901,2023-04-04,,,Regular Employee,False
W112902,2023-04-19,,,Regular Employee,False
W112903,2023-04-18,2026-05-01,Voluntary,Regular Employee,False
W112904,2023-04-06,,,Regular Employee,False
W112905,2023-04-16,,,Regular Employee,False
W112906,2023-04-26,2025-04-30,Voluntary,Regular Employee,False
W112907,2023-04-06,,,Regular Employee,False
W112908,2023-04-05,2023-07-12,Voluntary,Regular Employee,False
W112909,2023-04-01,,,Regular Employee,False
W112910,2023-04-01,,,Regular Employee,False
W112911,2023-04-24,2025-01-29,Voluntary,Regular Employee,False
W112912,2023-04-26,,,Regular Employee,False
W112913,2023-04-22,,,Regular Employee,False
W112914,2023-04-18,,,Regular Employee,False
W112915,2023-04-03,,,Regular Employee,False
W112916,2023-04-13,,,Regular Employee,False
W112917,2023-04-13,2023-09-08,Voluntary,Regular Employee,False
W112918,2023-04-17,,,Regular Employee,False
W112919,2023-04-02,,,Regular Employee,False
W112920,2023-04-15,,,Regular Employee,False
W112921,2023-04-26,2025-08-10,Voluntary,Regular Employee,False
W112922,2023-04-02,,,Regular Employee,False
W112923,2023-04-08,2023-06-21,Voluntary,Regular Employee,False
W112924,2023-04-05,2025-07-16,Voluntary,Regular Employee,False
W112925,2023-04-28,,,Regular Employee,False
W112926,2023-04-13,,,Regular Employee,False
W112927,2023-04-11,2023-08-31,Voluntary,Regular Employee,False
W112928,2023-04-08,,,Regular Employee,False
W112929,2023-04-23,,,Regular Employee,False
W112930,2023-04-12,2026-06-16,Involuntary,Regular Employee,False
W112931,2023-04-17,2023-05-11,Voluntary,Regular Employee,False
W112932,2023-04-15,,,Regular Employee,False
W112933,2023-04-08,2023-06-13,Voluntary,Regular Employee,False
W112934,2023-04-16,2023-09-16,Voluntary,Regular Employee,False
W112935,2023-04-10,,,Regular Employee,False
W112936,2023-04-27,,,Regular Employee,False
W112937,2023-04-10,,,Regular Employee,False
W112938,2023-04-16,,,Regular Employee,False
W112939,2023-04-01,2024-08-21,Voluntary,Regular Employee,False
W112940,2023-04-28,,,Regular Employee,False
W112941,2023-04-01,,,Regular Employee,False
W112942,2023-04-02,2023-12-27,Voluntary,Regular Employee,False
W112943,2023-04-01,,,Regular Employee,False
W112944,2023-04-06,2024-07-03,Voluntary,Regular Employee,False
W112945,2023-04-27,2026-01-22,Voluntary,Regular Employee,False
W112946,2023-04-05,2025-06-02,Involuntary,Regular Employee,False
W112947,2023-04-25,,,Regular Employee,False
W112948,2023-04-30,,,Regular Employee,False
W112949,2023-04-06,2025-12-16,Voluntary,Regular Employee,False
W112950,2023-04-30,2023-06-07,Voluntary,Regular Employee,False
W112951,2023-04-01,,,Regular Employee,False
W112952,2023-04-14,2024-09-20,Voluntary,Regular Employee,False
W112953,2023-04-19,,,Regular Employee,False
W112954,2023-04-27,,,Regular Employee,False
W112955,2023-04-29,2024-09-21,Voluntary,Regular Employee,False
W112956,2023-04-09,,,Regular Employee,False
W112957,2023-04-12,,,Regular Employee,False
W112958,2023-04-11,,,Regular Employee,False
W112959,2023-04-25,2025-09-01,Voluntary,Regular Employee,False
W112960,2023-04-23,2023-06-07,Involuntary,Regular Employee,False
W112961,2023-04-02,,,Regular Employee,False
W112962,2023-04-25,,,Regular Employee,False
W112963,2023-04-09,,,Regular Employee,False
W112964,2023-04-20,2024-12-01,Voluntary,Regular Employee,False
W112965,2023-04-01,2026-03-14,Voluntary,Regular Employee,False
W112966,2023-04-23,2023-06-24,Voluntary,Regular Employee,False
W112967,2023-04-19,2024-02-15,Involuntary,Regular Employee,False
W112968,2023-04-01,,,Regular Employee,False
W112969,2023-04-18,2024-03-19,Voluntary,Regular Employee,False
W112970,2023-04-07,2024-07-09,Involuntary,Regular Employee,False
W112971,2023-04-20,2023-12-02,Voluntary,Regular Employee,False
W112972,2023-04-22,2024-03-08,Voluntary,Regular Employee,False
W112973,2023-04-26,2026-04-09,Involuntary,Regular Employee,False
W112974,2023-04-20,,,Regular Employee,False
W112975,2023-04-27,2026-06-11,Voluntary,Regular Employee,False
W112976,2023-04-10,,,Regular Employee,False
W112977,2023-04-27,,,Regular Employee,False
W112978,2023-04-20,,,Regular Employee,False
W112979,2023-04-21,,,Regular Employee,False
W112980,2023-04-11,,,Regular Employee,False
W112981,2023-04-08,,,Regular Employee,False
W112982,2023-04-08,2024-07-18,Involuntary,Regular Employee,False
W112983,2023-04-01,,,Regular Employee,False
W112984,2023-04-19,,,Regular Employee,False
W112985,2023-04-04,2024-07-19,Voluntary,Regular Employee,False
W112986,2023-04-22,,,Regular Employee,False
W112987,2023-04-30,2024-01-18,Involuntary,Regular Employee,False
W112988,2023-04-23,2024-02-15,Involuntary,Regular Employee,False
W112989,2023-04-26,,,Regular Employee,False
W112990,2023-04-08,,,Regular Employee,False
W112991,2023-04-22,,,Regular Employee,False
W112992,2023-04-23,,,Regular Employee,False
W112993,2023-04-24,2023-06-26,Voluntary,Regular Employee,False
W112994,2023-04-03,,,Regular Employee,False
W112995,2023-04-18,,,Regular Employee,False
W112996,2023-04-13,,,Regular Employee,False
W112997,2023-04-20,,,Regular Employee,False
W112998,2023-05-23,,,Regular Employee,False
W112999,2023-05-31,,,Regular Employee,False
W113000,2023-05-07,,,Regular Employee,False
W113001,2023-05-16,,,Regular Employee,False
W113002,2023-05-28,,,Regular Employee,False
W113003,2023-05-08,,,Regular Employee,False
W113004,2023-05-15,2025-11-08,Voluntary,Regular Employee,False
W113005,2023-05-04,2025-05-18,Voluntary,Regular Employee,False
W113006,2023-05-12,2023-07-14,Voluntary,Regular Employee,False
W113007,2023-05-27,,,Regular Employee,False
W113008,2023-05-14,2025-01-30,Voluntary,Regular Employee,False
W113009,2023-05-13,,,Regular Employee,False
W113010,2023-05-05,2024-10-22,Voluntary,Regular Employee,False
W113011,2023-05-16,,,Regular Employee,False
W113012,2023-05-26,,,Regular Employee,False
W113013,2023-05-03,,,Regular Employee,False
W113014,2023-05-04,,,Regular Employee,False
W113015,2023-05-12,,,Regular Employee,False
W113016,2023-05-12,2023-06-14,Voluntary,Regular Employee,False
W113017,2023-05-02,,,Regular Employee,False
W113018,2023-05-19,,,Regular Employee,False
W113019,2023-05-17,,,Regular Employee,False
W113020,2023-05-01,,,Regular Employee,False
W113021,2023-05-28,,,Regular Employee,False
W113022,2023-05-22,,,Regular Employee,False
W113023,2023-05-06,,,Regular Employee,False
W113024,2023-05-24,,,Regular Employee,False
W113025,2023-05-25,,,Regular Employee,False
W113026,2023-05-11,,,Regular Employee,False
W113027,2023-05-05,,,Regular Employee,False
W113028,2023-05-31,2026-03-05,Voluntary,Regular Employee,False
W113029,2023-05-18,2024-05-10,Involuntary,Regular Employee,False
W113030,2023-05-01,,,Regular Employee,False
W113031,2023-05-29,,,Regular Employee,False
W113032,2023-05-01,2024-04-24,Involuntary,Regular Employee,False
W113033,2023-05-08,,,Regular Employee,False
W113034,2023-05-25,,,Regular Employee,False
W113035,2023-05-17,2024-02-15,Involuntary,Regular Employee,False
W113036,2023-05-18,,,Regular Employee,False
W113037,2023-05-09,,,Regular Employee,False
W113038,2023-05-16,,,Regular Employee,False
W113039,2023-05-30,,,Regular Employee,False
W113040,2023-05-07,,,Regular Employee,False
W113041,2023-05-22,2024-05-01,Voluntary,Regular Employee,False
W113042,2023-05-06,2024-03-05,Voluntary,Regular Employee,False
W113043,2023-05-29,,,Regular Employee,False
W113044,2023-05-18,,,Regular Employee,False
W113045,2023-05-01,,,Regular Employee,False
W113046,2023-05-02,2023-10-16,Voluntary,Regular Employee,False
W113047,2023-05-14,2023-07-26,Voluntary,Regular Employee,False
W113048,2023-05-23,2026-01-18,Voluntary,Regular Employee,False
W113049,2023-05-12,,,Regular Employee,False
W113050,2023-05-26,2023-11-05,Voluntary,Regular Employee,False
W113051,2023-05-17,,,Regular Employee,False
W113052,2023-05-09,2024-04-20,Voluntary,Regular Employee,False
W113053,2023-05-17,,,Regular Employee,False
W113054,2023-05-31,,,Regular Employee,False
W113055,2023-05-30,,,Regular Employee,False
W113056,2023-05-29,,,Regular Employee,False
W113057,2023-05-06,2024-07-26,Voluntary,Regular Employee,False
W113058,2023-05-05,,,Regular Employee,False
W113059,2023-05-22,,,Regular Employee,False
W113060,2023-05-23,,,Regular Employee,False
W113061,2023-05-21,,,Regular Employee,False
W113062,2023-05-31,2026-04-09,Voluntary,Regular Employee,False
W113063,2023-05-08,,,Regular Employee,False
W113064,2023-05-05,,,Regular Employee,False
W113065,2023-05-03,2025-09-18,Voluntary,Regular Employee,False
W113066,2023-05-01,,,Regular Employee,False
W113067,2023-05-17,,,Regular Employee,False
W113068,2023-05-25,,,Regular Employee,False
W113069,2023-05-31,,,Regular Employee,False
W113070,2023-05-21,2026-05-20,Involuntary,Regular Employee,False
W113071,2023-05-08,,,Regular Employee,False
W113072,2023-05-03,,,Regular Employee,False
W113073,2023-05-24,,,Regular Employee,False
W113074,2023-05-09,2023-06-20,Voluntary,Regular Employee,False
W113075,2023-05-21,,,Regular Employee,False
W113076,2023-05-06,,,Regular Employee,False
W113077,2023-05-14,,,Regular Employee,False
W113078,2023-05-31,2024-07-06,Voluntary,Regular Employee,False
W113079,2023-05-29,,,Regular Employee,False
W113080,2023-05-22,,,Regular Employee,False
W113081,2023-05-28,2023-08-07,Voluntary,Regular Employee,False
W113082,2023-05-25,,,Regular Employee,False
W113083,2023-05-19,,,Regular Employee,False
W113084,2023-05-18,,,Regular Employee,False
W113085,2023-05-11,2023-06-24,Voluntary,Regular Employee,False
W113086,2023-05-25,,,Regular Employee,False
W113087,2023-05-25,,,Regular Employee,False
W113088,2023-05-07,2023-12-05,Voluntary,Regular Employee,False
W113089,2023-05-12,,,Regular Employee,False
W113090,2023-05-26,,,Regular Employee,False
W113091,2023-05-26,,,Regular Employee,False
W113092,2023-05-02,2025-06-20,Voluntary,Regular Employee,False
W113093,2023-05-26,2023-11-16,Voluntary,Regular Employee,False
W113094,2023-05-13,,,Regular Employee,False
W113095,2023-05-13,,,Regular Employee,False
W113096,2023-05-14,,,Regular Employee,False
W113097,2023-05-11,2026-01-06,Voluntary,Regular Employee,False
W113098,2023-05-14,2025-09-19,Voluntary,Regular Employee,False
W113099,2023-05-04,,,Regular Employee,False
W113100,2023-05-10,,,Regular Employee,False
W113101,2023-05-21,2023-06-18,Voluntary,Regular Employee,False
W113102,2023-05-19,2026-01-27,Voluntary,Regular Employee,False
W113103,2023-05-26,2023-12-06,Voluntary,Regular Employee,False
W113104,2023-05-12,2024-10-08,Voluntary,Regular Employee,False
W113105,2023-05-22,2025-10-22,Voluntary,Regular Employee,False
W113106,2023-05-28,,,Regular Employee,False
W113107,2023-05-16,,,Regular Employee,False
W113108,2023-05-17,,,Regular Employee,False
W113109,2023-05-27,,,Regular Employee,False
W113110,2023-05-08,,,Regular Employee,False
W113111,2023-05-13,,,Regular Employee,False
W113112,2023-05-12,,,Regular Employee,False
W113113,2023-05-16,,,Regular Employee,False
W113114,2023-05-22,,,Regular Employee,False
W113115,2023-05-17,,,Regular Employee,False
W113116,2023-05-15,,,Regular Employee,False
W113117,2023-05-08,2024-07-03,Voluntary,Regular Employee,False
W113118,2023-05-17,2024-06-13,Voluntary,Regular Employee,False
W113119,2023-05-14,,,Regular Employee,False
W113120,2023-05-08,,,Regular Employee,False
W113121,2023-05-21,,,Regular Employee,False
W113122,2023-05-02,,,Regular Employee,False
W113123,2023-05-30,,,Regular Employee,False
W113124,2023-05-15,,,Regular Employee,False
W113125,2023-05-30,,,Regular Employee,False
W113126,2023-05-10,,,Regular Employee,False
W113127,2023-05-08,,,Regular Employee,False
W113128,2023-05-10,,,Regular Employee,False
W113129,2023-05-26,,,Regular Employee,False
W113130,2023-05-15,,,Regular Employee,False
W113131,2023-05-18,2026-02-08,Involuntary,Regular Employee,False
W113132,2023-05-20,2023-08-17,Involuntary,Regular Employee,False
W113133,2023-05-27,,,Regular Employee,False
W113134,2023-05-29,,,Regular Employee,False
W113135,2023-05-29,2025-09-19,Involuntary,Regular Employee,False
W113136,2023-05-17,2025-08-05,Voluntary,Regular Employee,False
W113137,2023-05-09,2025-09-24,Voluntary,Regular Employee,False
W113138,2023-05-29,2024-05-27,Voluntary,Regular Employee,False
W113139,2023-05-07,,,Regular Employee,False
W113140,2023-05-23,,,Regular Employee,False
W113141,2023-05-20,,,Regular Employee,False
W113142,2023-05-17,,,Regular Employee,False
W113143,2023-05-30,,,Regular Employee,False
W113144,2023-05-26,2024-08-22,Involuntary,Regular Employee,False
W113145,2023-05-02,2024-01-04,Involuntary,Regular Employee,False
W113146,2023-05-23,,,Regular Employee,False
W113147,2023-05-10,,,Regular Employee,False
W113148,2023-05-19,,,Regular Employee,False
W113149,2023-05-25,,,Regular Employee,False
W113150,2023-05-15,,,Regular Employee,False
W113151,2023-05-19,2026-03-04,Voluntary,Regular Employee,False
W113152,2023-05-06,,,Regular Employee,False
W113153,2023-05-16,2025-06-18,Voluntary,Regular Employee,False
W113154,2023-05-01,2025-12-13,Voluntary,Regular Employee,False
W113155,2023-05-21,,,Regular Employee,False
W113156,2023-05-18,2026-01-19,Involuntary,Regular Employee,False
W113157,2023-05-30,2024-01-07,Involuntary,Regular Employee,False
W113158,2023-05-21,2024-01-23,Voluntary,Regular Employee,False
W113159,2023-05-14,2023-12-13,Voluntary,Regular Employee,False
W113160,2023-05-27,,,Regular Employee,False
W113161,2023-05-08,2023-06-09,Involuntary,Regular Employee,False
W113162,2023-05-11,,,Regular Employee,False
W113163,2023-05-20,,,Regular Employee,False
W113164,2023-05-04,,,Regular Employee,False
W113165,2023-05-23,2023-08-21,Involuntary,Regular Employee,False
W113166,2023-05-17,,,Regular Employee,False
W113167,2023-05-23,,,Regular Employee,False
W113168,2023-05-23,,,Regular Employee,False
W113169,2023-05-07,,,Regular Employee,False
W113170,2023-05-12,2023-10-03,Voluntary,Regular Employee,False
W113171,2023-05-30,,,Regular Employee,False
W113172,2023-05-29,2024-09-29,Voluntary,Regular Employee,False
W113173,2023-05-21,,,Regular Employee,False
W113174,2023-05-03,,,Regular Employee,False
W113175,2023-05-29,,,Regular Employee,False
W113176,2023-05-30,2025-02-03,Voluntary,Regular Employee,False
W113177,2023-05-16,2023-10-07,Voluntary,Regular Employee,False
W113178,2023-05-02,2025-07-14,Voluntary,Regular Employee,False
W113179,2023-05-14,,,Regular Employee,False
W113180,2023-05-23,,,Regular Employee,False
W113181,2023-05-13,,,Regular Employee,False
W113182,2023-05-20,,,Regular Employee,False
W113183,2023-05-25,2025-02-13,Involuntary,Regular Employee,False
W113184,2023-05-13,,,Regular Employee,False
W113185,2023-05-08,2025-09-19,Involuntary,Regular Employee,False
W113186,2023-05-28,,,Regular Employee,False
W113187,2023-05-15,,,Regular Employee,False
W113188,2023-05-17,,,Regular Employee,False
W113189,2023-05-28,,,Regular Employee,False
W113190,2023-05-28,,,Regular Employee,False
W113191,2023-05-27,,,Regular Employee,False
W113192,2023-05-31,,,Regular Employee,False
W113193,2023-05-22,,,Regular Employee,False
W113194,2023-05-30,,,Regular Employee,False
W113195,2023-05-16,2025-03-29,Involuntary,Regular Employee,False
W113196,2023-05-05,,,Regular Employee,False
W113197,2023-05-18,,,Regular Employee,False
W113198,2023-05-08,,,Regular Employee,False
W113199,2023-05-26,,,Regular Employee,False
W113200,2023-05-07,,,Regular Employee,False
W113201,2023-05-28,2024-01-08,Voluntary,Regular Employee,False
W113202,2023-05-15,,,Regular Employee,False
W113203,2023-05-16,2025-07-04,Voluntary,Regular Employee,False
W113204,2023-05-10,,,Regular Employee,False
W113205,2023-05-20,,,Regular Employee,False
W113206,2023-05-20,,,Regular Employee,False
W113207,2023-05-07,,,Regular Employee,False
W113208,2023-05-15,2023-08-04,Voluntary,Regular Employee,False
W113209,2023-05-31,,,Regular Employee,False
W113210,2023-05-02,,,Regular Employee,False
W113211,2023-05-11,,,Regular Employee,False
W113212,2023-05-03,2023-12-08,Voluntary,Regular Employee,False
W113213,2023-06-06,2026-01-24,Voluntary,Regular Employee,False
W113214,2023-06-14,,,Regular Employee,False
W113215,2023-06-01,2026-06-22,Voluntary,Regular Employee,False
W113216,2023-06-14,2026-06-02,Voluntary,Regular Employee,False
W113217,2023-06-14,2024-02-15,Involuntary,Regular Employee,False
W113218,2023-06-28,2023-08-09,Voluntary,Regular Employee,False
W113219,2023-06-27,2024-09-23,Voluntary,Regular Employee,False
W113220,2023-06-08,,,Regular Employee,False
W113221,2023-06-02,,,Regular Employee,False
W113222,2023-06-25,2025-10-15,Involuntary,Regular Employee,False
W113223,2023-06-23,,,Regular Employee,False
W113224,2023-06-29,,,Regular Employee,False
W113225,2023-06-11,2023-08-17,Voluntary,Regular Employee,False
W113226,2023-06-09,,,Regular Employee,False
W113227,2023-06-28,2024-05-25,Voluntary,Regular Employee,False
W113228,2023-06-25,,,Regular Employee,False
W113229,2023-06-08,2025-04-09,Involuntary,Regular Employee,False
W113230,2023-06-21,2026-05-30,Voluntary,Regular Employee,False
W113231,2023-06-28,,,Regular Employee,False
W113232,2023-06-11,2025-09-18,Voluntary,Regular Employee,False
W113233,2023-06-19,,,Regular Employee,False
W113234,2023-06-25,2026-05-21,Voluntary,Regular Employee,False
W113235,2023-06-16,2024-07-22,Voluntary,Regular Employee,False
W113236,2023-06-22,,,Regular Employee,False
W113237,2023-06-29,2026-05-09,Involuntary,Regular Employee,False
W113238,2023-06-17,2024-06-25,Voluntary,Regular Employee,False
W113239,2023-06-18,2025-01-23,Voluntary,Regular Employee,False
W113240,2023-06-10,,,Regular Employee,False
W113241,2023-06-12,2024-03-27,Involuntary,Regular Employee,False
W113242,2023-06-23,2025-12-07,Voluntary,Regular Employee,False
W113243,2023-06-20,2024-06-14,Voluntary,Regular Employee,False
W113244,2023-06-24,,,Regular Employee,False
W113245,2023-06-07,2023-09-05,Voluntary,Regular Employee,False
W113246,2023-06-22,,,Regular Employee,False
W113247,2023-06-10,,,Regular Employee,False
W113248,2023-06-04,2023-07-05,Voluntary,Regular Employee,False
W113249,2023-06-19,2024-05-27,Voluntary,Regular Employee,False
W113250,2023-06-29,,,Regular Employee,False
W113251,2023-06-07,,,Regular Employee,False
W113252,2023-06-04,2023-07-30,Voluntary,Regular Employee,False
W113253,2023-06-09,,,Regular Employee,False
W113254,2023-06-18,2024-04-14,Voluntary,Regular Employee,False
W113255,2023-06-27,,,Regular Employee,False
W113256,2023-06-21,,,Regular Employee,False
W113257,2023-06-10,,,Regular Employee,False
W113258,2023-06-06,,,Regular Employee,False
W113259,2023-06-11,,,Regular Employee,False
W113260,2023-06-18,,,Regular Employee,False
W113261,2023-06-20,,,Regular Employee,False
W113262,2023-06-11,,,Regular Employee,False
W113263,2023-06-06,,,Regular Employee,False
W113264,2023-06-08,,,Regular Employee,False
W113265,2023-06-10,2024-10-31,Voluntary,Regular Employee,False
W113266,2023-06-16,,,Regular Employee,False
W113267,2023-06-06,,,Regular Employee,False
W113268,2023-06-23,2025-05-09,Voluntary,Regular Employee,False
W113269,2023-06-18,2024-02-15,Involuntary,Regular Employee,False
W113270,2023-06-19,,,Regular Employee,False
W113271,2023-06-25,,,Regular Employee,False
W113272,2023-06-23,,,Regular Employee,False
W113273,2023-06-25,2024-02-15,Involuntary,Regular Employee,False
W113274,2023-06-20,,,Regular Employee,False
W113275,2023-06-01,2024-02-25,Voluntary,Regular Employee,False
W113276,2023-06-18,,,Regular Employee,False
W113277,2023-06-29,,,Regular Employee,False
W113278,2023-06-24,,,Regular Employee,False
W113279,2023-06-28,,,Regular Employee,False
W113280,2023-06-09,,,Regular Employee,False
W113281,2023-06-11,2023-12-25,Voluntary,Regular Employee,False
W113282,2023-06-15,,,Regular Employee,False
W113283,2023-06-01,2024-07-24,Involuntary,Regular Employee,False
W113284,2023-06-17,2025-05-02,Voluntary,Regular Employee,False
W113285,2023-06-23,,,Regular Employee,False
W113286,2023-06-20,,,Regular Employee,False
W113287,2023-06-04,,,Regular Employee,False
W113288,2023-06-08,,,Regular Employee,False
W113289,2023-06-21,2024-12-18,Voluntary,Regular Employee,False
W113290,2023-06-21,,,Regular Employee,False
W113291,2023-06-14,2024-06-19,Voluntary,Regular Employee,False
W113292,2023-06-19,2025-04-22,Voluntary,Regular Employee,False
W113293,2023-06-13,2024-02-15,Involuntary,Regular Employee,False
W113294,2023-06-11,2026-02-05,Voluntary,Regular Employee,False
W113295,2023-06-29,,,Regular Employee,False
W113296,2023-06-02,,,Regular Employee,False
W113297,2023-06-14,2026-04-25,Voluntary,Regular Employee,False
W113298,2023-06-17,2025-09-09,Voluntary,Regular Employee,False
W113299,2023-06-26,,,Regular Employee,False
W113300,2023-06-04,,,Regular Employee,False
W113301,2023-06-08,2024-09-05,Voluntary,Regular Employee,False
W113302,2023-06-14,2024-11-21,Voluntary,Regular Employee,False
W113303,2023-06-08,2023-09-03,Voluntary,Regular Employee,False
W113304,2023-06-22,,,Regular Employee,False
W113305,2023-06-05,2024-02-15,Involuntary,Regular Employee,False
W113306,2023-06-20,,,Regular Employee,False
W113307,2023-06-21,2024-05-18,Voluntary,Regular Employee,False
W113308,2023-06-16,2024-02-15,Involuntary,Regular Employee,False
W113309,2023-06-12,2026-03-07,Voluntary,Regular Employee,False
W113310,2023-06-13,,,Regular Employee,False
W113311,2023-06-13,,,Regular Employee,False
W113312,2023-06-16,2023-07-17,Voluntary,Regular Employee,False
W113313,2023-06-10,,,Regular Employee,False
W113314,2023-06-07,,,Regular Employee,False
W113315,2023-06-16,2024-04-23,Voluntary,Regular Employee,False
W113316,2023-06-08,,,Regular Employee,False
W113317,2023-06-17,2024-07-02,Voluntary,Regular Employee,False
W113318,2023-06-01,,,Regular Employee,False
W113319,2023-06-16,,,Regular Employee,False
W113320,2023-06-06,,,Regular Employee,False
W113321,2023-06-05,,,Regular Employee,False
W113322,2023-06-10,,,Regular Employee,False
W113323,2023-06-23,2025-12-23,Voluntary,Regular Employee,False
W113324,2023-06-11,2024-05-20,Voluntary,Regular Employee,False
W113325,2023-06-07,,,Regular Employee,False
W113326,2023-06-07,2026-02-10,Voluntary,Regular Employee,False
W113327,2023-06-29,,,Regular Employee,False
W113328,2023-06-13,,,Regular Employee,False
W113329,2023-06-20,,,Regular Employee,False
W113330,2023-06-28,,,Regular Employee,False
W113331,2023-06-16,2023-07-03,Voluntary,Regular Employee,False
W113332,2023-06-23,,,Regular Employee,False
W113333,2023-06-27,2023-08-15,Voluntary,Regular Employee,False
W113334,2023-06-10,,,Regular Employee,False
W113335,2023-06-16,2023-07-09,Involuntary,Regular Employee,False
W113336,2023-06-07,,,Regular Employee,False
W113337,2023-06-27,,,Regular Employee,False
W113338,2023-06-04,,,Regular Employee,False
W113339,2023-06-19,,,Regular Employee,False
W113340,2023-06-30,,,Regular Employee,False
W113341,2023-06-22,,,Regular Employee,False
W113342,2023-06-23,,,Regular Employee,False
W113343,2023-06-18,2025-11-05,Involuntary,Regular Employee,False
W113344,2023-06-14,,,Regular Employee,False
W113345,2023-06-20,,,Regular Employee,False
W113346,2023-06-26,,,Regular Employee,False
W113347,2023-06-28,,,Regular Employee,False
W113348,2023-06-27,2023-12-04,Involuntary,Regular Employee,False
W113349,2023-06-22,2024-01-26,Voluntary,Regular Employee,False
W113350,2023-06-21,,,Regular Employee,False
W113351,2023-06-06,,,Regular Employee,False
W113352,2023-06-28,2026-03-21,Voluntary,Regular Employee,False
W113353,2023-06-07,,,Regular Employee,False
W113354,2023-06-22,2025-05-23,Voluntary,Regular Employee,False
W113355,2023-06-29,,,Regular Employee,False
W113356,2023-06-12,,,Regular Employee,False
W113357,2023-06-06,,,Regular Employee,False
W113358,2023-06-26,,,Regular Employee,False
W113359,2023-06-11,,,Regular Employee,False
W113360,2023-06-30,,,Regular Employee,False
W113361,2023-06-25,,,Regular Employee,False
W113362,2023-06-07,2026-06-13,Voluntary,Regular Employee,False
W113363,2023-06-29,2025-01-16,Voluntary,Regular Employee,False
W113364,2023-06-18,,,Regular Employee,False
W113365,2023-06-24,2024-02-18,Voluntary,Regular Employee,False
W113366,2023-06-12,,,Regular Employee,False
W113367,2023-06-12,,,Regular Employee,False
W113368,2023-06-22,,,Regular Employee,False
W113369,2023-06-23,,,Regular Employee,False
W113370,2023-06-18,,,Regular Employee,False
W113371,2023-06-09,,,Regular Employee,False
W113372,2023-06-20,,,Regular Employee,False
W113373,2023-06-03,,,Regular Employee,False
W113374,2023-06-13,2026-02-07,Voluntary,Regular Employee,False
W113375,2023-06-24,2024-02-28,Voluntary,Regular Employee,False
W113376,2023-06-06,,,Regular Employee,False
W113377,2023-06-19,,,Regular Employee,False
W113378,2023-06-22,,,Regular Employee,False
W113379,2023-06-20,,,Regular Employee,False
W113380,2023-06-02,,,Regular Employee,False
W113381,2023-06-11,2026-03-16,Voluntary,Regular Employee,False
W113382,2023-06-27,,,Regular Employee,False
W113383,2023-06-16,,,Regular Employee,False
W113384,2023-06-07,,,Regular Employee,False
W113385,2023-06-10,,,Regular Employee,False
W113386,2023-06-19,2025-09-19,Involuntary,Regular Employee,False
W113387,2023-06-02,2025-09-25,Voluntary,Regular Employee,False
W113388,2023-06-20,,,Regular Employee,False
W113389,2023-06-10,,,Regular Employee,False
W113390,2023-06-15,2024-05-13,Voluntary,Regular Employee,False
W113391,2023-06-29,2025-07-25,Voluntary,Regular Employee,False
W113392,2023-06-15,,,Regular Employee,False
W113393,2023-06-03,,,Regular Employee,False
W113394,2023-06-01,2024-02-03,Voluntary,Regular Employee,False
W113395,2023-06-09,,,Regular Employee,False
W113396,2023-06-03,,,Regular Employee,False
W113397,2023-06-19,,,Regular Employee,False
W113398,2023-06-17,2024-10-21,Voluntary,Regular Employee,False
W113399,2023-06-20,,,Regular Employee,False
W113400,2023-06-11,,,Regular Employee,False
W113401,2023-06-20,,,Regular Employee,False
W113402,2023-06-21,,,Regular Employee,False
W113403,2023-06-11,,,Regular Employee,False
W113404,2023-06-19,,,Regular Employee,False
W113405,2023-06-11,,,Regular Employee,False
W113406,2023-06-21,2023-10-07,Voluntary,Regular Employee,False
W113407,2023-06-18,2023-11-15,Voluntary,Regular Employee,False
W113408,2023-06-27,,,Regular Employee,False
W113409,2023-06-08,2024-04-23,Voluntary,Regular Employee,False
W113410,2023-06-03,2025-11-22,Voluntary,Regular Employee,False
W113411,2023-06-02,,,Regular Employee,False
W113412,2023-06-28,,,Regular Employee,False
W113413,2023-06-27,,,Regular Employee,False
W113414,2023-07-23,,,Regular Employee,False
W113415,2023-07-01,,,Regular Employee,False
W113416,2023-07-05,,,Regular Employee,False
W113417,2023-07-29,2024-05-19,Involuntary,Regular Employee,False
W113418,2023-07-09,,,Regular Employee,False
W113419,2023-07-04,,,Regular Employee,False
W113420,2023-07-31,2024-03-06,Voluntary,Regular Employee,False
W113421,2023-07-29,,,Regular Employee,False
W113422,2023-07-24,2025-05-25,Voluntary,Regular Employee,False
W113423,2023-07-28,2026-02-09,Voluntary,Regular Employee,False
W113424,2023-07-19,,,Regular Employee,False
W113425,2023-07-01,,,Regular Employee,False
W113426,2023-07-05,,,Regular Employee,False
W113427,2023-07-08,2025-07-25,Voluntary,Regular Employee,False
W113428,2023-07-22,,,Regular Employee,False
W113429,2023-07-04,,,Regular Employee,False
W113430,2023-07-06,2026-03-14,Voluntary,Regular Employee,False
W113431,2023-07-20,2024-06-27,Involuntary,Regular Employee,False
W113432,2023-07-15,2024-02-15,Involuntary,Regular Employee,False
W113433,2023-07-10,,,Regular Employee,False
W113434,2023-07-13,,,Regular Employee,False
W113435,2023-07-13,,,Regular Employee,False
W113436,2023-07-16,,,Regular Employee,False
W113437,2023-07-25,,,Regular Employee,False
W113438,2023-07-07,,,Regular Employee,False
W113439,2023-07-24,,,Regular Employee,False
W113440,2023-07-10,2026-02-19,Voluntary,Regular Employee,False
W113441,2023-07-19,2023-08-06,Voluntary,Regular Employee,False
W113442,2023-07-14,,,Regular Employee,False
W113443,2023-07-21,,,Regular Employee,False
W113444,2023-07-12,,,Regular Employee,False
W113445,2023-07-03,2025-01-08,Involuntary,Regular Employee,False
W113446,2023-07-21,,,Regular Employee,False
W113447,2023-07-06,,,Regular Employee,False
W113448,2023-07-10,,,Regular Employee,False
W113449,2023-07-05,2025-01-15,Involuntary,Regular Employee,False
W113450,2023-07-25,,,Regular Employee,False
W113451,2023-07-21,,,Regular Employee,False
W113452,2023-07-17,,,Regular Employee,False
W113453,2023-07-09,2023-10-13,Involuntary,Regular Employee,False
W113454,2023-07-25,,,Regular Employee,False
W113455,2023-07-04,2025-06-23,Voluntary,Regular Employee,False
W113456,2023-07-04,2023-12-12,Voluntary,Regular Employee,False
W113457,2023-07-31,2026-03-27,Voluntary,Regular Employee,False
W113458,2023-07-14,,,Regular Employee,False
W113459,2023-07-08,,,Regular Employee,False
W113460,2023-07-21,,,Regular Employee,False
W113461,2023-07-25,,,Regular Employee,False
W113462,2023-07-17,2024-04-02,Involuntary,Regular Employee,False
W113463,2023-07-23,,,Regular Employee,False
W113464,2023-07-17,,,Regular Employee,False
W113465,2023-07-02,,,Regular Employee,False
W113466,2023-07-10,2023-10-28,Voluntary,Regular Employee,False
W113467,2023-07-16,,,Regular Employee,False
W113468,2023-07-19,,,Regular Employee,False
W113469,2023-07-21,,,Regular Employee,False
W113470,2023-07-14,2025-06-16,Voluntary,Regular Employee,False
W113471,2023-07-02,2024-04-07,Involuntary,Regular Employee,False
W113472,2023-07-25,,,Regular Employee,False
W113473,2023-07-09,2024-09-04,Voluntary,Regular Employee,False
W113474,2023-07-13,,,Regular Employee,False
W113475,2023-07-06,2025-03-03,Voluntary,Regular Employee,False
W113476,2023-07-06,,,Regular Employee,False
W113477,2023-07-11,,,Regular Employee,False
W113478,2023-07-03,,,Regular Employee,False
W113479,2023-07-17,,,Regular Employee,False
W113480,2023-07-10,,,Regular Employee,False
W113481,2023-07-22,,,Regular Employee,False
W113482,2023-07-08,,,Regular Employee,False
W113483,2023-07-03,2024-08-12,Voluntary,Regular Employee,False
W113484,2023-07-07,2025-09-17,Voluntary,Regular Employee,False
W113485,2023-07-01,,,Regular Employee,False
W113486,2023-07-07,2025-11-14,Voluntary,Regular Employee,False
W113487,2023-07-05,,,Regular Employee,False
W113488,2023-07-29,,,Regular Employee,False
W113489,2023-07-24,,,Regular Employee,False
W113490,2023-07-16,,,Regular Employee,False
W113491,2023-07-16,,,Regular Employee,False
W113492,2023-07-02,,,Regular Employee,False
W113493,2023-07-02,,,Regular Employee,False
W113494,2023-07-31,2024-08-02,Voluntary,Regular Employee,False
W113495,2023-07-09,,,Regular Employee,False
W113496,2023-07-23,,,Regular Employee,False
W113497,2023-07-16,,,Regular Employee,False
W113498,2023-07-22,,,Regular Employee,False
W113499,2023-07-06,,,Regular Employee,False
W113500,2023-07-09,,,Regular Employee,False
W113501,2023-07-02,,,Regular Employee,False
W113502,2023-07-21,2024-06-14,Voluntary,Regular Employee,False
W113503,2023-07-28,,,Regular Employee,False
W113504,2023-07-18,2026-06-04,Voluntary,Regular Employee,False
W113505,2023-07-13,2024-02-15,Voluntary,Regular Employee,False
W113506,2023-07-18,,,Regular Employee,False
W113507,2023-07-29,,,Regular Employee,False
W113508,2023-07-03,,,Regular Employee,False
W113509,2023-07-11,,,Regular Employee,False
W113510,2023-07-16,,,Regular Employee,False
W113511,2023-07-31,2024-02-15,Involuntary,Regular Employee,False
W113512,2023-07-27,,,Regular Employee,False
W113513,2023-07-17,,,Regular Employee,False
W113514,2023-07-16,2026-03-29,Voluntary,Regular Employee,False
W113515,2023-07-24,,,Regular Employee,False
W113516,2023-07-26,2025-08-11,Involuntary,Regular Employee,False
W113517,2023-07-25,,,Regular Employee,False
W113518,2023-07-07,,,Regular Employee,False
W113519,2023-07-20,,,Regular Employee,False
W113520,2023-07-21,2023-08-04,Voluntary,Regular Employee,False
W113521,2023-07-24,,,Regular Employee,False
W113522,2023-07-08,,,Regular Employee,False
W113523,2023-07-31,2026-03-22,Voluntary,Regular Employee,False
W113524,2023-07-06,,,Regular Employee,False
W113525,2023-07-28,2024-09-07,Voluntary,Regular Employee,False
W113526,2023-07-17,2024-02-15,Involuntary,Regular Employee,False
W113527,2023-07-28,,,Regular Employee,False
W113528,2023-07-29,2023-08-02,Voluntary,Regular Employee,False
W113529,2023-07-28,2023-09-09,Involuntary,Regular Employee,False
W113530,2023-07-24,2024-08-04,Voluntary,Regular Employee,False
W113531,2023-07-30,2023-11-29,Voluntary,Regular Employee,False
W113532,2023-07-31,,,Regular Employee,False
W113533,2023-07-15,2025-12-25,Voluntary,Regular Employee,False
W113534,2023-07-23,2023-10-14,Voluntary,Regular Employee,False
W113535,2023-07-29,2023-09-23,Voluntary,Regular Employee,False
W113536,2023-07-07,,,Regular Employee,False
W113537,2023-07-03,,,Regular Employee,False
W113538,2023-07-13,,,Regular Employee,False
W113539,2023-07-28,,,Regular Employee,False
W113540,2023-07-22,2024-01-08,Voluntary,Regular Employee,False
W113541,2023-07-01,2024-02-22,Involuntary,Regular Employee,False
W113542,2023-07-16,,,Regular Employee,False
W113543,2023-08-16,,,Regular Employee,False
W113544,2023-08-30,,,Regular Employee,False
W113545,2023-08-05,,,Regular Employee,False
W113546,2023-08-22,2025-03-06,Voluntary,Regular Employee,False
W113547,2023-08-02,,,Regular Employee,False
W113548,2023-08-19,2024-05-10,Voluntary,Regular Employee,False
W113549,2023-08-09,,,Regular Employee,False
W113550,2023-08-02,,,Regular Employee,False
W113551,2023-08-16,,,Regular Employee,False
W113552,2023-08-16,,,Regular Employee,False
W113553,2023-08-12,,,Regular Employee,False
W113554,2023-08-21,,,Regular Employee,False
W113555,2023-08-28,2024-02-07,Voluntary,Regular Employee,False
W113556,2023-08-25,,,Regular Employee,False
W113557,2023-08-28,,,Regular Employee,False
W113558,2023-08-29,2024-02-15,Involuntary,Regular Employee,False
W113559,2023-08-24,2026-02-04,Involuntary,Regular Employee,False
W113560,2023-08-31,,,Regular Employee,False
W113561,2023-08-23,,,Regular Employee,False
W113562,2023-08-11,,,Regular Employee,False
W113563,2023-08-04,,,Regular Employee,False
W113564,2023-08-01,2024-09-19,Involuntary,Regular Employee,False
W113565,2023-08-02,2023-10-29,Involuntary,Regular Employee,False
W113566,2023-08-26,2025-04-14,Voluntary,Regular Employee,False
W113567,2023-08-07,,,Regular Employee,False
W113568,2023-08-16,,,Regular Employee,False
W113569,2023-08-04,,,Regular Employee,False
W113570,2023-08-08,,,Regular Employee,False
W113571,2023-08-10,2026-01-15,Voluntary,Regular Employee,False
W113572,2023-08-10,,,Regular Employee,False
W113573,2023-08-14,2024-06-26,Voluntary,Regular Employee,False
W113574,2023-08-26,,,Regular Employee,False
W113575,2023-08-12,,,Regular Employee,False
W113576,2023-08-25,2026-06-08,Voluntary,Regular Employee,False
W113577,2023-08-10,,,Regular Employee,False
W113578,2023-08-31,,,Regular Employee,False
W113579,2023-08-07,,,Regular Employee,False
W113580,2023-08-13,,,Regular Employee,False
W113581,2023-08-25,,,Regular Employee,False
W113582,2023-08-26,,,Regular Employee,False
W113583,2023-08-26,,,Regular Employee,False
W113584,2023-08-01,,,Regular Employee,False
W113585,2023-08-22,,,Regular Employee,False
W113586,2023-08-22,2024-10-16,Voluntary,Regular Employee,False
W113587,2023-08-07,,,Regular Employee,False
W113588,2023-08-06,,,Regular Employee,False
W113589,2023-08-07,,,Regular Employee,False
W113590,2023-08-29,2024-04-04,Voluntary,Regular Employee,False
W113591,2023-08-30,2024-07-12,Voluntary,Regular Employee,False
W113592,2023-08-16,,,Regular Employee,False
W113593,2023-08-23,,,Regular Employee,False
W113594,2023-08-26,2025-01-06,Voluntary,Regular Employee,False
W113595,2023-08-19,,,Regular Employee,False
W113596,2023-08-23,,,Regular Employee,False
W113597,2023-08-21,,,Regular Employee,False
W113598,2023-08-11,,,Regular Employee,False
W113599,2023-08-24,2025-01-03,Voluntary,Regular Employee,False
W113600,2023-08-20,,,Regular Employee,False
W113601,2023-08-03,,,Regular Employee,False
W113602,2023-08-27,,,Regular Employee,False
W113603,2023-08-03,,,Regular Employee,False
W113604,2023-08-07,2023-09-07,Voluntary,Regular Employee,False
W113605,2023-08-14,,,Regular Employee,False
W113606,2023-08-20,,,Regular Employee,False
W113607,2023-08-28,,,Regular Employee,False
W113608,2023-08-05,,,Regular Employee,False
W113609,2023-08-06,,,Regular Employee,False
W113610,2023-08-31,,,Regular Employee,False
W113611,2023-08-20,2024-05-23,Involuntary,Regular Employee,False
W113612,2023-08-20,,,Regular Employee,False
W113613,2023-08-11,,,Regular Employee,False
W113614,2023-08-25,,,Regular Employee,False
W113615,2023-08-25,,,Regular Employee,False
W113616,2023-08-30,,,Regular Employee,False
W113617,2023-08-28,,,Regular Employee,False
W113618,2023-08-20,,,Regular Employee,False
W113619,2023-08-07,,,Regular Employee,False
W113620,2023-08-11,,,Regular Employee,False
W113621,2023-08-31,,,Regular Employee,False
W113622,2023-08-09,2026-01-11,Voluntary,Regular Employee,False
W113623,2023-08-26,,,Regular Employee,False
W113624,2023-08-07,,,Regular Employee,False
W113625,2023-08-19,,,Regular Employee,False
W113626,2023-08-26,,,Regular Employee,False
W113627,2023-08-21,2024-02-12,Involuntary,Regular Employee,False
W113628,2023-08-28,,,Regular Employee,False
W113629,2023-08-26,2023-10-05,Voluntary,Regular Employee,False
W113630,2023-08-01,,,Regular Employee,False
W113631,2023-08-23,,,Regular Employee,False
W113632,2023-08-29,,,Regular Employee,False
W113633,2023-08-03,2024-07-16,Voluntary,Regular Employee,False
W113634,2023-08-14,,,Regular Employee,False
W113635,2023-08-17,,,Regular Employee,False
W113636,2023-08-15,,,Regular Employee,False
W113637,2023-08-17,,,Regular Employee,False
W113638,2023-08-25,2024-07-23,Involuntary,Regular Employee,False
W113639,2023-08-26,2025-07-23,Voluntary,Regular Employee,False
W113640,2023-08-25,,,Regular Employee,False
W113641,2023-08-02,,,Regular Employee,False
W113642,2023-08-03,,,Regular Employee,False
W113643,2023-08-15,,,Regular Employee,False
W113644,2023-08-12,,,Regular Employee,False
W113645,2023-08-02,2026-01-26,Voluntary,Regular Employee,False
W113646,2023-08-23,,,Regular Employee,False
W113647,2023-08-20,2023-12-05,Involuntary,Regular Employee,False
W113648,2023-08-01,,,Regular Employee,False
W113649,2023-08-02,2024-01-13,Voluntary,Regular Employee,False
W113650,2023-08-10,,,Regular Employee,False
W113651,2023-08-06,,,Regular Employee,False
W113652,2023-08-08,2026-06-12,Voluntary,Regular Employee,False
W113653,2023-08-25,2023-10-10,Voluntary,Regular Employee,False
W113654,2023-08-10,2024-12-30,Voluntary,Regular Employee,False
W113655,2023-08-08,2024-01-27,Voluntary,Regular Employee,False
W113656,2023-08-09,,,Regular Employee,False
W113657,2023-08-10,,,Regular Employee,False
W113658,2023-08-18,2024-07-24,Voluntary,Regular Employee,False
W113659,2023-08-19,,,Regular Employee,False
W113660,2023-08-29,,,Regular Employee,False
W113661,2023-09-09,,,Regular Employee,False
W113662,2023-09-10,2024-09-20,Voluntary,Regular Employee,False
W113663,2023-09-16,,,Regular Employee,False
W113664,2023-09-09,,,Regular Employee,False
W113665,2023-09-14,,,Regular Employee,False
W113666,2023-09-20,,,Regular Employee,False
W113667,2023-09-08,,,Regular Employee,False
W113668,2023-09-02,,,Regular Employee,False
W113669,2023-09-25,,,Regular Employee,False
W113670,2023-09-27,,,Regular Employee,False
W113671,2023-09-28,,,Regular Employee,False
W113672,2023-09-25,,,Regular Employee,False
W113673,2023-09-03,,,Regular Employee,False
W113674,2023-09-12,2025-02-10,Voluntary,Regular Employee,False
W113675,2023-09-23,,,Regular Employee,False
W113676,2023-09-19,2023-11-19,Voluntary,Regular Employee,False
W113677,2023-09-12,,,Regular Employee,False
W113678,2023-09-09,2025-05-13,Voluntary,Regular Employee,False
W113679,2023-09-13,,,Regular Employee,False
W113680,2023-09-09,,,Regular Employee,False
W113681,2023-09-20,2026-06-29,Involuntary,Regular Employee,False
W113682,2023-09-22,,,Regular Employee,False
W113683,2023-09-07,,,Regular Employee,False
W113684,2023-09-14,,,Regular Employee,False
W113685,2023-09-27,,,Regular Employee,False
W113686,2023-09-30,,,Regular Employee,False
W113687,2023-09-09,2024-04-26,Voluntary,Regular Employee,False
W113688,2023-09-19,,,Regular Employee,False
W113689,2023-09-10,,,Regular Employee,False
W113690,2023-09-13,,,Regular Employee,False
W113691,2023-09-28,2024-03-10,Voluntary,Regular Employee,False
W113692,2023-09-29,,,Regular Employee,False
W113693,2023-09-05,,,Regular Employee,False
W113694,2023-09-03,,,Regular Employee,False
W113695,2023-09-29,,,Regular Employee,False
W113696,2023-09-26,,,Regular Employee,False
W113697,2023-09-18,2024-03-20,Voluntary,Regular Employee,False
W113698,2023-09-19,,,Regular Employee,False
W113699,2023-09-18,,,Regular Employee,False
W113700,2023-09-29,2024-12-25,Involuntary,Regular Employee,False
W113701,2023-09-01,,,Regular Employee,False
W113702,2023-09-30,,,Regular Employee,False
W113703,2023-09-28,2024-06-25,Voluntary,Regular Employee,False
W113704,2023-09-30,,,Regular Employee,False
W113705,2023-09-09,2025-04-01,Voluntary,Regular Employee,False
W113706,2023-09-01,,,Regular Employee,False
W113707,2023-09-11,2025-06-11,Voluntary,Regular Employee,False
W113708,2023-09-04,,,Regular Employee,False
W113709,2023-09-16,2024-10-27,Voluntary,Regular Employee,False
W113710,2023-09-22,,,Regular Employee,False
W113711,2023-09-01,,,Regular Employee,False
W113712,2023-09-29,2025-01-31,Voluntary,Regular Employee,False
W113713,2023-09-10,2023-12-27,Voluntary,Regular Employee,False
W113714,2023-09-18,,,Regular Employee,False
W113715,2023-09-10,,,Regular Employee,False
W113716,2023-09-12,,,Regular Employee,False
W113717,2023-09-03,2026-05-07,Voluntary,Regular Employee,False
W113718,2023-09-19,2025-10-30,Voluntary,Regular Employee,False
W113719,2023-09-24,,,Regular Employee,False
W113720,2023-09-09,,,Regular Employee,False
W113721,2023-09-21,,,Regular Employee,False
W113722,2023-09-21,,,Regular Employee,False
W113723,2023-09-06,2024-06-27,Voluntary,Regular Employee,False
W113724,2023-09-12,2024-02-15,Involuntary,Regular Employee,False
W113725,2023-09-03,2025-08-18,Voluntary,Regular Employee,False
W113726,2023-09-04,,,Regular Employee,False
W113727,2023-09-22,,,Regular Employee,False
W113728,2023-09-19,2025-03-31,Voluntary,Regular Employee,False
W113729,2023-09-07,,,Regular Employee,False
W113730,2023-09-01,,,Regular Employee,False
W113731,2023-09-07,,,Regular Employee,False
W113732,2023-09-18,,,Regular Employee,False
W113733,2023-09-08,,,Regular Employee,False
W113734,2023-09-28,,,Regular Employee,False
W113735,2023-09-15,,,Regular Employee,False
W113736,2023-09-22,,,Regular Employee,False
W113737,2023-09-27,,,Regular Employee,False
W113738,2023-09-26,2025-11-04,Voluntary,Regular Employee,False
W113739,2023-09-10,2023-12-29,Voluntary,Regular Employee,False
W113740,2023-09-08,2025-01-14,Voluntary,Regular Employee,False
W113741,2023-09-23,,,Regular Employee,False
W113742,2023-09-21,,,Regular Employee,False
W113743,2023-09-20,2025-02-11,Voluntary,Regular Employee,False
W113744,2023-09-06,,,Regular Employee,False
W113745,2023-09-18,,,Regular Employee,False
W113746,2023-09-20,,,Regular Employee,False
W113747,2023-09-22,2023-10-29,Voluntary,Regular Employee,False
W113748,2023-09-02,,,Regular Employee,False
W113749,2023-09-20,,,Regular Employee,False
W113750,2023-09-30,2025-06-21,Involuntary,Regular Employee,False
W113751,2023-09-10,,,Regular Employee,False
W113752,2023-09-09,,,Regular Employee,False
W113753,2023-09-27,,,Regular Employee,False
W113754,2023-09-25,,,Regular Employee,False
W113755,2023-09-24,,,Regular Employee,False
W113756,2023-09-21,,,Regular Employee,False
W113757,2023-09-02,,,Regular Employee,False
W113758,2023-09-10,,,Regular Employee,False
W113759,2023-09-27,2023-11-21,Involuntary,Regular Employee,False
W113760,2023-09-05,2026-02-10,Voluntary,Regular Employee,False
W113761,2023-09-14,,,Regular Employee,False
W113762,2023-09-09,,,Regular Employee,False
W113763,2023-09-25,,,Regular Employee,False
W113764,2023-09-06,,,Regular Employee,False
W113765,2023-09-28,2023-10-06,Voluntary,Regular Employee,False
W113766,2023-09-04,2024-12-10,Voluntary,Regular Employee,False
W113767,2023-09-23,2025-11-28,Voluntary,Regular Employee,False
W113768,2023-09-01,,,Regular Employee,False
W113769,2023-09-28,2025-02-10,Voluntary,Regular Employee,False
W113770,2023-09-16,2024-06-19,Voluntary,Regular Employee,False
W113771,2023-09-12,,,Regular Employee,False
W113772,2023-09-25,,,Regular Employee,False
W113773,2023-09-13,2024-02-18,Voluntary,Regular Employee,False
W113774,2023-09-20,,,Regular Employee,False
W113775,2023-09-12,,,Regular Employee,False
W113776,2023-09-17,,,Regular Employee,False
W113777,2023-09-05,,,Regular Employee,False
W113778,2023-09-06,2026-06-28,Involuntary,Regular Employee,False
W113779,2023-09-29,,,Regular Employee,False
W113780,2023-09-19,,,Regular Employee,False
W113781,2023-09-15,,,Regular Employee,False
W113782,2023-09-04,2024-05-14,Voluntary,Regular Employee,False
W113783,2023-09-17,,,Regular Employee,False
W113784,2023-09-23,2026-02-15,Voluntary,Regular Employee,False
W113785,2023-09-08,2024-06-24,Voluntary,Regular Employee,False
W113786,2023-09-19,,,Regular Employee,False
W113787,2023-09-18,,,Regular Employee,False
W113788,2023-09-05,,,Regular Employee,False
W113789,2023-09-16,2024-05-18,Voluntary,Regular Employee,False
W113790,2023-09-22,,,Regular Employee,False
W113791,2023-09-03,,,Regular Employee,False
W113792,2023-09-03,2025-08-17,Voluntary,Regular Employee,False
W113793,2023-09-12,,,Regular Employee,False
W113794,2023-09-28,,,Regular Employee,False
W113795,2023-10-13,,,Regular Employee,False
W113796,2023-10-03,,,Regular Employee,False
W113797,2023-10-31,,,Regular Employee,False
W113798,2023-10-22,,,Regular Employee,False
W113799,2023-10-24,,,Regular Employee,False
W113800,2023-10-05,,,Regular Employee,False
W113801,2023-10-19,,,Regular Employee,False
W113802,2023-10-30,,,Regular Employee,False
W113803,2023-10-29,2024-02-15,Involuntary,Regular Employee,False
W113804,2023-10-10,2025-09-23,Voluntary,Regular Employee,False
W113805,2023-10-30,,,Regular Employee,False
W113806,2023-10-02,,,Regular Employee,False
W113807,2023-10-19,2025-07-01,Voluntary,Regular Employee,False
W113808,2023-10-30,,,Regular Employee,False
W113809,2023-10-30,2024-08-05,Voluntary,Regular Employee,False
W113810,2023-10-24,,,Regular Employee,False
W113811,2023-10-05,,,Regular Employee,False
W113812,2023-10-06,,,Regular Employee,False
W113813,2023-10-13,,,Regular Employee,False
W113814,2023-10-07,,,Regular Employee,False
W113815,2023-10-27,,,Regular Employee,False
W113816,2023-10-28,,,Regular Employee,False
W113817,2023-10-14,,,Regular Employee,False
W113818,2023-10-27,2024-07-01,Voluntary,Regular Employee,False
W113819,2023-10-06,,,Regular Employee,False
W113820,2023-10-17,2026-03-19,Voluntary,Regular Employee,False
W113821,2023-10-18,,,Regular Employee,False
W113822,2023-10-16,,,Regular Employee,False
W113823,2023-10-02,,,Regular Employee,False
W113824,2023-10-24,,,Regular Employee,False
W113825,2023-10-26,,,Regular Employee,False
W113826,2023-10-12,,,Regular Employee,False
W113827,2023-10-04,,,Regular Employee,False
W113828,2023-10-01,2025-01-31,Voluntary,Regular Employee,False
W113829,2023-10-08,,,Regular Employee,False
W113830,2023-10-31,,,Regular Employee,False
W113831,2023-10-21,,,Regular Employee,False
W113832,2023-10-12,,,Regular Employee,False
W113833,2023-10-12,,,Regular Employee,False
W113834,2023-10-29,,,Regular Employee,False
W113835,2023-10-28,2024-06-27,Voluntary,Regular Employee,False
W113836,2023-10-27,2024-01-16,Voluntary,Regular Employee,False
W113837,2023-10-01,2025-07-07,Involuntary,Regular Employee,False
W113838,2023-10-13,,,Regular Employee,False
W113839,2023-10-28,,,Regular Employee,False
W113840,2023-10-01,,,Regular Employee,False
W113841,2023-10-03,,,Regular Employee,False
W113842,2023-10-03,,,Regular Employee,False
W113843,2023-10-23,,,Regular Employee,False
W113844,2023-10-28,2024-08-13,Voluntary,Regular Employee,False
W113845,2023-10-31,2023-11-10,Voluntary,Regular Employee,False
W113846,2023-10-02,2025-03-19,Voluntary,Regular Employee,False
W113847,2023-10-20,2023-12-13,Voluntary,Regular Employee,False
W113848,2023-10-08,,,Regular Employee,False
W113849,2023-10-10,,,Regular Employee,False
W113850,2023-10-04,2025-03-11,Involuntary,Regular Employee,False
W113851,2023-10-02,2025-05-01,Voluntary,Regular Employee,False
W113852,2023-10-29,,,Regular Employee,False
W113853,2023-10-29,,,Regular Employee,False
W113854,2023-10-11,,,Regular Employee,False
W113855,2023-10-02,2025-03-19,Voluntary,Regular Employee,False
W113856,2023-10-22,2025-05-22,Voluntary,Regular Employee,False
W113857,2023-10-04,,,Regular Employee,False
W113858,2023-10-08,2023-11-03,Voluntary,Regular Employee,False
W113859,2023-10-07,,,Regular Employee,False
W113860,2023-10-20,,,Regular Employee,False
W113861,2023-10-28,,,Regular Employee,False
W113862,2023-10-13,,,Regular Employee,False
W113863,2023-10-11,,,Regular Employee,False
W113864,2023-10-07,,,Regular Employee,False
W113865,2023-10-24,,,Regular Employee,False
W113866,2023-10-29,,,Regular Employee,False
W113867,2023-10-31,,,Regular Employee,False
W113868,2023-10-06,,,Regular Employee,False
W113869,2023-10-11,2026-03-18,Voluntary,Regular Employee,False
W113870,2023-10-01,,,Regular Employee,False
W113871,2023-10-16,,,Regular Employee,False
W113872,2023-10-08,2025-11-20,Voluntary,Regular Employee,False
W113873,2023-10-08,,,Regular Employee,False
W113874,2023-10-01,2023-12-29,Voluntary,Regular Employee,False
W113875,2023-10-25,2024-02-20,Voluntary,Regular Employee,False
W113876,2023-10-05,,,Regular Employee,False
W113877,2023-10-21,2025-11-21,Voluntary,Regular Employee,False
W113878,2023-10-21,,,Regular Employee,False
W113879,2023-10-14,,,Regular Employee,False
W113880,2023-10-28,2025-09-14,Voluntary,Regular Employee,False
W113881,2023-10-27,,,Regular Employee,False
W113882,2023-10-06,,,Regular Employee,False
W113883,2023-10-15,2024-02-15,Involuntary,Regular Employee,False
W113884,2023-10-21,,,Regular Employee,False
W113885,2023-10-16,2024-01-14,Voluntary,Regular Employee,False
W113886,2023-10-24,,,Regular Employee,False
W113887,2023-10-23,,,Regular Employee,False
W113888,2023-10-21,2026-04-01,Voluntary,Regular Employee,False
W113889,2023-10-26,,,Regular Employee,False
W113890,2023-10-09,,,Regular Employee,False
W113891,2023-10-14,2024-07-13,Voluntary,Regular Employee,False
W113892,2023-10-03,,,Regular Employee,False
W113893,2023-10-19,2025-12-15,Voluntary,Regular Employee,False
W113894,2023-10-17,,,Regular Employee,False
W113895,2023-10-12,2025-12-06,Voluntary,Regular Employee,False
W113896,2023-10-23,,,Regular Employee,False
W113897,2023-10-13,,,Regular Employee,False
W113898,2023-10-11,,,Regular Employee,False
W113899,2023-10-19,,,Regular Employee,False
W113900,2023-10-16,2025-07-10,Voluntary,Regular Employee,False
W113901,2023-10-24,,,Regular Employee,False
W113902,2023-10-01,,,Regular Employee,False
W113903,2023-10-01,,,Regular Employee,False
W113904,2023-10-06,,,Regular Employee,False
W113905,2023-10-01,2024-12-04,Voluntary,Regular Employee,False
W113906,2023-10-21,2024-07-07,Voluntary,Regular Employee,False
W113907,2023-10-06,,,Regular Employee,False
W113908,2023-10-12,2024-11-08,Voluntary,Regular Employee,False
W113909,2023-10-02,2026-06-08,Voluntary,Regular Employee,False
W113910,2023-10-25,,,Regular Employee,False
W113911,2023-10-19,,,Regular Employee,False
W113912,2023-10-19,,,Regular Employee,False
W113913,2023-10-20,,,Regular Employee,False
W113914,2023-10-28,,,Regular Employee,False
W113915,2023-11-17,2024-02-10,Involuntary,Regular Employee,False
W113916,2023-11-08,,,Regular Employee,False
W113917,2023-11-14,,,Regular Employee,False
W113918,2023-11-18,,,Regular Employee,False
W113919,2023-11-02,,,Regular Employee,False
W113920,2023-11-21,,,Regular Employee,False
W113921,2023-11-19,2024-01-12,Voluntary,Regular Employee,False
W113922,2023-11-09,,,Regular Employee,False
W113923,2023-11-24,,,Regular Employee,False
W113924,2023-11-01,,,Regular Employee,False
W113925,2023-11-22,,,Regular Employee,False
W113926,2023-11-06,,,Regular Employee,False
W113927,2023-11-30,,,Regular Employee,False
W113928,2023-11-22,2025-10-05,Voluntary,Regular Employee,False
W113929,2023-11-30,,,Regular Employee,False
W113930,2023-11-10,2025-07-30,Voluntary,Regular Employee,False
W113931,2023-11-30,,,Regular Employee,False
W113932,2023-11-07,2024-02-12,Voluntary,Regular Employee,False
W113933,2023-11-24,2026-02-02,Involuntary,Regular Employee,False
W113934,2023-11-24,,,Regular Employee,False
W113935,2023-11-09,,,Regular Employee,False
W113936,2023-11-03,,,Regular Employee,False
W113937,2023-11-06,2026-01-22,Voluntary,Regular Employee,False
W113938,2023-11-16,,,Regular Employee,False
W113939,2023-11-01,2026-06-27,Voluntary,Regular Employee,False
W113940,2023-11-04,2025-10-31,Involuntary,Regular Employee,False
W113941,2023-11-25,2025-11-01,Voluntary,Regular Employee,False
W113942,2023-11-26,2024-10-26,Voluntary,Regular Employee,False
W113943,2023-11-23,,,Regular Employee,False
W113944,2023-11-18,2024-06-23,Voluntary,Regular Employee,False
W113945,2023-11-08,,,Regular Employee,False
W113946,2023-11-11,2026-03-10,Involuntary,Regular Employee,False
W113947,2023-11-08,2025-12-01,Voluntary,Regular Employee,False
W113948,2023-11-05,,,Regular Employee,False
W113949,2023-11-13,2026-05-02,Voluntary,Regular Employee,False
W113950,2023-11-25,,,Regular Employee,False
W113951,2023-11-01,2026-01-26,Voluntary,Regular Employee,False
W113952,2023-11-18,,,Regular Employee,False
W113953,2023-11-28,,,Regular Employee,False
W113954,2023-11-15,,,Regular Employee,False
W113955,2023-11-23,2023-12-26,Voluntary,Regular Employee,False
W113956,2023-11-08,,,Regular Employee,False
W113957,2023-11-30,2023-12-30,Voluntary,Regular Employee,False
W113958,2023-11-22,,,Regular Employee,False
W113959,2023-11-22,,,Regular Employee,False
W113960,2023-11-15,,,Regular Employee,False
W113961,2023-11-02,2025-08-19,Voluntary,Regular Employee,False
W113962,2023-11-10,,,Regular Employee,False
W113963,2023-11-14,,,Regular Employee,False
W113964,2023-11-25,,,Regular Employee,False
W113965,2023-11-03,,,Regular Employee,False
W113966,2023-11-07,,,Regular Employee,False
W113967,2023-11-22,,,Regular Employee,False
W113968,2023-11-28,2024-09-13,Voluntary,Regular Employee,False
W113969,2023-11-07,,,Regular Employee,False
W113970,2023-11-15,2024-09-25,Voluntary,Regular Employee,False
W113971,2023-11-12,2026-02-16,Voluntary,Regular Employee,False
W113972,2023-11-08,,,Regular Employee,False
W113973,2023-11-29,,,Regular Employee,False
W113974,2023-11-02,,,Regular Employee,False
W113975,2023-11-27,2024-02-20,Voluntary,Regular Employee,False
W113976,2023-11-21,,,Regular Employee,False
W113977,2023-11-18,2024-09-18,Voluntary,Regular Employee,False
W113978,2023-11-04,,,Regular Employee,False
W113979,2023-11-01,2024-12-04,Voluntary,Regular Employee,False
W113980,2023-11-26,,,Regular Employee,False
W113981,2023-11-02,2024-04-30,Voluntary,Regular Employee,False
W113982,2023-11-10,,,Regular Employee,False
W113983,2023-11-24,2025-11-15,Voluntary,Regular Employee,False
W113984,2023-11-23,2024-06-30,Involuntary,Regular Employee,False
W113985,2023-11-27,,,Regular Employee,False
W113986,2023-11-08,,,Regular Employee,False
W113987,2023-11-08,2023-12-25,Voluntary,Regular Employee,False
W113988,2023-11-12,2025-06-06,Voluntary,Regular Employee,False
W113989,2023-11-03,2024-04-10,Voluntary,Regular Employee,False
W113990,2023-11-14,,,Regular Employee,False
W113991,2023-11-20,,,Regular Employee,False
W113992,2023-11-02,2024-03-03,Voluntary,Regular Employee,False
W113993,2023-11-21,,,Regular Employee,False
W113994,2023-11-04,,,Regular Employee,False
W113995,2023-11-07,,,Regular Employee,False
W113996,2023-11-09,,,Regular Employee,False
W113997,2023-11-13,,,Regular Employee,False
W113998,2023-11-01,2025-02-16,Voluntary,Regular Employee,False
W113999,2023-11-03,2026-04-15,Voluntary,Regular Employee,False
W114000,2023-11-08,,,Regular Employee,False
W114001,2023-11-03,2025-10-21,Voluntary,Regular Employee,False
W114002,2023-11-06,,,Regular Employee,False
W114003,2023-11-28,2024-02-15,Involuntary,Regular Employee,False
W114004,2023-11-29,2025-08-23,Voluntary,Regular Employee,False
W114005,2023-11-16,2025-02-23,Involuntary,Regular Employee,False
W114006,2023-11-04,,,Regular Employee,False
W114007,2023-11-29,,,Regular Employee,False
W114008,2023-11-29,2024-11-21,Voluntary,Regular Employee,False
W114009,2023-11-10,,,Regular Employee,False
W114010,2023-11-06,,,Regular Employee,False
W114011,2023-11-08,,,Regular Employee,False
W114012,2023-11-13,2024-09-13,Voluntary,Regular Employee,False
W114013,2023-11-07,,,Regular Employee,False
W114014,2023-11-17,2025-03-04,Voluntary,Regular Employee,False
W114015,2023-11-15,,,Regular Employee,False
W114016,2023-11-05,,,Regular Employee,False
W114017,2023-11-12,2026-03-10,Voluntary,Regular Employee,False
W114018,2023-11-09,,,Regular Employee,False
W114019,2023-11-24,,,Regular Employee,False
W114020,2023-11-18,,,Regular Employee,False
W114021,2023-11-13,2025-09-06,Voluntary,Regular Employee,False
W114022,2023-11-18,2026-03-06,Voluntary,Regular Employee,False
W114023,2023-11-15,,,Regular Employee,False
W114024,2023-11-27,,,Regular Employee,False
W114025,2023-11-17,,,Regular Employee,False
W114026,2023-11-07,2026-04-03,Voluntary,Regular Employee,False
W114027,2023-11-09,,,Regular Employee,False
W114028,2023-12-06,2026-03-15,Voluntary,Regular Employee,False
W114029,2023-12-22,,,Regular Employee,False
W114030,2023-12-08,2026-04-08,Voluntary,Regular Employee,False
W114031,2023-12-08,2024-11-08,Voluntary,Regular Employee,False
W114032,2023-12-17,,,Regular Employee,False
W114033,2023-12-11,,,Regular Employee,False
W114034,2023-12-07,2024-06-18,Voluntary,Regular Employee,False
W114035,2023-12-17,2025-04-20,Voluntary,Regular Employee,False
W114036,2023-12-08,,,Regular Employee,False
W114037,2023-12-04,,,Regular Employee,False
W114038,2023-12-16,2024-08-10,Voluntary,Regular Employee,False
W114039,2023-12-28,,,Regular Employee,False
W114040,2023-12-08,2024-05-03,Voluntary,Regular Employee,False
W114041,2023-12-06,,,Regular Employee,False
W114042,2023-12-03,,,Regular Employee,False
W114043,2023-12-09,,,Regular Employee,False
W114044,2023-12-28,,,Regular Employee,False
W114045,2023-12-01,,,Regular Employee,False
W114046,2023-12-31,2025-04-01,Voluntary,Regular Employee,False
W114047,2023-12-04,,,Regular Employee,False
W114048,2023-12-10,2025-02-24,Voluntary,Regular Employee,False
W114049,2023-12-10,,,Regular Employee,False
W114050,2023-12-26,2025-04-10,Voluntary,Regular Employee,False
W114051,2023-12-01,2024-05-09,Voluntary,Regular Employee,False
W114052,2023-12-07,2026-03-05,Voluntary,Regular Employee,False
W114053,2023-12-05,,,Regular Employee,False
W114054,2023-12-26,,,Regular Employee,False
W114055,2023-12-13,,,Regular Employee,False
W114056,2023-12-18,,,Regular Employee,False
W114057,2023-12-27,,,Regular Employee,False
W114058,2023-12-04,,,Regular Employee,False
W114059,2023-12-01,,,Regular Employee,False
W114060,2023-12-04,,,Regular Employee,False
W114061,2023-12-09,,,Regular Employee,False
W114062,2023-12-03,,,Regular Employee,False
W114063,2023-12-08,,,Regular Employee,False
W114064,2023-12-02,,,Regular Employee,False
W114065,2023-12-06,2025-12-22,Voluntary,Regular Employee,False
W114066,2023-12-05,,,Regular Employee,False
W114067,2023-12-16,,,Regular Employee,False
W114068,2023-12-16,,,Regular Employee,False
W114069,2023-12-06,2025-03-09,Involuntary,Regular Employee,False
W114070,2023-12-11,2026-01-13,Voluntary,Regular Employee,False
W114071,2023-12-31,,,Regular Employee,False
W114072,2023-12-07,,,Regular Employee,False
W114073,2023-12-26,,,Regular Employee,False
W114074,2023-12-27,,,Regular Employee,False
W114075,2023-12-19,,,Regular Employee,False
W114076,2023-12-18,,,Regular Employee,False
W114077,2023-12-30,,,Regular Employee,False
W114078,2023-12-30,,,Regular Employee,False
W114079,2023-12-04,,,Regular Employee,False
W114080,2023-12-05,,,Regular Employee,False
W114081,2023-12-07,,,Regular Employee,False
W114082,2023-12-13,2024-04-02,Voluntary,Regular Employee,False
W114083,2023-12-29,,,Regular Employee,False
W114084,2023-12-15,,,Regular Employee,False
W114085,2023-12-17,2024-02-15,Involuntary,Regular Employee,False
W114086,2023-12-26,,,Regular Employee,False
W114087,2023-12-12,2024-12-30,Voluntary,Regular Employee,False
W114088,2023-12-18,,,Regular Employee,False
W114089,2023-12-28,,,Regular Employee,False
W114090,2023-12-17,,,Regular Employee,False
W114091,2023-12-18,,,Regular Employee,False
W114092,2023-12-14,2024-02-15,Involuntary,Regular Employee,False
W114093,2023-12-24,2024-09-21,Voluntary,Regular Employee,False
W114094,2023-12-27,,,Regular Employee,False
W114095,2023-12-23,,,Regular Employee,False
W114096,2023-12-23,,,Regular Employee,False
W114097,2023-12-31,,,Regular Employee,False
W114098,2023-12-17,,,Regular Employee,False
W114099,2023-12-07,,,Regular Employee,False
W114100,2023-12-13,,,Regular Employee,False
W114101,2023-12-03,,,Regular Employee,False
W114102,2023-12-19,,,Regular Employee,False
W114103,2023-12-30,,,Regular Employee,False
W114104,2023-12-15,2024-11-14,Involuntary,Regular Employee,False
W114105,2023-12-14,2025-08-12,Voluntary,Regular Employee,False
W114106,2023-12-21,,,Regular Employee,False
W114107,2023-12-06,2024-09-25,Involuntary,Regular Employee,False
W114108,2023-12-21,2024-05-14,Voluntary,Regular Employee,False
W114109,2023-12-21,,,Regular Employee,False
W114110,2023-12-13,,,Regular Employee,False
W114111,2023-12-13,2025-10-14,Voluntary,Regular Employee,False
W114112,2023-12-12,,,Regular Employee,False
W114113,2023-12-11,,,Regular Employee,False
W114114,2023-12-20,,,Regular Employee,False
W114115,2023-12-29,,,Regular Employee,False
W114116,2023-12-15,,,Regular Employee,False
W114117,2023-12-03,,,Regular Employee,False
W114118,2023-12-09,2025-11-13,Voluntary,Regular Employee,False
W114119,2023-12-06,,,Regular Employee,False
W114120,2023-12-02,2024-01-09,Voluntary,Regular Employee,False
W114121,2023-12-07,,,Regular Employee,False
W114122,2023-12-17,,,Regular Employee,False
W114123,2023-12-27,,,Regular Employee,False
W114124,2023-12-06,2024-01-03,Voluntary,Regular Employee,False
W114125,2023-12-29,2026-02-08,Involuntary,Regular Employee,False
W114126,2023-12-21,,,Regular Employee,False
W114127,2023-12-23,2025-10-27,Involuntary,Regular Employee,False
W114128,2023-12-06,,,Regular Employee,False
W114129,2023-12-29,,,Regular Employee,False
W114130,2023-12-12,2024-03-05,Involuntary,Regular Employee,False
W114131,2023-12-28,,,Regular Employee,False
W114132,2023-12-08,,,Regular Employee,False
W114133,2024-01-20,,,Regular Employee,False
W114134,2024-01-26,,,Regular Employee,False
W114135,2024-01-13,,,Regular Employee,False
W114136,2024-01-19,2025-09-11,Voluntary,Regular Employee,False
W114137,2024-01-11,2025-11-26,Voluntary,Regular Employee,False
W114138,2024-01-20,2025-10-13,Voluntary,Regular Employee,False
W114139,2024-01-21,,,Regular Employee,False
W114140,2024-01-15,,,Regular Employee,False
W114141,2024-01-04,,,Regular Employee,False
W114142,2024-01-26,,,Regular Employee,False
W114143,2024-01-29,,,Regular Employee,False
W114144,2024-01-04,2024-06-07,Voluntary,Regular Employee,False
W114145,2024-01-21,,,Regular Employee,False
W114146,2024-01-04,2024-07-15,Voluntary,Regular Employee,False
W114147,2024-01-15,,,Regular Employee,False
W114148,2024-01-27,2025-10-02,Voluntary,Regular Employee,False
W114149,2024-01-04,,,Regular Employee,False
W114150,2024-01-08,,,Regular Employee,False
W114151,2024-01-07,2025-12-14,Involuntary,Regular Employee,False
W114152,2024-01-19,,,Regular Employee,False
W114153,2024-01-16,,,Regular Employee,False
W114154,2024-01-17,,,Regular Employee,False
W114155,2024-01-02,,,Regular Employee,False
W114156,2024-01-10,,,Regular Employee,False
W114157,2024-01-19,2025-02-14,Voluntary,Regular Employee,False
W114158,2024-01-15,,,Regular Employee,False
W114159,2024-01-25,,,Regular Employee,False
W114160,2024-01-08,,,Regular Employee,False
W114161,2024-01-20,,,Regular Employee,False
W114162,2024-01-14,2025-05-27,Voluntary,Regular Employee,False
W114163,2024-01-10,2024-03-02,Voluntary,Regular Employee,False
W114164,2024-01-15,2026-05-21,Voluntary,Regular Employee,False
W114165,2024-01-27,2024-03-18,Voluntary,Regular Employee,False
W114166,2024-01-17,2024-04-10,Voluntary,Regular Employee,False
W114167,2024-01-12,2025-05-02,Voluntary,Regular Employee,False
W114168,2024-01-22,,,Regular Employee,False
W114169,2024-01-11,,,Regular Employee,False
W114170,2024-01-08,,,Regular Employee,False
W114171,2024-01-07,,,Regular Employee,False
W114172,2024-01-03,2025-04-17,Involuntary,Regular Employee,False
W114173,2024-01-24,,,Regular Employee,False
W114174,2024-01-19,,,Regular Employee,False
W114175,2024-01-27,,,Regular Employee,False
W114176,2024-01-03,,,Regular Employee,False
W114177,2024-01-11,,,Regular Employee,False
W114178,2024-01-09,,,Regular Employee,False
W114179,2024-01-20,,,Regular Employee,False
W114180,2024-01-10,,,Regular Employee,False
W114181,2024-01-15,,,Regular Employee,False
W114182,2024-01-11,2024-08-29,Voluntary,Regular Employee,False
W114183,2024-01-23,,,Regular Employee,False
W114184,2024-01-02,2024-04-15,Voluntary,Regular Employee,False
W114185,2024-01-12,2024-08-16,Voluntary,Regular Employee,False
W114186,2024-01-24,,,Regular Employee,False
W114187,2024-01-25,,,Regular Employee,False
W114188,2024-01-29,,,Regular Employee,False
W114189,2024-01-13,,,Regular Employee,False
W114190,2024-01-20,,,Regular Employee,False
W114191,2024-01-07,,,Regular Employee,False
W114192,2024-01-31,2025-01-20,Voluntary,Regular Employee,False
W114193,2024-01-05,,,Regular Employee,False
W114194,2024-01-25,,,Regular Employee,False
W114195,2024-01-02,,,Regular Employee,False
W114196,2024-01-13,2025-01-05,Voluntary,Regular Employee,False
W114197,2024-01-03,,,Regular Employee,False
W114198,2024-01-16,,,Regular Employee,False
W114199,2024-01-27,,,Regular Employee,False
W114200,2024-01-20,2025-10-11,Involuntary,Regular Employee,False
W114201,2024-01-26,,,Regular Employee,False
W114202,2024-01-23,2024-05-31,Involuntary,Regular Employee,False
W114203,2024-01-15,2024-11-21,Involuntary,Regular Employee,False
W114204,2024-01-06,2024-06-05,Voluntary,Regular Employee,False
W114205,2024-01-12,2025-10-28,Voluntary,Regular Employee,False
W114206,2024-01-15,,,Regular Employee,False
W114207,2024-01-31,,,Regular Employee,False
W114208,2024-01-01,,,Regular Employee,False
W114209,2024-01-26,2026-01-16,Voluntary,Regular Employee,False
W114210,2024-01-24,,,Regular Employee,False
W114211,2024-01-03,,,Regular Employee,False
W114212,2024-01-29,,,Regular Employee,False
W114213,2024-01-17,,,Regular Employee,False
W114214,2024-01-24,,,Regular Employee,False
W114215,2024-01-06,,,Regular Employee,False
W114216,2024-01-25,2024-02-15,Involuntary,Regular Employee,False
W114217,2024-01-28,,,Regular Employee,False
W114218,2024-01-25,2025-06-15,Voluntary,Regular Employee,False
W114219,2024-01-19,2026-06-20,Voluntary,Regular Employee,False
W114220,2024-01-23,,,Regular Employee,False
W114221,2024-01-11,,,Regular Employee,False
W114222,2024-01-29,2024-09-10,Voluntary,Regular Employee,False
W114223,2024-01-18,,,Regular Employee,False
W114224,2024-01-27,,,Regular Employee,False
W114225,2024-01-15,,,Regular Employee,False
W114226,2024-01-30,,,Regular Employee,False
W114227,2024-01-26,,,Regular Employee,False
W114228,2024-01-10,,,Regular Employee,False
W114229,2024-01-30,,,Regular Employee,False
W114230,2024-01-26,2026-02-04,Voluntary,Regular Employee,False
W114231,2024-01-05,,,Regular Employee,False
W114232,2024-01-21,,,Regular Employee,False
W114233,2024-01-16,,,Regular Employee,False
W114234,2024-01-15,2025-06-01,Voluntary,Regular Employee,False
W114235,2024-01-10,,,Regular Employee,False
W114236,2024-01-13,,,Regular Employee,False
W114237,2024-01-31,2024-08-21,Voluntary,Regular Employee,False
W114238,2024-01-17,2025-12-19,Voluntary,Regular Employee,False
W114239,2024-01-31,,,Regular Employee,False
W114240,2024-01-25,,,Regular Employee,False
W114241,2024-02-04,,,Regular Employee,False
W114242,2024-02-16,2025-01-25,Voluntary,Regular Employee,False
W114243,2024-02-03,,,Regular Employee,False
W114244,2024-02-06,2024-11-09,Voluntary,Regular Employee,False
W114245,2024-02-01,2025-07-16,Voluntary,Regular Employee,False
W114246,2024-02-10,,,Regular Employee,False
W114247,2024-02-09,,,Regular Employee,False
W114248,2024-02-03,,,Regular Employee,False
W114249,2024-02-16,2024-07-02,Involuntary,Regular Employee,False
W114250,2024-02-12,,,Regular Employee,False
W114251,2024-02-02,,,Regular Employee,False
W114252,2024-02-26,,,Regular Employee,False
W114253,2024-02-09,,,Regular Employee,False
W114254,2024-02-01,2024-03-26,Voluntary,Regular Employee,False
W114255,2024-02-06,2024-11-08,Voluntary,Regular Employee,False
W114256,2024-02-06,2024-10-08,Voluntary,Regular Employee,False
W114257,2024-02-02,,,Regular Employee,False
W114258,2024-02-15,2024-03-24,Voluntary,Regular Employee,False
W114259,2024-02-06,,,Regular Employee,False
W114260,2024-02-27,2025-09-19,Involuntary,Regular Employee,False
W114261,2024-02-15,,,Regular Employee,False
W114262,2024-02-25,,,Regular Employee,False
W114263,2024-02-05,,,Regular Employee,False
W114264,2024-02-07,,,Regular Employee,False
W114265,2024-02-19,,,Regular Employee,False
W114266,2024-02-02,,,Regular Employee,False
W114267,2024-02-16,,,Regular Employee,False
W114268,2024-02-03,2025-07-27,Involuntary,Regular Employee,False
W114269,2024-02-05,,,Regular Employee,False
W114270,2024-02-08,2025-08-08,Voluntary,Regular Employee,False
W114271,2024-02-03,2025-12-15,Voluntary,Regular Employee,False
W114272,2024-02-19,,,Regular Employee,False
W114273,2024-02-07,2024-03-05,Voluntary,Regular Employee,False
W114274,2024-02-25,,,Regular Employee,False
W114275,2024-02-09,,,Regular Employee,False
W114276,2024-02-29,,,Regular Employee,False
W114277,2024-02-29,,,Regular Employee,False
W114278,2024-02-14,2024-03-12,Voluntary,Regular Employee,False
W114279,2024-02-05,,,Regular Employee,False
W114280,2024-02-28,,,Regular Employee,False
W114281,2024-02-26,,,Regular Employee,False
W114282,2024-02-08,,,Regular Employee,False
W114283,2024-02-18,2025-02-02,Voluntary,Regular Employee,False
W114284,2024-02-13,2026-04-03,Voluntary,Regular Employee,False
W114285,2024-02-08,,,Regular Employee,False
W114286,2024-02-26,,,Regular Employee,False
W114287,2024-02-19,,,Regular Employee,False
W114288,2024-02-04,2025-10-24,Voluntary,Regular Employee,False
W114289,2024-02-10,,,Regular Employee,False
W114290,2024-02-16,,,Regular Employee,False
W114291,2024-02-07,,,Regular Employee,False
W114292,2024-02-28,,,Regular Employee,False
W114293,2024-02-02,2025-03-11,Voluntary,Regular Employee,False
W114294,2024-02-22,,,Regular Employee,False
W114295,2024-02-05,2024-08-04,Voluntary,Regular Employee,False
W114296,2024-02-18,2024-08-31,Involuntary,Regular Employee,False
W114297,2024-02-10,,,Regular Employee,False
W114298,2024-02-02,,,Regular Employee,False
W114299,2024-02-15,2025-05-20,Voluntary,Regular Employee,False
W114300,2024-02-23,,,Regular Employee,False
W114301,2024-02-15,2024-10-23,Involuntary,Regular Employee,False
W114302,2024-02-01,,,Regular Employee,False
W114303,2024-02-14,,,Regular Employee,False
W114304,2024-02-29,2024-12-23,Voluntary,Regular Employee,False
W114305,2024-02-12,,,Regular Employee,False
W114306,2024-02-21,,,Regular Employee,False
W114307,2024-02-05,,,Regular Employee,False
W114308,2024-02-24,,,Regular Employee,False
W114309,2024-02-28,,,Regular Employee,False
W114310,2024-02-01,,,Regular Employee,False
W114311,2024-02-08,,,Regular Employee,False
W114312,2024-02-03,2025-04-06,Voluntary,Regular Employee,False
W114313,2024-02-04,2024-10-07,Voluntary,Regular Employee,False
W114314,2024-02-08,,,Regular Employee,False
W114315,2024-02-26,,,Regular Employee,False
W114316,2024-02-08,,,Regular Employee,False
W114317,2024-02-07,,,Regular Employee,False
W114318,2024-02-18,2025-03-22,Voluntary,Regular Employee,False
W114319,2024-02-26,,,Regular Employee,False
W114320,2024-02-24,,,Regular Employee,False
W114321,2024-02-28,2024-06-17,Voluntary,Regular Employee,False
W114322,2024-02-25,,,Regular Employee,False
W114323,2024-02-08,2024-04-29,Voluntary,Regular Employee,False
W114324,2024-02-09,,,Regular Employee,False
W114325,2024-02-10,,,Regular Employee,False
W114326,2024-02-01,2024-04-03,Voluntary,Regular Employee,False
W114327,2024-02-26,,,Regular Employee,False
W114328,2024-02-24,,,Regular Employee,False
W114329,2024-02-15,2024-03-16,Voluntary,Regular Employee,False
W114330,2024-02-25,,,Regular Employee,False
W114331,2024-02-24,,,Regular Employee,False
W114332,2024-03-11,,,Regular Employee,False
W114333,2024-03-18,,,Regular Employee,False
W114334,2024-03-23,2025-07-03,Voluntary,Regular Employee,False
W114335,2024-03-19,,,Regular Employee,False
W114336,2024-03-21,,,Regular Employee,False
W114337,2024-03-18,,,Regular Employee,False
W114338,2024-03-24,,,Regular Employee,False
W114339,2024-03-14,,,Regular Employee,False
W114340,2024-03-02,,,Regular Employee,False
W114341,2024-03-26,,,Regular Employee,False
W114342,2024-03-20,,,Regular Employee,False
W114343,2024-03-07,2025-01-26,Involuntary,Regular Employee,False
W114344,2024-03-25,,,Regular Employee,False
W114345,2024-03-06,,,Regular Employee,False
W114346,2024-03-01,2024-12-11,Voluntary,Regular Employee,False
W114347,2024-03-19,,,Regular Employee,False
W114348,2024-03-08,,,Regular Employee,False
W114349,2024-03-31,,,Regular Employee,False
W114350,2024-03-21,,,Regular Employee,False
W114351,2024-03-21,2024-12-08,Voluntary,Regular Employee,False
W114352,2024-03-09,2024-10-03,Voluntary,Regular Employee,False
W114353,2024-03-18,,,Regular Employee,False
W114354,2024-03-14,,,Regular Employee,False
W114355,2024-03-03,,,Regular Employee,False
W114356,2024-03-12,,,Regular Employee,False
W114357,2024-03-21,2025-03-12,Voluntary,Regular Employee,False
W114358,2024-03-17,,,Regular Employee,False
W114359,2024-03-11,,,Regular Employee,False
W114360,2024-03-16,2025-12-14,Voluntary,Regular Employee,False
W114361,2024-03-11,,,Regular Employee,False
W114362,2024-03-22,,,Regular Employee,False
W114363,2024-03-08,,,Regular Employee,False
W114364,2024-03-31,,,Regular Employee,False
W114365,2024-03-11,2024-10-13,Voluntary,Regular Employee,False
W114366,2024-03-19,,,Regular Employee,False
W114367,2024-03-11,2024-07-31,Voluntary,Regular Employee,False
W114368,2024-03-16,2024-07-16,Involuntary,Regular Employee,False
W114369,2024-03-10,,,Regular Employee,False
W114370,2024-03-10,2025-06-03,Voluntary,Regular Employee,False
W114371,2024-03-16,,,Regular Employee,False
W114372,2024-03-22,2026-01-05,Involuntary,Regular Employee,False
W114373,2024-03-20,2024-10-17,Involuntary,Regular Employee,False
W114374,2024-03-06,,,Regular Employee,False
W114375,2024-03-28,,,Regular Employee,False
W114376,2024-03-02,,,Regular Employee,False
W114377,2024-03-07,,,Regular Employee,False
W114378,2024-03-02,2025-06-21,Voluntary,Regular Employee,False
W114379,2024-03-21,,,Regular Employee,False
W114380,2024-03-10,,,Regular Employee,False
W114381,2024-03-24,,,Regular Employee,False
W114382,2024-03-28,,,Regular Employee,False
W114383,2024-03-08,,,Regular Employee,False
W114384,2024-03-26,,,Regular Employee,False
W114385,2024-03-09,2024-08-23,Involuntary,Regular Employee,False
W114386,2024-03-24,2025-10-18,Voluntary,Regular Employee,False
W114387,2024-03-27,,,Regular Employee,False
W114388,2024-03-12,,,Regular Employee,False
W114389,2024-03-18,2025-10-23,Voluntary,Regular Employee,False
W114390,2024-03-10,,,Regular Employee,False
W114391,2024-03-20,,,Regular Employee,False
W114392,2024-03-03,2025-01-07,Voluntary,Regular Employee,False
W114393,2024-03-16,,,Regular Employee,False
W114394,2024-03-16,2024-08-27,Voluntary,Regular Employee,False
W114395,2024-03-28,2024-07-21,Voluntary,Regular Employee,False
W114396,2024-03-21,,,Regular Employee,False
W114397,2024-03-09,,,Regular Employee,False
W114398,2024-03-31,,,Regular Employee,False
W114399,2024-03-06,,,Regular Employee,False
W114400,2024-03-31,2024-10-30,Voluntary,Regular Employee,False
W114401,2024-03-18,,,Regular Employee,False
W114402,2024-03-29,,,Regular Employee,False
W114403,2024-03-14,,,Regular Employee,False
W114404,2024-03-16,2024-09-12,Involuntary,Regular Employee,False
W114405,2024-03-13,2025-04-03,Involuntary,Regular Employee,False
W114406,2024-03-11,,,Regular Employee,False
W114407,2024-03-06,,,Regular Employee,False
W114408,2024-03-18,,,Regular Employee,False
W114409,2024-03-16,,,Regular Employee,False
W114410,2024-03-16,,,Regular Employee,False
W114411,2024-03-17,,,Regular Employee,False
W114412,2024-03-23,,,Regular Employee,False
W114413,2024-03-22,,,Regular Employee,False
W114414,2024-03-11,2024-11-30,Voluntary,Regular Employee,False
W114415,2024-03-08,,,Regular Employee,False
W114416,2024-03-24,,,Regular Employee,False
W114417,2024-03-09,2024-07-05,Voluntary,Regular Employee,False
W114418,2024-03-01,,,Regular Employee,False
W114419,2024-03-04,,,Regular Employee,False
W114420,2024-03-30,,,Regular Employee,False
W114421,2024-03-10,2026-03-21,Involuntary,Regular Employee,False
W114422,2024-03-17,,,Regular Employee,False
W114423,2024-03-15,,,Regular Employee,False
W114424,2024-03-05,,,Regular Employee,False
W114425,2024-03-31,2024-10-14,Voluntary,Regular Employee,False
W114426,2024-03-27,,,Regular Employee,False
W114427,2024-03-28,2026-04-27,Voluntary,Regular Employee,False
W114428,2024-03-26,2024-09-24,Involuntary,Regular Employee,False
W114429,2024-03-01,,,Regular Employee,False
W114430,2024-03-09,2025-01-20,Voluntary,Regular Employee,False
W114431,2024-03-01,,,Regular Employee,False
W114432,2024-03-26,2024-11-22,Involuntary,Regular Employee,False
W114433,2024-03-17,2026-04-25,Involuntary,Regular Employee,False
W114434,2024-03-17,,,Regular Employee,False
W114435,2024-03-10,,,Regular Employee,False
W114436,2024-03-09,,,Regular Employee,False
W114437,2024-03-19,2024-09-30,Involuntary,Regular Employee,False
W114438,2024-03-07,2025-02-06,Voluntary,Regular Employee,False
W114439,2024-03-25,,,Regular Employee,False
W114440,2024-03-15,,,Regular Employee,False
W114441,2024-03-27,,,Regular Employee,False
W114442,2024-03-20,,,Regular Employee,False
W114443,2024-03-08,,,Regular Employee,False
W114444,2024-03-09,,,Regular Employee,False
W114445,2024-03-22,,,Regular Employee,False
W114446,2024-03-13,,,Regular Employee,False
W114447,2024-03-08,2024-09-26,Voluntary,Regular Employee,False
W114448,2024-03-06,2026-03-20,Voluntary,Regular Employee,False
W114449,2024-03-11,2024-10-07,Voluntary,Regular Employee,False
W114450,2024-03-31,2024-07-09,Voluntary,Regular Employee,False
W114451,2024-03-13,2024-08-31,Voluntary,Regular Employee,False
W114452,2024-03-27,,,Regular Employee,False
W114453,2024-03-03,,,Regular Employee,False
W114454,2024-03-05,2024-05-07,Voluntary,Regular Employee,False
W114455,2024-03-29,,,Regular Employee,False
W114456,2024-03-19,,,Regular Employee,False
W114457,2024-03-31,,,Regular Employee,False
W114458,2024-03-08,,,Regular Employee,False
W114459,2024-03-08,,,Regular Employee,False
W114460,2024-03-28,2025-07-24,Involuntary,Regular Employee,False
W114461,2024-03-17,,,Regular Employee,False
W114462,2024-03-17,,,Regular Employee,False
W114463,2024-03-21,,,Regular Employee,False
W114464,2024-03-29,2024-10-07,Voluntary,Regular Employee,False
W114465,2024-03-10,,,Regular Employee,False
W114466,2024-03-26,2024-11-11,Involuntary,Regular Employee,False
W114467,2024-03-15,2026-05-18,Voluntary,Regular Employee,False
W114468,2024-03-10,2024-04-14,Voluntary,Regular Employee,False
W114469,2024-03-26,,,Regular Employee,False
W114470,2024-03-04,,,Regular Employee,False
W114471,2024-03-07,,,Regular Employee,False
W114472,2024-03-22,,,Regular Employee,False
W114473,2024-03-17,,,Regular Employee,False
W114474,2024-03-19,,,Regular Employee,False
W114475,2024-03-14,2026-06-11,Voluntary,Regular Employee,False
W114476,2024-03-23,2024-07-30,Involuntary,Regular Employee,False
W114477,2024-03-31,,,Regular Employee,False
W114478,2024-03-31,,,Regular Employee,False
W114479,2024-03-14,,,Regular Employee,False
W114480,2024-03-08,,,Regular Employee,False
W114481,2024-03-19,,,Regular Employee,False
W114482,2024-03-06,,,Regular Employee,False
W114483,2024-03-26,,,Regular Employee,False
W114484,2024-03-12,,,Regular Employee,False
W114485,2024-03-27,,,Regular Employee,False
W114486,2024-03-10,2025-01-09,Involuntary,Regular Employee,False
W114487,2024-03-01,2024-11-07,Involuntary,Regular Employee,False
W114488,2024-03-28,2024-11-02,Voluntary,Regular Employee,False
W114489,2024-03-07,,,Regular Employee,False
W114490,2024-03-27,,,Regular Employee,False
W114491,2024-03-09,,,Regular Employee,False
W114492,2024-03-31,2024-12-23,Voluntary,Regular Employee,False
W114493,2024-03-21,,,Regular Employee,False
W114494,2024-03-28,,,Regular Employee,False
W114495,2024-03-18,,,Regular Employee,False
W114496,2024-03-14,,,Regular Employee,False
W114497,2024-03-06,,,Regular Employee,False
W114498,2024-03-22,,,Regular Employee,False
W114499,2024-03-18,,,Regular Employee,False
W114500,2024-03-24,,,Regular Employee,False
W114501,2024-03-04,,,Regular Employee,False
W114502,2024-03-18,2024-09-02,Voluntary,Regular Employee,False
W114503,2024-03-15,,,Regular Employee,False
W114504,2024-03-18,,,Regular Employee,False
W114505,2024-03-29,2025-03-04,Voluntary,Regular Employee,False
W114506,2024-03-01,,,Regular Employee,False
W114507,2024-03-17,2024-05-06,Voluntary,Regular Employee,False
W114508,2024-03-13,,,Regular Employee,False
W114509,2024-03-30,,,Regular Employee,False
W114510,2024-03-14,2025-05-31,Voluntary,Regular Employee,False
W114511,2024-03-28,,,Regular Employee,False
W114512,2024-03-21,,,Regular Employee,False
W114513,2024-03-02,2025-08-15,Involuntary,Regular Employee,False
W114514,2024-03-06,,,Regular Employee,False
W114515,2024-03-06,,,Regular Employee,False
W114516,2024-03-02,,,Regular Employee,False
W114517,2024-03-06,,,Regular Employee,False
W114518,2024-03-25,,,Regular Employee,False
W114519,2024-03-07,2026-04-16,Voluntary,Regular Employee,False
W114520,2024-03-25,,,Regular Employee,False
W114521,2024-03-05,,,Regular Employee,False
W114522,2024-03-22,2026-05-10,Voluntary,Regular Employee,False
W114523,2024-03-04,2025-06-18,Voluntary,Regular Employee,False
W114524,2024-03-28,,,Regular Employee,False
W114525,2024-03-05,,,Regular Employee,False
W114526,2024-03-03,2025-02-23,Voluntary,Regular Employee,False
W114527,2024-03-15,,,Regular Employee,False
W114528,2024-03-26,2025-06-20,Voluntary,Regular Employee,False
W114529,2024-03-03,2024-05-16,Voluntary,Regular Employee,False
W114530,2024-03-08,,,Regular Employee,False
W114531,2024-03-28,,,Regular Employee,False
W114532,2024-03-08,,,Regular Employee,False
W114533,2024-03-12,2024-07-27,Involuntary,Regular Employee,False
W114534,2024-03-16,2025-04-23,Involuntary,Regular Employee,False
W114535,2024-03-15,,,Regular Employee,False
W114536,2024-03-06,,,Regular Employee,False
W114537,2024-03-12,,,Regular Employee,False
W114538,2024-03-19,,,Regular Employee,False
W114539,2024-03-23,2024-06-25,Voluntary,Regular Employee,False
W114540,2024-03-09,,,Regular Employee,False
W114541,2024-03-21,,,Regular Employee,False
W114542,2024-03-11,,,Regular Employee,False
W114543,2024-03-01,,,Regular Employee,False
W114544,2024-03-22,,,Regular Employee,False
W114545,2024-03-24,2024-04-30,Voluntary,Regular Employee,False
W114546,2024-03-28,2024-11-07,Voluntary,Regular Employee,False
W114547,2024-03-06,,,Regular Employee,False
W114548,2024-03-09,,,Regular Employee,False
W114549,2024-03-25,2024-04-27,Involuntary,Regular Employee,False
W114550,2024-03-10,2024-08-10,Voluntary,Regular Employee,False
W114551,2024-03-26,,,Regular Employee,False
W114552,2024-03-20,,,Regular Employee,False
W114553,2024-03-04,,,Regular Employee,False
W114554,2024-03-02,2024-05-24,Voluntary,Regular Employee,False
W114555,2024-03-27,2025-02-24,Voluntary,Regular Employee,False
W114556,2024-03-16,,,Regular Employee,False
W114557,2024-03-05,,,Regular Employee,False
W114558,2024-03-21,,,Regular Employee,False
W114559,2024-03-13,,,Regular Employee,False
W114560,2024-03-25,,,Regular Employee,False
W114561,2024-03-15,,,Regular Employee,False
W114562,2024-03-09,,,Regular Employee,False
W114563,2024-03-22,,,Regular Employee,False
W114564,2024-03-26,,,Regular Employee,False
W114565,2024-03-30,,,Regular Employee,False
W114566,2024-03-05,,,Regular Employee,False
W114567,2024-03-03,2024-11-03,Voluntary,Regular Employee,False
W114568,2024-03-26,,,Regular Employee,False
W114569,2024-03-31,,,Regular Employee,False
W114570,2024-03-23,,,Regular Employee,False
W114571,2024-03-24,,,Regular Employee,False
W114572,2024-03-17,,,Regular Employee,False
W114573,2024-03-31,,,Regular Employee,False
W114574,2024-03-30,,,Regular Employee,False
W114575,2024-03-10,,,Regular Employee,False
W114576,2024-03-26,,,Regular Employee,False
W114577,2024-03-11,,,Regular Employee,False
W114578,2024-03-16,,,Regular Employee,False
W114579,2024-03-16,,,Regular Employee,False
W114580,2024-03-26,,,Regular Employee,False
W114581,2024-03-15,,,Regular Employee,False
W114582,2024-03-04,2024-12-18,Voluntary,Regular Employee,False
W114583,2024-03-12,,,Regular Employee,False
W114584,2024-03-03,,,Regular Employee,False
W114585,2024-03-13,2024-10-27,Voluntary,Regular Employee,False
W114586,2024-03-23,,,Regular Employee,False
W114587,2024-03-15,,,Regular Employee,False
W114588,2024-03-18,,,Regular Employee,False
W114589,2024-03-10,2024-09-17,Voluntary,Regular Employee,False
W114590,2024-03-15,,,Regular Employee,False
W114591,2024-03-09,,,Regular Employee,False
W114592,2024-03-11,,,Regular Employee,False
W114593,2024-03-20,2025-10-18,Involuntary,Regular Employee,False
W114594,2024-03-30,,,Regular Employee,False
W114595,2024-03-23,,,Regular Employee,False
W114596,2024-03-29,2026-04-08,Voluntary,Regular Employee,False
W114597,2024-03-29,2026-01-20,Involuntary,Regular Employee,False
W114598,2024-03-08,,,Regular Employee,False
W114599,2024-03-07,2024-04-14,Involuntary,Regular Employee,False
W114600,2024-03-16,,,Regular Employee,False
W114601,2024-03-10,,,Regular Employee,False
W114602,2024-03-09,2025-09-13,Voluntary,Regular Employee,False
W114603,2024-03-26,,,Regular Employee,False
W114604,2024-03-21,,,Regular Employee,False
W114605,2024-03-01,,,Regular Employee,False
W114606,2024-03-01,,,Regular Employee,False
W114607,2024-03-10,2026-04-08,Voluntary,Regular Employee,False
W114608,2024-03-21,2026-02-24,Voluntary,Regular Employee,False
W114609,2024-03-19,,,Regular Employee,False
W114610,2024-03-01,2025-02-14,Voluntary,Regular Employee,False
W114611,2024-03-05,,,Regular Employee,False
W114612,2024-03-30,,,Regular Employee,False
W114613,2024-03-17,,,Regular Employee,False
W114614,2024-03-23,,,Regular Employee,False
W114615,2024-03-25,2025-10-28,Voluntary,Regular Employee,False
W114616,2024-03-06,2024-04-24,Voluntary,Regular Employee,False
W114617,2024-03-07,,,Regular Employee,False
W114618,2024-03-25,,,Regular Employee,False
W114619,2024-03-27,,,Regular Employee,False
W114620,2024-03-22,,,Regular Employee,False
W114621,2024-03-18,2024-07-04,Voluntary,Regular Employee,False
W114622,2024-03-07,,,Regular Employee,False
W114623,2024-03-08,,,Regular Employee,False
W114624,2024-03-23,,,Regular Employee,False
W114625,2024-03-10,,,Regular Employee,False
W114626,2024-03-18,,,Regular Employee,False
W114627,2024-03-10,,,Regular Employee,False
W114628,2024-03-28,,,Regular Employee,False
W114629,2024-03-11,2024-07-22,Voluntary,Regular Employee,False
W114630,2024-03-07,2024-07-07,Involuntary,Regular Employee,False
W114631,2024-03-24,,,Regular Employee,False
W114632,2024-03-10,,,Regular Employee,False
W114633,2024-03-01,,,Regular Employee,False
W114634,2024-03-07,,,Regular Employee,False
W114635,2024-03-15,2024-10-30,Voluntary,Regular Employee,False
W114636,2024-03-22,,,Regular Employee,False
W114637,2024-03-10,,,Regular Employee,False
W114638,2024-03-12,2024-07-12,Involuntary,Regular Employee,False
W114639,2024-03-25,2025-02-09,Voluntary,Regular Employee,False
W114640,2024-03-06,2026-03-14,Voluntary,Regular Employee,False
W114641,2024-03-31,,,Regular Employee,False
W114642,2024-03-13,,,Regular Employee,False
W114643,2024-03-31,2025-07-15,Voluntary,Regular Employee,False
W114644,2024-03-02,2024-11-15,Voluntary,Regular Employee,False
W114645,2024-03-04,,,Regular Employee,False
W114646,2024-03-11,,,Regular Employee,False
W114647,2024-03-14,,,Regular Employee,False
W114648,2024-03-05,2025-11-08,Voluntary,Regular Employee,False
W114649,2024-03-07,2026-01-04,Voluntary,Regular Employee,False
W114650,2024-03-23,,,Regular Employee,False
W114651,2024-03-14,,,Regular Employee,False
W114652,2024-03-24,,,Regular Employee,False
W114653,2024-03-12,2024-12-15,Voluntary,Regular Employee,False
W114654,2024-03-05,,,Regular Employee,False
W114655,2024-03-28,,,Regular Employee,False
W114656,2024-03-20,,,Regular Employee,False
W114657,2024-03-25,2026-01-07,Involuntary,Regular Employee,False
W114658,2024-03-06,,,Regular Employee,False
W114659,2024-03-20,2025-02-06,Involuntary,Regular Employee,False
W114660,2024-03-03,,,Regular Employee,False
W114661,2024-03-21,,,Regular Employee,False
W114662,2024-03-28,,,Regular Employee,False
W114663,2024-04-26,,,Regular Employee,False
W114664,2024-04-22,2025-03-26,Voluntary,Regular Employee,False
W114665,2024-04-18,,,Regular Employee,False
W114666,2024-04-21,2026-02-08,Voluntary,Regular Employee,False
W114667,2024-04-08,,,Regular Employee,False
W114668,2024-04-11,,,Regular Employee,False
W114669,2024-04-23,,,Regular Employee,False
W114670,2024-04-05,,,Regular Employee,False
W114671,2024-04-17,,,Regular Employee,False
W114672,2024-04-23,,,Regular Employee,False
W114673,2024-04-06,,,Regular Employee,False
W114674,2024-04-27,,,Regular Employee,False
W114675,2024-04-29,2025-03-04,Involuntary,Regular Employee,False
W114676,2024-04-24,,,Regular Employee,False
W114677,2024-04-20,,,Regular Employee,False
W114678,2024-04-14,,,Regular Employee,False
W114679,2024-04-21,,,Regular Employee,False
W114680,2024-04-24,,,Regular Employee,False
W114681,2024-04-20,,,Regular Employee,False
W114682,2024-04-01,,,Regular Employee,False
W114683,2024-04-10,2024-05-26,Voluntary,Regular Employee,False
W114684,2024-04-09,,,Regular Employee,False
W114685,2024-04-25,,,Regular Employee,False
W114686,2024-04-26,,,Regular Employee,False
W114687,2024-04-04,2024-12-26,Voluntary,Regular Employee,False
W114688,2024-04-20,,,Regular Employee,False
W114689,2024-04-12,,,Regular Employee,False
W114690,2024-04-05,,,Regular Employee,False
W114691,2024-04-21,,,Regular Employee,False
W114692,2024-04-25,,,Regular Employee,False
W114693,2024-04-09,,,Regular Employee,False
W114694,2024-04-12,,,Regular Employee,False
W114695,2024-04-30,2025-12-04,Voluntary,Regular Employee,False
W114696,2024-04-28,,,Regular Employee,False
W114697,2024-04-17,,,Regular Employee,False
W114698,2024-04-29,,,Regular Employee,False
W114699,2024-04-18,,,Regular Employee,False
W114700,2024-04-26,,,Regular Employee,False
W114701,2024-04-08,2025-09-17,Voluntary,Regular Employee,False
W114702,2024-04-11,,,Regular Employee,False
W114703,2024-04-14,2025-05-31,Involuntary,Regular Employee,False
W114704,2024-04-18,,,Regular Employee,False
W114705,2024-04-17,,,Regular Employee,False
W114706,2024-04-07,,,Regular Employee,False
W114707,2024-04-16,,,Regular Employee,False
W114708,2024-04-07,2026-04-25,Voluntary,Regular Employee,False
W114709,2024-04-19,,,Regular Employee,False
W114710,2024-04-09,2025-05-07,Voluntary,Regular Employee,False
W114711,2024-04-06,,,Regular Employee,False
W114712,2024-04-10,,,Regular Employee,False
W114713,2024-04-02,,,Regular Employee,False
W114714,2024-04-13,,,Regular Employee,False
W114715,2024-04-29,,,Regular Employee,False
W114716,2024-04-16,,,Regular Employee,False
W114717,2024-04-09,,,Regular Employee,False
W114718,2024-04-04,,,Regular Employee,False
W114719,2024-04-07,2025-03-13,Voluntary,Regular Employee,False
W114720,2024-04-10,,,Regular Employee,False
W114721,2024-04-13,,,Regular Employee,False
W114722,2024-04-01,2026-04-02,Involuntary,Regular Employee,False
W114723,2024-04-29,,,Regular Employee,False
W114724,2024-04-10,,,Regular Employee,False
W114725,2024-04-21,2024-08-13,Voluntary,Regular Employee,False
W114726,2024-04-29,,,Regular Employee,False
W114727,2024-04-28,,,Regular Employee,False
W114728,2024-04-25,2025-04-20,Voluntary,Regular Employee,False
W114729,2024-04-20,,,Regular Employee,False
W114730,2024-04-01,,,Regular Employee,False
W114731,2024-04-14,,,Regular Employee,False
W114732,2024-04-21,,,Regular Employee,False
W114733,2024-04-01,2024-11-19,Voluntary,Regular Employee,False
W114734,2024-04-27,,,Regular Employee,False
W114735,2024-04-26,,,Regular Employee,False
W114736,2024-04-22,,,Regular Employee,False
W114737,2024-04-25,2025-01-27,Voluntary,Regular Employee,False
W114738,2024-04-07,,,Regular Employee,False
W114739,2024-04-21,,,Regular Employee,False
W114740,2024-04-01,,,Regular Employee,False
W114741,2024-04-10,,,Regular Employee,False
W114742,2024-04-10,,,Regular Employee,False
W114743,2024-04-11,,,Regular Employee,False
W114744,2024-04-10,2024-08-23,Voluntary,Regular Employee,False
W114745,2024-04-29,,,Regular Employee,False
W114746,2024-04-08,,,Regular Employee,False
W114747,2024-04-20,2025-11-23,Voluntary,Regular Employee,False
W114748,2024-04-07,,,Regular Employee,False
W114749,2024-04-11,2024-07-16,Voluntary,Regular Employee,False
W114750,2024-04-28,,,Regular Employee,False
W114751,2024-04-29,2025-06-07,Voluntary,Regular Employee,False
W114752,2024-04-17,,,Regular Employee,False
W114753,2024-04-23,,,Regular Employee,False
W114754,2024-04-10,2024-10-29,Voluntary,Regular Employee,False
W114755,2024-04-30,,,Regular Employee,False
W114756,2024-04-15,2024-06-07,Voluntary,Regular Employee,False
W114757,2024-04-26,,,Regular Employee,False
W114758,2024-04-26,,,Regular Employee,False
W114759,2024-04-24,2025-02-04,Involuntary,Regular Employee,False
W114760,2024-04-19,,,Regular Employee,False
W114761,2024-04-11,2026-03-20,Involuntary,Regular Employee,False
W114762,2024-04-08,,,Regular Employee,False
W114763,2024-04-07,,,Regular Employee,False
W114764,2024-04-26,,,Regular Employee,False
W114765,2024-04-09,2024-05-08,Voluntary,Regular Employee,False
W114766,2024-04-03,,,Regular Employee,False
W114767,2024-04-08,,,Regular Employee,False
W114768,2024-04-05,,,Regular Employee,False
W114769,2024-04-04,,,Regular Employee,False
W114770,2024-04-06,2025-07-25,Voluntary,Regular Employee,False
W114771,2024-04-26,,,Regular Employee,False
W114772,2024-04-26,,,Regular Employee,False
W114773,2024-04-28,,,Regular Employee,False
W114774,2024-04-02,,,Regular Employee,False
W114775,2024-04-10,,,Regular Employee,False
W114776,2024-04-08,,,Regular Employee,False
W114777,2024-04-13,2024-05-20,Involuntary,Regular Employee,False
W114778,2024-04-08,2024-05-10,Voluntary,Regular Employee,False
W114779,2024-04-12,,,Regular Employee,False
W114780,2024-04-15,,,Regular Employee,False
W114781,2024-04-18,2025-11-18,Involuntary,Regular Employee,False
W114782,2024-04-06,,,Regular Employee,False
W114783,2024-04-15,,,Regular Employee,False
W114784,2024-04-13,,,Regular Employee,False
W114785,2024-04-18,,,Regular Employee,False
W114786,2024-05-10,2026-01-29,Voluntary,Regular Employee,False
W114787,2024-05-18,,,Regular Employee,False
W114788,2024-05-23,,,Regular Employee,False
W114789,2024-05-05,,,Regular Employee,False
W114790,2024-05-10,,,Regular Employee,False
W114791,2024-05-01,,,Regular Employee,False
W114792,2024-05-07,,,Regular Employee,False
W114793,2024-05-18,,,Regular Employee,False
W114794,2024-05-12,,,Regular Employee,False
W114795,2024-05-26,,,Regular Employee,False
W114796,2024-05-17,,,Regular Employee,False
W114797,2024-05-12,,,Regular Employee,False
W114798,2024-05-26,,,Regular Employee,False
W114799,2024-05-04,2024-09-19,Voluntary,Regular Employee,False
W114800,2024-05-04,,,Regular Employee,False
W114801,2024-05-02,,,Regular Employee,False
W114802,2024-05-25,2024-06-10,Involuntary,Regular Employee,False
W114803,2024-05-22,2025-12-06,Voluntary,Regular Employee,False
W114804,2024-05-05,,,Regular Employee,False
W114805,2024-05-18,2025-06-25,Voluntary,Regular Employee,False
W114806,2024-05-22,,,Regular Employee,False
W114807,2024-05-10,2024-08-16,Voluntary,Regular Employee,False
W114808,2024-05-31,,,Regular Employee,False
W114809,2024-05-15,,,Regular Employee,False
W114810,2024-05-22,2026-03-17,Voluntary,Regular Employee,False
W114811,2024-05-30,,,Regular Employee,False
W114812,2024-05-13,,,Regular Employee,False
W114813,2024-05-08,,,Regular Employee,False
W114814,2024-05-27,,,Regular Employee,False
W114815,2024-05-06,,,Regular Employee,False
W114816,2024-05-01,,,Regular Employee,False
W114817,2024-05-27,,,Regular Employee,False
W114818,2024-05-25,,,Regular Employee,False
W114819,2024-05-30,2025-09-11,Voluntary,Regular Employee,False
W114820,2024-05-14,,,Regular Employee,False
W114821,2024-05-17,2024-08-12,Voluntary,Regular Employee,False
W114822,2024-05-21,,,Regular Employee,False
W114823,2024-05-12,2025-12-07,Voluntary,Regular Employee,False
W114824,2024-05-22,,,Regular Employee,False
W114825,2024-05-20,,,Regular Employee,False
W114826,2024-05-08,,,Regular Employee,False
W114827,2024-05-18,2025-02-05,Voluntary,Regular Employee,False
W114828,2024-05-20,,,Regular Employee,False
W114829,2024-05-14,2025-01-29,Voluntary,Regular Employee,False
W114830,2024-05-04,,,Regular Employee,False
W114831,2024-05-01,,,Regular Employee,False
W114832,2024-05-31,,,Regular Employee,False
W114833,2024-05-11,,,Regular Employee,False
W114834,2024-05-19,2025-02-12,Voluntary,Regular Employee,False
W114835,2024-05-18,,,Regular Employee,False
W114836,2024-05-02,,,Regular Employee,False
W114837,2024-05-27,,,Regular Employee,False
W114838,2024-05-16,,,Regular Employee,False
W114839,2024-05-27,,,Regular Employee,False
W114840,2024-05-28,,,Regular Employee,False
W114841,2024-05-21,,,Regular Employee,False
W114842,2024-05-26,,,Regular Employee,False
W114843,2024-05-14,,,Regular Employee,False
W114844,2024-05-17,,,Regular Employee,False
W114845,2024-05-30,2025-03-22,Voluntary,Regular Employee,False
W114846,2024-05-25,2025-09-07,Voluntary,Regular Employee,False
W114847,2024-05-01,,,Regular Employee,False
W114848,2024-05-09,,,Regular Employee,False
W114849,2024-05-27,2024-07-10,Voluntary,Regular Employee,False
W114850,2024-05-23,2025-04-27,Voluntary,Regular Employee,False
W114851,2024-05-07,,,Regular Employee,False
W114852,2024-05-05,2025-01-06,Voluntary,Regular Employee,False
W114853,2024-05-25,,,Regular Employee,False
W114854,2024-05-17,,,Regular Employee,False
W114855,2024-05-06,,,Regular Employee,False
W114856,2024-05-18,2025-02-10,Voluntary,Regular Employee,False
W114857,2024-05-03,,,Regular Employee,False
W114858,2024-05-23,2024-11-29,Voluntary,Regular Employee,False
W114859,2024-05-05,,,Regular Employee,False
W114860,2024-05-15,,,Regular Employee,False
W114861,2024-05-31,,,Regular Employee,False
W114862,2024-05-24,2026-05-16,Involuntary,Regular Employee,False
W114863,2024-05-12,,,Regular Employee,False
W114864,2024-05-04,,,Regular Employee,False
W114865,2024-05-04,,,Regular Employee,False
W114866,2024-05-23,,,Regular Employee,False
W114867,2024-05-26,,,Regular Employee,False
W114868,2024-05-11,,,Regular Employee,False
W114869,2024-05-02,2025-12-21,Involuntary,Regular Employee,False
W114870,2024-05-16,,,Regular Employee,False
W114871,2024-05-30,,,Regular Employee,False
W114872,2024-05-10,,,Regular Employee,False
W114873,2024-05-23,,,Regular Employee,False
W114874,2024-05-06,2024-11-08,Voluntary,Regular Employee,False
W114875,2024-05-19,,,Regular Employee,False
W114876,2024-05-25,,,Regular Employee,False
W114877,2024-05-10,2025-05-03,Involuntary,Regular Employee,False
W114878,2024-05-09,2026-05-05,Involuntary,Regular Employee,False
W114879,2024-05-20,,,Regular Employee,False
W114880,2024-05-12,,,Regular Employee,False
W114881,2024-05-01,,,Regular Employee,False
W114882,2024-05-30,,,Regular Employee,False
W114883,2024-05-22,2025-10-28,Voluntary,Regular Employee,False
W114884,2024-05-03,,,Regular Employee,False
W114885,2024-05-16,2024-09-18,Voluntary,Regular Employee,False
W114886,2024-05-01,,,Regular Employee,False
W114887,2024-05-18,2025-06-28,Voluntary,Regular Employee,False
W114888,2024-05-05,,,Regular Employee,False
W114889,2024-05-01,,,Regular Employee,False
W114890,2024-06-26,,,Regular Employee,False
W114891,2024-06-16,2026-05-22,Voluntary,Regular Employee,False
W114892,2024-06-05,2025-04-27,Voluntary,Regular Employee,False
W114893,2024-06-10,2025-09-16,Voluntary,Regular Employee,False
W114894,2024-06-19,,,Regular Employee,False
W114895,2024-06-18,,,Regular Employee,False
W114896,2024-06-25,2026-03-14,Voluntary,Regular Employee,False
W114897,2024-06-01,,,Regular Employee,False
W114898,2024-06-15,,,Regular Employee,False
W114899,2024-06-16,,,Regular Employee,False
W114900,2024-06-17,2024-10-11,Voluntary,Regular Employee,False
W114901,2024-06-17,2024-07-27,Voluntary,Regular Employee,False
W114902,2024-06-27,,,Regular Employee,False
W114903,2024-06-05,,,Regular Employee,False
W114904,2024-06-13,,,Regular Employee,False
W114905,2024-06-23,2026-03-12,Involuntary,Regular Employee,False
W114906,2024-06-11,,,Regular Employee,False
W114907,2024-06-18,,,Regular Employee,False
W114908,2024-06-17,,,Regular Employee,False
W114909,2024-06-10,,,Regular Employee,False
W114910,2024-06-15,2024-11-18,Involuntary,Regular Employee,False
W114911,2024-06-02,,,Regular Employee,False
W114912,2024-06-03,2024-08-20,Voluntary,Regular Employee,False
W114913,2024-06-16,,,Regular Employee,False
W114914,2024-06-29,,,Regular Employee,False
W114915,2024-06-02,,,Regular Employee,False
W114916,2024-06-28,2024-11-06,Involuntary,Regular Employee,False
W114917,2024-06-03,,,Regular Employee,False
W114918,2024-06-25,2025-05-09,Voluntary,Regular Employee,False
W114919,2024-06-17,,,Regular Employee,False
W114920,2024-06-20,,,Regular Employee,False
W114921,2024-06-09,,,Regular Employee,False
W114922,2024-06-19,2026-03-30,Voluntary,Regular Employee,False
W114923,2024-06-05,,,Regular Employee,False
W114924,2024-06-13,,,Regular Employee,False
W114925,2024-06-04,2025-10-18,Voluntary,Regular Employee,False
W114926,2024-06-18,,,Regular Employee,False
W114927,2024-06-10,,,Regular Employee,False
W114928,2024-06-06,,,Regular Employee,False
W114929,2024-06-23,2024-07-10,Voluntary,Regular Employee,False
W114930,2024-06-15,,,Regular Employee,False
W114931,2024-06-30,2025-04-30,Voluntary,Regular Employee,False
W114932,2024-06-21,,,Regular Employee,False
W114933,2024-06-23,,,Regular Employee,False
W114934,2024-06-15,,,Regular Employee,False
W114935,2024-06-04,,,Regular Employee,False
W114936,2024-06-08,,,Regular Employee,False
W114937,2024-06-22,2025-01-31,Voluntary,Regular Employee,False
W114938,2024-06-11,2024-08-14,Voluntary,Regular Employee,False
W114939,2024-06-06,,,Regular Employee,False
W114940,2024-06-09,,,Regular Employee,False
W114941,2024-06-06,,,Regular Employee,False
W114942,2024-06-17,2025-12-04,Voluntary,Regular Employee,False
W114943,2024-06-01,,,Regular Employee,False
W114944,2024-06-24,,,Regular Employee,False
W114945,2024-06-02,,,Regular Employee,False
W114946,2024-06-14,,,Regular Employee,False
W114947,2024-06-16,2025-02-11,Voluntary,Regular Employee,False
W114948,2024-06-18,,,Regular Employee,False
W114949,2024-06-03,,,Regular Employee,False
W114950,2024-06-12,,,Regular Employee,False
W114951,2024-06-04,,,Regular Employee,False
W114952,2024-06-07,,,Regular Employee,False
W114953,2024-06-07,,,Regular Employee,False
W114954,2024-06-03,,,Regular Employee,False
W114955,2024-06-07,,,Regular Employee,False
W114956,2024-06-19,2025-04-01,Involuntary,Regular Employee,False
W114957,2024-06-27,,,Regular Employee,False
W114958,2024-06-16,,,Regular Employee,False
W114959,2024-06-11,2024-07-16,Voluntary,Regular Employee,False
W114960,2024-06-09,,,Regular Employee,False
W114961,2024-06-24,,,Regular Employee,False
W114962,2024-06-16,2025-01-08,Voluntary,Regular Employee,False
W114963,2024-06-09,2025-03-08,Voluntary,Regular Employee,False
W114964,2024-06-23,,,Regular Employee,False
W114965,2024-06-30,2024-08-28,Voluntary,Regular Employee,False
W114966,2024-06-24,2024-11-22,Voluntary,Regular Employee,False
W114967,2024-06-28,,,Regular Employee,False
W114968,2024-06-07,,,Regular Employee,False
W114969,2024-06-29,2025-08-28,Voluntary,Regular Employee,False
W114970,2024-06-03,2024-10-25,Voluntary,Regular Employee,False
W114971,2024-06-09,,,Regular Employee,False
W114972,2024-06-13,2025-11-26,Voluntary,Regular Employee,False
W114973,2024-06-14,,,Regular Employee,False
W114974,2024-06-24,,,Regular Employee,False
W114975,2024-06-18,,,Regular Employee,False
W114976,2024-06-11,2026-06-11,Voluntary,Regular Employee,False
W114977,2024-06-15,2024-12-26,Voluntary,Regular Employee,False
W114978,2024-06-09,,,Regular Employee,False
W114979,2024-06-23,,,Regular Employee,False
W114980,2024-06-22,,,Regular Employee,False
W114981,2024-06-23,,,Regular Employee,False
W114982,2024-06-14,,,Regular Employee,False
W114983,2024-06-08,2026-04-30,Voluntary,Regular Employee,False
W114984,2024-06-14,,,Regular Employee,False
W114985,2024-06-08,,,Regular Employee,False
W114986,2024-06-08,,,Regular Employee,False
W114987,2024-06-11,,,Regular Employee,False
W114988,2024-06-03,,,Regular Employee,False
W114989,2024-06-23,2024-11-10,Voluntary,Regular Employee,False
W114990,2024-06-21,,,Regular Employee,False
W114991,2024-06-25,,,Regular Employee,False
W114992,2024-06-10,,,Regular Employee,False
W114993,2024-06-23,2025-10-14,Voluntary,Regular Employee,False
W114994,2024-06-08,,,Regular Employee,False
W114995,2024-06-08,,,Regular Employee,False
W114996,2024-06-12,2025-08-27,Voluntary,Regular Employee,False
W114997,2024-06-11,,,Regular Employee,False
W114998,2024-06-17,2026-04-16,Voluntary,Regular Employee,False
W114999,2024-06-09,,,Regular Employee,False
W115000,2024-06-07,,,Regular Employee,False
W115001,2024-06-12,,,Regular Employee,False
W115002,2024-06-01,,,Regular Employee,False
W115003,2024-06-07,2025-02-09,Voluntary,Regular Employee,False
W115004,2024-06-10,,,Regular Employee,False
W115005,2024-06-17,,,Regular Employee,False
W115006,2024-06-05,,,Regular Employee,False
W115007,2024-07-23,2025-07-16,Voluntary,Regular Employee,False
W115008,2024-07-29,,,Regular Employee,False
W115009,2024-07-21,2025-03-25,Voluntary,Regular Employee,False
W115010,2024-07-23,,,Regular Employee,False
W115011,2024-07-13,2025-10-09,Voluntary,Regular Employee,False
W115012,2024-07-31,,,Regular Employee,False
W115013,2024-07-14,,,Regular Employee,False
W115014,2024-07-10,,,Regular Employee,False
W115015,2024-07-27,2026-03-29,Voluntary,Regular Employee,False
W115016,2024-07-10,2025-03-21,Voluntary,Regular Employee,False
W115017,2024-07-29,,,Regular Employee,False
W115018,2024-07-07,,,Regular Employee,False
W115019,2024-07-03,2025-01-17,Involuntary,Regular Employee,False
W115020,2024-07-14,2026-02-25,Voluntary,Regular Employee,False
W115021,2024-07-04,,,Regular Employee,False
W115022,2024-07-03,,,Regular Employee,False
W115023,2024-07-20,,,Regular Employee,False
W115024,2024-07-19,,,Regular Employee,False
W115025,2024-07-03,,,Regular Employee,False
W115026,2024-07-10,2025-04-04,Voluntary,Regular Employee,False
W115027,2024-07-01,,,Regular Employee,False
W115028,2024-07-02,2026-02-13,Voluntary,Regular Employee,False
W115029,2024-07-06,,,Regular Employee,False
W115030,2024-07-20,2025-05-02,Involuntary,Regular Employee,False
W115031,2024-07-25,,,Regular Employee,False
W115032,2024-07-02,,,Regular Employee,False
W115033,2024-07-03,,,Regular Employee,False
W115034,2024-07-06,,,Regular Employee,False
W115035,2024-07-21,2024-10-02,Involuntary,Regular Employee,False
W115036,2024-07-16,2025-10-15,Involuntary,Regular Employee,False
W115037,2024-07-06,2024-10-26,Voluntary,Regular Employee,False
W115038,2024-07-11,,,Regular Employee,False
W115039,2024-07-12,2025-02-02,Voluntary,Regular Employee,False
W115040,2024-07-13,,,Regular Employee,False
W115041,2024-07-20,,,Regular Employee,False
W115042,2024-07-29,2025-09-10,Voluntary,Regular Employee,False
W115043,2024-07-09,,,Regular Employee,False
W115044,2024-07-03,,,Regular Employee,False
W115045,2024-07-13,,,Regular Employee,False
W115046,2024-07-03,,,Regular Employee,False
W115047,2024-07-25,,,Regular Employee,False
W115048,2024-07-14,,,Regular Employee,False
W115049,2024-07-15,2025-03-10,Involuntary,Regular Employee,False
W115050,2024-07-23,,,Regular Employee,False
W115051,2024-07-15,,,Regular Employee,False
W115052,2024-07-15,2026-06-09,Voluntary,Regular Employee,False
W115053,2024-07-05,,,Regular Employee,False
W115054,2024-07-22,2026-05-02,Involuntary,Regular Employee,False
W115055,2024-07-02,2026-01-14,Voluntary,Regular Employee,False
W115056,2024-07-14,2025-01-22,Involuntary,Regular Employee,False
W115057,2024-07-07,,,Regular Employee,False
W115058,2024-07-07,2024-12-25,Voluntary,Regular Employee,False
W115059,2024-07-07,,,Regular Employee,False
W115060,2024-07-17,,,Regular Employee,False
W115061,2024-07-30,,,Regular Employee,False
W115062,2024-07-11,,,Regular Employee,False
W115063,2024-07-27,,,Regular Employee,False
W115064,2024-07-28,,,Regular Employee,False
W115065,2024-07-09,,,Regular Employee,False
W115066,2024-07-19,,,Regular Employee,False
W115067,2024-07-27,,,Regular Employee,False
W115068,2024-07-03,,,Regular Employee,False
W115069,2024-07-07,,,Regular Employee,False
W115070,2024-07-26,,,Regular Employee,False
W115071,2024-07-27,,,Regular Employee,False
W115072,2024-07-01,,,Regular Employee,False
W115073,2024-07-13,2026-03-05,Involuntary,Regular Employee,False
W115074,2024-07-26,,,Regular Employee,False
W115075,2024-07-18,,,Regular Employee,False
W115076,2024-07-09,,,Regular Employee,False
W115077,2024-07-10,2025-07-30,Voluntary,Regular Employee,False
W115078,2024-07-21,2025-05-23,Voluntary,Regular Employee,False
W115079,2024-07-21,2025-06-22,Involuntary,Regular Employee,False
W115080,2024-07-03,,,Regular Employee,False
W115081,2024-07-02,,,Regular Employee,False
W115082,2024-07-15,,,Regular Employee,False
W115083,2024-07-15,,,Regular Employee,False
W115084,2024-07-19,,,Regular Employee,False
W115085,2024-07-29,2025-03-02,Voluntary,Regular Employee,False
W115086,2024-07-28,,,Regular Employee,False
W115087,2024-07-03,,,Regular Employee,False
W115088,2024-07-26,,,Regular Employee,False
W115089,2024-07-30,,,Regular Employee,False
W115090,2024-07-10,2024-11-05,Voluntary,Regular Employee,False
W115091,2024-07-14,,,Regular Employee,False
W115092,2024-07-22,2026-06-26,Involuntary,Regular Employee,False
W115093,2024-07-07,,,Regular Employee,False
W115094,2024-07-31,,,Regular Employee,False
W115095,2024-07-18,2026-03-08,Involuntary,Regular Employee,False
W115096,2024-07-27,,,Regular Employee,False
W115097,2024-07-13,,,Regular Employee,False
W115098,2024-07-09,,,Regular Employee,False
W115099,2024-07-01,,,Regular Employee,False
W115100,2024-07-01,,,Regular Employee,False
W115101,2024-07-27,2025-12-23,Voluntary,Regular Employee,False
W115102,2024-07-24,2024-11-28,Voluntary,Regular Employee,False
W115103,2024-07-08,,,Regular Employee,False
W115104,2024-07-17,,,Regular Employee,False
W115105,2024-07-30,,,Regular Employee,False
W115106,2024-07-17,2025-02-13,Voluntary,Regular Employee,False
W115107,2024-07-15,,,Regular Employee,False
W115108,2024-07-18,,,Regular Employee,False
W115109,2024-07-04,2026-04-12,Voluntary,Regular Employee,False
W115110,2024-07-31,,,Regular Employee,False
W115111,2024-07-08,2024-10-19,Involuntary,Regular Employee,False
W115112,2024-07-15,,,Regular Employee,False
W115113,2024-07-28,,,Regular Employee,False
W115114,2024-07-13,,,Regular Employee,False
W115115,2024-07-16,,,Regular Employee,False
W115116,2024-07-05,,,Regular Employee,False
W115117,2024-07-23,2025-10-31,Voluntary,Regular Employee,False
W115118,2024-07-20,,,Regular Employee,False
W115119,2024-07-26,2024-11-17,Voluntary,Regular Employee,False
W115120,2024-07-28,,,Regular Employee,False
W115121,2024-07-21,,,Regular Employee,False
W115122,2024-07-26,,,Regular Employee,False
W115123,2024-07-06,,,Regular Employee,False
W115124,2024-07-09,,,Regular Employee,False
W115125,2024-07-30,,,Regular Employee,False
W115126,2024-07-26,2025-01-22,Involuntary,Regular Employee,False
W115127,2024-07-03,,,Regular Employee,False
W115128,2024-07-10,,,Regular Employee,False
W115129,2024-07-31,,,Regular Employee,False
W115130,2024-07-26,,,Regular Employee,False
W115131,2024-07-24,,,Regular Employee,False
W115132,2024-07-25,,,Regular Employee,False
W115133,2024-07-14,2025-02-21,Involuntary,Regular Employee,False
W115134,2024-07-26,,,Regular Employee,False
W115135,2024-07-25,2025-01-31,Voluntary,Regular Employee,False
W115136,2024-07-14,2024-08-13,Involuntary,Regular Employee,False
W115137,2024-07-08,,,Regular Employee,False
W115138,2024-07-09,,,Regular Employee,False
W115139,2024-07-21,,,Regular Employee,False
W115140,2024-07-23,2026-01-07,Voluntary,Regular Employee,False
W115141,2024-07-30,2025-09-03,Voluntary,Regular Employee,False
W115142,2024-07-09,,,Regular Employee,False
W115143,2024-07-10,,,Regular Employee,False
W115144,2024-07-31,2025-03-04,Involuntary,Regular Employee,False
W115145,2024-07-16,2025-05-07,Involuntary,Regular Employee,False
W115146,2024-07-19,2024-09-26,Voluntary,Regular Employee,False
W115147,2024-07-26,2025-08-21,Voluntary,Regular Employee,False
W115148,2024-07-03,2025-06-18,Involuntary,Regular Employee,False
W115149,2024-07-29,2025-03-10,Involuntary,Regular Employee,False
W115150,2024-07-10,,,Regular Employee,False
W115151,2024-07-23,2026-01-14,Voluntary,Regular Employee,False
W115152,2024-07-08,,,Regular Employee,False
W115153,2024-07-06,,,Regular Employee,False
W115154,2024-07-10,,,Regular Employee,False
W115155,2024-07-27,2026-02-01,Voluntary,Regular Employee,False
W115156,2024-07-13,,,Regular Employee,False
W115157,2024-07-31,,,Regular Employee,False
W115158,2024-07-15,,,Regular Employee,False
W115159,2024-07-05,2024-08-18,Voluntary,Regular Employee,False
W115160,2024-07-16,,,Regular Employee,False
W115161,2024-07-18,,,Regular Employee,False
W115162,2024-07-10,2026-01-12,Involuntary,Regular Employee,False
W115163,2024-07-16,,,Regular Employee,False
W115164,2024-07-10,,,Regular Employee,False
W115165,2024-07-24,2026-06-15,Voluntary,Regular Employee,False
W115166,2024-07-07,2025-09-29,Involuntary,Regular Employee,False
W115167,2024-07-28,,,Regular Employee,False
W115168,2024-07-23,2026-03-06,Voluntary,Regular Employee,False
W115169,2024-07-08,2024-12-08,Voluntary,Regular Employee,False
W115170,2024-07-12,,,Regular Employee,False
W115171,2024-07-22,,,Regular Employee,False
W115172,2024-07-27,,,Regular Employee,False
W115173,2024-07-28,,,Regular Employee,False
W115174,2024-07-25,,,Regular Employee,False
W115175,2024-07-27,2024-10-04,Voluntary,Regular Employee,False
W115176,2024-07-26,2024-10-19,Voluntary,Regular Employee,False
W115177,2024-07-14,,,Regular Employee,False
W115178,2024-07-14,,,Regular Employee,False
W115179,2024-07-13,2025-09-15,Involuntary,Regular Employee,False
W115180,2024-07-02,,,Regular Employee,False
W115181,2024-07-27,2026-01-31,Voluntary,Regular Employee,False
W115182,2024-07-07,,,Regular Employee,False
W115183,2024-07-09,,,Regular Employee,False
W115184,2024-08-09,,,Regular Employee,False
W115185,2024-08-27,,,Regular Employee,False
W115186,2024-08-28,,,Regular Employee,False
W115187,2024-08-30,,,Regular Employee,False
W115188,2024-08-17,,,Regular Employee,False
W115189,2024-08-02,,,Regular Employee,False
W115190,2024-08-02,,,Regular Employee,False
W115191,2024-08-01,,,Regular Employee,False
W115192,2024-08-25,,,Regular Employee,False
W115193,2024-08-20,,,Regular Employee,False
W115194,2024-08-22,2025-11-19,Involuntary,Regular Employee,False
W115195,2024-08-17,,,Regular Employee,False
W115196,2024-08-04,,,Regular Employee,False
W115197,2024-08-20,2024-09-19,Voluntary,Regular Employee,False
W115198,2024-08-31,,,Regular Employee,False
W115199,2024-08-14,,,Regular Employee,False
W115200,2024-08-06,2024-10-17,Voluntary,Regular Employee,False
W115201,2024-08-25,2025-04-04,Voluntary,Regular Employee,False
W115202,2024-08-29,2025-10-25,Voluntary,Regular Employee,False
W115203,2024-08-26,,,Regular Employee,False
W115204,2024-08-08,2026-01-14,Involuntary,Regular Employee,False
W115205,2024-08-23,,,Regular Employee,False
W115206,2024-08-27,,,Regular Employee,False
W115207,2024-08-02,,,Regular Employee,False
W115208,2024-08-30,,,Regular Employee,False
W115209,2024-08-27,,,Regular Employee,False
W115210,2024-08-22,,,Regular Employee,False
W115211,2024-08-15,,,Regular Employee,False
W115212,2024-08-24,,,Regular Employee,False
W115213,2024-08-12,,,Regular Employee,False
W115214,2024-08-20,,,Regular Employee,False
W115215,2024-08-14,2026-06-28,Voluntary,Regular Employee,False
W115216,2024-08-23,,,Regular Employee,False
W115217,2024-08-06,2024-12-27,Voluntary,Regular Employee,False
W115218,2024-08-02,2024-11-06,Voluntary,Regular Employee,False
W115219,2024-08-28,,,Regular Employee,False
W115220,2024-08-18,2025-02-22,Voluntary,Regular Employee,False
W115221,2024-08-13,,,Regular Employee,False
W115222,2024-08-02,2026-05-11,Involuntary,Regular Employee,False
W115223,2024-08-02,,,Regular Employee,False
W115224,2024-08-31,,,Regular Employee,False
W115225,2024-08-29,,,Regular Employee,False
W115226,2024-08-26,,,Regular Employee,False
W115227,2024-08-29,,,Regular Employee,False
W115228,2024-08-20,,,Regular Employee,False
W115229,2024-08-23,,,Regular Employee,False
W115230,2024-08-17,,,Regular Employee,False
W115231,2024-08-27,2026-05-08,Involuntary,Regular Employee,False
W115232,2024-08-02,2025-09-25,Involuntary,Regular Employee,False
W115233,2024-08-11,2025-02-03,Voluntary,Regular Employee,False
W115234,2024-08-21,,,Regular Employee,False
W115235,2024-08-06,,,Regular Employee,False
W115236,2024-08-30,,,Regular Employee,False
W115237,2024-08-10,,,Regular Employee,False
W115238,2024-08-22,2025-10-21,Voluntary,Regular Employee,False
W115239,2024-08-23,,,Regular Employee,False
W115240,2024-08-04,,,Regular Employee,False
W115241,2024-08-08,,,Regular Employee,False
W115242,2024-08-07,,,Regular Employee,False
W115243,2024-08-13,2026-03-25,Voluntary,Regular Employee,False
W115244,2024-08-08,,,Regular Employee,False
W115245,2024-08-02,2026-05-08,Involuntary,Regular Employee,False
W115246,2024-08-18,,,Regular Employee,False
W115247,2024-08-11,2026-04-15,Voluntary,Regular Employee,False
W115248,2024-08-05,2025-10-26,Voluntary,Regular Employee,False
W115249,2024-08-21,,,Regular Employee,False
W115250,2024-08-18,,,Regular Employee,False
W115251,2024-08-25,,,Regular Employee,False
W115252,2024-08-15,2026-02-07,Voluntary,Regular Employee,False
W115253,2024-08-09,,,Regular Employee,False
W115254,2024-08-18,,,Regular Employee,False
W115255,2024-08-08,,,Regular Employee,False
W115256,2024-08-26,,,Regular Employee,False
W115257,2024-08-01,,,Regular Employee,False
W115258,2024-08-14,,,Regular Employee,False
W115259,2024-08-19,,,Regular Employee,False
W115260,2024-08-24,,,Regular Employee,False
W115261,2024-08-23,,,Regular Employee,False
W115262,2024-08-25,2024-10-19,Voluntary,Regular Employee,False
W115263,2024-08-14,,,Regular Employee,False
W115264,2024-08-25,,,Regular Employee,False
W115265,2024-08-09,,,Regular Employee,False
W115266,2024-08-31,,,Regular Employee,False
W115267,2024-08-04,,,Regular Employee,False
W115268,2024-08-06,,,Regular Employee,False
W115269,2024-08-28,2025-07-03,Voluntary,Regular Employee,False
W115270,2024-08-20,,,Regular Employee,False
W115271,2024-08-24,2025-08-25,Voluntary,Regular Employee,False
W115272,2024-08-29,,,Regular Employee,False
W115273,2024-08-29,2026-04-12,Voluntary,Regular Employee,False
W115274,2024-08-28,2025-04-19,Involuntary,Regular Employee,False
W115275,2024-08-30,,,Regular Employee,False
W115276,2024-08-20,,,Regular Employee,False
W115277,2024-08-11,,,Regular Employee,False
W115278,2024-08-23,2024-12-31,Voluntary,Regular Employee,False
W115279,2024-08-06,,,Regular Employee,False
W115280,2024-08-26,,,Regular Employee,False
W115281,2024-08-12,,,Regular Employee,False
W115282,2024-08-16,2025-06-05,Voluntary,Regular Employee,False
W115283,2024-08-10,,,Regular Employee,False
W115284,2024-08-10,2025-06-17,Involuntary,Regular Employee,False
W115285,2024-08-22,2025-09-13,Involuntary,Regular Employee,False
W115286,2024-08-07,,,Regular Employee,False
W115287,2024-08-13,,,Regular Employee,False
W115288,2024-08-24,,,Regular Employee,False
W115289,2024-08-09,2025-02-17,Voluntary,Regular Employee,False
W115290,2024-08-23,,,Regular Employee,False
W115291,2024-08-01,2024-09-09,Involuntary,Regular Employee,False
W115292,2024-08-04,,,Regular Employee,False
W115293,2024-08-15,2025-11-23,Voluntary,Regular Employee,False
W115294,2024-08-10,2025-06-05,Voluntary,Regular Employee,False
W115295,2024-08-22,,,Regular Employee,False
W115296,2024-08-22,,,Regular Employee,False
W115297,2024-08-26,2024-10-09,Voluntary,Regular Employee,False
W115298,2024-08-28,,,Regular Employee,False
W115299,2024-08-30,,,Regular Employee,False
W115300,2024-08-20,,,Regular Employee,False
W115301,2024-08-31,,,Regular Employee,False
W115302,2024-08-30,,,Regular Employee,False
W115303,2024-08-04,2025-10-07,Voluntary,Regular Employee,False
W115304,2024-08-07,,,Regular Employee,False
W115305,2024-08-15,,,Regular Employee,False
W115306,2024-08-27,,,Regular Employee,False
W115307,2024-08-14,,,Regular Employee,False
W115308,2024-08-03,2024-12-23,Involuntary,Regular Employee,False
W115309,2024-08-16,2026-06-06,Voluntary,Regular Employee,False
W115310,2024-08-27,,,Regular Employee,False
W115311,2024-08-20,,,Regular Employee,False
W115312,2024-08-24,,,Regular Employee,False
W115313,2024-08-11,,,Regular Employee,False
W115314,2024-08-25,,,Regular Employee,False
W115315,2024-08-12,,,Regular Employee,False
W115316,2024-08-22,,,Regular Employee,False
W115317,2024-08-09,2025-12-12,Voluntary,Regular Employee,False
W115318,2024-08-07,,,Regular Employee,False
W115319,2024-08-05,2025-01-05,Involuntary,Regular Employee,False
W115320,2024-08-23,,,Regular Employee,False
W115321,2024-08-10,,,Regular Employee,False
W115322,2024-08-31,,,Regular Employee,False
W115323,2024-08-23,2024-10-04,Voluntary,Regular Employee,False
W115324,2024-08-08,2025-07-27,Voluntary,Regular Employee,False
W115325,2024-09-06,,,Regular Employee,False
W115326,2024-09-15,,,Regular Employee,False
W115327,2024-09-08,,,Regular Employee,False
W115328,2024-09-18,,,Regular Employee,False
W115329,2024-09-29,,,Regular Employee,False
W115330,2024-09-24,,,Regular Employee,False
W115331,2024-09-30,2025-04-29,Voluntary,Regular Employee,False
W115332,2024-09-04,,,Regular Employee,False
W115333,2024-09-30,,,Regular Employee,False
W115334,2024-09-05,,,Regular Employee,False
W115335,2024-09-04,,,Regular Employee,False
W115336,2024-09-23,2025-01-31,Voluntary,Regular Employee,False
W115337,2024-09-09,,,Regular Employee,False
W115338,2024-09-07,,,Regular Employee,False
W115339,2024-09-03,2025-03-10,Involuntary,Regular Employee,False
W115340,2024-09-19,,,Regular Employee,False
W115341,2024-09-21,,,Regular Employee,False
W115342,2024-09-24,,,Regular Employee,False
W115343,2024-09-01,,,Regular Employee,False
W115344,2024-09-15,,,Regular Employee,False
W115345,2024-09-04,,,Regular Employee,False
W115346,2024-09-07,,,Regular Employee,False
W115347,2024-09-03,,,Regular Employee,False
W115348,2024-09-06,,,Regular Employee,False
W115349,2024-09-16,,,Regular Employee,False
W115350,2024-09-27,,,Regular Employee,False
W115351,2024-09-26,,,Regular Employee,False
W115352,2024-09-12,,,Regular Employee,False
W115353,2024-09-11,2026-01-20,Voluntary,Regular Employee,False
W115354,2024-09-16,,,Regular Employee,False
W115355,2024-09-03,2026-03-29,Voluntary,Regular Employee,False
W115356,2024-09-14,2025-06-05,Involuntary,Regular Employee,False
W115357,2024-09-20,2025-08-02,Voluntary,Regular Employee,False
W115358,2024-09-21,,,Regular Employee,False
W115359,2024-09-07,2025-06-12,Voluntary,Regular Employee,False
W115360,2024-09-04,,,Regular Employee,False
W115361,2024-09-24,2025-04-28,Voluntary,Regular Employee,False
W115362,2024-09-02,,,Regular Employee,False
W115363,2024-09-24,,,Regular Employee,False
W115364,2024-09-02,,,Regular Employee,False
W115365,2024-09-04,,,Regular Employee,False
W115366,2024-09-03,2026-04-14,Voluntary,Regular Employee,False
W115367,2024-09-11,,,Regular Employee,False
W115368,2024-09-27,,,Regular Employee,False
W115369,2024-09-30,,,Regular Employee,False
W115370,2024-09-27,2025-06-08,Involuntary,Regular Employee,False
W115371,2024-09-26,,,Regular Employee,False
W115372,2024-09-16,,,Regular Employee,False
W115373,2024-09-28,,,Regular Employee,False
W115374,2024-09-24,2025-10-06,Voluntary,Regular Employee,False
W115375,2024-09-02,2024-11-13,Voluntary,Regular Employee,False
W115376,2024-09-30,,,Regular Employee,False
W115377,2024-09-24,,,Regular Employee,False
W115378,2024-09-19,2025-06-05,Voluntary,Regular Employee,False
W115379,2024-09-28,2025-06-25,Voluntary,Regular Employee,False
W115380,2024-09-18,,,Regular Employee,False
W115381,2024-09-23,,,Regular Employee,False
W115382,2024-09-05,,,Regular Employee,False
W115383,2024-09-22,2026-04-21,Involuntary,Regular Employee,False
W115384,2024-09-21,,,Regular Employee,False
W115385,2024-09-06,,,Regular Employee,False
W115386,2024-09-27,,,Regular Employee,False
W115387,2024-09-11,,,Regular Employee,False
W115388,2024-09-05,,,Regular Employee,False
W115389,2024-09-21,,,Regular Employee,False
W115390,2024-09-09,,,Regular Employee,False
W115391,2024-09-17,,,Regular Employee,False
W115392,2024-09-04,,,Regular Employee,False
W115393,2024-09-23,2025-06-24,Voluntary,Regular Employee,False
W115394,2024-09-11,,,Regular Employee,False
W115395,2024-09-27,,,Regular Employee,False
W115396,2024-09-03,,,Regular Employee,False
W115397,2024-09-15,,,Regular Employee,False
W115398,2024-09-14,,,Regular Employee,False
W115399,2024-09-09,,,Regular Employee,False
W115400,2024-09-16,,,Regular Employee,False
W115401,2024-09-11,,,Regular Employee,False
W115402,2024-09-22,2025-08-06,Voluntary,Regular Employee,False
W115403,2024-09-21,,,Regular Employee,False
W115404,2024-09-04,,,Regular Employee,False
W115405,2024-09-10,,,Regular Employee,False
W115406,2024-09-18,2025-09-09,Voluntary,Regular Employee,False
W115407,2024-09-06,,,Regular Employee,False
W115408,2024-09-13,,,Regular Employee,False
W115409,2024-09-22,,,Regular Employee,False
W115410,2024-09-17,2025-09-09,Voluntary,Regular Employee,False
W115411,2024-09-20,,,Regular Employee,False
W115412,2024-09-23,,,Regular Employee,False
W115413,2024-09-28,,,Regular Employee,False
W115414,2024-09-15,,,Regular Employee,False
W115415,2024-09-08,,,Regular Employee,False
W115416,2024-09-13,2025-06-20,Involuntary,Regular Employee,False
W115417,2024-09-10,,,Regular Employee,False
W115418,2024-09-10,,,Regular Employee,False
W115419,2024-09-10,,,Regular Employee,False
W115420,2024-09-20,2025-11-04,Voluntary,Regular Employee,False
W115421,2024-09-10,,,Regular Employee,False
W115422,2024-09-26,,,Regular Employee,False
W115423,2024-09-05,2024-10-06,Voluntary,Regular Employee,False
W115424,2024-09-02,,,Regular Employee,False
W115425,2024-09-17,,,Regular Employee,False
W115426,2024-09-30,,,Regular Employee,False
W115427,2024-09-29,,,Regular Employee,False
W115428,2024-09-15,2025-02-05,Voluntary,Regular Employee,False
W115429,2024-09-11,2025-07-08,Voluntary,Regular Employee,False
W115430,2024-09-25,,,Regular Employee,False
W115431,2024-09-21,,,Regular Employee,False
W115432,2024-09-04,,,Regular Employee,False
W115433,2024-09-08,,,Regular Employee,False
W115434,2024-09-05,,,Regular Employee,False
W115435,2024-09-09,,,Regular Employee,False
W115436,2024-09-25,,,Regular Employee,False
W115437,2024-09-02,,,Regular Employee,False
W115438,2024-09-01,,,Regular Employee,False
W115439,2024-09-05,,,Regular Employee,False
W115440,2024-09-04,,,Regular Employee,False
W115441,2024-09-15,,,Regular Employee,False
W115442,2024-09-26,2025-02-08,Voluntary,Regular Employee,False
W115443,2024-09-24,2026-05-22,Voluntary,Regular Employee,False
W115444,2024-09-17,,,Regular Employee,False
W115445,2024-09-22,,,Regular Employee,False
W115446,2024-09-27,,,Regular Employee,False
W115447,2024-09-22,,,Regular Employee,False
W115448,2024-09-20,,,Regular Employee,False
W115449,2024-09-17,,,Regular Employee,False
W115450,2024-09-23,,,Regular Employee,False
W115451,2024-09-26,2025-07-11,Voluntary,Regular Employee,False
W115452,2024-09-07,,,Regular Employee,False
W115453,2024-09-17,,,Regular Employee,False
W115454,2024-09-10,,,Regular Employee,False
W115455,2024-09-13,,,Regular Employee,False
W115456,2024-09-09,2025-06-03,Involuntary,Regular Employee,False
W115457,2024-09-11,,,Regular Employee,False
W115458,2024-09-29,2025-07-10,Involuntary,Regular Employee,False
W115459,2024-09-15,,,Regular Employee,False
W115460,2024-09-25,,,Regular Employee,False
W115461,2024-09-13,,,Regular Employee,False
W115462,2024-09-12,2024-10-16,Voluntary,Regular Employee,False
W115463,2024-09-10,,,Regular Employee,False
W115464,2024-09-25,,,Regular Employee,False
W115465,2024-09-08,,,Regular Employee,False
W115466,2024-09-01,,,Regular Employee,False
W115467,2024-09-26,,,Regular Employee,False
W115468,2024-09-04,,,Regular Employee,False
W115469,2024-09-04,,,Regular Employee,False
W115470,2024-09-02,,,Regular Employee,False
W115471,2024-09-25,2025-09-17,Involuntary,Regular Employee,False
W115472,2024-09-11,2026-05-18,Voluntary,Regular Employee,False
W115473,2024-09-13,,,Regular Employee,False
W115474,2024-09-16,,,Regular Employee,False
W115475,2024-09-07,2025-02-23,Voluntary,Regular Employee,False
W115476,2024-09-22,2025-09-29,Voluntary,Regular Employee,False
W115477,2024-09-30,,,Regular Employee,False
W115478,2024-09-12,,,Regular Employee,False
W115479,2024-09-04,,,Regular Employee,False
W115480,2024-09-11,,,Regular Employee,False
W115481,2024-09-09,2024-10-16,Voluntary,Regular Employee,False
W115482,2024-09-02,,,Regular Employee,False
W115483,2024-09-29,2026-06-10,Involuntary,Regular Employee,False
W115484,2024-09-12,2026-03-17,Voluntary,Regular Employee,False
W115485,2024-09-18,,,Regular Employee,False
W115486,2024-09-03,,,Regular Employee,False
W115487,2024-09-04,,,Regular Employee,False
W115488,2024-09-17,,,Regular Employee,False
W115489,2024-09-24,,,Regular Employee,False
W115490,2024-09-02,,,Regular Employee,False
W115491,2024-09-04,,,Regular Employee,False
W115492,2024-09-20,,,Regular Employee,False
W115493,2024-09-27,2025-02-02,Voluntary,Regular Employee,False
W115494,2024-09-13,,,Regular Employee,False
W115495,2024-09-27,,,Regular Employee,False
W115496,2024-09-03,,,Regular Employee,False
W115497,2024-10-16,2026-06-11,Voluntary,Regular Employee,False
W115498,2024-10-31,2026-04-23,Voluntary,Regular Employee,False
W115499,2024-10-14,,,Regular Employee,False
W115500,2024-10-06,,,Regular Employee,False
W115501,2024-10-30,2025-07-27,Voluntary,Regular Employee,False
W115502,2024-10-10,,,Regular Employee,False
W115503,2024-10-17,,,Regular Employee,False
W115504,2024-10-03,,,Regular Employee,False
W115505,2024-10-31,,,Regular Employee,False
W115506,2024-10-10,2026-05-17,Involuntary,Regular Employee,False
W115507,2024-10-29,,,Regular Employee,False
W115508,2024-10-14,2025-03-05,Voluntary,Regular Employee,False
W115509,2024-10-11,,,Regular Employee,False
W115510,2024-10-11,,,Regular Employee,False
W115511,2024-10-03,2025-07-06,Voluntary,Regular Employee,False
W115512,2024-10-15,,,Regular Employee,False
W115513,2024-10-27,,,Regular Employee,False
W115514,2024-10-29,,,Regular Employee,False
W115515,2024-10-24,,,Regular Employee,False
W115516,2024-10-12,,,Regular Employee,False
W115517,2024-10-03,,,Regular Employee,False
W115518,2024-10-17,,,Regular Employee,False
W115519,2024-10-04,,,Regular Employee,False
W115520,2024-10-24,,,Regular Employee,False
W115521,2024-10-22,2026-01-30,Voluntary,Regular Employee,False
W115522,2024-10-29,,,Regular Employee,False
W115523,2024-10-28,,,Regular Employee,False
W115524,2024-10-02,2024-12-24,Voluntary,Regular Employee,False
W115525,2024-10-15,,,Regular Employee,False
W115526,2024-10-06,,,Regular Employee,False
W115527,2024-10-13,2025-02-02,Voluntary,Regular Employee,False
W115528,2024-10-10,,,Regular Employee,False
W115529,2024-10-31,2025-04-19,Voluntary,Regular Employee,False
W115530,2024-10-19,,,Regular Employee,False
W115531,2024-10-27,,,Regular Employee,False
W115532,2024-10-26,,,Regular Employee,False
W115533,2024-10-05,,,Regular Employee,False
W115534,2024-10-23,,,Regular Employee,False
W115535,2024-10-08,,,Regular Employee,False
W115536,2024-10-06,,,Regular Employee,False
W115537,2024-10-18,2026-04-03,Voluntary,Regular Employee,False
W115538,2024-10-03,,,Regular Employee,False
W115539,2024-10-20,,,Regular Employee,False
W115540,2024-10-28,,,Regular Employee,False
W115541,2024-10-20,,,Regular Employee,False
W115542,2024-10-09,2024-11-08,Voluntary,Regular Employee,False
W115543,2024-10-18,,,Regular Employee,False
W115544,2024-10-31,,,Regular Employee,False
W115545,2024-10-05,,,Regular Employee,False
W115546,2024-10-31,,,Regular Employee,False
W115547,2024-10-05,,,Regular Employee,False
W115548,2024-10-30,,,Regular Employee,False
W115549,2024-10-16,,,Regular Employee,False
W115550,2024-10-21,,,Regular Employee,False
W115551,2024-10-13,,,Regular Employee,False
W115552,2024-10-09,2026-04-17,Voluntary,Regular Employee,False
W115553,2024-10-19,2025-11-10,Voluntary,Regular Employee,False
W115554,2024-10-20,,,Regular Employee,False
W115555,2024-10-23,2025-08-04,Voluntary,Regular Employee,False
W115556,2024-10-26,,,Regular Employee,False
W115557,2024-10-31,,,Regular Employee,False
W115558,2024-10-10,,,Regular Employee,False
W115559,2024-10-31,2025-02-02,Voluntary,Regular Employee,False
W115560,2024-10-05,,,Regular Employee,False
W115561,2024-10-05,,,Regular Employee,False
W115562,2024-10-11,,,Regular Employee,False
W115563,2024-10-06,,,Regular Employee,False
W115564,2024-10-05,2025-03-05,Voluntary,Regular Employee,False
W115565,2024-10-13,2024-11-22,Voluntary,Regular Employee,False
W115566,2024-10-21,2025-08-28,Voluntary,Regular Employee,False
W115567,2024-10-24,,,Regular Employee,False
W115568,2024-10-22,,,Regular Employee,False
W115569,2024-10-03,,,Regular Employee,False
W115570,2024-10-15,,,Regular Employee,False
W115571,2024-10-18,2026-02-18,Voluntary,Regular Employee,False
W115572,2024-10-21,,,Regular Employee,False
W115573,2024-10-31,,,Regular Employee,False
W115574,2024-10-20,,,Regular Employee,False
W115575,2024-10-26,,,Regular Employee,False
W115576,2024-10-02,2025-08-27,Voluntary,Regular Employee,False
W115577,2024-10-20,,,Regular Employee,False
W115578,2024-10-18,,,Regular Employee,False
W115579,2024-10-31,,,Regular Employee,False
W115580,2024-10-23,2025-01-23,Voluntary,Regular Employee,False
W115581,2024-10-08,,,Regular Employee,False
W115582,2024-10-29,,,Regular Employee,False
W115583,2024-10-29,2026-04-12,Voluntary,Regular Employee,False
W115584,2024-10-23,2025-06-03,Voluntary,Regular Employee,False
W115585,2024-10-09,,,Regular Employee,False
W115586,2024-10-03,2025-10-07,Involuntary,Regular Employee,False
W115587,2024-10-01,,,Regular Employee,False
W115588,2024-10-05,,,Regular Employee,False
W115589,2024-10-09,,,Regular Employee,False
W115590,2024-10-29,,,Regular Employee,False
W115591,2024-10-31,,,Regular Employee,False
W115592,2024-10-26,,,Regular Employee,False
W115593,2024-10-29,,,Regular Employee,False
W115594,2024-10-06,,,Regular Employee,False
W115595,2024-10-05,,,Regular Employee,False
W115596,2024-10-17,,,Regular Employee,False
W115597,2024-10-26,,,Regular Employee,False
W115598,2024-10-17,,,Regular Employee,False
W115599,2024-10-31,2025-01-26,Voluntary,Regular Employee,False
W115600,2024-10-03,,,Regular Employee,False
W115601,2024-10-09,,,Regular Employee,False
W115602,2024-10-22,,,Regular Employee,False
W115603,2024-10-12,,,Regular Employee,False
W115604,2024-10-30,2026-04-22,Voluntary,Regular Employee,False
W115605,2024-10-07,,,Regular Employee,False
W115606,2024-10-11,,,Regular Employee,False
W115607,2024-10-15,,,Regular Employee,False
W115608,2024-10-09,,,Regular Employee,False
W115609,2024-10-14,,,Regular Employee,False
W115610,2024-10-09,,,Regular Employee,False
W115611,2024-10-02,2024-12-25,Voluntary,Regular Employee,False
W115612,2024-10-21,,,Regular Employee,False
W115613,2024-10-03,2025-05-17,Voluntary,Regular Employee,False
W115614,2024-10-07,,,Regular Employee,False
W115615,2024-10-16,2025-02-20,Voluntary,Regular Employee,False
W115616,2024-10-04,,,Regular Employee,False
W115617,2024-10-17,,,Regular Employee,False
W115618,2024-10-18,,,Regular Employee,False
W115619,2024-10-13,2025-02-12,Voluntary,Regular Employee,False
W115620,2024-10-20,2025-04-12,Voluntary,Regular Employee,False
W115621,2024-10-26,,,Regular Employee,False
W115622,2024-10-20,,,Regular Employee,False
W115623,2024-10-02,,,Regular Employee,False
W115624,2024-10-13,,,Regular Employee,False
W115625,2024-10-01,,,Regular Employee,False
W115626,2024-10-26,,,Regular Employee,False
W115627,2024-10-09,,,Regular Employee,False
W115628,2024-10-26,,,Regular Employee,False
W115629,2024-10-19,,,Regular Employee,False
W115630,2024-10-25,,,Regular Employee,False
W115631,2024-10-27,,,Regular Employee,False
W115632,2024-10-04,,,Regular Employee,False
W115633,2024-10-29,,,Regular Employee,False
W115634,2024-10-25,,,Regular Employee,False
W115635,2024-10-15,,,Regular Employee,False
W115636,2024-10-08,,,Regular Employee,False
W115637,2024-10-11,,,Regular Employee,False
W115638,2024-10-27,,,Regular Employee,False
W115639,2024-10-01,,,Regular Employee,False
W115640,2024-10-30,2025-08-26,Voluntary,Regular Employee,False
W115641,2024-10-08,2024-11-12,Voluntary,Regular Employee,False
W115642,2024-10-25,,,Regular Employee,False
W115643,2024-10-30,2025-05-31,Voluntary,Regular Employee,False
W115644,2024-10-31,,,Regular Employee,False
W115645,2024-10-01,,,Regular Employee,False
W115646,2024-10-22,,,Regular Employee,False
W115647,2024-10-24,,,Regular Employee,False
W115648,2024-10-20,,,Regular Employee,False
W115649,2024-10-11,2026-03-10,Voluntary,Regular Employee,False
W115650,2024-10-15,,,Regular Employee,False
W115651,2024-10-22,,,Regular Employee,False
W115652,2024-10-12,2026-06-28,Voluntary,Regular Employee,False
W115653,2024-11-24,,,Regular Employee,False
W115654,2024-11-10,,,Regular Employee,False
W115655,2024-11-23,,,Regular Employee,False
W115656,2024-11-03,,,Regular Employee,False
W115657,2024-11-03,,,Regular Employee,False
W115658,2024-11-25,2026-03-17,Voluntary,Regular Employee,False
W115659,2024-11-09,2025-05-21,Voluntary,Regular Employee,False
W115660,2024-11-20,,,Regular Employee,False
W115661,2024-11-10,,,Regular Employee,False
W115662,2024-11-16,,,Regular Employee,False
W115663,2024-11-23,,,Regular Employee,False
W115664,2024-11-20,,,Regular Employee,False
W115665,2024-11-06,,,Regular Employee,False
W115666,2024-11-13,,,Regular Employee,False
W115667,2024-11-20,,,Regular Employee,False
W115668,2024-11-30,,,Regular Employee,False
W115669,2024-11-13,,,Regular Employee,False
W115670,2024-11-10,,,Regular Employee,False
W115671,2024-11-23,2025-07-10,Voluntary,Regular Employee,False
W115672,2024-11-04,,,Regular Employee,False
W115673,2024-11-11,,,Regular Employee,False
W115674,2024-11-30,,,Regular Employee,False
W115675,2024-11-05,,,Regular Employee,False
W115676,2024-11-11,,,Regular Employee,False
W115677,2024-11-17,,,Regular Employee,False
W115678,2024-11-18,,,Regular Employee,False
W115679,2024-11-29,,,Regular Employee,False
W115680,2024-11-23,2026-01-01,Voluntary,Regular Employee,False
W115681,2024-11-18,,,Regular Employee,False
W115682,2024-11-28,,,Regular Employee,False
W115683,2024-11-01,,,Regular Employee,False
W115684,2024-11-12,,,Regular Employee,False
W115685,2024-11-11,2025-05-01,Voluntary,Regular Employee,False
W115686,2024-11-27,,,Regular Employee,False
W115687,2024-11-25,,,Regular Employee,False
W115688,2024-11-08,,,Regular Employee,False
W115689,2024-11-16,,,Regular Employee,False
W115690,2024-11-16,,,Regular Employee,False
W115691,2024-11-20,,,Regular Employee,False
W115692,2024-11-18,,,Regular Employee,False
W115693,2024-11-16,,,Regular Employee,False
W115694,2024-11-16,,,Regular Employee,False
W115695,2024-11-13,2025-04-21,Voluntary,Regular Employee,False
W115696,2024-11-26,,,Regular Employee,False
W115697,2024-11-02,,,Regular Employee,False
W115698,2024-11-16,,,Regular Employee,False
W115699,2024-11-19,2025-08-19,Voluntary,Regular Employee,False
W115700,2024-11-05,,,Regular Employee,False
W115701,2024-11-29,,,Regular Employee,False
W115702,2024-11-07,,,Regular Employee,False
W115703,2024-11-03,,,Regular Employee,False
W115704,2024-11-29,,,Regular Employee,False
W115705,2024-11-24,,,Regular Employee,False
W115706,2024-11-17,,,Regular Employee,False
W115707,2024-11-26,,,Regular Employee,False
W115708,2024-11-08,2026-04-20,Voluntary,Regular Employee,False
W115709,2024-11-28,,,Regular Employee,False
W115710,2024-11-02,2026-04-27,Involuntary,Regular Employee,False
W115711,2024-11-13,,,Regular Employee,False
W115712,2024-11-27,,,Regular Employee,False
W115713,2024-11-14,,,Regular Employee,False
W115714,2024-11-07,,,Regular Employee,False
W115715,2024-11-17,2025-03-31,Voluntary,Regular Employee,False
W115716,2024-11-05,,,Regular Employee,False
W115717,2024-11-15,2026-02-08,Voluntary,Regular Employee,False
W115718,2024-11-20,,,Regular Employee,False
W115719,2024-11-24,2025-05-10,Voluntary,Regular Employee,False
W115720,2024-11-03,,,Regular Employee,False
W115721,2024-11-29,,,Regular Employee,False
W115722,2024-11-02,2024-12-13,Voluntary,Regular Employee,False
W115723,2024-11-15,,,Regular Employee,False
W115724,2024-11-14,2025-10-27,Voluntary,Regular Employee,False
W115725,2024-11-18,,,Regular Employee,False
W115726,2024-11-05,2025-01-02,Involuntary,Regular Employee,False
W115727,2024-11-11,2026-02-03,Voluntary,Regular Employee,False
W115728,2024-11-14,,,Regular Employee,False
W115729,2024-11-06,2025-06-16,Voluntary,Regular Employee,False
W115730,2024-11-18,,,Regular Employee,False
W115731,2024-11-17,,,Regular Employee,False
W115732,2024-11-24,,,Regular Employee,False
W115733,2024-11-26,,,Regular Employee,False
W115734,2024-11-12,,,Regular Employee,False
W115735,2024-11-23,,,Regular Employee,False
W115736,2024-11-13,2025-01-14,Involuntary,Regular Employee,False
W115737,2024-11-18,,,Regular Employee,False
W115738,2024-11-30,,,Regular Employee,False
W115739,2024-11-18,2026-03-13,Voluntary,Regular Employee,False
W115740,2024-11-05,,,Regular Employee,False
W115741,2024-11-13,,,Regular Employee,False
W115742,2024-11-09,,,Regular Employee,False
W115743,2024-11-18,,,Regular Employee,False
W115744,2024-11-10,,,Regular Employee,False
W115745,2024-11-04,,,Regular Employee,False
W115746,2024-11-21,,,Regular Employee,False
W115747,2024-11-28,,,Regular Employee,False
W115748,2024-11-19,,,Regular Employee,False
W115749,2024-11-13,,,Regular Employee,False
W115750,2024-11-29,,,Regular Employee,False
W115751,2024-11-23,2025-10-21,Voluntary,Regular Employee,False
W115752,2024-11-25,,,Regular Employee,False
W115753,2024-11-30,,,Regular Employee,False
W115754,2024-11-10,,,Regular Employee,False
W115755,2024-11-15,,,Regular Employee,False
W115756,2024-11-06,2025-06-21,Voluntary,Regular Employee,False
W115757,2024-11-03,2024-12-16,Involuntary,Regular Employee,False
W115758,2024-11-15,,,Regular Employee,False
W115759,2024-11-13,,,Regular Employee,False
W115760,2024-11-20,,,Regular Employee,False
W115761,2024-11-01,2026-03-21,Voluntary,Regular Employee,False
W115762,2024-11-03,,,Regular Employee,False
W115763,2024-11-13,2025-04-10,Voluntary,Regular Employee,False
W115764,2024-11-09,,,Regular Employee,False
W115765,2024-11-02,,,Regular Employee,False
W115766,2024-11-20,2025-04-09,Voluntary,Regular Employee,False
W115767,2024-11-21,,,Regular Employee,False
W115768,2024-11-17,2025-11-11,Voluntary,Regular Employee,False
W115769,2024-11-24,,,Regular Employee,False
W115770,2024-11-20,2025-01-01,Voluntary,Regular Employee,False
W115771,2024-11-12,,,Regular Employee,False
W115772,2024-11-12,,,Regular Employee,False
W115773,2024-11-26,,,Regular Employee,False
W115774,2024-11-08,,,Regular Employee,False
W115775,2024-11-14,2026-06-16,Involuntary,Regular Employee,False
W115776,2024-11-06,2026-04-01,Voluntary,Regular Employee,False
W115777,2024-11-04,,,Regular Employee,False
W115778,2024-11-18,,,Regular Employee,False
W115779,2024-11-07,2025-12-19,Voluntary,Regular Employee,False
W115780,2024-11-23,2024-12-15,Voluntary,Regular Employee,False
W115781,2024-11-28,,,Regular Employee,False
W115782,2024-11-11,2025-09-21,Voluntary,Regular Employee,False
W115783,2024-11-10,,,Regular Employee,False
W115784,2024-11-08,2025-02-17,Involuntary,Regular Employee,False
W115785,2024-11-14,,,Regular Employee,False
W115786,2024-11-19,,,Regular Employee,False
W115787,2024-11-18,,,Regular Employee,False
W115788,2024-11-28,,,Regular Employee,False
W115789,2024-11-23,2025-07-02,Involuntary,Regular Employee,False
W115790,2024-11-12,,,Regular Employee,False
W115791,2024-11-02,,,Regular Employee,False
W115792,2024-11-13,,,Regular Employee,False
W115793,2024-11-21,,,Regular Employee,False
W115794,2024-11-06,,,Regular Employee,False
W115795,2024-11-13,,,Regular Employee,False
W115796,2024-11-27,,,Regular Employee,False
W115797,2024-11-30,,,Regular Employee,False
W115798,2024-11-26,,,Regular Employee,False
W115799,2024-11-18,2025-11-29,Voluntary,Regular Employee,False
W115800,2024-12-24,,,Regular Employee,False
W115801,2024-12-02,,,Regular Employee,False
W115802,2024-12-10,,,Regular Employee,False
W115803,2024-12-04,,,Regular Employee,False
W115804,2024-12-12,,,Regular Employee,False
W115805,2024-12-13,,,Regular Employee,False
W115806,2024-12-17,,,Regular Employee,False
W115807,2024-12-22,2025-06-22,Voluntary,Regular Employee,False
W115808,2024-12-31,,,Regular Employee,False
W115809,2024-12-29,,,Regular Employee,False
W115810,2024-12-07,,,Regular Employee,False
W115811,2024-12-09,,,Regular Employee,False
W115812,2024-12-27,,,Regular Employee,False
W115813,2024-12-21,2026-04-25,Voluntary,Regular Employee,False
W115814,2024-12-24,,,Regular Employee,False
W115815,2024-12-31,,,Regular Employee,False
W115816,2024-12-21,,,Regular Employee,False
W115817,2024-12-26,2025-10-22,Voluntary,Regular Employee,False
W115818,2024-12-26,,,Regular Employee,False
W115819,2024-12-25,,,Regular Employee,False
W115820,2024-12-05,,,Regular Employee,False
W115821,2024-12-25,,,Regular Employee,False
W115822,2024-12-18,,,Regular Employee,False
W115823,2024-12-22,,,Regular Employee,False
W115824,2024-12-23,,,Regular Employee,False
W115825,2024-12-30,,,Regular Employee,False
W115826,2024-12-28,,,Regular Employee,False
W115827,2024-12-19,,,Regular Employee,False
W115828,2024-12-14,,,Regular Employee,False
W115829,2024-12-01,,,Regular Employee,False
W115830,2024-12-10,,,Regular Employee,False
W115831,2024-12-07,,,Regular Employee,False
W115832,2024-12-09,,,Regular Employee,False
W115833,2024-12-04,,,Regular Employee,False
W115834,2024-12-21,2025-08-30,Voluntary,Regular Employee,False
W115835,2024-12-31,,,Regular Employee,False
W115836,2024-12-05,2025-06-20,Voluntary,Regular Employee,False
W115837,2024-12-06,,,Regular Employee,False
W115838,2024-12-11,,,Regular Employee,False
W115839,2024-12-15,,,Regular Employee,False
W115840,2024-12-10,2025-08-08,Voluntary,Regular Employee,False
W115841,2024-12-06,,,Regular Employee,False
W115842,2024-12-19,,,Regular Employee,False
W115843,2024-12-12,,,Regular Employee,False
W115844,2024-12-03,,,Regular Employee,False
W115845,2024-12-22,2025-09-18,Involuntary,Regular Employee,False
W115846,2024-12-13,,,Regular Employee,False
W115847,2024-12-21,,,Regular Employee,False
W115848,2024-12-31,,,Regular Employee,False
W115849,2024-12-08,,,Regular Employee,False
W115850,2024-12-11,2025-06-17,Voluntary,Regular Employee,False
W115851,2024-12-05,,,Regular Employee,False
W115852,2024-12-28,,,Regular Employee,False
W115853,2024-12-01,,,Regular Employee,False
W115854,2024-12-27,,,Regular Employee,False
W115855,2024-12-07,,,Regular Employee,False
W115856,2024-12-23,2025-02-19,Voluntary,Regular Employee,False
W115857,2024-12-26,,,Regular Employee,False
W115858,2024-12-18,2025-02-24,Voluntary,Regular Employee,False
W115859,2024-12-19,,,Regular Employee,False
W115860,2024-12-21,2026-06-20,Voluntary,Regular Employee,False
W115861,2024-12-28,,,Regular Employee,False
W115862,2024-12-20,,,Regular Employee,False
W115863,2024-12-01,,,Regular Employee,False
W115864,2024-12-23,,,Regular Employee,False
W115865,2024-12-27,,,Regular Employee,False
W115866,2024-12-15,,,Regular Employee,False
W115867,2024-12-27,2025-09-27,Voluntary,Regular Employee,False
W115868,2024-12-16,2025-01-12,Voluntary,Regular Employee,False
W115869,2024-12-01,,,Regular Employee,False
W115870,2024-12-25,,,Regular Employee,False
W115871,2024-12-16,,,Regular Employee,False
W115872,2024-12-07,2025-07-12,Voluntary,Regular Employee,False
W115873,2024-12-09,2025-04-30,Voluntary,Regular Employee,False
W115874,2024-12-12,,,Regular Employee,False
W115875,2024-12-03,,,Regular Employee,False
W115876,2024-12-28,,,Regular Employee,False
W115877,2024-12-03,,,Regular Employee,False
W115878,2024-12-30,,,Regular Employee,False
W115879,2024-12-26,,,Regular Employee,False
W115880,2024-12-28,,,Regular Employee,False
W115881,2024-12-20,,,Regular Employee,False
W115882,2024-12-16,,,Regular Employee,False
W115883,2024-12-11,2025-02-28,Voluntary,Regular Employee,False
W115884,2024-12-04,,,Regular Employee,False
W115885,2024-12-29,2026-03-11,Voluntary,Regular Employee,False
W115886,2024-12-18,,,Regular Employee,False
W115887,2024-12-30,2025-09-22,Involuntary,Regular Employee,False
W115888,2024-12-04,,,Regular Employee,False
W115889,2024-12-07,,,Regular Employee,False
W115890,2024-12-22,,,Regular Employee,False
W115891,2024-12-25,,,Regular Employee,False
W115892,2024-12-16,,,Regular Employee,False
W115893,2024-12-05,,,Regular Employee,False
W115894,2024-12-29,,,Regular Employee,False
W115895,2024-12-01,,,Regular Employee,False
W115896,2024-12-13,,,Regular Employee,False
W115897,2024-12-17,,,Regular Employee,False
W115898,2024-12-01,,,Regular Employee,False
W115899,2024-12-28,,,Regular Employee,False
W115900,2024-12-22,,,Regular Employee,False
W115901,2024-12-01,,,Regular Employee,False
W115902,2024-12-05,,,Regular Employee,False
W115903,2024-12-25,,,Regular Employee,False
W115904,2024-12-23,,,Regular Employee,False
W115905,2024-12-05,2025-05-08,Voluntary,Regular Employee,False
W115906,2024-12-03,,,Regular Employee,False
W115907,2024-12-05,,,Regular Employee,False
W115908,2024-12-19,2025-11-13,Voluntary,Regular Employee,False
W115909,2024-12-10,,,Regular Employee,False
W115910,2024-12-25,,,Regular Employee,False
W115911,2024-12-17,2025-04-26,Involuntary,Regular Employee,False
W115912,2024-12-04,,,Regular Employee,False
W115913,2024-12-25,,,Regular Employee,False
W115914,2024-12-21,,,Regular Employee,False
W115915,2024-12-24,,,Regular Employee,False
W115916,2024-12-21,,,Regular Employee,False
W115917,2024-12-21,,,Regular Employee,False
W115918,2024-12-03,,,Regular Employee,False
W115919,2024-12-16,,,Regular Employee,False
W115920,2024-12-23,,,Regular Employee,False
W115921,2024-12-25,,,Regular Employee,False
W115922,2024-12-22,,,Regular Employee,False
W115923,2024-12-09,,,Regular Employee,False
W115924,2024-12-23,2025-03-16,Voluntary,Regular Employee,False
W115925,2024-12-05,,,Regular Employee,False
W115926,2024-12-09,,,Regular Employee,False
W115927,2024-12-02,,,Regular Employee,False
W115928,2024-12-06,,,Regular Employee,False
W115929,2024-12-31,,,Regular Employee,False
W115930,2024-12-01,,,Regular Employee,False
W115931,2024-12-03,2026-06-15,Voluntary,Regular Employee,False
W115932,2024-12-02,,,Regular Employee,False
W115933,2024-12-24,,,Regular Employee,False
W115934,2024-12-02,,,Regular Employee,False
W115935,2024-12-20,,,Regular Employee,False
W115936,2024-12-09,,,Regular Employee,False
W115937,2024-12-25,,,Regular Employee,False
W115938,2024-12-23,,,Regular Employee,False
W115939,2024-12-28,,,Regular Employee,False
W115940,2024-12-17,,,Regular Employee,False
W115941,2025-01-27,,,Regular Employee,False
W115942,2025-01-28,,,Regular Employee,False
W115943,2025-01-25,,,Regular Employee,False
W115944,2025-01-05,,,Regular Employee,False
W115945,2025-01-02,,,Regular Employee,False
W115946,2025-01-28,2026-01-11,Involuntary,Regular Employee,False
W115947,2025-01-13,,,Regular Employee,False
W115948,2025-01-27,,,Regular Employee,False
W115949,2025-01-08,2025-07-20,Involuntary,Regular Employee,False
W115950,2025-01-18,2026-05-04,Involuntary,Regular Employee,False
W115951,2025-01-29,2025-06-20,Voluntary,Regular Employee,False
W115952,2025-01-10,,,Regular Employee,False
W115953,2025-01-02,,,Regular Employee,False
W115954,2025-01-19,,,Regular Employee,False
W115955,2025-01-22,,,Regular Employee,False
W115956,2025-01-02,,,Regular Employee,False
W115957,2025-01-31,2025-04-26,Voluntary,Regular Employee,False
W115958,2025-01-28,,,Regular Employee,False
W115959,2025-01-19,,,Regular Employee,False
W115960,2025-01-20,,,Regular Employee,False
W115961,2025-01-04,,,Regular Employee,False
W115962,2025-01-29,,,Regular Employee,False
W115963,2025-01-08,,,Regular Employee,False
W115964,2025-01-27,,,Regular Employee,False
W115965,2025-01-23,,,Regular Employee,False
W115966,2025-01-24,,,Regular Employee,False
W115967,2025-01-06,2025-05-27,Voluntary,Regular Employee,False
W115968,2025-01-26,,,Regular Employee,False
W115969,2025-01-13,,,Regular Employee,False
W115970,2025-01-21,,,Regular Employee,False
W115971,2025-01-30,,,Regular Employee,False
W115972,2025-01-30,,,Regular Employee,False
W115973,2025-01-07,,,Regular Employee,False
W115974,2025-01-11,,,Regular Employee,False
W115975,2025-01-02,,,Regular Employee,False
W115976,2025-01-07,,,Regular Employee,False
W115977,2025-01-15,,,Regular Employee,False
W115978,2025-01-16,,,Regular Employee,False
W115979,2025-01-30,,,Regular Employee,False
W115980,2025-01-31,,,Regular Employee,False
W115981,2025-01-22,,,Regular Employee,False
W115982,2025-01-08,2025-06-30,Voluntary,Regular Employee,False
W115983,2025-01-14,,,Regular Employee,False
W115984,2025-01-27,,,Regular Employee,False
W115985,2025-01-17,,,Regular Employee,False
W115986,2025-01-24,,,Regular Employee,False
W115987,2025-01-31,,,Regular Employee,False
W115988,2025-01-28,,,Regular Employee,False
W115989,2025-01-22,,,Regular Employee,False
W115990,2025-01-03,,,Regular Employee,False
W115991,2025-01-10,2025-05-31,Voluntary,Regular Employee,False
W115992,2025-01-16,,,Regular Employee,False
W115993,2025-01-20,,,Regular Employee,False
W115994,2025-01-16,,,Regular Employee,False
W115995,2025-01-19,2025-12-21,Voluntary,Regular Employee,False
W115996,2025-01-15,,,Regular Employee,False
W115997,2025-01-31,,,Regular Employee,False
W115998,2025-01-21,,,Regular Employee,False
W115999,2025-01-16,,,Regular Employee,False
W116000,2025-01-14,,,Regular Employee,False
W116001,2025-01-20,2025-10-28,Involuntary,Regular Employee,False
W116002,2025-01-19,,,Regular Employee,False
W116003,2025-01-04,,,Regular Employee,False
W116004,2025-01-02,2025-02-23,Voluntary,Regular Employee,False
W116005,2025-01-26,,,Regular Employee,False
W116006,2025-01-19,,,Regular Employee,False
W116007,2025-01-22,,,Regular Employee,False
W116008,2025-01-10,,,Regular Employee,False
W116009,2025-01-03,,,Regular Employee,False
W116010,2025-01-20,,,Regular Employee,False
W116011,2025-01-27,,,Regular Employee,False
W116012,2025-01-27,2025-04-05,Voluntary,Regular Employee,False
W116013,2025-01-25,,,Regular Employee,False
W116014,2025-01-01,,,Regular Employee,False
W116015,2025-01-01,2025-11-28,Involuntary,Regular Employee,False
W116016,2025-01-01,2025-07-20,Voluntary,Regular Employee,False
W116017,2025-01-04,2025-06-15,Voluntary,Regular Employee,False
W116018,2025-01-17,,,Regular Employee,False
W116019,2025-01-11,,,Regular Employee,False
W116020,2025-01-17,,,Regular Employee,False
W116021,2025-01-10,,,Regular Employee,False
W116022,2025-01-20,,,Regular Employee,False
W116023,2025-01-10,2025-10-20,Voluntary,Regular Employee,False
W116024,2025-01-11,,,Regular Employee,False
W116025,2025-01-12,,,Regular Employee,False
W116026,2025-01-01,2026-02-09,Voluntary,Regular Employee,False
W116027,2025-01-08,,,Regular Employee,False
W116028,2025-01-09,,,Regular Employee,False
W116029,2025-01-08,,,Regular Employee,False
W116030,2025-01-04,2025-12-03,Voluntary,Regular Employee,False
W116031,2025-01-29,,,Regular Employee,False
W116032,2025-01-22,2025-12-19,Voluntary,Regular Employee,False
W116033,2025-01-08,,,Regular Employee,False
W116034,2025-01-31,,,Regular Employee,False
W116035,2025-01-10,,,Regular Employee,False
W116036,2025-01-18,2025-11-20,Involuntary,Regular Employee,False
W116037,2025-01-13,,,Regular Employee,False
W116038,2025-01-18,2026-04-22,Voluntary,Regular Employee,False
W116039,2025-01-27,2026-05-24,Voluntary,Regular Employee,False
W116040,2025-01-31,,,Regular Employee,False
W116041,2025-01-03,,,Regular Employee,False
W116042,2025-01-28,,,Regular Employee,False
W116043,2025-01-10,,,Regular Employee,False
W116044,2025-01-28,2025-09-20,Involuntary,Regular Employee,False
W116045,2025-01-27,2025-09-18,Voluntary,Regular Employee,False
W116046,2025-01-14,,,Regular Employee,False
W116047,2025-01-14,,,Regular Employee,False
W116048,2025-01-14,,,Regular Employee,False
W116049,2025-01-09,,,Regular Employee,False
W116050,2025-01-29,,,Regular Employee,False
W116051,2025-01-10,,,Regular Employee,False
W116052,2025-01-17,2025-10-26,Voluntary,Regular Employee,False
W116053,2025-01-17,,,Regular Employee,False
W116054,2025-01-03,,,Regular Employee,False
W116055,2025-01-23,,,Regular Employee,False
W116056,2025-01-19,,,Regular Employee,False
W116057,2025-01-12,,,Regular Employee,False
W116058,2025-01-11,,,Regular Employee,False
W116059,2025-01-22,,,Regular Employee,False
W116060,2025-01-31,,,Regular Employee,False
W116061,2025-01-27,,,Regular Employee,False
W116062,2025-01-28,,,Regular Employee,False
W116063,2025-01-11,2025-11-05,Involuntary,Regular Employee,False
W116064,2025-01-13,,,Regular Employee,False
W116065,2025-01-09,,,Regular Employee,False
W116066,2025-01-27,,,Regular Employee,False
W116067,2025-01-22,,,Regular Employee,False
W116068,2025-01-10,,,Regular Employee,False
W116069,2025-01-15,2025-05-08,Voluntary,Regular Employee,False
W116070,2025-01-20,,,Regular Employee,False
W116071,2025-01-13,,,Regular Employee,False
W116072,2025-01-11,2025-06-06,Voluntary,Regular Employee,False
W116073,2025-01-10,,,Regular Employee,False
W116074,2025-01-28,,,Regular Employee,False
W116075,2025-01-21,,,Regular Employee,False
W116076,2025-01-12,,,Regular Employee,False
W116077,2025-01-26,,,Regular Employee,False
W116078,2025-01-06,,,Regular Employee,False
W116079,2025-01-27,,,Regular Employee,False
W116080,2025-01-28,,,Regular Employee,False
W116081,2025-01-27,2025-03-04,Voluntary,Regular Employee,False
W116082,2025-01-21,,,Regular Employee,False
W116083,2025-01-18,,,Regular Employee,False
W116084,2025-01-22,,,Regular Employee,False
W116085,2025-01-30,2025-04-03,Voluntary,Regular Employee,False
W116086,2025-01-25,,,Regular Employee,False
W116087,2025-01-23,,,Regular Employee,False
W116088,2025-01-06,,,Regular Employee,False
W116089,2025-01-05,2025-03-30,Voluntary,Regular Employee,False
W116090,2025-01-17,,,Regular Employee,False
W116091,2025-01-02,,,Regular Employee,False
W116092,2025-01-27,,,Regular Employee,False
W116093,2025-01-24,,,Regular Employee,False
W116094,2025-01-04,,,Regular Employee,False
W116095,2025-01-15,,,Regular Employee,False
W116096,2025-01-01,,,Regular Employee,False
W116097,2025-01-22,,,Regular Employee,False
W116098,2025-01-15,,,Regular Employee,False
W116099,2025-01-06,2026-05-15,Voluntary,Regular Employee,False
W116100,2025-01-04,,,Regular Employee,False
W116101,2025-01-20,,,Regular Employee,False
W116102,2025-01-17,,,Regular Employee,False
W116103,2025-01-29,2025-08-11,Involuntary,Regular Employee,False
W116104,2025-01-29,2026-01-19,Voluntary,Regular Employee,False
W116105,2025-01-30,,,Regular Employee,False
W116106,2025-01-15,,,Regular Employee,False
W116107,2025-01-24,,,Regular Employee,False
W116108,2025-01-30,,,Regular Employee,False
W116109,2025-01-06,,,Regular Employee,False
W116110,2025-02-28,,,Regular Employee,False
W116111,2025-02-14,,,Regular Employee,False
W116112,2025-02-26,,,Regular Employee,False
W116113,2025-02-04,,,Regular Employee,False
W116114,2025-02-07,,,Regular Employee,False
W116115,2025-02-13,,,Regular Employee,False
W116116,2025-02-14,,,Regular Employee,False
W116117,2025-02-06,,,Regular Employee,False
W116118,2025-02-11,,,Regular Employee,False
W116119,2025-02-09,2026-04-12,Voluntary,Regular Employee,False
W116120,2025-02-18,,,Regular Employee,False
W116121,2025-02-11,,,Regular Employee,False
W116122,2025-02-23,,,Regular Employee,False
W116123,2025-02-27,2025-10-11,Voluntary,Regular Employee,False
W116124,2025-02-19,,,Regular Employee,False
W116125,2025-02-27,,,Regular Employee,False
W116126,2025-02-27,,,Regular Employee,False
W116127,2025-02-19,2025-09-08,Voluntary,Regular Employee,False
W116128,2025-02-02,2025-08-19,Voluntary,Regular Employee,False
W116129,2025-02-06,,,Regular Employee,False
W116130,2025-02-07,2025-10-15,Voluntary,Regular Employee,False
W116131,2025-02-02,,,Regular Employee,False
W116132,2025-02-04,,,Regular Employee,False
W116133,2025-02-26,,,Regular Employee,False
W116134,2025-02-27,,,Regular Employee,False
W116135,2025-02-01,,,Regular Employee,False
W116136,2025-02-11,,,Regular Employee,False
W116137,2025-02-22,,,Regular Employee,False
W116138,2025-02-03,,,Regular Employee,False
W116139,2025-02-12,,,Regular Employee,False
W116140,2025-02-09,2025-11-28,Voluntary,Regular Employee,False
W116141,2025-02-27,,,Regular Employee,False
W116142,2025-02-20,,,Regular Employee,False
W116143,2025-02-11,,,Regular Employee,False
W116144,2025-02-05,2025-09-04,Voluntary,Regular Employee,False
W116145,2025-02-27,,,Regular Employee,False
W116146,2025-02-19,2025-11-12,Voluntary,Regular Employee,False
W116147,2025-02-12,,,Regular Employee,False
W116148,2025-02-28,,,Regular Employee,False
W116149,2025-02-02,,,Regular Employee,False
W116150,2025-02-22,,,Regular Employee,False
W116151,2025-02-17,2026-05-27,Voluntary,Regular Employee,False
W116152,2025-02-14,,,Regular Employee,False
W116153,2025-02-19,,,Regular Employee,False
W116154,2025-02-14,,,Regular Employee,False
W116155,2025-02-28,,,Regular Employee,False
W116156,2025-02-23,,,Regular Employee,False
W116157,2025-02-22,,,Regular Employee,False
W116158,2025-02-24,,,Regular Employee,False
W116159,2025-02-16,,,Regular Employee,False
W116160,2025-02-28,,,Regular Employee,False
W116161,2025-02-10,,,Regular Employee,False
W116162,2025-02-10,,,Regular Employee,False
W116163,2025-02-13,2025-09-19,Voluntary,Regular Employee,False
W116164,2025-02-05,,,Regular Employee,False
W116165,2025-02-14,,,Regular Employee,False
W116166,2025-02-06,2026-05-23,Voluntary,Regular Employee,False
W116167,2025-02-27,2026-02-08,Voluntary,Regular Employee,False
W116168,2025-02-11,,,Regular Employee,False
W116169,2025-02-14,,,Regular Employee,False
W116170,2025-02-22,,,Regular Employee,False
W116171,2025-02-17,,,Regular Employee,False
W116172,2025-02-20,,,Regular Employee,False
W116173,2025-02-25,,,Regular Employee,False
W116174,2025-02-23,2025-11-12,Voluntary,Regular Employee,False
W116175,2025-02-22,,,Regular Employee,False
W116176,2025-02-19,,,Regular Employee,False
W116177,2025-02-19,,,Regular Employee,False
W116178,2025-02-28,,,Regular Employee,False
W116179,2025-02-08,,,Regular Employee,False
W116180,2025-02-07,,,Regular Employee,False
W116181,2025-02-24,,,Regular Employee,False
W116182,2025-02-27,,,Regular Employee,False
W116183,2025-02-01,2025-10-08,Voluntary,Regular Employee,False
W116184,2025-02-15,,,Regular Employee,False
W116185,2025-02-27,,,Regular Employee,False
W116186,2025-02-24,2025-09-15,Voluntary,Regular Employee,False
W116187,2025-02-08,,,Regular Employee,False
W116188,2025-02-01,,,Regular Employee,False
W116189,2025-02-19,,,Regular Employee,False
W116190,2025-02-19,2026-02-04,Voluntary,Regular Employee,False
W116191,2025-02-27,,,Regular Employee,False
W116192,2025-02-13,,,Regular Employee,False
W116193,2025-02-15,,,Regular Employee,False
W116194,2025-02-07,,,Regular Employee,False
W116195,2025-02-01,,,Regular Employee,False
W116196,2025-02-09,,,Regular Employee,False
W116197,2025-02-27,,,Regular Employee,False
W116198,2025-02-02,,,Regular Employee,False
W116199,2025-02-05,,,Regular Employee,False
W116200,2025-02-28,,,Regular Employee,False
W116201,2025-02-11,2025-11-19,Voluntary,Regular Employee,False
W116202,2025-02-16,,,Regular Employee,False
W116203,2025-02-09,,,Regular Employee,False
W116204,2025-02-07,,,Regular Employee,False
W116205,2025-02-21,2025-12-22,Voluntary,Regular Employee,False
W116206,2025-02-12,,,Regular Employee,False
W116207,2025-02-07,,,Regular Employee,False
W116208,2025-02-10,,,Regular Employee,False
W116209,2025-02-04,2025-06-19,Voluntary,Regular Employee,False
W116210,2025-02-07,2025-12-08,Voluntary,Regular Employee,False
W116211,2025-02-08,2025-10-18,Voluntary,Regular Employee,False
W116212,2025-02-08,,,Regular Employee,False
W116213,2025-02-02,,,Regular Employee,False
W116214,2025-02-26,,,Regular Employee,False
W116215,2025-02-21,,,Regular Employee,False
W116216,2025-02-28,2026-04-12,Voluntary,Regular Employee,False
W116217,2025-02-11,,,Regular Employee,False
W116218,2025-02-04,,,Regular Employee,False
W116219,2025-02-02,2025-10-26,Voluntary,Regular Employee,False
W116220,2025-02-12,,,Regular Employee,False
W116221,2025-02-04,2025-07-02,Voluntary,Regular Employee,False
W116222,2025-02-02,,,Regular Employee,False
W116223,2025-02-24,,,Regular Employee,False
W116224,2025-02-11,2025-06-06,Involuntary,Regular Employee,False
W116225,2025-02-23,,,Regular Employee,False
W116226,2025-02-14,,,Regular Employee,False
W116227,2025-02-05,,,Regular Employee,False
W116228,2025-02-17,,,Regular Employee,False
W116229,2025-02-15,,,Regular Employee,False
W116230,2025-02-25,2026-04-09,Voluntary,Regular Employee,False
W116231,2025-02-15,,,Regular Employee,False
W116232,2025-02-10,,,Regular Employee,False
W116233,2025-02-17,2025-06-03,Voluntary,Regular Employee,False
W116234,2025-02-21,,,Regular Employee,False
W116235,2025-02-12,,,Regular Employee,False
W116236,2025-02-02,2025-06-13,Involuntary,Regular Employee,False
W116237,2025-02-01,,,Regular Employee,False
W116238,2025-02-03,,,Regular Employee,False
W116239,2025-02-01,,,Regular Employee,False
W116240,2025-02-28,2025-11-07,Voluntary,Regular Employee,False
W116241,2025-02-24,,,Regular Employee,False
W116242,2025-02-25,,,Regular Employee,False
W116243,2025-02-27,2025-03-29,Voluntary,Regular Employee,False
W116244,2025-02-25,,,Regular Employee,False
W116245,2025-02-12,2026-02-15,Voluntary,Regular Employee,False
W116246,2025-02-09,,,Regular Employee,False
W116247,2025-02-02,,,Regular Employee,False
W116248,2025-02-21,2025-07-31,Involuntary,Regular Employee,False
W116249,2025-02-08,,,Regular Employee,False
W116250,2025-02-07,,,Regular Employee,False
W116251,2025-02-17,,,Regular Employee,False
W116252,2025-02-06,,,Regular Employee,False
W116253,2025-02-22,,,Regular Employee,False
W116254,2025-02-07,,,Regular Employee,False
W116255,2025-02-28,,,Regular Employee,False
W116256,2025-02-19,,,Regular Employee,False
W116257,2025-02-08,,,Regular Employee,False
W116258,2025-02-13,,,Regular Employee,False
W116259,2025-02-25,,,Regular Employee,False
W116260,2025-02-14,,,Regular Employee,False
W116261,2025-02-12,,,Regular Employee,False
W116262,2025-02-01,,,Regular Employee,False
W116263,2025-02-27,2025-06-07,Voluntary,Regular Employee,False
W116264,2025-02-26,,,Regular Employee,False
W116265,2025-03-07,,,Regular Employee,False
W116266,2025-03-04,,,Regular Employee,False
W116267,2025-03-03,,,Regular Employee,False
W116268,2025-03-05,,,Regular Employee,False
W116269,2025-03-31,,,Regular Employee,False
W116270,2025-03-13,,,Regular Employee,False
W116271,2025-03-14,,,Regular Employee,False
W116272,2025-03-21,,,Regular Employee,False
W116273,2025-03-02,2025-11-30,Voluntary,Regular Employee,False
W116274,2025-03-26,2025-05-01,Voluntary,Regular Employee,False
W116275,2025-03-29,,,Regular Employee,False
W116276,2025-03-31,,,Regular Employee,False
W116277,2025-03-22,,,Regular Employee,False
W116278,2025-03-11,,,Regular Employee,False
W116279,2025-03-13,2026-02-20,Voluntary,Regular Employee,False
W116280,2025-03-05,,,Regular Employee,False
W116281,2025-03-06,,,Regular Employee,False
W116282,2025-03-23,,,Regular Employee,False
W116283,2025-03-07,,,Regular Employee,False
W116284,2025-03-22,,,Regular Employee,False
W116285,2025-03-23,,,Regular Employee,False
W116286,2025-03-05,2026-02-19,Involuntary,Regular Employee,False
W116287,2025-03-12,,,Regular Employee,False
W116288,2025-03-28,,,Regular Employee,False
W116289,2025-03-13,2026-01-11,Voluntary,Regular Employee,False
W116290,2025-03-29,2025-11-29,Voluntary,Regular Employee,False
W116291,2025-03-14,2026-05-22,Voluntary,Regular Employee,False
W116292,2025-03-29,,,Regular Employee,False
W116293,2025-03-05,,,Regular Employee,False
W116294,2025-03-31,,,Regular Employee,False
W116295,2025-03-30,2026-05-28,Voluntary,Regular Employee,False
W116296,2025-03-10,2025-04-22,Voluntary,Regular Employee,False
W116297,2025-03-20,2025-05-24,Voluntary,Regular Employee,False
W116298,2025-03-05,,,Regular Employee,False
W116299,2025-03-11,2026-05-31,Voluntary,Regular Employee,False
W116300,2025-03-14,,,Regular Employee,False
W116301,2025-03-31,,,Regular Employee,False
W116302,2025-03-15,,,Regular Employee,False
W116303,2025-03-31,,,Regular Employee,False
W116304,2025-03-06,,,Regular Employee,False
W116305,2025-03-16,,,Regular Employee,False
W116306,2025-03-16,,,Regular Employee,False
W116307,2025-03-16,,,Regular Employee,False
W116308,2025-03-02,,,Regular Employee,False
W116309,2025-03-22,,,Regular Employee,False
W116310,2025-03-04,,,Regular Employee,False
W116311,2025-03-16,2025-06-15,Voluntary,Regular Employee,False
W116312,2025-03-02,,,Regular Employee,False
W116313,2025-03-11,,,Regular Employee,False
W116314,2025-03-25,,,Regular Employee,False
W116315,2025-03-30,2026-01-10,Involuntary,Regular Employee,False
W116316,2025-03-20,,,Regular Employee,False
W116317,2025-03-16,,,Regular Employee,False
W116318,2025-03-07,2025-09-30,Voluntary,Regular Employee,False
W116319,2025-03-31,2025-06-24,Involuntary,Regular Employee,False
W116320,2025-03-24,,,Regular Employee,False
W116321,2025-03-07,,,Regular Employee,False
W116322,2025-03-29,,,Regular Employee,False
W116323,2025-03-11,,,Regular Employee,False
W116324,2025-03-30,,,Regular Employee,False
W116325,2025-03-03,2025-05-10,Voluntary,Regular Employee,False
W116326,2025-03-18,,,Regular Employee,False
W116327,2025-03-23,,,Regular Employee,False
W116328,2025-03-29,2025-11-09,Voluntary,Regular Employee,False
W116329,2025-03-26,,,Regular Employee,False
W116330,2025-03-30,,,Regular Employee,False
W116331,2025-03-15,,,Regular Employee,False
W116332,2025-03-06,,,Regular Employee,False
W116333,2025-03-19,,,Regular Employee,False
W116334,2025-03-09,,,Regular Employee,False
W116335,2025-03-01,,,Regular Employee,False
W116336,2025-03-03,,,Regular Employee,False
W116337,2025-03-14,,,Regular Employee,False
W116338,2025-03-31,,,Regular Employee,False
W116339,2025-03-15,,,Regular Employee,False
W116340,2025-03-19,,,Regular Employee,False
W116341,2025-03-11,,,Regular Employee,False
W116342,2025-03-15,,,Regular Employee,False
W116343,2025-03-06,,,Regular Employee,False
W116344,2025-03-26,,,Regular Employee,False
W116345,2025-03-07,,,Regular Employee,False
W116346,2025-03-19,,,Regular Employee,False
W116347,2025-03-22,,,Regular Employee,False
W116348,2025-03-18,,,Regular Employee,False
W116349,2025-03-28,2026-01-29,Voluntary,Regular Employee,False
W116350,2025-03-01,,,Regular Employee,False
W116351,2025-03-05,,,Regular Employee,False
W116352,2025-03-18,2026-02-05,Voluntary,Regular Employee,False
W116353,2025-03-21,,,Regular Employee,False
W116354,2025-03-01,,,Regular Employee,False
W116355,2025-03-27,2026-05-24,Voluntary,Regular Employee,False
W116356,2025-03-30,,,Regular Employee,False
W116357,2025-03-18,,,Regular Employee,False
W116358,2025-03-01,2025-07-21,Voluntary,Regular Employee,False
W116359,2025-03-22,,,Regular Employee,False
W116360,2025-03-09,,,Regular Employee,False
W116361,2025-03-28,2025-06-30,Voluntary,Regular Employee,False
W116362,2025-03-23,,,Regular Employee,False
W116363,2025-03-10,,,Regular Employee,False
W116364,2025-03-12,,,Regular Employee,False
W116365,2025-03-02,,,Regular Employee,False
W116366,2025-03-22,,,Regular Employee,False
W116367,2025-03-07,,,Regular Employee,False
W116368,2025-03-07,,,Regular Employee,False
W116369,2025-03-11,,,Regular Employee,False
W116370,2025-03-21,,,Regular Employee,False
W116371,2025-03-26,,,Regular Employee,False
W116372,2025-03-18,2025-07-31,Voluntary,Regular Employee,False
W116373,2025-03-21,,,Regular Employee,False
W116374,2025-03-18,,,Regular Employee,False
W116375,2025-03-17,,,Regular Employee,False
W116376,2025-03-13,,,Regular Employee,False
W116377,2025-03-27,2025-10-30,Voluntary,Regular Employee,False
W116378,2025-03-20,2025-10-09,Involuntary,Regular Employee,False
W116379,2025-03-05,,,Regular Employee,False
W116380,2025-03-06,,,Regular Employee,False
W116381,2025-03-22,,,Regular Employee,False
W116382,2025-03-21,2026-04-22,Involuntary,Regular Employee,False
W116383,2025-03-02,,,Regular Employee,False
W116384,2025-03-24,,,Regular Employee,False
W116385,2025-03-18,2026-02-11,Voluntary,Regular Employee,False
W116386,2025-03-18,,,Regular Employee,False
W116387,2025-03-22,,,Regular Employee,False
W116388,2025-03-27,,,Regular Employee,False
W116389,2025-03-16,,,Regular Employee,False
W116390,2025-03-16,,,Regular Employee,False
W116391,2025-03-20,,,Regular Employee,False
W116392,2025-03-11,,,Regular Employee,False
W116393,2025-03-30,,,Regular Employee,False
W116394,2025-03-06,2026-05-23,Voluntary,Regular Employee,False
W116395,2025-03-27,,,Regular Employee,False
W116396,2025-03-19,2025-09-13,Involuntary,Regular Employee,False
W116397,2025-03-07,2025-05-30,Voluntary,Regular Employee,False
W116398,2025-03-26,,,Regular Employee,False
W116399,2025-03-13,2025-08-06,Voluntary,Regular Employee,False
W116400,2025-03-12,,,Regular Employee,False
W116401,2025-03-20,,,Regular Employee,False
W116402,2025-03-25,,,Regular Employee,False
W116403,2025-03-31,,,Regular Employee,False
W116404,2025-03-22,,,Regular Employee,False
W116405,2025-03-28,,,Regular Employee,False
W116406,2025-03-13,2026-03-10,Involuntary,Regular Employee,False
W116407,2025-03-12,,,Regular Employee,False
W116408,2025-03-23,,,Regular Employee,False
W116409,2025-03-01,,,Regular Employee,False
W116410,2025-03-24,,,Regular Employee,False
W116411,2025-03-23,,,Regular Employee,False
W116412,2025-03-27,,,Regular Employee,False
W116413,2025-03-26,,,Regular Employee,False
W116414,2025-03-06,,,Regular Employee,False
W116415,2025-03-22,,,Regular Employee,False
W116416,2025-03-29,,,Regular Employee,False
W116417,2025-03-30,2025-09-27,Voluntary,Regular Employee,False
W116418,2025-03-28,,,Regular Employee,False
W116419,2025-03-03,,,Regular Employee,False
W116420,2025-03-08,2025-05-12,Involuntary,Regular Employee,False
W116421,2025-03-14,,,Regular Employee,False
W116422,2025-03-15,,,Regular Employee,False
W116423,2025-03-28,,,Regular Employee,False
W116424,2025-04-14,,,Regular Employee,False
W116425,2025-04-23,,,Regular Employee,False
W116426,2025-04-13,,,Regular Employee,False
W116427,2025-04-28,,,Regular Employee,False
W116428,2025-04-15,2026-02-20,Involuntary,Regular Employee,False
W116429,2025-04-18,2025-10-17,Involuntary,Regular Employee,False
W116430,2025-04-21,,,Regular Employee,False
W116431,2025-04-10,2025-10-27,Voluntary,Regular Employee,False
W116432,2025-04-26,,,Regular Employee,False
W116433,2025-04-26,,,Regular Employee,False
W116434,2025-04-09,,,Regular Employee,False
W116435,2025-04-01,,,Regular Employee,False
W116436,2025-04-12,,,Regular Employee,False
W116437,2025-04-08,2026-04-02,Involuntary,Regular Employee,False
W116438,2025-04-04,,,Regular Employee,False
W116439,2025-04-25,,,Regular Employee,False
W116440,2025-04-27,,,Regular Employee,False
W116441,2025-04-14,2025-07-08,Voluntary,Regular Employee,False
W116442,2025-04-18,,,Regular Employee,False
W116443,2025-04-01,,,Regular Employee,False
W116444,2025-04-11,,,Regular Employee,False
W116445,2025-04-24,,,Regular Employee,False
W116446,2025-04-23,,,Regular Employee,False
W116447,2025-04-27,,,Regular Employee,False
W116448,2025-04-14,,,Regular Employee,False
W116449,2025-04-18,,,Regular Employee,False
W116450,2025-04-20,,,Regular Employee,False
W116451,2025-04-26,,,Regular Employee,False
W116452,2025-04-26,2025-09-15,Voluntary,Regular Employee,False
W116453,2025-04-06,,,Regular Employee,False
W116454,2025-04-09,,,Regular Employee,False
W116455,2025-04-01,,,Regular Employee,False
W116456,2025-04-09,2025-05-15,Voluntary,Regular Employee,False
W116457,2025-04-04,,,Regular Employee,False
W116458,2025-04-20,,,Regular Employee,False
W116459,2025-04-12,,,Regular Employee,False
W116460,2025-04-24,,,Regular Employee,False
W116461,2025-04-13,2025-12-25,Voluntary,Regular Employee,False
W116462,2025-04-01,,,Regular Employee,False
W116463,2025-04-22,,,Regular Employee,False
W116464,2025-04-17,,,Regular Employee,False
W116465,2025-04-07,,,Regular Employee,False
W116466,2025-04-19,,,Regular Employee,False
W116467,2025-04-01,,,Regular Employee,False
W116468,2025-04-15,,,Regular Employee,False
W116469,2025-04-02,,,Regular Employee,False
W116470,2025-04-25,,,Regular Employee,False
W116471,2025-04-15,,,Regular Employee,False
W116472,2025-04-15,,,Regular Employee,False
W116473,2025-04-16,,,Regular Employee,False
W116474,2025-04-19,,,Regular Employee,False
W116475,2025-04-30,,,Regular Employee,False
W116476,2025-04-30,2026-01-01,Voluntary,Regular Employee,False
W116477,2025-04-11,2026-06-18,Involuntary,Regular Employee,False
W116478,2025-04-13,,,Regular Employee,False
W116479,2025-04-27,2026-02-09,Voluntary,Regular Employee,False
W116480,2025-04-09,2025-05-13,Involuntary,Regular Employee,False
W116481,2025-04-29,,,Regular Employee,False
W116482,2025-04-04,,,Regular Employee,False
W116483,2025-04-02,,,Regular Employee,False
W116484,2025-04-15,,,Regular Employee,False
W116485,2025-04-18,,,Regular Employee,False
W116486,2025-04-15,,,Regular Employee,False
W116487,2025-04-08,,,Regular Employee,False
W116488,2025-04-08,2025-09-26,Voluntary,Regular Employee,False
W116489,2025-04-20,,,Regular Employee,False
W116490,2025-04-24,,,Regular Employee,False
W116491,2025-04-30,,,Regular Employee,False
W116492,2025-04-04,,,Regular Employee,False
W116493,2025-04-18,,,Regular Employee,False
W116494,2025-04-23,,,Regular Employee,False
W116495,2025-04-02,2026-02-25,Voluntary,Regular Employee,False
W116496,2025-04-03,,,Regular Employee,False
W116497,2025-04-12,,,Regular Employee,False
W116498,2025-04-09,,,Regular Employee,False
W116499,2025-04-06,,,Regular Employee,False
W116500,2025-04-15,2026-01-09,Voluntary,Regular Employee,False
W116501,2025-04-23,,,Regular Employee,False
W116502,2025-04-20,2026-06-15,Voluntary,Regular Employee,False
W116503,2025-04-04,,,Regular Employee,False
W116504,2025-04-05,,,Regular Employee,False
W116505,2025-04-24,,,Regular Employee,False
W116506,2025-04-30,,,Regular Employee,False
W116507,2025-04-04,,,Regular Employee,False
W116508,2025-04-01,,,Regular Employee,False
W116509,2025-04-07,,,Regular Employee,False
W116510,2025-04-21,2026-03-02,Voluntary,Regular Employee,False
W116511,2025-04-19,,,Regular Employee,False
W116512,2025-04-18,2025-08-10,Voluntary,Regular Employee,False
W116513,2025-04-30,,,Regular Employee,False
W116514,2025-04-28,,,Regular Employee,False
W116515,2025-04-21,,,Regular Employee,False
W116516,2025-04-15,,,Regular Employee,False
W116517,2025-04-15,2025-06-28,Voluntary,Regular Employee,False
W116518,2025-04-25,,,Regular Employee,False
W116519,2025-04-11,,,Regular Employee,False
W116520,2025-04-03,,,Regular Employee,False
W116521,2025-04-12,,,Regular Employee,False
W116522,2025-04-26,,,Regular Employee,False
W116523,2025-04-11,,,Regular Employee,False
W116524,2025-04-25,,,Regular Employee,False
W116525,2025-04-26,,,Regular Employee,False
W116526,2025-04-09,,,Regular Employee,False
W116527,2025-04-21,2025-12-31,Voluntary,Regular Employee,False
W116528,2025-04-11,,,Regular Employee,False
W116529,2025-04-20,,,Regular Employee,False
W116530,2025-04-18,,,Regular Employee,False
W116531,2025-04-29,,,Regular Employee,False
W116532,2025-04-12,,,Regular Employee,False
W116533,2025-04-03,,,Regular Employee,False
W116534,2025-04-24,,,Regular Employee,False
W116535,2025-04-23,2026-05-28,Voluntary,Regular Employee,False
W116536,2025-04-21,,,Regular Employee,False
W116537,2025-04-27,,,Regular Employee,False
W116538,2025-04-25,,,Regular Employee,False
W116539,2025-04-14,,,Regular Employee,False
W116540,2025-04-04,,,Regular Employee,False
W116541,2025-04-28,2025-08-16,Voluntary,Regular Employee,False
W116542,2025-04-06,,,Regular Employee,False
W116543,2025-04-01,,,Regular Employee,False
W116544,2025-04-15,,,Regular Employee,False
W116545,2025-04-05,,,Regular Employee,False
W116546,2025-04-18,,,Regular Employee,False
W116547,2025-04-11,2025-06-16,Voluntary,Regular Employee,False
W116548,2025-04-22,,,Regular Employee,False
W116549,2025-04-28,,,Regular Employee,False
W116550,2025-04-22,,,Regular Employee,False
W116551,2025-04-16,,,Regular Employee,False
W116552,2025-04-24,,,Regular Employee,False
W116553,2025-04-26,,,Regular Employee,False
W116554,2025-04-30,,,Regular Employee,False
W116555,2025-04-22,2026-03-15,Voluntary,Regular Employee,False
W116556,2025-04-17,,,Regular Employee,False
W116557,2025-04-08,,,Regular Employee,False
W116558,2025-04-04,,,Regular Employee,False
W116559,2025-04-30,2025-11-20,Voluntary,Regular Employee,False
W116560,2025-04-14,,,Regular Employee,False
W116561,2025-04-10,,,Regular Employee,False
W116562,2025-04-06,,,Regular Employee,False
W116563,2025-04-29,,,Regular Employee,False
W116564,2025-04-26,,,Regular Employee,False
W116565,2025-04-26,,,Regular Employee,False
W116566,2025-04-06,,,Regular Employee,False
W116567,2025-04-06,,,Regular Employee,False
W116568,2025-04-01,,,Regular Employee,False
W116569,2025-04-23,,,Regular Employee,False
W116570,2025-04-04,,,Regular Employee,False
W116571,2025-04-18,,,Regular Employee,False
W116572,2025-04-01,,,Regular Employee,False
W116573,2025-04-24,,,Regular Employee,False
W116574,2025-04-22,2026-03-03,Voluntary,Regular Employee,False
W116575,2025-04-12,,,Regular Employee,False
W116576,2025-04-09,,,Regular Employee,False
W116577,2025-04-27,,,Regular Employee,False
W116578,2025-04-06,,,Regular Employee,False
W116579,2025-04-13,,,Regular Employee,False
W116580,2025-04-07,2025-12-13,Voluntary,Regular Employee,False
W116581,2025-04-27,,,Regular Employee,False
W116582,2025-04-16,2025-11-21,Voluntary,Regular Employee,False
W116583,2025-04-22,2025-05-05,Voluntary,Regular Employee,False
W116584,2025-04-25,2025-12-22,Voluntary,Regular Employee,False
W116585,2025-04-13,,,Regular Employee,False
W116586,2025-04-20,,,Regular Employee,False
W116587,2025-04-01,,,Regular Employee,False
W116588,2025-04-26,,,Regular Employee,False
W116589,2025-04-23,,,Regular Employee,False
W116590,2025-04-17,,,Regular Employee,False
W116591,2025-04-24,2025-11-23,Voluntary,Regular Employee,False
W116592,2025-04-24,,,Regular Employee,False
W116593,2025-04-23,2025-09-29,Voluntary,Regular Employee,False
W116594,2025-05-22,2025-10-19,Voluntary,Regular Employee,False
W116595,2025-05-19,,,Regular Employee,False
W116596,2025-05-06,,,Regular Employee,False
W116597,2025-05-27,2025-06-12,Voluntary,Regular Employee,False
W116598,2025-05-31,,,Regular Employee,False
W116599,2025-05-13,,,Regular Employee,False
W116600,2025-05-11,,,Regular Employee,False
W116601,2025-05-08,,,Regular Employee,False
W116602,2025-05-21,,,Regular Employee,False
W116603,2025-05-29,2025-10-06,Voluntary,Regular Employee,False
W116604,2025-05-23,,,Regular Employee,False
W116605,2025-05-06,,,Regular Employee,False
W116606,2025-05-20,,,Regular Employee,False
W116607,2025-05-02,,,Regular Employee,False
W116608,2025-05-07,,,Regular Employee,False
W116609,2025-05-17,,,Regular Employee,False
W116610,2025-05-11,,,Regular Employee,False
W116611,2025-05-22,,,Regular Employee,False
W116612,2025-05-06,2026-03-07,Voluntary,Regular Employee,False
W116613,2025-05-24,,,Regular Employee,False
W116614,2025-05-18,,,Regular Employee,False
W116615,2025-05-07,2025-11-22,Voluntary,Regular Employee,False
W116616,2025-05-01,,,Regular Employee,False
W116617,2025-05-16,,,Regular Employee,False
W116618,2025-05-01,,,Regular Employee,False
W116619,2025-05-09,,,Regular Employee,False
W116620,2025-05-10,2025-12-14,Involuntary,Regular Employee,False
W116621,2025-05-28,,,Regular Employee,False
W116622,2025-05-01,,,Regular Employee,False
W116623,2025-05-03,,,Regular Employee,False
W116624,2025-05-04,,,Regular Employee,False
W116625,2025-05-15,,,Regular Employee,False
W116626,2025-05-19,,,Regular Employee,False
W116627,2025-05-10,,,Regular Employee,False
W116628,2025-05-21,2025-12-19,Voluntary,Regular Employee,False
W116629,2025-05-07,,,Regular Employee,False
W116630,2025-05-30,,,Regular Employee,False
W116631,2025-05-12,,,Regular Employee,False
W116632,2025-05-21,,,Regular Employee,False
W116633,2025-05-27,2025-06-10,Voluntary,Regular Employee,False
W116634,2025-05-04,,,Regular Employee,False
W116635,2025-05-20,,,Regular Employee,False
W116636,2025-05-28,,,Regular Employee,False
W116637,2025-05-31,,,Regular Employee,False
W116638,2025-05-30,,,Regular Employee,False
W116639,2025-05-15,,,Regular Employee,False
W116640,2025-05-01,,,Regular Employee,False
W116641,2025-05-30,2026-03-18,Voluntary,Regular Employee,False
W116642,2025-05-06,,,Regular Employee,False
W116643,2025-05-12,,,Regular Employee,False
W116644,2025-05-15,,,Regular Employee,False
W116645,2025-05-31,,,Regular Employee,False
W116646,2025-05-13,,,Regular Employee,False
W116647,2025-05-26,,,Regular Employee,False
W116648,2025-05-03,,,Regular Employee,False
W116649,2025-05-28,,,Regular Employee,False
W116650,2025-05-24,,,Regular Employee,False
W116651,2025-05-02,,,Regular Employee,False
W116652,2025-05-22,,,Regular Employee,False
W116653,2025-05-20,,,Regular Employee,False
W116654,2025-05-28,,,Regular Employee,False
W116655,2025-05-11,,,Regular Employee,False
W116656,2025-05-16,,,Regular Employee,False
W116657,2025-05-09,,,Regular Employee,False
W116658,2025-05-22,,,Regular Employee,False
W116659,2025-05-11,,,Regular Employee,False
W116660,2025-05-23,,,Regular Employee,False
W116661,2025-05-03,,,Regular Employee,False
W116662,2025-05-30,,,Regular Employee,False
W116663,2025-05-07,,,Regular Employee,False
W116664,2025-05-02,,,Regular Employee,False
W116665,2025-05-29,,,Regular Employee,False
W116666,2025-05-12,2026-03-13,Involuntary,Regular Employee,False
W116667,2025-05-10,,,Regular Employee,False
W116668,2025-05-30,2025-08-22,Voluntary,Regular Employee,False
W116669,2025-05-04,2026-02-27,Voluntary,Regular Employee,False
W116670,2025-05-23,,,Regular Employee,False
W116671,2025-05-05,,,Regular Employee,False
W116672,2025-05-11,,,Regular Employee,False
W116673,2025-05-09,,,Regular Employee,False
W116674,2025-05-23,,,Regular Employee,False
W116675,2025-05-18,,,Regular Employee,False
W116676,2025-05-07,,,Regular Employee,False
W116677,2025-05-31,,,Regular Employee,False
W116678,2025-05-28,,,Regular Employee,False
W116679,2025-05-14,,,Regular Employee,False
W116680,2025-05-29,,,Regular Employee,False
W116681,2025-05-18,,,Regular Employee,False
W116682,2025-05-15,2026-04-30,Voluntary,Regular Employee,False
W116683,2025-05-21,,,Regular Employee,False
W116684,2025-05-18,2025-09-09,Voluntary,Regular Employee,False
W116685,2025-05-15,2025-12-11,Voluntary,Regular Employee,False
W116686,2025-05-11,,,Regular Employee,False
W116687,2025-05-28,,,Regular Employee,False
W116688,2025-05-12,2026-01-25,Voluntary,Regular Employee,False
W116689,2025-05-24,2025-07-25,Voluntary,Regular Employee,False
W116690,2025-05-17,,,Regular Employee,False
W116691,2025-05-01,,,Regular Employee,False
W116692,2025-05-25,,,Regular Employee,False
W116693,2025-05-02,,,Regular Employee,False
W116694,2025-05-15,2026-01-05,Involuntary,Regular Employee,False
W116695,2025-05-30,,,Regular Employee,False
W116696,2025-05-13,,,Regular Employee,False
W116697,2025-05-13,2025-07-20,Voluntary,Regular Employee,False
W116698,2025-05-14,,,Regular Employee,False
W116699,2025-05-31,,,Regular Employee,False
W116700,2025-05-21,2025-08-05,Voluntary,Regular Employee,False
W116701,2025-05-25,,,Regular Employee,False
W116702,2025-05-30,,,Regular Employee,False
W116703,2025-05-27,,,Regular Employee,False
W116704,2025-05-24,2025-06-06,Voluntary,Regular Employee,False
W116705,2025-05-09,,,Regular Employee,False
W116706,2025-05-31,2026-04-16,Voluntary,Regular Employee,False
W116707,2025-05-16,,,Regular Employee,False
W116708,2025-05-10,,,Regular Employee,False
W116709,2025-05-16,,,Regular Employee,False
W116710,2025-05-01,,,Regular Employee,False
W116711,2025-05-10,,,Regular Employee,False
W116712,2025-05-05,,,Regular Employee,False
W116713,2025-05-18,,,Regular Employee,False
W116714,2025-05-10,,,Regular Employee,False
W116715,2025-05-03,,,Regular Employee,False
W116716,2025-05-30,,,Regular Employee,False
W116717,2025-05-16,,,Regular Employee,False
W116718,2025-05-11,2026-01-04,Voluntary,Regular Employee,False
W116719,2025-05-23,,,Regular Employee,False
W116720,2025-05-28,2025-08-10,Voluntary,Regular Employee,False
W116721,2025-05-05,2026-05-26,Voluntary,Regular Employee,False
W116722,2025-05-10,,,Regular Employee,False
W116723,2025-05-03,,,Regular Employee,False
W116724,2025-05-08,,,Regular Employee,False
W116725,2025-05-08,2025-11-29,Voluntary,Regular Employee,False
W116726,2025-05-05,2025-08-06,Voluntary,Regular Employee,False
W116727,2025-05-25,2025-12-19,Voluntary,Regular Employee,False
W116728,2025-05-31,,,Regular Employee,False
W116729,2025-05-14,,,Regular Employee,False
W116730,2025-05-04,,,Regular Employee,False
W116731,2025-05-31,,,Regular Employee,False
W116732,2025-05-06,,,Regular Employee,False
W116733,2025-05-13,,,Regular Employee,False
W116734,2025-05-28,,,Regular Employee,False
W116735,2025-05-23,,,Regular Employee,False
W116736,2025-05-17,,,Regular Employee,False
W116737,2025-05-15,,,Regular Employee,False
W116738,2025-05-27,2025-08-13,Voluntary,Regular Employee,False
W116739,2025-05-10,2026-01-05,Voluntary,Regular Employee,False
W116740,2025-05-01,,,Regular Employee,False
W116741,2025-05-01,2025-12-17,Involuntary,Regular Employee,False
W116742,2025-05-10,,,Regular Employee,False
W116743,2025-05-15,2025-07-26,Voluntary,Regular Employee,False
W116744,2025-05-26,2025-09-11,Voluntary,Regular Employee,False
W116745,2025-05-24,,,Regular Employee,False
W116746,2025-06-30,,,Regular Employee,False
W116747,2025-06-14,,,Regular Employee,False
W116748,2025-06-23,,,Regular Employee,False
W116749,2025-06-29,,,Regular Employee,False
W116750,2025-06-14,,,Regular Employee,False
W116751,2025-06-09,,,Regular Employee,False
W116752,2025-06-05,,,Regular Employee,False
W116753,2025-06-15,,,Regular Employee,False
W116754,2025-06-14,,,Regular Employee,False
W116755,2025-06-13,,,Regular Employee,False
W116756,2025-06-17,,,Regular Employee,False
W116757,2025-06-01,,,Regular Employee,False
W116758,2025-06-29,,,Regular Employee,False
W116759,2025-06-27,,,Regular Employee,False
W116760,2025-06-11,,,Regular Employee,False
W116761,2025-06-27,,,Regular Employee,False
W116762,2025-06-11,,,Regular Employee,False
W116763,2025-06-11,,,Regular Employee,False
W116764,2025-06-24,,,Regular Employee,False
W116765,2025-06-02,,,Regular Employee,False
W116766,2025-06-18,,,Regular Employee,False
W116767,2025-06-27,,,Regular Employee,False
W116768,2025-06-02,,,Regular Employee,False
W116769,2025-06-27,,,Regular Employee,False
W116770,2025-06-03,2026-01-14,Voluntary,Regular Employee,False
W116771,2025-06-12,,,Regular Employee,False
W116772,2025-06-10,,,Regular Employee,False
W116773,2025-06-08,2025-07-12,Voluntary,Regular Employee,False
W116774,2025-06-22,,,Regular Employee,False
W116775,2025-06-14,,,Regular Employee,False
W116776,2025-06-23,,,Regular Employee,False
W116777,2025-06-05,2025-09-20,Voluntary,Regular Employee,False
W116778,2025-06-09,,,Regular Employee,False
W116779,2025-06-16,2026-03-22,Voluntary,Regular Employee,False
W116780,2025-06-21,,,Regular Employee,False
W116781,2025-06-24,,,Regular Employee,False
W116782,2025-06-13,2026-02-20,Voluntary,Regular Employee,False
W116783,2025-06-27,,,Regular Employee,False
W116784,2025-06-16,,,Regular Employee,False
W116785,2025-06-19,,,Regular Employee,False
W116786,2025-06-30,,,Regular Employee,False
W116787,2025-06-06,,,Regular Employee,False
W116788,2025-06-08,,,Regular Employee,False
W116789,2025-06-02,,,Regular Employee,False
W116790,2025-06-11,,,Regular Employee,False
W116791,2025-06-06,,,Regular Employee,False
W116792,2025-06-27,,,Regular Employee,False
W116793,2025-06-23,,,Regular Employee,False
W116794,2025-06-07,2025-10-14,Voluntary,Regular Employee,False
W116795,2025-06-26,2025-10-11,Voluntary,Regular Employee,False
W116796,2025-06-16,,,Regular Employee,False
W116797,2025-06-04,,,Regular Employee,False
W116798,2025-06-07,,,Regular Employee,False
W116799,2025-06-06,2025-11-04,Voluntary,Regular Employee,False
W116800,2025-06-29,,,Regular Employee,False
W116801,2025-06-12,,,Regular Employee,False
W116802,2025-06-15,2025-09-23,Voluntary,Regular Employee,False
W116803,2025-06-19,,,Regular Employee,False
W116804,2025-06-08,,,Regular Employee,False
W116805,2025-06-09,,,Regular Employee,False
W116806,2025-06-18,,,Regular Employee,False
W116807,2025-06-07,,,Regular Employee,False
W116808,2025-06-11,,,Regular Employee,False
W116809,2025-06-17,2025-08-04,Voluntary,Regular Employee,False
W116810,2025-06-13,,,Regular Employee,False
W116811,2025-06-06,,,Regular Employee,False
W116812,2025-06-04,,,Regular Employee,False
W116813,2025-06-14,2026-02-20,Voluntary,Regular Employee,False
W116814,2025-06-16,,,Regular Employee,False
W116815,2025-06-09,,,Regular Employee,False
W116816,2025-06-30,,,Regular Employee,False
W116817,2025-06-09,,,Regular Employee,False
W116818,2025-06-23,,,Regular Employee,False
W116819,2025-06-20,2026-01-09,Voluntary,Regular Employee,False
W116820,2025-06-10,,,Regular Employee,False
W116821,2025-06-02,2026-03-12,Voluntary,Regular Employee,False
W116822,2025-06-21,,,Regular Employee,False
W116823,2025-06-10,,,Regular Employee,False
W116824,2025-06-10,,,Regular Employee,False
W116825,2025-06-16,,,Regular Employee,False
W116826,2025-06-28,2025-11-01,Voluntary,Regular Employee,False
W116827,2025-06-19,,,Regular Employee,False
W116828,2025-06-11,2026-03-07,Voluntary,Regular Employee,False
W116829,2025-06-19,,,Regular Employee,False
W116830,2025-06-18,2026-05-11,Voluntary,Regular Employee,False
W116831,2025-06-18,2025-08-20,Voluntary,Regular Employee,False
W116832,2025-06-19,2025-08-10,Involuntary,Regular Employee,False
W116833,2025-06-14,,,Regular Employee,False
W116834,2025-06-18,,,Regular Employee,False
W116835,2025-06-14,2025-11-28,Voluntary,Regular Employee,False
W116836,2025-06-28,2026-02-19,Voluntary,Regular Employee,False
W116837,2025-06-18,,,Regular Employee,False
W116838,2025-06-04,,,Regular Employee,False
W116839,2025-06-14,,,Regular Employee,False
W116840,2025-06-07,,,Regular Employee,False
W116841,2025-06-13,,,Regular Employee,False
W116842,2025-06-17,,,Regular Employee,False
W116843,2025-06-03,,,Regular Employee,False
W116844,2025-06-03,,,Regular Employee,False
W116845,2025-06-29,2025-11-02,Involuntary,Regular Employee,False
W116846,2025-06-25,,,Regular Employee,False
W116847,2025-06-16,,,Regular Employee,False
W116848,2025-06-10,,,Regular Employee,False
W116849,2025-06-06,,,Regular Employee,False
W116850,2025-06-11,,,Regular Employee,False
W116851,2025-06-28,,,Regular Employee,False
W116852,2025-06-30,,,Regular Employee,False
W116853,2025-06-01,2025-10-28,Voluntary,Regular Employee,False
W116854,2025-06-19,,,Regular Employee,False
W116855,2025-06-14,,,Regular Employee,False
W116856,2025-06-15,,,Regular Employee,False
W116857,2025-06-11,,,Regular Employee,False
W116858,2025-06-24,,,Regular Employee,False
W116859,2025-06-24,,,Regular Employee,False
W116860,2025-06-15,,,Regular Employee,False
W116861,2025-06-16,2025-08-21,Voluntary,Regular Employee,False
W116862,2025-06-19,,,Regular Employee,False
W116863,2025-06-14,,,Regular Employee,False
W116864,2025-06-29,,,Regular Employee,False
W116865,2025-06-12,,,Regular Employee,False
W116866,2025-06-20,2025-10-30,Voluntary,Regular Employee,False
W116867,2025-06-24,,,Regular Employee,False
W116868,2025-06-15,,,Regular Employee,False
W116869,2025-06-04,,,Regular Employee,False
W116870,2025-06-25,,,Regular Employee,False
W116871,2025-06-11,,,Regular Employee,False
W116872,2025-06-03,,,Regular Employee,False
W116873,2025-06-03,,,Regular Employee,False
W116874,2025-06-18,2026-06-10,Voluntary,Regular Employee,False
W116875,2025-06-18,,,Regular Employee,False
W116876,2025-06-07,,,Regular Employee,False
W116877,2025-06-29,,,Regular Employee,False
W116878,2025-06-11,,,Regular Employee,False
W116879,2025-06-14,,,Regular Employee,False
W116880,2025-06-14,2025-11-20,Involuntary,Regular Employee,False
W116881,2025-06-08,,,Regular Employee,False
W116882,2025-06-02,2025-08-23,Voluntary,Regular Employee,False
W116883,2025-06-19,,,Regular Employee,False
W116884,2025-06-01,,,Regular Employee,False
W116885,2025-06-15,,,Regular Employee,False
W116886,2025-06-25,,,Regular Employee,False
W116887,2025-06-03,,,Regular Employee,False
W116888,2025-06-24,,,Regular Employee,False
W116889,2025-06-29,,,Regular Employee,False
W116890,2025-06-15,,,Regular Employee,False
W116891,2025-06-07,,,Regular Employee,False
W116892,2025-06-03,,,Regular Employee,False
W116893,2025-06-13,2025-10-13,Voluntary,Regular Employee,False
W116894,2025-06-12,,,Regular Employee,False
W116895,2025-06-11,2026-04-20,Voluntary,Regular Employee,False
W116896,2025-06-11,2026-05-02,Voluntary,Regular Employee,False
W116897,2025-06-24,,,Regular Employee,False
W116898,2025-06-19,,,Regular Employee,False
W116899,2025-06-09,2025-12-27,Voluntary,Regular Employee,False
W116900,2025-06-25,2026-05-03,Voluntary,Regular Employee,False
W116901,2025-06-14,,,Regular Employee,False
W116902,2025-06-09,,,Regular Employee,False
W116903,2025-06-15,,,Regular Employee,False
W116904,2025-06-25,,,Regular Employee,False
W116905,2025-06-06,,,Regular Employee,False
W116906,2025-06-20,,,Regular Employee,False
W116907,2025-06-08,,,Regular Employee,False
W116908,2025-06-22,,,Regular Employee,False
W116909,2025-06-19,2025-09-07,Voluntary,Regular Employee,False
W116910,2025-06-17,,,Regular Employee,False
W116911,2025-06-20,,,Regular Employee,False
W116912,2025-06-03,,,Regular Employee,False
W116913,2025-06-06,,,Regular Employee,False
W116914,2025-06-30,,,Regular Employee,False
W116915,2025-06-29,,,Regular Employee,False
W116916,2025-06-14,,,Regular Employee,False
W116917,2025-06-06,,,Regular Employee,False
W116918,2025-06-21,,,Regular Employee,False
W116919,2025-06-27,2026-04-09,Voluntary,Regular Employee,False
W116920,2025-06-20,,,Regular Employee,False
W116921,2025-06-17,,,Regular Employee,False
W116922,2025-06-10,2025-08-07,Voluntary,Regular Employee,False
W116923,2025-07-10,,,Regular Employee,False
W116924,2025-07-31,,,Regular Employee,False
W116925,2025-07-08,,,Regular Employee,False
W116926,2025-07-26,,,Regular Employee,False
W116927,2025-07-21,,,Regular Employee,False
W116928,2025-07-17,2026-05-11,Involuntary,Regular Employee,False
W116929,2025-07-21,,,Regular Employee,False
W116930,2025-07-29,,,Regular Employee,False
W116931,2025-07-23,,,Regular Employee,False
W116932,2025-07-07,,,Regular Employee,False
W116933,2025-07-13,,,Regular Employee,False
W116934,2025-07-03,,,Regular Employee,False
W116935,2025-07-21,,,Regular Employee,False
W116936,2025-07-09,,,Regular Employee,False
W116937,2025-07-01,,,Regular Employee,False
W116938,2025-07-15,2025-09-04,Voluntary,Regular Employee,False
W116939,2025-07-20,,,Regular Employee,False
W116940,2025-07-12,,,Regular Employee,False
W116941,2025-07-27,,,Regular Employee,False
W116942,2025-07-19,,,Regular Employee,False
W116943,2025-07-25,2026-05-01,Voluntary,Regular Employee,False
W116944,2025-07-27,2026-06-12,Voluntary,Regular Employee,False
W116945,2025-07-04,,,Regular Employee,False
W116946,2025-07-22,,,Regular Employee,False
W116947,2025-07-20,,,Regular Employee,False
W116948,2025-07-06,,,Regular Employee,False
W116949,2025-07-14,2025-11-18,Voluntary,Regular Employee,False
W116950,2025-07-18,,,Regular Employee,False
W116951,2025-07-24,,,Regular Employee,False
W116952,2025-07-30,2025-12-04,Voluntary,Regular Employee,False
W116953,2025-07-20,,,Regular Employee,False
W116954,2025-07-25,,,Regular Employee,False
W116955,2025-07-14,,,Regular Employee,False
W116956,2025-07-29,,,Regular Employee,False
W116957,2025-07-26,,,Regular Employee,False
W116958,2025-07-08,,,Regular Employee,False
W116959,2025-07-24,,,Regular Employee,False
W116960,2025-07-27,,,Regular Employee,False
W116961,2025-07-18,2025-08-13,Voluntary,Regular Employee,False
W116962,2025-07-02,,,Regular Employee,False
W116963,2025-07-28,,,Regular Employee,False
W116964,2025-07-21,,,Regular Employee,False
W116965,2025-07-24,,,Regular Employee,False
W116966,2025-07-09,2026-05-14,Voluntary,Regular Employee,False
W116967,2025-07-26,,,Regular Employee,False
W116968,2025-07-22,,,Regular Employee,False
W116969,2025-07-26,2025-12-12,Voluntary,Regular Employee,False
W116970,2025-07-14,,,Regular Employee,False
W116971,2025-07-29,,,Regular Employee,False
W116972,2025-07-30,,,Regular Employee,False
W116973,2025-07-25,,,Regular Employee,False
W116974,2025-07-23,,,Regular Employee,False
W116975,2025-07-14,2026-06-09,Voluntary,Regular Employee,False
W116976,2025-07-08,,,Regular Employee,False
W116977,2025-07-11,,,Regular Employee,False
W116978,2025-07-01,,,Regular Employee,False
W116979,2025-07-02,,,Regular Employee,False
W116980,2025-07-31,,,Regular Employee,False
W116981,2025-07-16,,,Regular Employee,False
W116982,2025-07-27,,,Regular Employee,False
W116983,2025-07-03,,,Regular Employee,False
W116984,2025-07-30,,,Regular Employee,False
W116985,2025-07-27,,,Regular Employee,False
W116986,2025-07-13,,,Regular Employee,False
W116987,2025-07-22,,,Regular Employee,False
W116988,2025-07-01,,,Regular Employee,False
W116989,2025-07-15,,,Regular Employee,False
W116990,2025-07-29,,,Regular Employee,False
W116991,2025-07-14,,,Regular Employee,False
W116992,2025-07-27,2025-10-09,Voluntary,Regular Employee,False
W116993,2025-07-11,,,Regular Employee,False
W116994,2025-07-16,,,Regular Employee,False
W116995,2025-07-30,,,Regular Employee,False
W116996,2025-07-31,,,Regular Employee,False
W116997,2025-07-30,,,Regular Employee,False
W116998,2025-07-05,,,Regular Employee,False
W116999,2025-07-04,,,Regular Employee,False
W117000,2025-07-21,2026-05-16,Voluntary,Regular Employee,False
W117001,2025-07-17,,,Regular Employee,False
W117002,2025-07-23,,,Regular Employee,False
W117003,2025-07-27,,,Regular Employee,False
W117004,2025-07-16,,,Regular Employee,False
W117005,2025-07-24,2025-11-27,Voluntary,Regular Employee,False
W117006,2025-07-06,2025-09-01,Voluntary,Regular Employee,False
W117007,2025-07-11,,,Regular Employee,False
W117008,2025-07-26,,,Regular Employee,False
W117009,2025-07-01,,,Regular Employee,False
W117010,2025-07-10,,,Regular Employee,False
W117011,2025-07-23,,,Regular Employee,False
W117012,2025-07-22,,,Regular Employee,False
W117013,2025-07-21,,,Regular Employee,False
W117014,2025-07-12,,,Regular Employee,False
W117015,2025-07-18,,,Regular Employee,False
W117016,2025-07-31,,,Regular Employee,False
W117017,2025-07-02,,,Regular Employee,False
W117018,2025-07-26,,,Regular Employee,False
W117019,2025-07-26,,,Regular Employee,False
W117020,2025-07-19,,,Regular Employee,False
W117021,2025-07-18,2026-05-14,Involuntary,Regular Employee,False
W117022,2025-07-02,,,Regular Employee,False
W117023,2025-07-04,2025-08-27,Voluntary,Regular Employee,False
W117024,2025-07-24,,,Regular Employee,False
W117025,2025-07-18,,,Regular Employee,False
W117026,2025-07-11,,,Regular Employee,False
W117027,2025-07-28,,,Regular Employee,False
W117028,2025-07-09,,,Regular Employee,False
W117029,2025-07-08,,,Regular Employee,False
W117030,2025-07-30,,,Regular Employee,False
W117031,2025-07-17,,,Regular Employee,False
W117032,2025-07-15,,,Regular Employee,False
W117033,2025-07-09,,,Regular Employee,False
W117034,2025-07-20,,,Regular Employee,False
W117035,2025-07-08,,,Regular Employee,False
W117036,2025-07-08,,,Regular Employee,False
W117037,2025-07-17,,,Regular Employee,False
W117038,2025-07-02,,,Regular Employee,False
W117039,2025-07-15,,,Regular Employee,False
W117040,2025-07-07,,,Regular Employee,False
W117041,2025-07-25,,,Regular Employee,False
W117042,2025-07-31,,,Regular Employee,False
W117043,2025-07-05,2026-03-06,Voluntary,Regular Employee,False
W117044,2025-07-17,,,Regular Employee,False
W117045,2025-07-23,,,Regular Employee,False
W117046,2025-07-31,,,Regular Employee,False
W117047,2025-07-15,,,Regular Employee,False
W117048,2025-07-02,,,Regular Employee,False
W117049,2025-07-09,,,Regular Employee,False
W117050,2025-07-08,,,Regular Employee,False
W117051,2025-07-24,,,Regular Employee,False
W117052,2025-07-04,,,Regular Employee,False
W117053,2025-07-25,,,Regular Employee,False
W117054,2025-07-13,,,Regular Employee,False
W117055,2025-07-20,,,Regular Employee,False
W117056,2025-07-15,,,Regular Employee,False
W117057,2025-07-02,,,Regular Employee,False
W117058,2025-07-12,2025-12-01,Voluntary,Regular Employee,False
W117059,2025-07-29,,,Regular Employee,False
W117060,2025-07-01,,,Regular Employee,False
W117061,2025-07-22,2026-01-22,Involuntary,Regular Employee,False
W117062,2025-07-26,,,Regular Employee,False
W117063,2025-07-25,,,Regular Employee,False
W117064,2025-07-02,,,Regular Employee,False
W117065,2025-07-03,,,Regular Employee,False
W117066,2025-07-23,2026-05-22,Involuntary,Regular Employee,False
W117067,2025-07-11,2025-08-11,Voluntary,Regular Employee,False
W117068,2025-07-05,,,Regular Employee,False
W117069,2025-07-16,,,Regular Employee,False
W117070,2025-07-09,,,Regular Employee,False
W117071,2025-07-20,,,Regular Employee,False
W117072,2025-07-29,,,Regular Employee,False
W117073,2025-07-12,,,Regular Employee,False
W117074,2025-07-24,,,Regular Employee,False
W117075,2025-07-01,2026-03-07,Voluntary,Regular Employee,False
W117076,2025-07-29,,,Regular Employee,False
W117077,2025-07-01,,,Regular Employee,False
W117078,2025-07-25,,,Regular Employee,False
W117079,2025-07-08,,,Regular Employee,False
W117080,2025-07-30,2026-03-14,Voluntary,Regular Employee,False
W117081,2025-07-29,,,Regular Employee,False
W117082,2025-07-07,,,Regular Employee,False
W117083,2025-07-19,2025-08-06,Involuntary,Regular Employee,False
W117084,2025-07-14,,,Regular Employee,False
W117085,2025-07-25,,,Regular Employee,False
W117086,2025-07-12,,,Regular Employee,False
W117087,2025-07-23,,,Regular Employee,False
W117088,2025-07-17,,,Regular Employee,False
W117089,2025-07-08,2026-06-08,Involuntary,Regular Employee,False
W117090,2025-07-26,,,Regular Employee,False
W117091,2025-07-08,,,Regular Employee,False
W117092,2025-07-07,,,Regular Employee,False
W117093,2025-07-24,,,Regular Employee,False
W117094,2025-07-03,,,Regular Employee,False
W117095,2025-07-06,,,Regular Employee,False
W117096,2025-07-04,,,Regular Employee,False
W117097,2025-07-12,,,Regular Employee,False
W117098,2025-07-31,2026-06-21,Voluntary,Regular Employee,False
W117099,2025-07-29,,,Regular Employee,False
W117100,2025-07-01,,,Regular Employee,False
W117101,2025-07-12,,,Regular Employee,False
W117102,2025-07-14,,,Regular Employee,False
W117103,2025-07-23,,,Regular Employee,False
W117104,2025-07-18,,,Regular Employee,False
W117105,2025-07-22,2025-11-08,Voluntary,Regular Employee,False
W117106,2025-07-15,2025-12-24,Voluntary,Regular Employee,False
W117107,2025-07-26,,,Regular Employee,False
W117108,2025-07-22,,,Regular Employee,False
W117109,2025-07-01,,,Regular Employee,False
W117110,2025-07-03,,,Regular Employee,False
W117111,2025-07-18,,,Regular Employee,False
W117112,2025-07-11,,,Regular Employee,False
W117113,2025-08-02,,,Regular Employee,False
W117114,2025-08-11,2025-09-04,Voluntary,Regular Employee,False
W117115,2025-08-29,,,Regular Employee,False
W117116,2025-08-28,,,Regular Employee,False
W117117,2025-08-29,,,Regular Employee,False
W117118,2025-08-10,,,Regular Employee,False
W117119,2025-08-30,,,Regular Employee,False
W117120,2025-08-06,,,Regular Employee,False
W117121,2025-08-11,,,Regular Employee,False
W117122,2025-08-19,,,Regular Employee,False
W117123,2025-08-08,,,Regular Employee,False
W117124,2025-08-13,,,Regular Employee,False
W117125,2025-08-09,,,Regular Employee,False
W117126,2025-08-08,,,Regular Employee,False
W117127,2025-08-02,,,Regular Employee,False
W117128,2025-08-22,2025-10-13,Voluntary,Regular Employee,False
W117129,2025-08-12,,,Regular Employee,False
W117130,2025-08-19,,,Regular Employee,False
W117131,2025-08-15,,,Regular Employee,False
W117132,2025-08-17,,,Regular Employee,False
W117133,2025-08-13,,,Regular Employee,False
W117134,2025-08-07,,,Regular Employee,False
W117135,2025-08-23,,,Regular Employee,False
W117136,2025-08-03,,,Regular Employee,False
W117137,2025-08-09,2026-05-01,Voluntary,Regular Employee,False
W117138,2025-08-05,,,Regular Employee,False
W117139,2025-08-06,2025-09-20,Voluntary,Regular Employee,False
W117140,2025-08-24,,,Regular Employee,False
W117141,2025-08-03,,,Regular Employee,False
W117142,2025-08-23,,,Regular Employee,False
W117143,2025-08-12,,,Regular Employee,False
W117144,2025-08-17,,,Regular Employee,False
W117145,2025-08-13,,,Regular Employee,False
W117146,2025-08-12,,,Regular Employee,False
W117147,2025-08-22,,,Regular Employee,False
W117148,2025-08-26,,,Regular Employee,False
W117149,2025-08-25,,,Regular Employee,False
W117150,2025-08-24,,,Regular Employee,False
W117151,2025-08-25,2025-12-11,Involuntary,Regular Employee,False
W117152,2025-08-18,2026-05-25,Voluntary,Regular Employee,False
W117153,2025-08-05,,,Regular Employee,False
W117154,2025-08-30,,,Regular Employee,False
W117155,2025-08-28,,,Regular Employee,False
W117156,2025-08-26,,,Regular Employee,False
W117157,2025-08-16,,,Regular Employee,False
W117158,2025-08-16,,,Regular Employee,False
W117159,2025-08-27,,,Regular Employee,False
W117160,2025-08-09,,,Regular Employee,False
W117161,2025-08-11,,,Regular Employee,False
W117162,2025-08-16,,,Regular Employee,False
W117163,2025-08-29,,,Regular Employee,False
W117164,2025-08-02,,,Regular Employee,False
W117165,2025-08-30,,,Regular Employee,False
W117166,2025-08-18,,,Regular Employee,False
W117167,2025-08-09,,,Regular Employee,False
W117168,2025-08-18,,,Regular Employee,False
W117169,2025-08-22,,,Regular Employee,False
W117170,2025-08-21,2026-02-20,Voluntary,Regular Employee,False
W117171,2025-08-06,,,Regular Employee,False
W117172,2025-08-09,2025-10-07,Involuntary,Regular Employee,False
W117173,2025-08-27,,,Regular Employee,False
W117174,2025-08-05,,,Regular Employee,False
W117175,2025-08-20,,,Regular Employee,False
W117176,2025-08-07,,,Regular Employee,False
W117177,2025-08-18,2026-02-19,Involuntary,Regular Employee,False
W117178,2025-08-30,,,Regular Employee,False
W117179,2025-08-05,,,Regular Employee,False
W117180,2025-08-03,,,Regular Employee,False
W117181,2025-08-04,,,Regular Employee,False
W117182,2025-08-17,,,Regular Employee,False
W117183,2025-08-23,2025-12-09,Voluntary,Regular Employee,False
W117184,2025-08-04,,,Regular Employee,False
W117185,2025-08-17,,,Regular Employee,False
W117186,2025-08-16,,,Regular Employee,False
W117187,2025-08-29,,,Regular Employee,False
W117188,2025-08-08,,,Regular Employee,False
W117189,2025-08-31,,,Regular Employee,False
W117190,2025-08-11,,,Regular Employee,False
W117191,2025-08-11,,,Regular Employee,False
W117192,2025-08-11,2026-02-11,Voluntary,Regular Employee,False
W117193,2025-08-05,,,Regular Employee,False
W117194,2025-08-14,2026-01-09,Involuntary,Regular Employee,False
W117195,2025-08-07,,,Regular Employee,False
W117196,2025-08-09,,,Regular Employee,False
W117197,2025-08-26,,,Regular Employee,False
W117198,2025-08-25,,,Regular Employee,False
W117199,2025-08-09,,,Regular Employee,False
W117200,2025-08-21,,,Regular Employee,False
W117201,2025-08-29,,,Regular Employee,False
W117202,2025-08-12,,,Regular Employee,False
W117203,2025-08-01,,,Regular Employee,False
W117204,2025-08-24,,,Regular Employee,False
W117205,2025-08-05,,,Regular Employee,False
W117206,2025-08-10,,,Regular Employee,False
W117207,2025-08-27,,,Regular Employee,False
W117208,2025-08-04,,,Regular Employee,False
W117209,2025-08-06,,,Regular Employee,False
W117210,2025-08-28,,,Regular Employee,False
W117211,2025-08-27,,,Regular Employee,False
W117212,2025-08-08,,,Regular Employee,False
W117213,2025-08-29,,,Regular Employee,False
W117214,2025-08-18,,,Regular Employee,False
W117215,2025-08-15,,,Regular Employee,False
W117216,2025-08-14,,,Regular Employee,False
W117217,2025-08-30,,,Regular Employee,False
W117218,2025-08-27,,,Regular Employee,False
W117219,2025-08-23,,,Regular Employee,False
W117220,2025-08-25,,,Regular Employee,False
W117221,2025-08-08,,,Regular Employee,False
W117222,2025-08-28,,,Regular Employee,False
W117223,2025-08-31,2026-05-24,Voluntary,Regular Employee,False
W117224,2025-08-21,,,Regular Employee,False
W117225,2025-08-22,,,Regular Employee,False
W117226,2025-08-22,,,Regular Employee,False
W117227,2025-08-01,,,Regular Employee,False
W117228,2025-08-31,2026-02-11,Voluntary,Regular Employee,False
W117229,2025-08-11,,,Regular Employee,False
W117230,2025-08-20,,,Regular Employee,False
W117231,2025-08-13,,,Regular Employee,False
W117232,2025-08-03,,,Regular Employee,False
W117233,2025-08-18,,,Regular Employee,False
W117234,2025-08-14,2026-04-08,Voluntary,Regular Employee,False
W117235,2025-08-10,,,Regular Employee,False
W117236,2025-08-09,,,Regular Employee,False
W117237,2025-08-10,,,Regular Employee,False
W117238,2025-08-18,,,Regular Employee,False
W117239,2025-08-30,,,Regular Employee,False
W117240,2025-08-27,,,Regular Employee,False
W117241,2025-08-21,,,Regular Employee,False
W117242,2025-08-06,2025-10-21,Voluntary,Regular Employee,False
W117243,2025-08-29,,,Regular Employee,False
W117244,2025-08-27,,,Regular Employee,False
W117245,2025-08-09,,,Regular Employee,False
W117246,2025-08-17,,,Regular Employee,False
W117247,2025-08-13,,,Regular Employee,False
W117248,2025-08-03,,,Regular Employee,False
W117249,2025-08-18,,,Regular Employee,False
W117250,2025-08-05,,,Regular Employee,False
W117251,2025-08-08,,,Regular Employee,False
W117252,2025-08-23,,,Regular Employee,False
W117253,2025-08-17,,,Regular Employee,False
W117254,2025-08-02,,,Regular Employee,False
W117255,2025-08-12,,,Regular Employee,False
W117256,2025-08-05,,,Regular Employee,False
W117257,2025-08-09,,,Regular Employee,False
W117258,2025-08-03,,,Regular Employee,False
W117259,2025-08-11,2026-06-29,Voluntary,Regular Employee,False
W117260,2025-08-24,,,Regular Employee,False
W117261,2025-08-23,,,Regular Employee,False
W117262,2025-08-07,2026-01-25,Voluntary,Regular Employee,False
W117263,2025-08-16,,,Regular Employee,False
W117264,2025-08-11,2026-05-30,Voluntary,Regular Employee,False
W117265,2025-08-01,2025-11-24,Involuntary,Regular Employee,False
W117266,2025-08-08,,,Regular Employee,False
W117267,2025-08-18,,,Regular Employee,False
W117268,2025-08-24,,,Regular Employee,False
W117269,2025-08-15,,,Regular Employee,False
W117270,2025-08-10,,,Regular Employee,False
W117271,2025-08-14,2025-11-13,Involuntary,Regular Employee,False
W117272,2025-08-10,,,Regular Employee,False
W117273,2025-08-02,,,Regular Employee,False
W117274,2025-08-09,,,Regular Employee,False
W117275,2025-08-17,,,Regular Employee,False
W117276,2025-08-10,,,Regular Employee,False
W117277,2025-08-21,,,Regular Employee,False
W117278,2025-08-04,,,Regular Employee,False
W117279,2025-08-09,,,Regular Employee,False
W117280,2025-08-29,2026-02-26,Voluntary,Regular Employee,False
W117281,2025-08-16,2025-09-18,Voluntary,Regular Employee,False
W117282,2025-08-20,,,Regular Employee,False
W117283,2025-08-26,,,Regular Employee,False
W117284,2025-08-30,,,Regular Employee,False
W117285,2025-08-07,2025-12-07,Voluntary,Regular Employee,False
W117286,2025-08-11,,,Regular Employee,False
W117287,2025-08-26,,,Regular Employee,False
W117288,2025-08-30,,,Regular Employee,False
W117289,2025-08-02,,,Regular Employee,False
W117290,2025-08-21,2026-05-12,Voluntary,Regular Employee,False
W117291,2025-08-27,,,Regular Employee,False
W117292,2025-08-02,2026-01-07,Voluntary,Regular Employee,False
W117293,2025-08-16,,,Regular Employee,False
W117294,2025-08-08,,,Regular Employee,False
W117295,2025-08-29,,,Regular Employee,False
W117296,2025-08-01,,,Regular Employee,False
W117297,2025-08-03,2026-02-18,Voluntary,Regular Employee,False
W117298,2025-08-17,,,Regular Employee,False
W117299,2025-08-02,,,Regular Employee,False
W117300,2025-08-18,,,Regular Employee,False
W117301,2025-08-25,,,Regular Employee,False
W117302,2025-08-11,,,Regular Employee,False
W117303,2025-08-23,,,Regular Employee,False
W117304,2025-09-13,,,Regular Employee,False
W117305,2025-09-29,,,Regular Employee,False
W117306,2025-09-23,,,Regular Employee,False
W117307,2025-09-08,,,Regular Employee,False
W117308,2025-09-13,,,Regular Employee,False
W117309,2025-09-16,,,Regular Employee,False
W117310,2025-09-10,,,Regular Employee,False
W117311,2025-09-30,,,Regular Employee,False
W117312,2025-09-06,,,Regular Employee,False
W117313,2025-09-16,,,Regular Employee,False
W117314,2025-09-26,,,Regular Employee,False
W117315,2025-09-29,2026-05-10,Involuntary,Regular Employee,False
W117316,2025-09-27,,,Regular Employee,False
W117317,2025-09-08,,,Regular Employee,False
W117318,2025-09-12,,,Regular Employee,False
W117319,2025-09-23,,,Regular Employee,False
W117320,2025-09-08,,,Regular Employee,False
W117321,2025-09-20,2025-10-21,Involuntary,Regular Employee,False
W117322,2025-09-23,,,Regular Employee,False
W117323,2025-09-02,,,Regular Employee,False
W117324,2025-09-28,,,Regular Employee,False
W117325,2025-09-22,,,Regular Employee,False
W117326,2025-09-29,,,Regular Employee,False
W117327,2025-09-24,,,Regular Employee,False
W117328,2025-09-23,,,Regular Employee,False
W117329,2025-09-05,,,Regular Employee,False
W117330,2025-09-26,,,Regular Employee,False
W117331,2025-09-10,,,Regular Employee,False
W117332,2025-09-08,,,Regular Employee,False
W117333,2025-09-02,,,Regular Employee,False
W117334,2025-09-17,,,Regular Employee,False
W117335,2025-09-25,2026-02-14,Voluntary,Regular Employee,False
W117336,2025-09-17,,,Regular Employee,False
W117337,2025-09-01,,,Regular Employee,False
W117338,2025-09-06,,,Regular Employee,False
W117339,2025-09-09,,,Regular Employee,False
W117340,2025-09-17,,,Regular Employee,False
W117341,2025-09-13,,,Regular Employee,False
W117342,2025-09-21,,,Regular Employee,False
W117343,2025-09-29,2025-11-06,Involuntary,Regular Employee,False
W117344,2025-09-22,,,Regular Employee,False
W117345,2025-09-02,,,Regular Employee,False
W117346,2025-09-03,,,Regular Employee,False
W117347,2025-09-26,,,Regular Employee,False
W117348,2025-09-29,,,Regular Employee,False
W117349,2025-09-11,,,Regular Employee,False
W117350,2025-09-19,,,Regular Employee,False
W117351,2025-09-11,,,Regular Employee,False
W117352,2025-09-27,,,Regular Employee,False
W117353,2025-09-30,,,Regular Employee,False
W117354,2025-09-29,,,Regular Employee,False
W117355,2025-09-11,,,Regular Employee,False
W117356,2025-09-12,,,Regular Employee,False
W117357,2025-09-23,2025-11-15,Voluntary,Regular Employee,False
W117358,2025-09-10,,,Regular Employee,False
W117359,2025-09-11,2025-10-15,Voluntary,Regular Employee,False
W117360,2025-09-22,,,Regular Employee,False
W117361,2025-09-25,,,Regular Employee,False
W117362,2025-09-10,,,Regular Employee,False
W117363,2025-09-27,,,Regular Employee,False
W117364,2025-09-03,,,Regular Employee,False
W117365,2025-09-17,2025-10-07,Voluntary,Regular Employee,False
W117366,2025-09-01,,,Regular Employee,False
W117367,2025-09-19,,,Regular Employee,False
W117368,2025-09-07,,,Regular Employee,False
W117369,2025-09-22,,,Regular Employee,False
W117370,2025-09-05,,,Regular Employee,False
W117371,2025-09-07,,,Regular Employee,False
W117372,2025-09-12,,,Regular Employee,False
W117373,2025-09-16,,,Regular Employee,False
W117374,2025-09-13,,,Regular Employee,False
W117375,2025-09-05,,,Regular Employee,False
W117376,2025-09-10,,,Regular Employee,False
W117377,2025-09-11,2026-03-29,Voluntary,Regular Employee,False
W117378,2025-09-17,2025-10-31,Voluntary,Regular Employee,False
W117379,2025-09-21,,,Regular Employee,False
W117380,2025-09-06,2026-06-17,Voluntary,Regular Employee,False
W117381,2025-09-23,,,Regular Employee,False
W117382,2025-09-15,2026-02-21,Voluntary,Regular Employee,False
W117383,2025-09-06,,,Regular Employee,False
W117384,2025-09-25,,,Regular Employee,False
W117385,2025-09-09,,,Regular Employee,False
W117386,2025-09-18,2025-10-04,Involuntary,Regular Employee,False
W117387,2025-09-22,,,Regular Employee,False
W117388,2025-09-23,2025-11-07,Voluntary,Regular Employee,False
W117389,2025-09-28,,,Regular Employee,False
W117390,2025-09-22,2025-10-30,Voluntary,Regular Employee,False
W117391,2025-09-11,,,Regular Employee,False
W117392,2025-09-23,2026-06-14,Voluntary,Regular Employee,False
W117393,2025-09-30,,,Regular Employee,False
W117394,2025-09-08,2025-10-29,Voluntary,Regular Employee,False
W117395,2025-09-25,,,Regular Employee,False
W117396,2025-09-19,,,Regular Employee,False
W117397,2025-09-28,,,Regular Employee,False
W117398,2025-09-02,,,Regular Employee,False
W117399,2025-09-08,,,Regular Employee,False
W117400,2025-09-01,2025-12-09,Involuntary,Regular Employee,False
W117401,2025-09-04,,,Regular Employee,False
W117402,2025-09-03,,,Regular Employee,False
W117403,2025-09-17,,,Regular Employee,False
W117404,2025-09-26,,,Regular Employee,False
W117405,2025-09-02,,,Regular Employee,False
W117406,2025-09-24,,,Regular Employee,False
W117407,2025-09-10,2025-10-05,Voluntary,Regular Employee,False
W117408,2025-09-27,,,Regular Employee,False
W117409,2025-09-01,,,Regular Employee,False
W117410,2025-09-13,,,Regular Employee,False
W117411,2025-09-25,,,Regular Employee,False
W117412,2025-09-24,2026-04-23,Involuntary,Regular Employee,False
W117413,2025-09-05,,,Regular Employee,False
W117414,2025-09-17,2025-12-29,Involuntary,Regular Employee,False
W117415,2025-09-23,,,Regular Employee,False
W117416,2025-09-07,,,Regular Employee,False
W117417,2025-09-22,,,Regular Employee,False
W117418,2025-09-26,,,Regular Employee,False
W117419,2025-09-02,,,Regular Employee,False
W117420,2025-09-20,,,Regular Employee,False
W117421,2025-09-06,,,Regular Employee,False
W117422,2025-09-27,,,Regular Employee,False
W117423,2025-09-10,,,Regular Employee,False
W117424,2025-09-19,,,Regular Employee,False
W117425,2025-09-08,,,Regular Employee,False
W117426,2025-09-26,,,Regular Employee,False
W117427,2025-09-29,,,Regular Employee,False
W117428,2025-09-07,2026-04-13,Involuntary,Regular Employee,False
W117429,2025-09-30,,,Regular Employee,False
W117430,2025-09-19,,,Regular Employee,False
W117431,2025-09-26,,,Regular Employee,False
W117432,2025-09-10,,,Regular Employee,False
W117433,2025-09-28,,,Regular Employee,False
W117434,2025-09-19,,,Regular Employee,False
W117435,2025-09-29,,,Regular Employee,False
W117436,2025-09-20,2025-12-26,Voluntary,Regular Employee,False
W117437,2025-09-28,,,Regular Employee,False
W117438,2025-09-09,,,Regular Employee,False
W117439,2025-09-16,,,Regular Employee,False
W117440,2025-09-09,2026-06-27,Voluntary,Regular Employee,False
W117441,2025-09-02,2026-06-30,Involuntary,Regular Employee,False
W117442,2025-09-14,,,Regular Employee,False
W117443,2025-09-22,,,Regular Employee,False
W117444,2025-09-05,,,Regular Employee,False
W117445,2025-09-15,,,Regular Employee,False
W117446,2025-09-04,,,Regular Employee,False
W117447,2025-09-15,2025-10-07,Voluntary,Regular Employee,False
W117448,2025-09-27,,,Regular Employee,False
W117449,2025-09-03,,,Regular Employee,False
W117450,2025-09-21,,,Regular Employee,False
W117451,2025-09-26,2025-10-26,Voluntary,Regular Employee,False
W117452,2025-09-11,2026-01-14,Voluntary,Regular Employee,False
W117453,2025-09-19,,,Regular Employee,False
W117454,2025-09-25,,,Regular Employee,False
W117455,2025-09-19,,,Regular Employee,False
W117456,2025-09-22,,,Regular Employee,False
W117457,2025-09-24,,,Regular Employee,False
W117458,2025-09-21,,,Regular Employee,False
W117459,2025-09-10,2026-03-06,Voluntary,Regular Employee,False
W117460,2025-09-13,,,Regular Employee,False
W117461,2025-09-06,2026-01-31,Voluntary,Regular Employee,False
W117462,2025-09-18,,,Regular Employee,False
W117463,2025-09-08,,,Regular Employee,False
W117464,2025-09-30,,,Regular Employee,False
W117465,2025-09-04,,,Regular Employee,False
W117466,2025-09-10,,,Regular Employee,False
W117467,2025-09-25,2026-01-21,Voluntary,Regular Employee,False
W117468,2025-09-21,,,Regular Employee,False
W117469,2025-09-29,,,Regular Employee,False
W117470,2025-09-18,2026-03-20,Involuntary,Regular Employee,False
W117471,2025-09-12,,,Regular Employee,False
W117472,2025-09-23,,,Regular Employee,False
W117473,2025-09-13,,,Regular Employee,False
W117474,2025-09-23,,,Regular Employee,False
W117475,2025-09-01,,,Regular Employee,False
W117476,2025-09-16,,,Regular Employee,False
W117477,2025-09-06,2025-10-22,Voluntary,Regular Employee,False
W117478,2025-09-26,,,Regular Employee,False
W117479,2025-09-08,,,Regular Employee,False
W117480,2025-09-13,,,Regular Employee,False
W117481,2025-09-27,,,Regular Employee,False
W117482,2025-09-30,,,Regular Employee,False
W117483,2025-09-12,,,Regular Employee,False
W117484,2025-09-21,,,Regular Employee,False
W117485,2025-09-19,,,Regular Employee,False
W117486,2025-09-05,,,Regular Employee,False
W117487,2025-09-05,,,Regular Employee,False
W117488,2025-09-21,,,Regular Employee,False
W117489,2025-09-15,,,Regular Employee,False
W117490,2025-09-19,,,Regular Employee,False
W117491,2025-09-26,,,Regular Employee,False
W117492,2025-10-27,,,Regular Employee,False
W117493,2025-10-26,2025-11-14,Involuntary,Regular Employee,False
W117494,2025-10-09,,,Regular Employee,False
W117495,2025-10-14,,,Regular Employee,False
W117496,2025-10-15,2025-11-08,Voluntary,Regular Employee,False
W117497,2025-10-30,2026-06-21,Voluntary,Regular Employee,False
W117498,2025-10-02,,,Regular Employee,False
W117499,2025-10-12,,,Regular Employee,False
W117500,2025-10-06,,,Regular Employee,False
W117501,2025-10-25,,,Regular Employee,False
W117502,2025-10-28,,,Regular Employee,False
W117503,2025-10-09,,,Regular Employee,False
W117504,2025-10-15,,,Regular Employee,False
W117505,2025-10-17,,,Regular Employee,False
W117506,2025-10-17,,,Regular Employee,False
W117507,2025-10-23,,,Regular Employee,False
W117508,2025-10-04,,,Regular Employee,False
W117509,2025-10-01,,,Regular Employee,False
W117510,2025-10-16,,,Regular Employee,False
W117511,2025-10-11,2026-01-30,Voluntary,Regular Employee,False
W117512,2025-10-30,,,Regular Employee,False
W117513,2025-10-25,2026-05-26,Involuntary,Regular Employee,False
W117514,2025-10-07,,,Regular Employee,False
W117515,2025-10-10,,,Regular Employee,False
W117516,2025-10-28,,,Regular Employee,False
W117517,2025-10-25,,,Regular Employee,False
W117518,2025-10-04,2025-11-14,Voluntary,Regular Employee,False
W117519,2025-10-07,,,Regular Employee,False
W117520,2025-10-05,,,Regular Employee,False
W117521,2025-10-11,,,Regular Employee,False
W117522,2025-10-22,,,Regular Employee,False
W117523,2025-10-25,2026-06-23,Voluntary,Regular Employee,False
W117524,2025-10-10,2025-11-26,Voluntary,Regular Employee,False
W117525,2025-10-15,,,Regular Employee,False
W117526,2025-10-16,,,Regular Employee,False
W117527,2025-10-10,,,Regular Employee,False
W117528,2025-10-05,,,Regular Employee,False
W117529,2025-10-17,,,Regular Employee,False
W117530,2025-10-21,,,Regular Employee,False
W117531,2025-10-04,,,Regular Employee,False
W117532,2025-10-20,,,Regular Employee,False
W117533,2025-10-11,,,Regular Employee,False
W117534,2025-10-06,2026-06-12,Voluntary,Regular Employee,False
W117535,2025-10-01,,,Regular Employee,False
W117536,2025-10-30,,,Regular Employee,False
W117537,2025-10-11,,,Regular Employee,False
W117538,2025-10-17,,,Regular Employee,False
W117539,2025-10-17,,,Regular Employee,False
W117540,2025-10-04,,,Regular Employee,False
W117541,2025-10-24,,,Regular Employee,False
W117542,2025-10-28,,,Regular Employee,False
W117543,2025-10-27,,,Regular Employee,False
W117544,2025-10-23,,,Regular Employee,False
W117545,2025-10-16,2025-12-14,Voluntary,Regular Employee,False
W117546,2025-10-27,,,Regular Employee,False
W117547,2025-10-13,,,Regular Employee,False
W117548,2025-10-10,2025-12-27,Voluntary,Regular Employee,False
W117549,2025-10-03,,,Regular Employee,False
W117550,2025-10-12,,,Regular Employee,False
W117551,2025-10-09,,,Regular Employee,False
W117552,2025-10-16,,,Regular Employee,False
W117553,2025-10-20,,,Regular Employee,False
W117554,2025-10-07,,,Regular Employee,False
W117555,2025-10-27,,,Regular Employee,False
W117556,2025-10-07,,,Regular Employee,False
W117557,2025-10-28,,,Regular Employee,False
W117558,2025-10-30,,,Regular Employee,False
W117559,2025-10-25,,,Regular Employee,False
W117560,2025-10-14,,,Regular Employee,False
W117561,2025-10-19,,,Regular Employee,False
W117562,2025-10-14,,,Regular Employee,False
W117563,2025-10-23,,,Regular Employee,False
W117564,2025-10-30,,,Regular Employee,False
W117565,2025-10-19,,,Regular Employee,False
W117566,2025-10-31,,,Regular Employee,False
W117567,2025-10-03,,,Regular Employee,False
W117568,2025-10-20,,,Regular Employee,False
W117569,2025-10-04,,,Regular Employee,False
W117570,2025-10-05,,,Regular Employee,False
W117571,2025-10-09,,,Regular Employee,False
W117572,2025-10-07,2026-04-24,Involuntary,Regular Employee,False
W117573,2025-10-09,,,Regular Employee,False
W117574,2025-10-28,,,Regular Employee,False
W117575,2025-10-19,,,Regular Employee,False
W117576,2025-10-24,,,Regular Employee,False
W117577,2025-10-21,,,Regular Employee,False
W117578,2025-10-30,2026-03-09,Voluntary,Regular Employee,False
W117579,2025-10-01,,,Regular Employee,False
W117580,2025-10-28,,,Regular Employee,False
W117581,2025-10-20,2026-02-14,Voluntary,Regular Employee,False
W117582,2025-10-22,,,Regular Employee,False
W117583,2025-10-13,,,Regular Employee,False
W117584,2025-10-04,,,Regular Employee,False
W117585,2025-10-28,,,Regular Employee,False
W117586,2025-10-15,,,Regular Employee,False
W117587,2025-10-07,,,Regular Employee,False
W117588,2025-10-27,,,Regular Employee,False
W117589,2025-10-27,,,Regular Employee,False
W117590,2025-10-03,2026-04-24,Voluntary,Regular Employee,False
W117591,2025-10-14,,,Regular Employee,False
W117592,2025-10-06,,,Regular Employee,False
W117593,2025-10-20,,,Regular Employee,False
W117594,2025-10-03,,,Regular Employee,False
W117595,2025-10-08,,,Regular Employee,False
W117596,2025-10-17,,,Regular Employee,False
W117597,2025-10-30,,,Regular Employee,False
W117598,2025-10-05,,,Regular Employee,False
W117599,2025-10-02,,,Regular Employee,False
W117600,2025-10-24,,,Regular Employee,False
W117601,2025-10-28,,,Regular Employee,False
W117602,2025-10-27,,,Regular Employee,False
W117603,2025-10-09,,,Regular Employee,False
W117604,2025-10-29,,,Regular Employee,False
W117605,2025-10-16,2026-03-30,Voluntary,Regular Employee,False
W117606,2025-10-03,,,Regular Employee,False
W117607,2025-10-31,,,Regular Employee,False
W117608,2025-10-25,,,Regular Employee,False
W117609,2025-10-16,,,Regular Employee,False
W117610,2025-10-07,,,Regular Employee,False
W117611,2025-10-18,,,Regular Employee,False
W117612,2025-10-09,,,Regular Employee,False
W117613,2025-10-04,,,Regular Employee,False
W117614,2025-10-07,,,Regular Employee,False
W117615,2025-10-07,,,Regular Employee,False
W117616,2025-10-24,,,Regular Employee,False
W117617,2025-10-03,,,Regular Employee,False
W117618,2025-10-16,,,Regular Employee,False
W117619,2025-10-30,,,Regular Employee,False
W117620,2025-10-18,,,Regular Employee,False
W117621,2025-10-15,,,Regular Employee,False
W117622,2025-10-22,,,Regular Employee,False
W117623,2025-10-23,,,Regular Employee,False
W117624,2025-10-04,,,Regular Employee,False
W117625,2025-10-25,,,Regular Employee,False
W117626,2025-10-07,,,Regular Employee,False
W117627,2025-10-08,,,Regular Employee,False
W117628,2025-10-15,,,Regular Employee,False
W117629,2025-10-29,,,Regular Employee,False
W117630,2025-10-19,,,Regular Employee,False
W117631,2025-10-17,,,Regular Employee,False
W117632,2025-10-22,2026-04-20,Voluntary,Regular Employee,False
W117633,2025-10-30,2026-01-26,Involuntary,Regular Employee,False
W117634,2025-10-24,,,Regular Employee,False
W117635,2025-10-15,,,Regular Employee,False
W117636,2025-10-18,,,Regular Employee,False
W117637,2025-10-19,,,Regular Employee,False
W117638,2025-10-10,2026-04-24,Voluntary,Regular Employee,False
W117639,2025-10-19,,,Regular Employee,False
W117640,2025-10-04,,,Regular Employee,False
W117641,2025-10-12,,,Regular Employee,False
W117642,2025-10-09,,,Regular Employee,False
W117643,2025-10-22,,,Regular Employee,False
W117644,2025-10-24,,,Regular Employee,False
W117645,2025-10-06,,,Regular Employee,False
W117646,2025-10-11,,,Regular Employee,False
W117647,2025-10-23,2026-04-25,Voluntary,Regular Employee,False
W117648,2025-10-05,,,Regular Employee,False
W117649,2025-10-25,,,Regular Employee,False
W117650,2025-10-18,,,Regular Employee,False
W117651,2025-10-15,,,Regular Employee,False
W117652,2025-10-13,,,Regular Employee,False
W117653,2025-10-11,,,Regular Employee,False
W117654,2025-10-07,,,Regular Employee,False
W117655,2025-10-25,,,Regular Employee,False
W117656,2025-10-01,,,Regular Employee,False
W117657,2025-10-26,,,Regular Employee,False
W117658,2025-10-06,,,Regular Employee,False
W117659,2025-10-09,,,Regular Employee,False
W117660,2025-10-01,,,Regular Employee,False
W117661,2025-10-01,,,Regular Employee,False
W117662,2025-10-07,,,Regular Employee,False
W117663,2025-10-19,,,Regular Employee,False
W117664,2025-10-21,,,Regular Employee,False
W117665,2025-10-04,,,Regular Employee,False
W117666,2025-10-05,,,Regular Employee,False
W117667,2025-10-30,,,Regular Employee,False
W117668,2025-10-07,,,Regular Employee,False
W117669,2025-10-06,2026-01-07,Voluntary,Regular Employee,False
W117670,2025-10-07,,,Regular Employee,False
W117671,2025-10-09,,,Regular Employee,False
W117672,2025-10-18,,,Regular Employee,False
W117673,2025-10-31,,,Regular Employee,False
W117674,2025-10-15,,,Regular Employee,False
W117675,2025-10-04,,,Regular Employee,False
W117676,2025-10-01,,,Regular Employee,False
W117677,2025-10-16,,,Regular Employee,False
W117678,2025-10-24,,,Regular Employee,False
W117679,2025-10-21,,,Regular Employee,False
W117680,2025-10-08,,,Regular Employee,False
W117681,2025-10-25,,,Regular Employee,False
W117682,2025-10-10,,,Regular Employee,False
W117683,2025-10-16,,,Regular Employee,False
W117684,2025-10-26,,,Regular Employee,False
W117685,2025-10-15,,,Regular Employee,False
W117686,2025-10-07,,,Regular Employee,False
W117687,2025-10-30,,,Regular Employee,False
W117688,2025-10-07,,,Regular Employee,False
W117689,2025-10-08,,,Regular Employee,False
W117690,2025-10-06,,,Regular Employee,False
W117691,2025-10-01,,,Regular Employee,False
W117692,2025-10-10,,,Regular Employee,False
W117693,2025-10-03,,,Regular Employee,False
W117694,2025-10-12,,,Regular Employee,False
W117695,2025-10-02,2026-03-31,Voluntary,Regular Employee,False
W117696,2025-10-28,,,Regular Employee,False
W117697,2025-10-23,,,Regular Employee,False
W117698,2025-10-19,,,Regular Employee,False
W117699,2025-10-29,2026-06-07,Voluntary,Regular Employee,False
W117700,2025-10-20,,,Regular Employee,False
W117701,2025-10-20,,,Regular Employee,False
W117702,2025-10-06,,,Regular Employee,False
W117703,2025-10-28,,,Regular Employee,False
W117704,2025-10-05,2025-11-05,Voluntary,Regular Employee,False
W117705,2025-10-01,,,Regular Employee,False
W117706,2025-10-18,,,Regular Employee,False
W117707,2025-10-09,,,Regular Employee,False
W117708,2025-10-16,,,Regular Employee,False
W117709,2025-10-13,,,Regular Employee,False
W117710,2025-10-27,,,Regular Employee,False
W117711,2025-10-14,,,Regular Employee,False
W117712,2025-10-17,,,Regular Employee,False
W117713,2025-10-12,2026-01-19,Involuntary,Regular Employee,False
W117714,2025-10-10,,,Regular Employee,False
W117715,2025-10-06,,,Regular Employee,False
W117716,2025-10-14,,,Regular Employee,False
W117717,2025-11-09,,,Regular Employee,False
W117718,2025-11-07,,,Regular Employee,False
W117719,2025-11-24,,,Regular Employee,False
W117720,2025-11-01,,,Regular Employee,False
W117721,2025-11-07,,,Regular Employee,False
W117722,2025-11-03,,,Regular Employee,False
W117723,2025-11-02,,,Regular Employee,False
W117724,2025-11-19,2026-02-18,Involuntary,Regular Employee,False
W117725,2025-11-10,,,Regular Employee,False
W117726,2025-11-14,,,Regular Employee,False
W117727,2025-11-10,,,Regular Employee,False
W117728,2025-11-21,,,Regular Employee,False
W117729,2025-11-05,,,Regular Employee,False
W117730,2025-11-11,,,Regular Employee,False
W117731,2025-11-16,,,Regular Employee,False
W117732,2025-11-01,,,Regular Employee,False
W117733,2025-11-02,,,Regular Employee,False
W117734,2025-11-09,,,Regular Employee,False
W117735,2025-11-14,,,Regular Employee,False
W117736,2025-11-01,,,Regular Employee,False
W117737,2025-11-16,2025-12-27,Voluntary,Regular Employee,False
W117738,2025-11-04,,,Regular Employee,False
W117739,2025-11-10,2026-02-01,Voluntary,Regular Employee,False
W117740,2025-11-20,,,Regular Employee,False
W117741,2025-11-18,,,Regular Employee,False
W117742,2025-11-11,,,Regular Employee,False
W117743,2025-11-14,,,Regular Employee,False
W117744,2025-11-14,,,Regular Employee,False
W117745,2025-11-18,,,Regular Employee,False
W117746,2025-11-23,,,Regular Employee,False
W117747,2025-11-24,,,Regular Employee,False
W117748,2025-11-29,,,Regular Employee,False
W117749,2025-11-27,,,Regular Employee,False
W117750,2025-11-28,,,Regular Employee,False
W117751,2025-11-12,,,Regular Employee,False
W117752,2025-11-03,,,Regular Employee,False
W117753,2025-11-01,2026-05-05,Voluntary,Regular Employee,False
W117754,2025-11-19,2026-05-21,Voluntary,Regular Employee,False
W117755,2025-11-03,,,Regular Employee,False
W117756,2025-11-18,,,Regular Employee,False
W117757,2025-11-22,,,Regular Employee,False
W117758,2025-11-17,,,Regular Employee,False
W117759,2025-11-29,2026-01-16,Voluntary,Regular Employee,False
W117760,2025-11-13,,,Regular Employee,False
W117761,2025-11-11,,,Regular Employee,False
W117762,2025-11-30,,,Regular Employee,False
W117763,2025-11-07,,,Regular Employee,False
W117764,2025-11-04,,,Regular Employee,False
W117765,2025-11-09,,,Regular Employee,False
W117766,2025-11-22,,,Regular Employee,False
W117767,2025-11-05,,,Regular Employee,False
W117768,2025-11-07,,,Regular Employee,False
W117769,2025-11-22,,,Regular Employee,False
W117770,2025-11-04,,,Regular Employee,False
W117771,2025-11-17,,,Regular Employee,False
W117772,2025-11-05,2026-01-22,Voluntary,Regular Employee,False
W117773,2025-11-20,,,Regular Employee,False
W117774,2025-11-09,,,Regular Employee,False
W117775,2025-11-27,,,Regular Employee,False
W117776,2025-11-12,,,Regular Employee,False
W117777,2025-11-26,2025-12-04,Involuntary,Regular Employee,False
W117778,2025-11-07,2025-12-26,Voluntary,Regular Employee,False
W117779,2025-11-19,2025-12-01,Voluntary,Regular Employee,False
W117780,2025-11-02,2026-06-06,Voluntary,Regular Employee,False
W117781,2025-11-14,,,Regular Employee,False
W117782,2025-11-05,,,Regular Employee,False
W117783,2025-11-03,,,Regular Employee,False
W117784,2025-11-01,2025-12-07,Voluntary,Regular Employee,False
W117785,2025-11-10,,,Regular Employee,False
W117786,2025-11-15,,,Regular Employee,False
W117787,2025-11-12,,,Regular Employee,False
W117788,2025-11-10,,,Regular Employee,False
W117789,2025-11-29,,,Regular Employee,False
W117790,2025-11-13,,,Regular Employee,False
W117791,2025-11-14,,,Regular Employee,False
W117792,2025-11-28,2026-02-03,Voluntary,Regular Employee,False
W117793,2025-11-06,,,Regular Employee,False
W117794,2025-11-18,,,Regular Employee,False
W117795,2025-11-21,,,Regular Employee,False
W117796,2025-11-11,,,Regular Employee,False
W117797,2025-11-20,,,Regular Employee,False
W117798,2025-11-28,,,Regular Employee,False
W117799,2025-11-19,,,Regular Employee,False
W117800,2025-11-21,,,Regular Employee,False
W117801,2025-11-15,,,Regular Employee,False
W117802,2025-11-24,,,Regular Employee,False
W117803,2025-11-23,,,Regular Employee,False
W117804,2025-11-03,,,Regular Employee,False
W117805,2025-11-22,,,Regular Employee,False
W117806,2025-11-30,2026-05-19,Involuntary,Regular Employee,False
W117807,2025-11-30,,,Regular Employee,False
W117808,2025-11-15,,,Regular Employee,False
W117809,2025-11-17,,,Regular Employee,False
W117810,2025-11-20,,,Regular Employee,False
W117811,2025-11-13,,,Regular Employee,False
W117812,2025-11-05,,,Regular Employee,False
W117813,2025-11-18,,,Regular Employee,False
W117814,2025-11-27,,,Regular Employee,False
W117815,2025-11-15,2026-02-04,Voluntary,Regular Employee,False
W117816,2025-11-12,2026-01-10,Involuntary,Regular Employee,False
W117817,2025-11-16,,,Regular Employee,False
W117818,2025-11-28,,,Regular Employee,False
W117819,2025-11-29,,,Regular Employee,False
W117820,2025-11-15,,,Regular Employee,False
W117821,2025-11-18,,,Regular Employee,False
W117822,2025-11-09,,,Regular Employee,False
W117823,2025-11-30,,,Regular Employee,False
W117824,2025-11-29,,,Regular Employee,False
W117825,2025-11-17,2026-04-30,Voluntary,Regular Employee,False
W117826,2025-11-06,2026-01-24,Voluntary,Regular Employee,False
W117827,2025-11-03,,,Regular Employee,False
W117828,2025-11-04,2026-01-26,Voluntary,Regular Employee,False
W117829,2025-11-10,,,Regular Employee,False
W117830,2025-11-28,,,Regular Employee,False
W117831,2025-11-03,,,Regular Employee,False
W117832,2025-11-22,,,Regular Employee,False
W117833,2025-11-03,,,Regular Employee,False
W117834,2025-11-10,,,Regular Employee,False
W117835,2025-11-11,,,Regular Employee,False
W117836,2025-11-10,,,Regular Employee,False
W117837,2025-11-26,2026-01-13,Voluntary,Regular Employee,False
W117838,2025-11-23,,,Regular Employee,False
W117839,2025-11-28,,,Regular Employee,False
W117840,2025-11-06,,,Regular Employee,False
W117841,2025-11-15,,,Regular Employee,False
W117842,2025-11-08,,,Regular Employee,False
W117843,2025-11-27,,,Regular Employee,False
W117844,2025-11-19,,,Regular Employee,False
W117845,2025-11-27,,,Regular Employee,False
W117846,2025-11-26,,,Regular Employee,False
W117847,2025-11-10,,,Regular Employee,False
W117848,2025-11-11,,,Regular Employee,False
W117849,2025-11-11,,,Regular Employee,False
W117850,2025-11-28,,,Regular Employee,False
W117851,2025-11-17,,,Regular Employee,False
W117852,2025-11-23,,,Regular Employee,False
W117853,2025-11-29,,,Regular Employee,False
W117854,2025-11-20,,,Regular Employee,False
W117855,2025-11-11,,,Regular Employee,False
W117856,2025-11-29,,,Regular Employee,False
W117857,2025-11-29,,,Regular Employee,False
W117858,2025-11-07,,,Regular Employee,False
W117859,2025-11-17,,,Regular Employee,False
W117860,2025-11-24,,,Regular Employee,False
W117861,2025-11-14,,,Regular Employee,False
W117862,2025-11-10,,,Regular Employee,False
W117863,2025-11-29,,,Regular Employee,False
W117864,2025-11-10,,,Regular Employee,False
W117865,2025-11-05,2026-03-19,Voluntary,Regular Employee,False
W117866,2025-11-06,2026-06-02,Voluntary,Regular Employee,False
W117867,2025-11-17,,,Regular Employee,False
W117868,2025-11-06,2026-06-09,Voluntary,Regular Employee,False
W117869,2025-11-27,,,Regular Employee,False
W117870,2025-11-22,,,Regular Employee,False
W117871,2025-11-01,,,Regular Employee,False
W117872,2025-11-27,,,Regular Employee,False
W117873,2025-11-02,,,Regular Employee,False
W117874,2025-11-13,,,Regular Employee,False
W117875,2025-11-28,,,Regular Employee,False
W117876,2025-11-05,,,Regular Employee,False
W117877,2025-11-24,,,Regular Employee,False
W117878,2025-11-12,,,Regular Employee,False
W117879,2025-11-25,2026-01-29,Voluntary,Regular Employee,False
W117880,2025-11-03,,,Regular Employee,False
W117881,2025-11-30,2025-12-01,Voluntary,Regular Employee,False
W117882,2025-11-29,,,Regular Employee,False
W117883,2025-11-16,,,Regular Employee,False
W117884,2025-12-15,,,Regular Employee,False
W117885,2025-12-12,,,Regular Employee,False
W117886,2025-12-26,,,Regular Employee,False
W117887,2025-12-15,,,Regular Employee,False
W117888,2025-12-13,,,Regular Employee,False
W117889,2025-12-27,,,Regular Employee,False
W117890,2025-12-03,,,Regular Employee,False
W117891,2025-12-18,,,Regular Employee,False
W117892,2025-12-14,,,Regular Employee,False
W117893,2025-12-19,,,Regular Employee,False
W117894,2025-12-03,,,Regular Employee,False
W117895,2025-12-01,,,Regular Employee,False
W117896,2025-12-03,,,Regular Employee,False
W117897,2025-12-21,2026-03-05,Voluntary,Regular Employee,False
W117898,2025-12-14,,,Regular Employee,False
W117899,2025-12-31,,,Regular Employee,False
W117900,2025-12-19,,,Regular Employee,False
W117901,2025-12-04,,,Regular Employee,False
W117902,2025-12-17,,,Regular Employee,False
W117903,2025-12-22,,,Regular Employee,False
W117904,2025-12-24,,,Regular Employee,False
W117905,2025-12-30,,,Regular Employee,False
W117906,2025-12-25,,,Regular Employee,False
W117907,2025-12-18,,,Regular Employee,False
W117908,2025-12-24,,,Regular Employee,False
W117909,2025-12-10,,,Regular Employee,False
W117910,2025-12-13,,,Regular Employee,False
W117911,2025-12-28,,,Regular Employee,False
W117912,2025-12-15,,,Regular Employee,False
W117913,2025-12-22,,,Regular Employee,False
W117914,2025-12-24,,,Regular Employee,False
W117915,2025-12-05,2026-05-17,Voluntary,Regular Employee,False
W117916,2025-12-18,,,Regular Employee,False
W117917,2025-12-22,,,Regular Employee,False
W117918,2025-12-03,,,Regular Employee,False
W117919,2025-12-09,,,Regular Employee,False
W117920,2025-12-18,,,Regular Employee,False
W117921,2025-12-28,,,Regular Employee,False
W117922,2025-12-06,2026-01-03,Voluntary,Regular Employee,False
W117923,2025-12-20,,,Regular Employee,False
W117924,2025-12-05,,,Regular Employee,False
W117925,2025-12-03,2026-01-25,Voluntary,Regular Employee,False
W117926,2025-12-26,,,Regular Employee,False
W117927,2025-12-01,,,Regular Employee,False
W117928,2025-12-06,,,Regular Employee,False
W117929,2025-12-19,,,Regular Employee,False
W117930,2025-12-21,,,Regular Employee,False
W117931,2025-12-02,,,Regular Employee,False
W117932,2025-12-24,,,Regular Employee,False
W117933,2025-12-18,,,Regular Employee,False
W117934,2025-12-20,,,Regular Employee,False
W117935,2025-12-12,,,Regular Employee,False
W117936,2025-12-01,,,Regular Employee,False
W117937,2025-12-17,,,Regular Employee,False
W117938,2025-12-24,,,Regular Employee,False
W117939,2025-12-29,,,Regular Employee,False
W117940,2025-12-06,,,Regular Employee,False
W117941,2025-12-19,,,Regular Employee,False
W117942,2025-12-26,,,Regular Employee,False
W117943,2025-12-11,,,Regular Employee,False
W117944,2025-12-09,,,Regular Employee,False
W117945,2025-12-05,,,Regular Employee,False
W117946,2025-12-28,,,Regular Employee,False
W117947,2025-12-10,2026-06-25,Voluntary,Regular Employee,False
W117948,2025-12-08,,,Regular Employee,False
W117949,2025-12-08,,,Regular Employee,False
W117950,2025-12-22,,,Regular Employee,False
W117951,2025-12-26,,,Regular Employee,False
W117952,2025-12-15,,,Regular Employee,False
W117953,2025-12-02,,,Regular Employee,False
W117954,2025-12-26,,,Regular Employee,False
W117955,2025-12-01,,,Regular Employee,False
W117956,2025-12-30,,,Regular Employee,False
W117957,2025-12-23,,,Regular Employee,False
W117958,2025-12-01,,,Regular Employee,False
W117959,2025-12-21,,,Regular Employee,False
W117960,2025-12-07,,,Regular Employee,False
W117961,2025-12-03,,,Regular Employee,False
W117962,2025-12-04,,,Regular Employee,False
W117963,2025-12-26,,,Regular Employee,False
W117964,2025-12-22,,,Regular Employee,False
W117965,2025-12-29,2026-03-11,Voluntary,Regular Employee,False
W117966,2025-12-07,,,Regular Employee,False
W117967,2025-12-27,,,Regular Employee,False
W117968,2025-12-04,,,Regular Employee,False
W117969,2025-12-18,,,Regular Employee,False
W117970,2025-12-22,,,Regular Employee,False
W117971,2025-12-17,2026-06-14,Involuntary,Regular Employee,False
W117972,2025-12-22,,,Regular Employee,False
W117973,2025-12-19,,,Regular Employee,False
W117974,2025-12-03,,,Regular Employee,False
W117975,2025-12-28,,,Regular Employee,False
W117976,2025-12-26,,,Regular Employee,False
W117977,2025-12-28,,,Regular Employee,False
W117978,2025-12-22,,,Regular Employee,False
W117979,2025-12-19,,,Regular Employee,False
W117980,2025-12-10,,,Regular Employee,False
W117981,2025-12-26,,,Regular Employee,False
W117982,2025-12-18,,,Regular Employee,False
W117983,2025-12-23,,,Regular Employee,False
W117984,2025-12-23,2026-02-04,Involuntary,Regular Employee,False
W117985,2025-12-03,,,Regular Employee,False
W117986,2025-12-10,2026-02-13,Voluntary,Regular Employee,False
W117987,2025-12-27,2026-01-06,Voluntary,Regular Employee,False
W117988,2025-12-25,,,Regular Employee,False
W117989,2025-12-03,2026-02-03,Voluntary,Regular Employee,False
W117990,2025-12-05,,,Regular Employee,False
W117991,2025-12-12,,,Regular Employee,False
W117992,2025-12-07,,,Regular Employee,False
W117993,2025-12-14,,,Regular Employee,False
W117994,2025-12-04,,,Regular Employee,False
W117995,2025-12-29,,,Regular Employee,False
W117996,2025-12-03,,,Regular Employee,False
W117997,2025-12-07,2026-05-10,Voluntary,Regular Employee,False
W117998,2025-12-07,,,Regular Employee,False
W117999,2025-12-23,,,Regular Employee,False
W118000,2025-12-02,,,Regular Employee,False
W118001,2025-12-01,,,Regular Employee,False
W118002,2025-12-10,,,Regular Employee,False
W118003,2025-12-21,,,Regular Employee,False
W118004,2025-12-30,,,Regular Employee,False
W118005,2025-12-10,,,Regular Employee,False
W118006,2025-12-04,,,Regular Employee,False
W118007,2025-12-15,,,Regular Employee,False
W118008,2025-12-16,,,Regular Employee,False
W118009,2025-12-09,2026-05-14,Voluntary,Regular Employee,False
W118010,2025-12-27,,,Regular Employee,False
W118011,2025-12-02,2026-05-19,Involuntary,Regular Employee,False
W118012,2025-12-17,,,Regular Employee,False
W118013,2025-12-24,,,Regular Employee,False
W118014,2025-12-21,,,Regular Employee,False
W118015,2025-12-06,2026-04-05,Voluntary,Regular Employee,False
W118016,2025-12-23,,,Regular Employee,False
W118017,2025-12-10,,,Regular Employee,False
W118018,2025-12-16,,,Regular Employee,False
W118019,2025-12-11,,,Regular Employee,False
W118020,2025-12-11,,,Regular Employee,False
W118021,2025-12-14,,,Regular Employee,False
W118022,2025-12-02,,,Regular Employee,False
W118023,2025-12-01,,,Regular Employee,False
W118024,2025-12-12,,,Regular Employee,False
W118025,2025-12-02,,,Regular Employee,False
W118026,2025-12-13,,,Regular Employee,False
W118027,2025-12-01,,,Regular Employee,False
W118028,2025-12-02,,,Regular Employee,False
W118029,2025-12-13,,,Regular Employee,False
W118030,2025-12-09,2026-03-13,Involuntary,Regular Employee,False
W118031,2025-12-24,,,Regular Employee,False
W118032,2025-12-13,,,Regular Employee,False
W118033,2025-12-02,,,Regular Employee,False
W118034,2025-12-20,,,Regular Employee,False
W118035,2025-12-27,2026-04-02,Voluntary,Regular Employee,False
W118036,2025-12-14,,,Regular Employee,False
W118037,2025-12-05,,,Regular Employee,False
W118038,2025-12-26,,,Regular Employee,False
W118039,2025-12-12,,,Regular Employee,False
W118040,2025-12-28,,,Regular Employee,False
W118041,2025-12-20,,,Regular Employee,False
W118042,2025-12-26,,,Regular Employee,False
W118043,2025-12-26,,,Regular Employee,False
W118044,2025-12-06,,,Regular Employee,False
W118045,2025-12-24,,,Regular Employee,False
W118046,2025-12-04,,,Regular Employee,False
W118047,2025-12-27,,,Regular Employee,False
W118048,2025-12-04,,,Regular Employee,False
W118049,2025-12-10,,,Regular Employee,False
W118050,2025-12-11,,,Regular Employee,False
W118051,2025-12-02,,,Regular Employee,False
W118052,2025-12-10,2026-01-18,Voluntary,Regular Employee,False
W118053,2025-12-04,,,Regular Employee,False
W118054,2025-12-04,,,Regular Employee,False
W118055,2025-12-16,,,Regular Employee,False
W118056,2025-12-02,,,Regular Employee,False
W118057,2025-12-24,2026-01-20,Voluntary,Regular Employee,False
W118058,2025-12-30,,,Regular Employee,False
W118059,2025-12-31,,,Regular Employee,False
W118060,2025-12-30,,,Regular Employee,False
W118061,2025-12-02,,,Regular Employee,False
W118062,2025-12-25,,,Regular Employee,False
W118063,2025-12-17,,,Regular Employee,False
W118064,2025-12-05,,,Regular Employee,False
W118065,2025-12-24,,,Regular Employee,False
W118066,2025-12-23,,,Regular Employee,False
W118067,2025-12-05,,,Regular Employee,False
W118068,2025-12-18,,,Regular Employee,False
W118069,2025-12-14,,,Regular Employee,False
W118070,2025-12-21,,,Regular Employee,False
W118071,2025-12-16,,,Regular Employee,False
W118072,2025-12-07,,,Regular Employee,False
W118073,2025-12-09,,,Regular Employee,False
W118074,2025-12-14,2026-06-08,Voluntary,Regular Employee,False
W118075,2025-12-31,,,Regular Employee,False
W118076,2025-12-04,,,Regular Employee,False
W118077,2025-12-24,,,Regular Employee,False
W118078,2025-12-14,,,Regular Employee,False
W118079,2025-12-26,,,Regular Employee,False
W118080,2025-12-30,,,Regular Employee,False
W118081,2025-12-09,,,Regular Employee,False
W118082,2025-12-29,,,Regular Employee,False
W118083,2025-12-28,,,Regular Employee,False
W118084,2025-12-04,,,Regular Employee,False
W118085,2025-12-27,,,Regular Employee,False
W118086,2026-01-02,,,Regular Employee,False
W118087,2026-01-03,,,Regular Employee,False
W118088,2026-01-12,,,Regular Employee,False
W118089,2026-01-16,,,Regular Employee,False
W118090,2026-01-07,2026-06-21,Voluntary,Regular Employee,False
W118091,2026-01-08,,,Regular Employee,False
W118092,2026-01-18,,,Regular Employee,False
W118093,2026-01-25,,,Regular Employee,False
W118094,2026-01-23,2026-02-08,Voluntary,Regular Employee,False
W118095,2026-01-04,,,Regular Employee,False
W118096,2026-01-17,,,Regular Employee,False
W118097,2026-01-26,,,Regular Employee,False
W118098,2026-01-19,,,Regular Employee,False
W118099,2026-01-21,,,Regular Employee,False
W118100,2026-01-18,,,Regular Employee,False
W118101,2026-01-21,,,Regular Employee,False
W118102,2026-01-11,,,Regular Employee,False
W118103,2026-01-05,,,Regular Employee,False
W118104,2026-01-30,,,Regular Employee,False
W118105,2026-01-05,2026-03-13,Voluntary,Regular Employee,False
W118106,2026-01-07,,,Regular Employee,False
W118107,2026-01-01,,,Regular Employee,False
W118108,2026-01-03,,,Regular Employee,False
W118109,2026-01-15,2026-02-28,Voluntary,Regular Employee,False
W118110,2026-01-20,,,Regular Employee,False
W118111,2026-01-16,,,Regular Employee,False
W118112,2026-01-27,,,Regular Employee,False
W118113,2026-01-25,,,Regular Employee,False
W118114,2026-01-06,,,Regular Employee,False
W118115,2026-01-07,,,Regular Employee,False
W118116,2026-01-16,,,Regular Employee,False
W118117,2026-01-11,,,Regular Employee,False
W118118,2026-01-20,2026-06-29,Voluntary,Regular Employee,False
W118119,2026-01-07,,,Regular Employee,False
W118120,2026-01-01,,,Regular Employee,False
W118121,2026-01-20,,,Regular Employee,False
W118122,2026-01-10,,,Regular Employee,False
W118123,2026-01-03,,,Regular Employee,False
W118124,2026-01-12,,,Regular Employee,False
W118125,2026-01-16,,,Regular Employee,False
W118126,2026-01-11,,,Regular Employee,False
W118127,2026-01-04,,,Regular Employee,False
W118128,2026-01-13,,,Regular Employee,False
W118129,2026-01-28,2026-04-30,Voluntary,Regular Employee,False
W118130,2026-01-17,2026-04-25,Involuntary,Regular Employee,False
W118131,2026-01-02,,,Regular Employee,False
W118132,2026-01-12,,,Regular Employee,False
W118133,2026-01-24,2026-04-17,Involuntary,Regular Employee,False
W118134,2026-01-24,,,Regular Employee,False
W118135,2026-01-06,,,Regular Employee,False
W118136,2026-01-18,,,Regular Employee,False
W118137,2026-01-29,,,Regular Employee,False
W118138,2026-01-29,,,Regular Employee,False
W118139,2026-01-30,,,Regular Employee,False
W118140,2026-01-26,,,Regular Employee,False
W118141,2026-01-28,2026-04-05,Voluntary,Regular Employee,False
W118142,2026-01-26,,,Regular Employee,False
W118143,2026-01-31,,,Regular Employee,False
W118144,2026-01-15,,,Regular Employee,False
W118145,2026-01-12,,,Regular Employee,False
W118146,2026-01-11,2026-05-05,Voluntary,Regular Employee,False
W118147,2026-01-05,,,Regular Employee,False
W118148,2026-01-10,,,Regular Employee,False
W118149,2026-01-29,2026-06-02,Voluntary,Regular Employee,False
W118150,2026-01-04,,,Regular Employee,False
W118151,2026-01-05,,,Regular Employee,False
W118152,2026-01-23,,,Regular Employee,False
W118153,2026-01-01,,,Regular Employee,False
W118154,2026-01-21,,,Regular Employee,False
W118155,2026-01-29,,,Regular Employee,False
W118156,2026-01-10,,,Regular Employee,False
W118157,2026-01-02,,,Regular Employee,False
W118158,2026-01-06,,,Regular Employee,False
W118159,2026-01-19,,,Regular Employee,False
W118160,2026-01-23,,,Regular Employee,False
W118161,2026-01-15,,,Regular Employee,False
W118162,2026-01-26,,,Regular Employee,False
W118163,2026-01-19,,,Regular Employee,False
W118164,2026-01-07,,,Regular Employee,False
W118165,2026-01-24,,,Regular Employee,False
W118166,2026-01-24,,,Regular Employee,False
W118167,2026-01-27,2026-06-26,Voluntary,Regular Employee,False
W118168,2026-01-14,,,Regular Employee,False
W118169,2026-01-23,,,Regular Employee,False
W118170,2026-01-21,,,Regular Employee,False
W118171,2026-01-16,,,Regular Employee,False
W118172,2026-01-22,,,Regular Employee,False
W118173,2026-01-08,,,Regular Employee,False
W118174,2026-01-17,,,Regular Employee,False
W118175,2026-01-03,,,Regular Employee,False
W118176,2026-01-14,,,Regular Employee,False
W118177,2026-01-07,2026-03-08,Voluntary,Regular Employee,False
W118178,2026-01-03,,,Regular Employee,False
W118179,2026-01-09,,,Regular Employee,False
W118180,2026-01-13,,,Regular Employee,False
W118181,2026-01-10,,,Regular Employee,False
W118182,2026-01-15,,,Regular Employee,False
W118183,2026-01-26,,,Regular Employee,False
W118184,2026-01-25,,,Regular Employee,False
W118185,2026-01-22,,,Regular Employee,False
W118186,2026-01-17,,,Regular Employee,False
W118187,2026-01-05,,,Regular Employee,False
W118188,2026-01-08,,,Regular Employee,False
W118189,2026-01-25,,,Regular Employee,False
W118190,2026-01-24,,,Regular Employee,False
W118191,2026-01-12,,,Regular Employee,False
W118192,2026-01-19,,,Regular Employee,False
W118193,2026-01-02,,,Regular Employee,False
W118194,2026-01-10,,,Regular Employee,False
W118195,2026-01-26,,,Regular Employee,False
W118196,2026-01-03,,,Regular Employee,False
W118197,2026-01-01,,,Regular Employee,False
W118198,2026-01-11,,,Regular Employee,False
W118199,2026-01-15,,,Regular Employee,False
W118200,2026-01-26,,,Regular Employee,False
W118201,2026-01-05,,,Regular Employee,False
W118202,2026-01-31,,,Regular Employee,False
W118203,2026-01-03,,,Regular Employee,False
W118204,2026-01-29,2026-05-13,Voluntary,Regular Employee,False
W118205,2026-01-26,,,Regular Employee,False
W118206,2026-01-06,,,Regular Employee,False
W118207,2026-01-10,,,Regular Employee,False
W118208,2026-01-20,,,Regular Employee,False
W118209,2026-01-13,,,Regular Employee,False
W118210,2026-01-14,,,Regular Employee,False
W118211,2026-01-25,,,Regular Employee,False
W118212,2026-01-26,,,Regular Employee,False
W118213,2026-01-29,,,Regular Employee,False
W118214,2026-01-09,2026-04-12,Involuntary,Regular Employee,False
W118215,2026-01-09,,,Regular Employee,False
W118216,2026-01-24,,,Regular Employee,False
W118217,2026-01-21,,,Regular Employee,False
W118218,2026-01-29,,,Regular Employee,False
W118219,2026-01-09,2026-03-28,Voluntary,Regular Employee,False
W118220,2026-01-20,,,Regular Employee,False
W118221,2026-01-10,,,Regular Employee,False
W118222,2026-01-06,,,Regular Employee,False
W118223,2026-01-15,2026-05-24,Involuntary,Regular Employee,False
W118224,2026-01-19,,,Regular Employee,False
W118225,2026-01-04,,,Regular Employee,False
W118226,2026-01-11,,,Regular Employee,False
W118227,2026-01-15,,,Regular Employee,False
W118228,2026-01-31,,,Regular Employee,False
W118229,2026-01-30,,,Regular Employee,False
W118230,2026-01-26,,,Regular Employee,False
W118231,2026-01-24,,,Regular Employee,False
W118232,2026-01-08,,,Regular Employee,False
W118233,2026-01-10,,,Regular Employee,False
W118234,2026-01-22,,,Regular Employee,False
W118235,2026-01-10,,,Regular Employee,False
W118236,2026-01-02,,,Regular Employee,False
W118237,2026-01-13,,,Regular Employee,False
W118238,2026-01-25,,,Regular Employee,False
W118239,2026-01-24,,,Regular Employee,False
W118240,2026-01-20,,,Regular Employee,False
W118241,2026-01-11,,,Regular Employee,False
W118242,2026-01-30,,,Regular Employee,False
W118243,2026-01-06,,,Regular Employee,False
W118244,2026-01-25,,,Regular Employee,False
W118245,2026-01-30,,,Regular Employee,False
W118246,2026-01-23,,,Regular Employee,False
W118247,2026-01-15,,,Regular Employee,False
W118248,2026-01-25,,,Regular Employee,False
W118249,2026-01-26,2026-05-10,Involuntary,Regular Employee,False
W118250,2026-01-07,2026-03-14,Voluntary,Regular Employee,False
W118251,2026-01-20,,,Regular Employee,False
W118252,2026-01-02,,,Regular Employee,False
W118253,2026-01-16,,,Regular Employee,False
W118254,2026-01-31,,,Regular Employee,False
W118255,2026-01-04,,,Regular Employee,False
W118256,2026-01-07,,,Regular Employee,False
W118257,2026-01-18,,,Regular Employee,False
W118258,2026-01-03,,,Regular Employee,False
W118259,2026-01-04,,,Regular Employee,False
W118260,2026-01-08,,,Regular Employee,False
W118261,2026-01-26,,,Regular Employee,False
W118262,2026-01-28,2026-04-26,Voluntary,Regular Employee,False
W118263,2026-01-16,,,Regular Employee,False
W118264,2026-01-11,,,Regular Employee,False
W118265,2026-01-11,,,Regular Employee,False
W118266,2026-01-05,,,Regular Employee,False
W118267,2026-01-22,,,Regular Employee,False
W118268,2026-01-25,2026-03-23,Voluntary,Regular Employee,False
W118269,2026-01-20,2026-02-07,Voluntary,Regular Employee,False
W118270,2026-01-15,,,Regular Employee,False
W118271,2026-01-07,,,Regular Employee,False
W118272,2026-01-31,,,Regular Employee,False
W118273,2026-02-22,,,Regular Employee,False
W118274,2026-02-04,,,Regular Employee,False
W118275,2026-02-04,,,Regular Employee,False
W118276,2026-02-03,,,Regular Employee,False
W118277,2026-02-20,,,Regular Employee,False
W118278,2026-02-07,,,Regular Employee,False
W118279,2026-02-13,,,Regular Employee,False
W118280,2026-02-22,,,Regular Employee,False
W118281,2026-02-04,,,Regular Employee,False
W118282,2026-02-04,,,Regular Employee,False
W118283,2026-02-07,,,Regular Employee,False
W118284,2026-02-08,,,Regular Employee,False
W118285,2026-02-13,2026-05-18,Involuntary,Regular Employee,False
W118286,2026-02-08,,,Regular Employee,False
W118287,2026-02-17,,,Regular Employee,False
W118288,2026-02-26,,,Regular Employee,False
W118289,2026-02-20,,,Regular Employee,False
W118290,2026-02-24,,,Regular Employee,False
W118291,2026-02-08,,,Regular Employee,False
W118292,2026-02-26,,,Regular Employee,False
W118293,2026-02-17,,,Regular Employee,False
W118294,2026-02-07,,,Regular Employee,False
W118295,2026-02-23,,,Regular Employee,False
W118296,2026-02-14,,,Regular Employee,False
W118297,2026-02-12,,,Regular Employee,False
W118298,2026-02-15,2026-03-06,Voluntary,Regular Employee,False
W118299,2026-02-24,,,Regular Employee,False
W118300,2026-02-03,,,Regular Employee,False
W118301,2026-02-11,,,Regular Employee,False
W118302,2026-02-27,,,Regular Employee,False
W118303,2026-02-07,,,Regular Employee,False
W118304,2026-02-15,,,Regular Employee,False
W118305,2026-02-05,2026-04-09,Involuntary,Regular Employee,False
W118306,2026-02-22,2026-05-07,Involuntary,Regular Employee,False
W118307,2026-02-12,,,Regular Employee,False
W118308,2026-02-19,,,Regular Employee,False
W118309,2026-02-04,,,Regular Employee,False
W118310,2026-02-01,,,Regular Employee,False
W118311,2026-02-27,2026-04-14,Voluntary,Regular Employee,False
W118312,2026-02-09,,,Regular Employee,False
W118313,2026-02-02,,,Regular Employee,False
W118314,2026-02-20,,,Regular Employee,False
W118315,2026-02-16,,,Regular Employee,False
W118316,2026-02-28,,,Regular Employee,False
W118317,2026-02-10,,,Regular Employee,False
W118318,2026-02-23,,,Regular Employee,False
W118319,2026-02-15,,,Regular Employee,False
W118320,2026-02-28,,,Regular Employee,False
W118321,2026-02-11,,,Regular Employee,False
W118322,2026-02-16,,,Regular Employee,False
W118323,2026-02-22,,,Regular Employee,False
W118324,2026-02-16,,,Regular Employee,False
W118325,2026-02-11,,,Regular Employee,False
W118326,2026-02-24,,,Regular Employee,False
W118327,2026-02-23,,,Regular Employee,False
W118328,2026-02-19,,,Regular Employee,False
W118329,2026-02-03,,,Regular Employee,False
W118330,2026-02-15,,,Regular Employee,False
W118331,2026-02-24,,,Regular Employee,False
W118332,2026-02-18,2026-05-17,Voluntary,Regular Employee,False
W118333,2026-02-04,,,Regular Employee,False
W118334,2026-02-08,,,Regular Employee,False
W118335,2026-02-17,,,Regular Employee,False
W118336,2026-02-24,,,Regular Employee,False
W118337,2026-02-19,,,Regular Employee,False
W118338,2026-02-07,,,Regular Employee,False
W118339,2026-02-13,,,Regular Employee,False
W118340,2026-02-19,,,Regular Employee,False
W118341,2026-02-23,,,Regular Employee,False
W118342,2026-02-22,,,Regular Employee,False
W118343,2026-02-03,,,Regular Employee,False
W118344,2026-02-23,,,Regular Employee,False
W118345,2026-02-02,,,Regular Employee,False
W118346,2026-02-23,,,Regular Employee,False
W118347,2026-02-21,,,Regular Employee,False
W118348,2026-02-25,,,Regular Employee,False
W118349,2026-02-18,,,Regular Employee,False
W118350,2026-02-08,,,Regular Employee,False
W118351,2026-02-14,,,Regular Employee,False
W118352,2026-02-16,,,Regular Employee,False
W118353,2026-02-24,,,Regular Employee,False
W118354,2026-02-07,,,Regular Employee,False
W118355,2026-02-09,,,Regular Employee,False
W118356,2026-02-07,2026-03-18,Voluntary,Regular Employee,False
W118357,2026-02-02,,,Regular Employee,False
W118358,2026-02-27,,,Regular Employee,False
W118359,2026-02-19,,,Regular Employee,False
W118360,2026-02-21,,,Regular Employee,False
W118361,2026-02-14,,,Regular Employee,False
W118362,2026-02-12,,,Regular Employee,False
W118363,2026-02-16,,,Regular Employee,False
W118364,2026-02-03,,,Regular Employee,False
W118365,2026-02-21,,,Regular Employee,False
W118366,2026-02-21,,,Regular Employee,False
W118367,2026-02-01,,,Regular Employee,False
W118368,2026-02-02,,,Regular Employee,False
W118369,2026-02-16,,,Regular Employee,False
W118370,2026-02-17,,,Regular Employee,False
W118371,2026-02-08,,,Regular Employee,False
W118372,2026-02-21,,,Regular Employee,False
W118373,2026-02-11,,,Regular Employee,False
W118374,2026-02-12,,,Regular Employee,False
W118375,2026-02-02,,,Regular Employee,False
W118376,2026-02-13,,,Regular Employee,False
W118377,2026-02-06,,,Regular Employee,False
W118378,2026-02-19,,,Regular Employee,False
W118379,2026-02-04,2026-03-10,Voluntary,Regular Employee,False
W118380,2026-02-18,2026-03-07,Voluntary,Regular Employee,False
W118381,2026-02-05,2026-03-20,Voluntary,Regular Employee,False
W118382,2026-02-20,,,Regular Employee,False
W118383,2026-02-23,,,Regular Employee,False
W118384,2026-02-17,,,Regular Employee,False
W118385,2026-02-25,,,Regular Employee,False
W118386,2026-02-10,,,Regular Employee,False
W118387,2026-02-25,,,Regular Employee,False
W118388,2026-02-05,,,Regular Employee,False
W118389,2026-02-14,,,Regular Employee,False
W118390,2026-02-26,,,Regular Employee,False
W118391,2026-02-17,,,Regular Employee,False
W118392,2026-02-28,,,Regular Employee,False
W118393,2026-02-27,2026-03-08,Involuntary,Regular Employee,False
W118394,2026-02-11,,,Regular Employee,False
W118395,2026-02-20,,,Regular Employee,False
W118396,2026-02-20,,,Regular Employee,False
W118397,2026-02-21,,,Regular Employee,False
W118398,2026-02-06,,,Regular Employee,False
W118399,2026-02-11,,,Regular Employee,False
W118400,2026-02-07,,,Regular Employee,False
W118401,2026-02-18,,,Regular Employee,False
W118402,2026-02-01,,,Regular Employee,False
W118403,2026-02-15,,,Regular Employee,False
W118404,2026-02-15,,,Regular Employee,False
W118405,2026-02-17,,,Regular Employee,False
W118406,2026-02-24,,,Regular Employee,False
W118407,2026-02-06,,,Regular Employee,False
W118408,2026-02-16,,,Regular Employee,False
W118409,2026-02-05,2026-06-15,Voluntary,Regular Employee,False
W118410,2026-02-14,,,Regular Employee,False
W118411,2026-02-04,,,Regular Employee,False
W118412,2026-02-01,,,Regular Employee,False
W118413,2026-02-28,,,Regular Employee,False
W118414,2026-02-28,,,Regular Employee,False
W118415,2026-02-09,,,Regular Employee,False
W118416,2026-02-01,,,Regular Employee,False
W118417,2026-02-21,,,Regular Employee,False
W118418,2026-02-11,,,Regular Employee,False
W118419,2026-02-21,,,Regular Employee,False
W118420,2026-02-11,,,Regular Employee,False
W118421,2026-02-02,,,Regular Employee,False
W118422,2026-02-02,,,Regular Employee,False
W118423,2026-02-23,,,Regular Employee,False
W118424,2026-02-20,,,Regular Employee,False
W118425,2026-02-06,,,Regular Employee,False
W118426,2026-02-01,,,Regular Employee,False
W118427,2026-02-01,,,Regular Employee,False
W118428,2026-02-11,,,Regular Employee,False
W118429,2026-02-19,,,Regular Employee,False
W118430,2026-02-27,2026-05-27,Voluntary,Regular Employee,False
W118431,2026-02-08,,,Regular Employee,False
W118432,2026-02-22,2026-04-03,Voluntary,Regular Employee,False
W118433,2026-02-20,,,Regular Employee,False
W118434,2026-02-02,,,Regular Employee,False
W118435,2026-02-21,,,Regular Employee,False
W118436,2026-02-08,,,Regular Employee,False
W118437,2026-02-20,,,Regular Employee,False
W118438,2026-02-18,,,Regular Employee,False
W118439,2026-02-19,,,Regular Employee,False
W118440,2026-02-11,,,Regular Employee,False
W118441,2026-02-14,,,Regular Employee,False
W118442,2026-02-17,,,Regular Employee,False
W118443,2026-02-16,2026-04-30,Voluntary,Regular Employee,False
W118444,2026-02-07,,,Regular Employee,False
W118445,2026-02-14,,,Regular Employee,False
W118446,2026-02-23,,,Regular Employee,False
W118447,2026-02-21,,,Regular Employee,False
W118448,2026-02-02,,,Regular Employee,False
W118449,2026-02-19,,,Regular Employee,False
W118450,2026-02-01,,,Regular Employee,False
W118451,2026-02-01,,,Regular Employee,False
W118452,2026-02-22,,,Regular Employee,False
W118453,2026-02-23,,,Regular Employee,False
W118454,2026-02-10,,,Regular Employee,False
W118455,2026-02-17,,,Regular Employee,False
W118456,2026-02-08,,,Regular Employee,False
W118457,2026-02-23,,,Regular Employee,False
W118458,2026-02-23,,,Regular Employee,False
W118459,2026-02-15,,,Regular Employee,False
W118460,2026-03-26,,,Regular Employee,False
W118461,2026-03-11,,,Regular Employee,False
W118462,2026-03-06,,,Regular Employee,False
W118463,2026-03-28,,,Regular Employee,False
W118464,2026-03-29,,,Regular Employee,False
W118465,2026-03-23,,,Regular Employee,False
W118466,2026-03-05,,,Regular Employee,False
W118467,2026-03-27,,,Regular Employee,False
W118468,2026-03-24,2026-06-15,Voluntary,Regular Employee,False
W118469,2026-03-11,,,Regular Employee,False
W118470,2026-03-03,,,Regular Employee,False
W118471,2026-03-27,,,Regular Employee,False
W118472,2026-03-10,,,Regular Employee,False
W118473,2026-03-23,,,Regular Employee,False
W118474,2026-03-29,,,Regular Employee,False
W118475,2026-03-02,,,Regular Employee,False
W118476,2026-03-27,,,Regular Employee,False
W118477,2026-03-08,,,Regular Employee,False
W118478,2026-03-05,,,Regular Employee,False
W118479,2026-03-01,,,Regular Employee,False
W118480,2026-03-07,,,Regular Employee,False
W118481,2026-03-13,,,Regular Employee,False
W118482,2026-03-11,,,Regular Employee,False
W118483,2026-03-16,,,Regular Employee,False
W118484,2026-03-07,,,Regular Employee,False
W118485,2026-03-08,,,Regular Employee,False
W118486,2026-03-09,,,Regular Employee,False
W118487,2026-03-15,,,Regular Employee,False
W118488,2026-03-22,2026-06-09,Voluntary,Regular Employee,False
W118489,2026-03-13,,,Regular Employee,False
W118490,2026-03-02,,,Regular Employee,False
W118491,2026-03-07,,,Regular Employee,False
W118492,2026-03-04,,,Regular Employee,False
W118493,2026-03-11,2026-06-16,Voluntary,Regular Employee,False
W118494,2026-03-03,,,Regular Employee,False
W118495,2026-03-20,2026-06-04,Voluntary,Regular Employee,False
W118496,2026-03-16,,,Regular Employee,False
W118497,2026-03-14,,,Regular Employee,False
W118498,2026-03-24,,,Regular Employee,False
W118499,2026-03-23,,,Regular Employee,False
W118500,2026-03-17,,,Regular Employee,False
W118501,2026-03-30,,,Regular Employee,False
W118502,2026-03-16,,,Regular Employee,False
W118503,2026-03-23,,,Regular Employee,False
W118504,2026-03-05,,,Regular Employee,False
W118505,2026-03-15,,,Regular Employee,False
W118506,2026-03-09,,,Regular Employee,False
W118507,2026-03-14,,,Regular Employee,False
W118508,2026-03-09,,,Regular Employee,False
W118509,2026-03-04,,,Regular Employee,False
W118510,2026-03-16,,,Regular Employee,False
W118511,2026-03-04,,,Regular Employee,False
W118512,2026-03-23,,,Regular Employee,False
W118513,2026-03-22,,,Regular Employee,False
W118514,2026-03-25,,,Regular Employee,False
W118515,2026-03-18,,,Regular Employee,False
W118516,2026-03-11,,,Regular Employee,False
W118517,2026-03-09,,,Regular Employee,False
W118518,2026-03-29,,,Regular Employee,False
W118519,2026-03-12,,,Regular Employee,False
W118520,2026-03-01,,,Regular Employee,False
W118521,2026-03-18,,,Regular Employee,False
W118522,2026-03-07,,,Regular Employee,False
W118523,2026-03-12,,,Regular Employee,False
W118524,2026-03-27,,,Regular Employee,False
W118525,2026-03-11,,,Regular Employee,False
W118526,2026-03-25,,,Regular Employee,False
W118527,2026-03-02,,,Regular Employee,False
W118528,2026-03-22,,,Regular Employee,False
W118529,2026-03-02,,,Regular Employee,False
W118530,2026-03-21,,,Regular Employee,False
W118531,2026-03-14,,,Regular Employee,False
W118532,2026-03-23,2026-04-27,Involuntary,Regular Employee,False
W118533,2026-03-09,,,Regular Employee,False
W118534,2026-03-16,,,Regular Employee,False
W118535,2026-03-02,,,Regular Employee,False
W118536,2026-03-15,2026-04-14,Voluntary,Regular Employee,False
W118537,2026-03-28,,,Regular Employee,False
W118538,2026-03-09,,,Regular Employee,False
W118539,2026-03-11,,,Regular Employee,False
W118540,2026-03-19,,,Regular Employee,False
W118541,2026-03-04,,,Regular Employee,False
W118542,2026-03-02,,,Regular Employee,False
W118543,2026-03-27,,,Regular Employee,False
W118544,2026-03-08,,,Regular Employee,False
W118545,2026-03-04,,,Regular Employee,False
W118546,2026-03-10,,,Regular Employee,False
W118547,2026-03-30,,,Regular Employee,False
W118548,2026-03-10,,,Regular Employee,False
W118549,2026-03-03,,,Regular Employee,False
W118550,2026-03-21,,,Regular Employee,False
W118551,2026-03-04,,,Regular Employee,False
W118552,2026-03-31,,,Regular Employee,False
W118553,2026-03-15,2026-05-31,Voluntary,Regular Employee,False
W118554,2026-03-19,,,Regular Employee,False
W118555,2026-03-05,,,Regular Employee,False
W118556,2026-03-03,,,Regular Employee,False
W118557,2026-03-15,,,Regular Employee,False
W118558,2026-03-28,,,Regular Employee,False
W118559,2026-03-26,,,Regular Employee,False
W118560,2026-03-22,,,Regular Employee,False
W118561,2026-03-27,,,Regular Employee,False
W118562,2026-03-22,,,Regular Employee,False
W118563,2026-03-07,,,Regular Employee,False
W118564,2026-03-16,,,Regular Employee,False
W118565,2026-03-30,,,Regular Employee,False
W118566,2026-03-28,,,Regular Employee,False
W118567,2026-03-19,,,Regular Employee,False
W118568,2026-03-22,,,Regular Employee,False
W118569,2026-03-24,,,Regular Employee,False
W118570,2026-03-19,,,Regular Employee,False
W118571,2026-03-17,,,Regular Employee,False
W118572,2026-03-16,,,Regular Employee,False
W118573,2026-03-28,,,Regular Employee,False
W118574,2026-03-16,,,Regular Employee,False
W118575,2026-03-09,,,Regular Employee,False
W118576,2026-03-30,,,Regular Employee,False
W118577,2026-03-17,2026-04-14,Voluntary,Regular Employee,False
W118578,2026-03-18,,,Regular Employee,False
W118579,2026-03-10,2026-04-30,Voluntary,Regular Employee,False
W118580,2026-03-22,,,Regular Employee,False
W118581,2026-03-07,,,Regular Employee,False
W118582,2026-03-01,,,Regular Employee,False
W118583,2026-03-22,,,Regular Employee,False
W118584,2026-03-02,,,Regular Employee,False
W118585,2026-03-26,,,Regular Employee,False
W118586,2026-03-19,2026-06-19,Voluntary,Regular Employee,False
W118587,2026-03-04,,,Regular Employee,False
W118588,2026-03-14,,,Regular Employee,False
W118589,2026-03-19,,,Regular Employee,False
W118590,2026-03-12,,,Regular Employee,False
W118591,2026-03-05,,,Regular Employee,False
W118592,2026-03-22,,,Regular Employee,False
W118593,2026-03-17,,,Regular Employee,False
W118594,2026-03-03,,,Regular Employee,False
W118595,2026-03-18,,,Regular Employee,False
W118596,2026-03-10,,,Regular Employee,False
W118597,2026-03-25,,,Regular Employee,False
W118598,2026-03-18,,,Regular Employee,False
W118599,2026-03-29,,,Regular Employee,False
W118600,2026-03-29,,,Regular Employee,False
W118601,2026-03-23,,,Regular Employee,False
W118602,2026-03-09,,,Regular Employee,False
W118603,2026-03-02,,,Regular Employee,False
W118604,2026-03-22,,,Regular Employee,False
W118605,2026-03-20,,,Regular Employee,False
W118606,2026-03-13,,,Regular Employee,False
W118607,2026-03-28,,,Regular Employee,False
W118608,2026-03-25,,,Regular Employee,False
W118609,2026-03-11,,,Regular Employee,False
W118610,2026-03-31,,,Regular Employee,False
W118611,2026-03-27,2026-04-05,Voluntary,Regular Employee,False
W118612,2026-03-20,,,Regular Employee,False
W118613,2026-03-23,,,Regular Employee,False
W118614,2026-03-24,,,Regular Employee,False
W118615,2026-03-27,,,Regular Employee,False
W118616,2026-03-24,,,Regular Employee,False
W118617,2026-03-10,,,Regular Employee,False
W118618,2026-03-07,,,Regular Employee,False
W118619,2026-03-03,,,Regular Employee,False
W118620,2026-03-25,,,Regular Employee,False
W118621,2026-03-23,,,Regular Employee,False
W118622,2026-03-15,,,Regular Employee,False
W118623,2026-03-09,,,Regular Employee,False
W118624,2026-03-06,,,Regular Employee,False
W118625,2026-03-03,,,Regular Employee,False
W118626,2026-03-20,,,Regular Employee,False
W118627,2026-03-19,,,Regular Employee,False
W118628,2026-03-20,,,Regular Employee,False
W118629,2026-03-30,,,Regular Employee,False
W118630,2026-03-07,,,Regular Employee,False
W118631,2026-03-02,,,Regular Employee,False
W118632,2026-03-11,,,Regular Employee,False
W118633,2026-03-03,,,Regular Employee,False
W118634,2026-03-24,,,Regular Employee,False
W118635,2026-03-19,,,Regular Employee,False
W118636,2026-03-26,,,Regular Employee,False
W118637,2026-03-11,,,Regular Employee,False
W118638,2026-03-05,,,Regular Employee,False
W118639,2026-03-02,,,Regular Employee,False
W118640,2026-03-28,,,Regular Employee,False
W118641,2026-03-21,,,Regular Employee,False
W118642,2026-03-08,,,Regular Employee,False
W118643,2026-03-07,,,Regular Employee,False
W118644,2026-03-14,,,Regular Employee,False
W118645,2026-03-21,,,Regular Employee,False
W118646,2026-03-04,,,Regular Employee,False
W118647,2026-03-14,,,Regular Employee,False
W118648,2026-03-18,,,Regular Employee,False
W118649,2026-03-02,,,Regular Employee,False
W118650,2026-03-25,,,Regular Employee,False
W118651,2026-03-06,,,Regular Employee,False
W118652,2026-03-06,,,Regular Employee,False
W118653,2026-03-01,,,Regular Employee,False
W118654,2026-03-17,,,Regular Employee,False
W118655,2026-03-16,,,Regular Employee,False
W118656,2026-03-21,,,Regular Employee,False
W118657,2026-03-07,,,Regular Employee,False
W118658,2026-03-09,,,Regular Employee,False
W118659,2026-04-13,,,Regular Employee,False
W118660,2026-04-12,,,Regular Employee,False
W118661,2026-04-20,,,Regular Employee,False
W118662,2026-04-17,,,Regular Employee,False
W118663,2026-04-10,,,Regular Employee,False
W118664,2026-04-29,,,Regular Employee,False
W118665,2026-04-17,,,Regular Employee,False
W118666,2026-04-06,,,Regular Employee,False
W118667,2026-04-13,,,Regular Employee,False
W118668,2026-04-14,,,Regular Employee,False
W118669,2026-04-22,,,Regular Employee,False
W118670,2026-04-11,,,Regular Employee,False
W118671,2026-04-30,,,Regular Employee,False
W118672,2026-04-01,,,Regular Employee,False
W118673,2026-04-22,,,Regular Employee,False
W118674,2026-04-21,,,Regular Employee,False
W118675,2026-04-24,,,Regular Employee,False
W118676,2026-04-17,,,Regular Employee,False
W118677,2026-04-13,2026-06-27,Involuntary,Regular Employee,False
W118678,2026-04-19,,,Regular Employee,False
W118679,2026-04-24,,,Regular Employee,False
W118680,2026-04-12,,,Regular Employee,False
W118681,2026-04-04,,,Regular Employee,False
W118682,2026-04-04,,,Regular Employee,False
W118683,2026-04-16,,,Regular Employee,False
W118684,2026-04-28,,,Regular Employee,False
W118685,2026-04-16,,,Regular Employee,False
W118686,2026-04-08,,,Regular Employee,False
W118687,2026-04-24,,,Regular Employee,False
W118688,2026-04-20,,,Regular Employee,False
W118689,2026-04-28,,,Regular Employee,False
W118690,2026-04-06,,,Regular Employee,False
W118691,2026-04-30,,,Regular Employee,False
W118692,2026-04-01,,,Regular Employee,False
W118693,2026-04-14,,,Regular Employee,False
W118694,2026-04-09,,,Regular Employee,False
W118695,2026-04-06,,,Regular Employee,False
W118696,2026-04-25,,,Regular Employee,False
W118697,2026-04-23,,,Regular Employee,False
W118698,2026-04-02,,,Regular Employee,False
W118699,2026-04-11,,,Regular Employee,False
W118700,2026-04-28,,,Regular Employee,False
W118701,2026-04-06,,,Regular Employee,False
W118702,2026-04-17,2026-05-23,Voluntary,Regular Employee,False
W118703,2026-04-14,,,Regular Employee,False
W118704,2026-04-10,,,Regular Employee,False
W118705,2026-04-13,,,Regular Employee,False
W118706,2026-04-03,,,Regular Employee,False
W118707,2026-04-18,,,Regular Employee,False
W118708,2026-04-26,,,Regular Employee,False
W118709,2026-04-15,,,Regular Employee,False
W118710,2026-04-06,,,Regular Employee,False
W118711,2026-04-13,,,Regular Employee,False
W118712,2026-04-06,2026-05-08,Voluntary,Regular Employee,False
W118713,2026-04-04,,,Regular Employee,False
W118714,2026-04-22,,,Regular Employee,False
W118715,2026-04-08,,,Regular Employee,False
W118716,2026-04-06,,,Regular Employee,False
W118717,2026-04-17,,,Regular Employee,False
W118718,2026-04-19,,,Regular Employee,False
W118719,2026-04-11,,,Regular Employee,False
W118720,2026-04-01,,,Regular Employee,False
W118721,2026-04-15,,,Regular Employee,False
W118722,2026-04-14,,,Regular Employee,False
W118723,2026-04-23,,,Regular Employee,False
W118724,2026-04-18,,,Regular Employee,False
W118725,2026-04-02,2026-06-05,Voluntary,Regular Employee,False
W118726,2026-04-13,,,Regular Employee,False
W118727,2026-04-27,,,Regular Employee,False
W118728,2026-04-07,,,Regular Employee,False
W118729,2026-04-12,,,Regular Employee,False
W118730,2026-04-28,2026-06-29,Voluntary,Regular Employee,False
W118731,2026-04-22,,,Regular Employee,False
W118732,2026-04-06,,,Regular Employee,False
W118733,2026-04-27,,,Regular Employee,False
W118734,2026-04-03,,,Regular Employee,False
W118735,2026-04-03,,,Regular Employee,False
W118736,2026-04-11,,,Regular Employee,False
W118737,2026-04-25,,,Regular Employee,False
W118738,2026-04-28,,,Regular Employee,False
W118739,2026-04-22,,,Regular Employee,False
W118740,2026-04-11,,,Regular Employee,False
W118741,2026-04-25,,,Regular Employee,False
W118742,2026-04-21,,,Regular Employee,False
W118743,2026-04-14,,,Regular Employee,False
W118744,2026-04-14,,,Regular Employee,False
W118745,2026-04-08,,,Regular Employee,False
W118746,2026-04-24,,,Regular Employee,False
W118747,2026-04-03,,,Regular Employee,False
W118748,2026-04-06,,,Regular Employee,False
W118749,2026-04-10,,,Regular Employee,False
W118750,2026-04-27,,,Regular Employee,False
W118751,2026-04-24,,,Regular Employee,False
W118752,2026-04-22,,,Regular Employee,False
W118753,2026-04-29,,,Regular Employee,False
W118754,2026-04-19,,,Regular Employee,False
W118755,2026-04-12,,,Regular Employee,False
W118756,2026-04-25,,,Regular Employee,False
W118757,2026-04-30,,,Regular Employee,False
W118758,2026-04-27,,,Regular Employee,False
W118759,2026-04-16,,,Regular Employee,False
W118760,2026-04-05,,,Regular Employee,False
W118761,2026-04-17,,,Regular Employee,False
W118762,2026-04-09,,,Regular Employee,False
W118763,2026-04-25,,,Regular Employee,False
W118764,2026-04-06,,,Regular Employee,False
W118765,2026-04-30,,,Regular Employee,False
W118766,2026-04-01,,,Regular Employee,False
W118767,2026-04-24,,,Regular Employee,False
W118768,2026-04-04,,,Regular Employee,False
W118769,2026-04-10,,,Regular Employee,False
W118770,2026-04-07,,,Regular Employee,False
W118771,2026-04-09,,,Regular Employee,False
W118772,2026-04-24,,,Regular Employee,False
W118773,2026-04-27,,,Regular Employee,False
W118774,2026-04-05,,,Regular Employee,False
W118775,2026-04-07,,,Regular Employee,False
W118776,2026-04-27,,,Regular Employee,False
W118777,2026-04-22,,,Regular Employee,False
W118778,2026-04-02,,,Regular Employee,False
W118779,2026-04-12,,,Regular Employee,False
W118780,2026-04-24,,,Regular Employee,False
W118781,2026-04-10,2026-06-18,Involuntary,Regular Employee,False
W118782,2026-04-30,,,Regular Employee,False
W118783,2026-04-26,,,Regular Employee,False
W118784,2026-04-06,,,Regular Employee,False
W118785,2026-04-16,,,Regular Employee,False
W118786,2026-04-08,,,Regular Employee,False
W118787,2026-04-24,,,Regular Employee,False
W118788,2026-04-05,,,Regular Employee,False
W118789,2026-04-28,,,Regular Employee,False
W118790,2026-04-01,,,Regular Employee,False
W118791,2026-04-29,,,Regular Employee,False
W118792,2026-04-26,,,Regular Employee,False
W118793,2026-04-19,,,Regular Employee,False
W118794,2026-04-09,,,Regular Employee,False
W118795,2026-04-18,,,Regular Employee,False
W118796,2026-04-21,,,Regular Employee,False
W118797,2026-04-09,,,Regular Employee,False
W118798,2026-04-30,,,Regular Employee,False
W118799,2026-04-19,,,Regular Employee,False
W118800,2026-04-21,,,Regular Employee,False
W118801,2026-04-08,,,Regular Employee,False
W118802,2026-04-24,,,Regular Employee,False
W118803,2026-04-19,,,Regular Employee,False
W118804,2026-04-06,,,Regular Employee,False
W118805,2026-04-27,,,Regular Employee,False
W118806,2026-04-27,,,Regular Employee,False
W118807,2026-04-26,,,Regular Employee,False
W118808,2026-04-27,,,Regular Employee,False
W118809,2026-04-25,,,Regular Employee,False
W118810,2026-04-29,,,Regular Employee,False
W118811,2026-04-30,,,Regular Employee,False
W118812,2026-04-10,,,Regular Employee,False
W118813,2026-04-01,,,Regular Employee,False
W118814,2026-04-22,,,Regular Employee,False
W118815,2026-04-16,,,Regular Employee,False
W118816,2026-04-12,,,Regular Employee,False
W118817,2026-04-09,,,Regular Employee,False
W118818,2026-04-19,,,Regular Employee,False
W118819,2026-04-21,2026-06-17,Involuntary,Regular Employee,False
W118820,2026-04-29,,,Regular Employee,False
W118821,2026-04-08,,,Regular Employee,False
W118822,2026-04-21,,,Regular Employee,False
W118823,2026-04-13,,,Regular Employee,False
W118824,2026-04-18,,,Regular Employee,False
W118825,2026-04-12,,,Regular Employee,False
W118826,2026-04-12,,,Regular Employee,False
W118827,2026-04-24,,,Regular Employee,False
W118828,2026-04-26,,,Regular Employee,False
W118829,2026-04-21,,,Regular Employee,False
W118830,2026-04-16,,,Regular Employee,False
W118831,2026-04-18,,,Regular Employee,False
W118832,2026-04-25,,,Regular Employee,False
W118833,2026-04-26,,,Regular Employee,False
W118834,2026-04-24,,,Regular Employee,False
W118835,2026-04-12,,,Regular Employee,False
W118836,2026-04-23,,,Regular Employee,False
W118837,2026-04-01,,,Regular Employee,False
W118838,2026-04-12,,,Regular Employee,False
W118839,2026-04-16,,,Regular Employee,False
W118840,2026-04-29,,,Regular Employee,False
W118841,2026-04-19,,,Regular Employee,False
W118842,2026-04-23,,,Regular Employee,False
W118843,2026-04-22,,,Regular Employee,False
W118844,2026-04-18,,,Regular Employee,False
W118845,2026-04-07,,,Regular Employee,False
W118846,2026-04-16,,,Regular Employee,False
W118847,2026-04-21,,,Regular Employee,False
W118848,2026-04-26,,,Regular Employee,False
W118849,2026-04-17,,,Regular Employee,False
W118850,2026-04-10,,,Regular Employee,False
W118851,2026-04-19,,,Regular Employee,False
W118852,2026-04-05,,,Regular Employee,False
W118853,2026-04-01,,,Regular Employee,False
W118854,2026-04-05,,,Regular Employee,False
W118855,2026-04-24,,,Regular Employee,False
W118856,2026-04-06,,,Regular Employee,False
W118857,2026-04-29,,,Regular Employee,False
W118858,2026-04-12,,,Regular Employee,False
W118859,2026-04-20,,,Regular Employee,False
W118860,2026-04-15,,,Regular Employee,False
W118861,2026-04-07,,,Regular Employee,False
W118862,2026-04-18,,,Regular Employee,False
W118863,2026-04-18,,,Regular Employee,False
W118864,2026-04-08,,,Regular Employee,False
W118865,2026-04-23,,,Regular Employee,False
W118866,2026-04-06,,,Regular Employee,False
W118867,2026-04-16,,,Regular Employee,False
W118868,2026-04-23,,,Regular Employee,False
W118869,2026-04-18,,,Regular Employee,False
W118870,2026-04-13,,,Regular Employee,False
W118871,2026-04-12,,,Regular Employee,False
W118872,2026-04-07,,,Regular Employee,False
W118873,2026-04-09,,,Regular Employee,False
W118874,2026-04-28,,,Regular Employee,False
W118875,2026-04-22,,,Regular Employee,False
W118876,2026-04-04,,,Regular Employee,False
W118877,2026-05-07,,,Regular Employee,False
W118878,2026-05-19,,,Regular Employee,False
W118879,2026-05-28,,,Regular Employee,False
W118880,2026-05-15,,,Regular Employee,False
W118881,2026-05-16,,,Regular Employee,False
W118882,2026-05-18,,,Regular Employee,False
W118883,2026-05-03,,,Regular Employee,False
W118884,2026-05-16,,,Regular Employee,False
W118885,2026-05-10,,,Regular Employee,False
W118886,2026-05-31,,,Regular Employee,False
W118887,2026-05-07,,,Regular Employee,False
W118888,2026-05-22,,,Regular Employee,False
W118889,2026-05-27,,,Regular Employee,False
W118890,2026-05-13,,,Regular Employee,False
W118891,2026-05-31,,,Regular Employee,False
W118892,2026-05-08,,,Regular Employee,False
W118893,2026-05-08,,,Regular Employee,False
W118894,2026-05-12,,,Regular Employee,False
W118895,2026-05-08,,,Regular Employee,False
W118896,2026-05-09,,,Regular Employee,False
W118897,2026-05-23,,,Regular Employee,False
W118898,2026-05-19,,,Regular Employee,False
W118899,2026-05-21,,,Regular Employee,False
W118900,2026-05-31,,,Regular Employee,False
W118901,2026-05-04,,,Regular Employee,False
W118902,2026-05-25,,,Regular Employee,False
W118903,2026-05-31,,,Regular Employee,False
W118904,2026-05-31,,,Regular Employee,False
W118905,2026-05-04,,,Regular Employee,False
W118906,2026-05-28,,,Regular Employee,False
W118907,2026-05-18,,,Regular Employee,False
W118908,2026-05-03,,,Regular Employee,False
W118909,2026-05-29,,,Regular Employee,False
W118910,2026-05-06,,,Regular Employee,False
W118911,2026-05-31,,,Regular Employee,False
W118912,2026-05-24,,,Regular Employee,False
W118913,2026-05-18,,,Regular Employee,False
W118914,2026-05-25,,,Regular Employee,False
W118915,2026-05-11,,,Regular Employee,False
W118916,2026-05-24,,,Regular Employee,False
W118917,2026-05-17,2026-06-28,Voluntary,Regular Employee,False
W118918,2026-05-08,,,Regular Employee,False
W118919,2026-05-01,,,Regular Employee,False
W118920,2026-05-30,,,Regular Employee,False
W118921,2026-05-17,,,Regular Employee,False
W118922,2026-05-26,,,Regular Employee,False
W118923,2026-05-20,,,Regular Employee,False
W118924,2026-05-31,,,Regular Employee,False
W118925,2026-05-26,,,Regular Employee,False
W118926,2026-05-07,,,Regular Employee,False
W118927,2026-05-26,,,Regular Employee,False
W118928,2026-05-01,,,Regular Employee,False
W118929,2026-05-04,,,Regular Employee,False
W118930,2026-05-14,,,Regular Employee,False
W118931,2026-05-03,,,Regular Employee,False
W118932,2026-05-05,,,Regular Employee,False
W118933,2026-05-03,,,Regular Employee,False
W118934,2026-05-13,,,Regular Employee,False
W118935,2026-05-31,,,Regular Employee,False
W118936,2026-05-21,,,Regular Employee,False
W118937,2026-05-12,,,Regular Employee,False
W118938,2026-05-18,,,Regular Employee,False
W118939,2026-05-30,,,Regular Employee,False
W118940,2026-05-25,,,Regular Employee,False
W118941,2026-05-15,,,Regular Employee,False
W118942,2026-05-28,,,Regular Employee,False
W118943,2026-05-30,,,Regular Employee,False
W118944,2026-05-28,,,Regular Employee,False
W118945,2026-05-11,,,Regular Employee,False
W118946,2026-05-24,,,Regular Employee,False
W118947,2026-05-03,,,Regular Employee,False
W118948,2026-05-07,,,Regular Employee,False
W118949,2026-05-30,,,Regular Employee,False
W118950,2026-05-05,,,Regular Employee,False
W118951,2026-05-20,,,Regular Employee,False
W118952,2026-05-13,,,Regular Employee,False
W118953,2026-05-03,,,Regular Employee,False
W118954,2026-05-04,,,Regular Employee,False
W118955,2026-05-12,,,Regular Employee,False
W118956,2026-05-14,,,Regular Employee,False
W118957,2026-05-06,,,Regular Employee,False
W118958,2026-05-01,,,Regular Employee,False
W118959,2026-05-08,,,Regular Employee,False
W118960,2026-05-06,,,Regular Employee,False
W118961,2026-05-18,,,Regular Employee,False
W118962,2026-05-25,,,Regular Employee,False
W118963,2026-05-30,,,Regular Employee,False
W118964,2026-05-11,,,Regular Employee,False
W118965,2026-05-03,,,Regular Employee,False
W118966,2026-05-09,,,Regular Employee,False
W118967,2026-05-06,,,Regular Employee,False
W118968,2026-05-25,,,Regular Employee,False
W118969,2026-05-04,,,Regular Employee,False
W118970,2026-05-16,,,Regular Employee,False
W118971,2026-05-06,,,Regular Employee,False
W118972,2026-05-25,,,Regular Employee,False
W118973,2026-05-31,,,Regular Employee,False
W118974,2026-05-10,,,Regular Employee,False
W118975,2026-05-20,,,Regular Employee,False
W118976,2026-05-01,,,Regular Employee,False
W118977,2026-05-28,,,Regular Employee,False
W118978,2026-05-06,,,Regular Employee,False
W118979,2026-05-09,,,Regular Employee,False
W118980,2026-05-03,,,Regular Employee,False
W118981,2026-05-28,,,Regular Employee,False
W118982,2026-05-12,,,Regular Employee,False
W118983,2026-05-31,,,Regular Employee,False
W118984,2026-05-27,,,Regular Employee,False
W118985,2026-05-29,,,Regular Employee,False
W118986,2026-05-27,,,Regular Employee,False
W118987,2026-05-06,,,Regular Employee,False
W118988,2026-05-04,,,Regular Employee,False
W118989,2026-05-07,,,Regular Employee,False
W118990,2026-05-26,,,Regular Employee,False
W118991,2026-05-23,,,Regular Employee,False
W118992,2026-05-28,,,Regular Employee,False
W118993,2026-05-27,,,Regular Employee,False
W118994,2026-05-14,,,Regular Employee,False
W118995,2026-05-06,,,Regular Employee,False
W118996,2026-05-14,,,Regular Employee,False
W118997,2026-05-29,,,Regular Employee,False
W118998,2026-05-11,,,Regular Employee,False
W118999,2026-05-23,,,Regular Employee,False
W119000,2026-05-06,,,Regular Employee,False
W119001,2026-05-15,,,Regular Employee,False
W119002,2026-05-06,,,Regular Employee,False
W119003,2026-05-16,,,Regular Employee,False
W119004,2026-05-19,,,Regular Employee,False
W119005,2026-05-18,,,Regular Employee,False
W119006,2026-05-04,,,Regular Employee,False
W119007,2026-05-04,,,Regular Employee,False
W119008,2026-05-20,,,Regular Employee,False
W119009,2026-05-04,,,Regular Employee,False
W119010,2026-05-04,,,Regular Employee,False
W119011,2026-05-07,,,Regular Employee,False
W119012,2026-05-04,,,Regular Employee,False
W119013,2026-05-09,,,Regular Employee,False
W119014,2026-05-07,,,Regular Employee,False
W119015,2026-05-30,,,Regular Employee,False
W119016,2026-05-21,,,Regular Employee,False
W119017,2026-05-31,,,Regular Employee,False
W119018,2026-05-18,,,Regular Employee,False
W119019,2026-05-20,,,Regular Employee,False
W119020,2026-05-26,,,Regular Employee,False
W119021,2026-05-04,,,Regular Employee,False
W119022,2026-05-10,,,Regular Employee,False
W119023,2026-05-17,,,Regular Employee,False
W119024,2026-05-27,,,Regular Employee,False
W119025,2026-05-13,,,Regular Employee,False
W119026,2026-05-02,,,Regular Employee,False
W119027,2026-05-14,,,Regular Employee,False
W119028,2026-05-02,,,Regular Employee,False
W119029,2026-05-30,,,Regular Employee,False
W119030,2026-05-23,,,Regular Employee,False
W119031,2026-05-10,,,Regular Employee,False
W119032,2026-05-09,,,Regular Employee,False
W119033,2026-05-14,,,Regular Employee,False
W119034,2026-05-08,,,Regular Employee,False
W119035,2026-05-01,,,Regular Employee,False
W119036,2026-05-03,,,Regular Employee,False
W119037,2026-05-04,,,Regular Employee,False
W119038,2026-05-18,,,Regular Employee,False
W119039,2026-05-03,,,Regular Employee,False
W119040,2026-05-12,,,Regular Employee,False
W119041,2026-05-11,,,Regular Employee,False
W119042,2026-05-08,,,Regular Employee,False
W119043,2026-05-14,,,Regular Employee,False
W119044,2026-05-30,,,Regular Employee,False
W119045,2026-05-06,,,Regular Employee,False
W119046,2026-05-14,,,Regular Employee,False
W119047,2026-05-06,,,Regular Employee,False
W119048,2026-05-28,,,Regular Employee,False
W119049,2026-05-20,,,Regular Employee,False
W119050,2026-05-29,,,Regular Employee,False
W119051,2026-05-15,,,Regular Employee,False
W119052,2026-05-23,,,Regular Employee,False
W119053,2026-05-04,,,Regular Employee,False
W119054,2026-05-22,,,Regular Employee,False
W119055,2026-05-15,,,Regular Employee,False
W119056,2026-05-11,,,Regular Employee,False
W119057,2026-05-22,,,Regular Employee,False
W119058,2026-05-27,,,Regular Employee,False
W119059,2026-05-08,,,Regular Employee,False
W119060,2026-05-26,,,Regular Employee,False
W119061,2026-05-07,,,Regular Employee,False
W119062,2026-05-10,,,Regular Employee,False
W119063,2026-05-21,,,Regular Employee,False
W119064,2026-05-17,,,Regular Employee,False
W119065,2026-05-23,,,Regular Employee,False
W119066,2026-05-12,,,Regular Employee,False
W119067,2026-05-01,,,Regular Employee,False
W119068,2026-05-10,,,Regular Employee,False
W119069,2026-05-15,,,Regular Employee,False
W119070,2026-05-15,,,Regular Employee,False
W119071,2026-06-29,,,Regular Employee,False
W119072,2026-06-05,,,Regular Employee,False
W119073,2026-06-28,,,Regular Employee,False
W119074,2026-06-07,,,Regular Employee,False
W119075,2026-06-12,,,Regular Employee,False
W119076,2026-06-28,,,Regular Employee,False
W119077,2026-06-22,,,Regular Employee,False
W119078,2026-06-12,,,Regular Employee,False
W119079,2026-06-24,,,Regular Employee,False
W119080,2026-06-12,,,Regular Employee,False
W119081,2026-06-12,,,Regular Employee,False
W119082,2026-06-11,,,Regular Employee,False
W119083,2026-06-17,,,Regular Employee,False
W119084,2026-06-24,,,Regular Employee,False
W119085,2026-06-16,,,Regular Employee,False
W119086,2026-06-19,,,Regular Employee,False
W119087,2026-06-02,,,Regular Employee,False
W119088,2026-06-26,,,Regular Employee,False
W119089,2026-06-21,,,Regular Employee,False
W119090,2026-06-14,,,Regular Employee,False
W119091,2026-06-20,,,Regular Employee,False
W119092,2026-06-13,,,Regular Employee,False
W119093,2026-06-26,,,Regular Employee,False
W119094,2026-06-07,,,Regular Employee,False
W119095,2026-06-09,,,Regular Employee,False
W119096,2026-06-07,,,Regular Employee,False
W119097,2026-06-02,,,Regular Employee,False
W119098,2026-06-17,,,Regular Employee,False
W119099,2026-06-26,,,Regular Employee,False
W119100,2026-06-15,,,Regular Employee,False
W119101,2026-06-12,,,Regular Employee,False
W119102,2026-06-19,,,Regular Employee,False
W119103,2026-06-21,,,Regular Employee,False
W119104,2026-06-26,,,Regular Employee,False
W119105,2026-06-14,,,Regular Employee,False
W119106,2026-06-24,,,Regular Employee,False
W119107,2026-06-03,,,Regular Employee,False
W119108,2026-06-08,,,Regular Employee,False
W119109,2026-06-29,,,Regular Employee,False
W119110,2026-06-12,,,Regular Employee,False
W119111,2026-06-06,,,Regular Employee,False
W119112,2026-06-24,,,Regular Employee,False
W119113,2026-06-21,,,Regular Employee,False
W119114,2026-06-03,,,Regular Employee,False
W119115,2026-06-19,,,Regular Employee,False
W119116,2026-06-18,,,Regular Employee,False
W119117,2026-06-03,,,Regular Employee,False
W119118,2026-06-19,,,Regular Employee,False
W119119,2026-06-05,,,Regular Employee,False
W119120,2026-06-08,,,Regular Employee,False
W119121,2026-06-30,,,Regular Employee,False
W119122,2026-06-02,,,Regular Employee,False
W119123,2026-06-10,,,Regular Employee,False
W119124,2026-06-15,,,Regular Employee,False
W119125,2026-06-15,,,Regular Employee,False
W119126,2026-06-23,,,Regular Employee,False
W119127,2026-06-22,,,Regular Employee,False
W119128,2026-06-03,,,Regular Employee,False
W119129,2026-06-08,,,Regular Employee,False
W119130,2026-06-23,,,Regular Employee,False
W119131,2026-06-22,,,Regular Employee,False
W119132,2026-06-13,,,Regular Employee,False
W119133,2026-06-22,,,Regular Employee,False
W119134,2026-06-17,,,Regular Employee,False
W119135,2026-06-01,,,Regular Employee,False
W119136,2026-06-17,,,Regular Employee,False
W119137,2026-06-14,,,Regular Employee,False
W119138,2026-06-03,,,Regular Employee,False
W119139,2026-06-16,,,Regular Employee,False
W119140,2026-06-19,,,Regular Employee,False
W119141,2026-06-03,,,Regular Employee,False
W119142,2026-06-09,,,Regular Employee,False
W119143,2026-06-24,,,Regular Employee,False
W119144,2026-06-29,,,Regular Employee,False
W119145,2026-06-23,,,Regular Employee,False
W119146,2026-06-25,,,Regular Employee,False
W119147,2026-06-22,,,Regular Employee,False
W119148,2026-06-04,,,Regular Employee,False
W119149,2026-06-20,,,Regular Employee,False
W119150,2026-06-07,,,Regular Employee,False
W119151,2026-06-14,,,Regular Employee,False
W119152,2026-06-05,,,Regular Employee,False
W119153,2026-06-23,,,Regular Employee,False
W119154,2026-06-04,,,Regular Employee,False
W119155,2026-06-22,,,Regular Employee,False
W119156,2026-06-11,,,Regular Employee,False
W119157,2026-06-03,,,Regular Employee,False
W119158,2026-06-13,,,Regular Employee,False
W119159,2026-06-30,,,Regular Employee,False
W119160,2026-06-17,,,Regular Employee,False
W119161,2026-06-02,,,Regular Employee,False
W119162,2026-06-01,,,Regular Employee,False
W119163,2026-06-21,,,Regular Employee,False
W119164,2026-06-22,,,Regular Employee,False
W119165,2026-06-22,,,Regular Employee,False
W119166,2026-06-12,,,Regular Employee,False
W119167,2026-06-22,,,Regular Employee,False
W119168,2026-06-15,,,Regular Employee,False
W119169,2026-06-18,,,Regular Employee,False
W119170,2026-06-20,,,Regular Employee,False
W119171,2026-06-22,,,Regular Employee,False
W119172,2026-06-10,,,Regular Employee,False
W119173,2026-06-08,,,Regular Employee,False
W119174,2026-06-03,,,Regular Employee,False
W119175,2026-06-18,,,Regular Employee,False
W119176,2026-06-12,,,Regular Employee,False
W119177,2026-06-25,,,Regular Employee,False
W119178,2026-06-23,,,Regular Employee,False
W119179,2026-06-14,,,Regular Employee,False
W119180,2026-06-25,,,Regular Employee,False
W119181,2026-06-21,,,Regular Employee,False
W119182,2026-06-24,,,Regular Employee,False
W119183,2026-06-01,,,Regular Employee,False
W119184,2026-06-16,,,Regular Employee,False
W119185,2026-06-18,,,Regular Employee,False
W119186,2026-06-08,,,Regular Employee,False
W119187,2026-06-27,,,Regular Employee,False
W119188,2026-06-08,,,Regular Employee,False
W119189,2026-06-20,,,Regular Employee,False
W119190,2026-06-16,,,Regular Employee,False
W119191,2026-06-13,,,Regular Employee,False
W119192,2026-06-19,,,Regular Employee,False
W119193,2026-06-20,,,Regular Employee,False
W119194,2026-06-15,,,Regular Employee,False
W119195,2026-06-25,,,Regular Employee,False
W119196,2026-06-09,,,Regular Employee,False
W119197,2026-06-03,,,Regular Employee,False
W119198,2026-06-06,,,Regular Employee,False
W119199,2026-06-04,,,Regular Employee,False
W119200,2026-06-12,,,Regular Employee,False
W119201,2026-06-22,,,Regular Employee,False
W119202,2026-06-12,,,Regular Employee,False
W119203,2026-06-10,,,Regular Employee,False
W119204,2026-06-24,,,Regular Employee,False
W119205,2026-06-28,,,Regular Employee,False
W119206,2026-06-21,,,Regular Employee,False
W119207,2026-06-09,,,Regular Employee,False
W119208,2026-06-17,,,Regular Employee,False
W119209,2026-06-28,,,Regular Employee,False
W119210,2026-06-16,,,Regular Employee,False
W119211,2026-06-07,,,Regular Employee,False
W119212,2026-06-30,,,Regular Employee,False
W119213,2026-06-11,,,Regular Employee,False
W119214,2026-06-16,,,Regular Employee,False
W119215,2026-06-16,,,Regular Employee,False
W119216,2026-06-17,,,Regular Employee,False
W119217,2026-06-26,,,Regular Employee,False
W119218,2026-06-06,,,Regular Employee,False
W119219,2026-06-19,,,Regular Employee,False
W119220,2026-06-20,,,Regular Employee,False
W119221,2026-06-01,,,Regular Employee,False
W119222,2026-06-16,,,Regular Employee,False
W119223,2026-06-12,,,Regular Employee,False
W119224,2026-06-28,,,Regular Employee,False
W119225,2026-06-22,,,Regular Employee,False
W119226,2026-06-23,,,Regular Employee,False
W119227,2026-06-23,,,Regular Employee,False
W119228,2026-06-03,,,Regular Employee,False
W119229,2026-06-12,,,Regular Employee,False
W119230,2026-06-02,,,Regular Employee,False
W119231,2026-06-21,,,Regular Employee,False
W119232,2026-06-24,,,Regular Employee,False
W119233,2026-06-21,,,Regular Employee,False
W119234,2026-06-28,,,Regular Employee,False
W119235,2026-06-21,,,Regular Employee,False
W119236,2026-06-13,,,Regular Employee,False
W119237,2026-06-12,,,Regular Employee,False
W119238,2026-06-20,,,Regular Employee,False
W119239,2026-06-22,,,Regular Employee,False
W119240,2026-06-18,,,Regular Employee,False
W119241,2026-06-02,,,Regular Employee,False
W119242,2026-06-06,,,Regular Employee,False
W119243,2026-06-08,,,Regular Employee,False
W119244,2026-06-05,,,Regular Employee,False
W119245,2026-06-26,,,Regular Employee,False
W119246,2026-06-08,,,Regular Employee,False
W119247,2026-06-25,,,Regular Employee,False
W119248,2026-06-27,,,Regular Employee,False
W119249,2026-06-18,,,Regular Employee,False
W119250,2026-06-23,,,Regular Employee,False
W119251,2026-06-30,,,Regular Employee,False
W119252,2026-06-25,,,Regular Employee,False
W119253,2026-06-14,,,Regular Employee,False
W119254,2026-06-29,,,Regular Employee,False
W119255,2026-06-07,,,Regular Employee,False
W119256,2026-06-09,,,Regular Employee,False
W119257,2026-06-24,,,Regular Employee,False
W119258,2026-06-24,,,Regular Employee,False
W119259,2026-06-27,,,Regular Employee,False
W119260,2026-06-08,,,Regular Employee,False
W119261,2026-06-05,,,Regular Employee,False
W119262,2026-06-17,,,Regular Employee,False
W119263,2026-06-15,,,Regular Employee,False
W119264,2026-06-29,,,Regular Employee,False
W119265,2026-06-07,,,Regular Employee,False
W119266,2026-06-14,,,Regular Employee,False
W119267,2026-06-24,,,Regular Employee,False
W119268,2026-06-16,,,Regular Employee,False
W119269,2026-06-27,,,Regular Employee,False
W119270,2026-06-15,,,Regular Employee,False
W119271,2026-06-11,,,Regular Employee,False
W119272,2026-06-20,,,Regular Employee,False
W119273,2026-06-13,,,Regular Employee,False
W119274,2026-06-13,,,Regular Employee,False
W119275,2026-06-16,,,Regular Employee,False
W119276,2026-06-25,,,Regular Employee,False
